CodigoCompraAgil;CodigoProducto;Nombre;Descripcion;Cantidad;UnidadMedida
1057532-120-COT26;90101701;Gestión de cafetería;Servicio de cafetería para Jornada, 2 días, para 20 personas, los días Lunes 06 y Martes 07 de abril de 2026, en Sala de Capacitación ubicada en Av. Manuel Rodriguez 759, Osorno. Jornadas AM y PM. Realizar una jornada de inducción para los profesionales funcionarios de la Ley 19.664, que iniciaron el Periodo Asistencia Obligatorio e ingresan a la Etapa de Destinación y Formación.;80;EA
1057532-100-COT26;72102602;Instalación de ventanas, puertas o accesorios;Adquisición y servicio de instalación de tres (3) mallas mosquiteras para ventanas./ Según Especificaciones adjuntas.;3;EA
1057532-118-COT26;90101701;Gestión de cafetería;Servicio de cafetería para Capacitación, 1 día, para 100 personas, el día Martes 07 de abril de 2026, en Auditorio del Hospital Base San Jose de Osorno. Jornada de actualización de conocimientos respecto de estrategias de prevención, tratamiento y rehabilitación de enfermedades respiratorias agudas y crónicas, con enfoque de curso de vida, en profesionales de la salud de la atención primaria, en contexto de preparación de Campaña de Invierno.;100;EA
1057532-117-COT26;90101701;Gestión de cafetería;Servicio de cafetería para Capacitación, 1 día, para 100 personas, el día Lunes 06 de abril de 2026, en Auditorio del Hospital Base San Jose de Osorno. Actualizar conocimientos respecto de estrategias de prevención, tratamiento y rehabilitación de enfermedades respiratorias agudas y crónicas, con enfoque de curso de vida, en profesionales de la salud de la atención primaria de la provincia de Osorno, en contexto de preparación de Campaña de Invierno.;100;EA
1057532-110-COT26;44121708;Marcadores;plumones de pizarra color negro;40;EA
1057532-110-COT26;44121708;Marcadores;plumones de pizarra color azul;40;EA
1057532-110-COT26;44121708;Marcadores;plumones de pizarra color rojo;40;EA
1057532-110-COT26;44121708;Marcadores;plumones de pizarra color verde;40;EA
1057532-110-COT26;44121618;Tijeras;tijeras multiuso 7 ½;30;EA
1057532-110-COT26;44122011;Carpetas para archivos;carpeta de cartulina española;40;EA
1057532-110-COT26;31201517;Cinta para empaquetar;cintas masking tape 48 mm;40;EA
1057532-110-COT26;55121616;Banderitas autoadhesivas;set de pos it colores 400 hojas;15;EA
1057532-110-COT26;44121708;Marcadores;marcadores jumbo 12 unidades;40;BX
1057532-110-COT26;44121701;Lápiz pasta;caja de 50 lápices pasta azul.;8;BX
1057532-110-COT26;60124317;Masa de modelado;set de 6 masas para modelar diferentes colores.;15;PACK
1057532-110-COT26;60121124;Papel kraft;Papel kraft;350;PGL
1057532-110-COT26;60105704;Barras de pegamento libres de ácido;Pegamento en barra 21 gramos.;70;EA
1057532-110-COT26;44121708;Marcadores;destacadores de diferentes colores;50;EA
1057532-110-COT26;44121707;Lápices de colores;lápices de madera (12 colores);30;BX
1057532-110-COT26;60124317;Masa de modelado;plastilina (12 colores);5;BX
1057532-110-COT26;60121148;Papel lustre;10 block de papel lustre, tamaño 16x16;5;PACK
1057532-110-COT26;14111525;Papel multiuso;Opalina tamaño carta;4;PACK
1057532-110-COT26;60121109;Blocs de dibujo;block de dibujo medium 99 ¼ (37,5x53,5 cm);5;EA
1057532-110-COT26;60123601;Pegamento de purpurina;tubos de pegamento glitter glue (diferentes colores) (6x10 ml);15;EA
1057532-110-COT26;11151701;Hilo de lana;set de 10 ovillos de lana 10 grs. Diferentes colores.;15;PACK
1057532-110-COT26;44101801;Calculadoras o accesorios;calculadora 12 digitos;2;EA
1057532-110-COT26;12352310;Siliconas;barras de silicona;100;EA
1057532-110-COT26;46101504;Pistolas;Pistola de silicona;3;EA
1057532-110-COT26;44121708;Marcadores;Marcador Sharpie.;15;EA
1057532-110-COT26;55121616;Banderitas autoadhesivas;Banderas adhesivas colores.;30;EA
1057532-119-COT26;90101701;Gestión de cafetería;4 Servicios de cafetería en jornadas AM para capacitación de formación facilitadores Nadie es perfecto, para 15 personas, desde el 14 al 17 de Abril 2026. Se adjuntan Especificaciones del servicio.;60;EA
1057532-121-COT26;44121708;Marcadores;plumones de pizarra color negro;40;EA
1057532-121-COT26;44121708;Marcadores;plumones de pizarra color azul;40;EA
1057532-121-COT26;44121708;Marcadores;plumones de pizarra color rojo;40;EA
1057532-121-COT26;44121708;Marcadores;plumones de pizarra color verde;40;EA
1057532-121-COT26;44121618;Tijeras;tijeras multiuso 7 ½;30;EA
1057532-121-COT26;44122011;Carpetas para archivos;carpeta de cartulina española;40;EA
1057532-121-COT26;31201517;Cinta para empaquetar;cintas masking tape 48 mm;40;EA
1057532-121-COT26;55121616;Banderitas autoadhesivas;set de pos it colores 400 hojas;15;EA
1057532-121-COT26;44121708;Marcadores;marcadores jumbo 12 unidades;40;BX
1057532-121-COT26;44121701;Lápiz pasta;caja de 50 lápices pasta azul.;8;BX
1057532-121-COT26;60121124;Papel kraft;Papel Kraft;350;PGL
1057532-121-COT26;60105704;Barras de pegamento libres de ácido;Pegamento en barra 21 gramos.;70;EA
1057532-121-COT26;44121708;Marcadores;destacadores de diferentes colores;50;EA
1057532-121-COT26;44121707;Lápices de colores;lápices de madera (12 colores);30;BX
1057532-121-COT26;60124317;Masa de modelado;plastilina (12 colores);5;BX
1057532-121-COT26;60121148;Papel lustre;10 block de papel lustre, tamaño 16x16;5;PACK
1057532-121-COT26;14111525;Papel multiuso;Opalina tamaño carta;4;PACK
1057532-121-COT26;60121109;Blocs de dibujo;block de dibujo medium 99 ¼ (37,5x53,5 cm);5;EA
1057532-121-COT26;60123601;Pegamento de purpurina;tubos de pegamento glitter glue (diferentes colores) (6x10 ml);15;EA
1057532-121-COT26;11151701;Hilo de lana;set de 10 ovillos de lana 10 grs. Diferentes colores.;15;PACK
1057532-121-COT26;44121708;Marcadores;Marcador Sharpie.;15;EA
1057532-121-COT26;55121616;Banderitas autoadhesivas;Banderas adhesivas colores.;30;EA
1057532-124-COT26;50161813;Dulces de chocolate o sustitutos;Chocolate tipo Bon o Bon de 30 unidades por caja.;3;BX
1057532-124-COT26;50161814;Dulces con azúcar o sustitutos;Gomitas dulces tipo Frugelé de 50 unidades por bolsa.;2;BG
1057532-123-COT26;14111610;Cartulina;Cartulina color blanco.;20;PGL
1057532-123-COT26;44121708;Marcadores;Set de 24 marcadores de colores tipo Sharpie.;3;PACK
1057532-123-COT26;31201605;Masillas;Caja de Masilla tipo Uhu Patafix.;3;BX
1057532-123-COT26;55121606;Etiquetas autoadhesivas;Pack de Etiquetas adhesivas para distintivos.;1;PACK
1057532-123-COT26;60121124;Papel kraft;Papel Kraft;20;PGL
1057532-128-COT26;50192501;Sandwiches y canapés con relleno frescos;Sándwich de pan fresco tipo hallulla, con mantequilla y doble queso (sin bordes, no artesanales). Cada sándwich deberá ser entregado envuelto individualmente en papel alusa.;20;EA
1057532-128-COT26;50192801;Empanadas, tartas y pies frescos;kuchen tamaño para 20 personas;1;EA
1057532-128-COT26;52151502;Platos desechables domésticos;platos desechables chicos (18 cm diámetro aprox.);30;EA
1057532-128-COT26;50181905;Galletas dulces o pastelitos;galletas dulces (variedades).;3;PK
1057532-128-COT26;50181909;Galletas saladas;galletas saladas (variedades).;6;PK
1057532-128-COT26;50221202;Cereales en barra;barras de cereal sabor frutos rojos.;20;EA
1057532-127-COT26;50192501;Sandwiches y canapés con relleno frescos;Sándwich de pan fresco tipo hallulla, con mantequilla y doble queso (sin bordes, no artesanales). Cada sándwich deberá ser entregado envuelto individualmente en papel alusa.;60;EA
1057532-127-COT26;50101634;Fruta fresca;Naranjas frescas.;35;EA
1057532-127-COT26;50101634;Fruta fresca;Manzanas frescas.;35;EA
1057532-127-COT26;50192801;Empanadas, tartas y pies frescos;Kuchen tamaño para 20 personas;1;EA
1057532-127-COT26;14111703;Toallas de papel;toalla de papel de 100 metros.;1;EA
1057532-127-COT26;52151502;Platos desechables domésticos;platos desechables chicos (18 cm diámetro aprox.);30;EA
1057532-127-COT26;50201709;Café instantáneo;tarro de café de 400 gramos.;1;JR
1057532-127-COT26;50201713;Bolsitas de te;caja de té de 100 unidades.;1;BX
1057532-127-COT26;50181905;Galletas dulces o pastelitos;galletas dulces (variedades).;3;PK
1057532-127-COT26;50181909;Galletas saladas;galletas saladas (variedades).;6;PK
1057532-127-COT26;50131701;Leche o productos de mantequilla;litro de leche.;1;LTR
1057532-126-COT26;50192501;Sandwiches y canapés con relleno frescos;Sándwich de pan fresco tipo hallulla, con mantequilla y doble queso (sin bordes, no artesanales, de marca reconocida). Cada sándwich deberá ser entregado envuelto individualmente en papel alusa.;20;EA
1057532-126-COT26;50101634;Fruta fresca;Naranjas Frescas.;10;EA
1057532-126-COT26;50101634;Fruta fresca;Manzanas Frescas.;10;EA
1057532-126-COT26;52151504;Tazas o vasos desechables domésticos;vasos de polipapel de 250 cc.;100;EA
1057532-126-COT26;52151704;Cucharas domésticas;cucharas (aprox. 15 cm) – 1 bolsa de 100 unidades.;100;EA
1057532-126-COT26;50202310;Agua mineral;agua mineral de 1,6 litros.;2;BO
1057532-126-COT26;50161509;Productos de edulcorantes o azúcares naturales;kilo de azúcar (marca reconocida).;1;KGM
1057532-126-COT26;50201709;Café instantáneo;Café de 400 gramos.;1;JR
1057532-126-COT26;50161509;Productos de edulcorantes o azúcares naturales;endulzante líquido de 350 ml (tapa verde).;1;BO
1057532-126-COT26;50201713;Bolsitas de te;caja de té normal de 100 unidades.;1;BX
1057532-126-COT26;50181905;Galletas dulces o pastelitos;galletas dulces (variedades).;11;PK
1057532-126-COT26;50181909;Galletas saladas;galletas saladas (variedades).;4;PK
1057532-126-COT26;50192110;Nueces o frutos secos;mix de frutos secos (referencia: bolsas tipo mix energía Bri Snacks de 30 gramos).;50;EA
1057532-126-COT26;50131701;Leche o productos de mantequilla;litro de leche.;1;LTR
1057532-129-COT26;42182304;Sets o kits de pruebas psicodiagnósticas;CPS. Cuestionario de Personalidad situacional Kit de Corrección (25 hojas de respuestas, pin 25 usos);10;KIT
1057532-129-COT26;42182304;Sets o kits de pruebas psicodiagnósticas;CompeTEA. Evaluación de competencias. Kit de Corrección (25 hojas de respuestas, pin 25 usos);22;KIT
1057532-129-COT26;42182304;Sets o kits de pruebas psicodiagnósticas;16 PF-5. Cuestionario Factorial de Personalidad. Juego completo (Manual, 10 cuadernillos, Kit corrección 25 usos);1;KIT
1057532-129-COT26;42182304;Sets o kits de pruebas psicodiagnósticas;16 PF-5. Cuestionario Factorial de Personalidad. Kit de Corrección (25 hojas de respuestas, pin 25 usos);14;KIT
1057532-131-COT26;26111704;Cargadores de baterías;Cargador y Fuente de alimentación (MT, MS y MD) de 100W para ventilador mecánico de transporte Weinmann Medumat Transport / Según Especificaciones adjuntas.;1;EA
1057532-132-COT26;90101701;Gestión de cafetería;Servicio de cafetería para Jornada de Actualización de Patologías Médicas dirigido a médicos de Atención primaria y Hospitales dependientes. Para 40 participantes, Jornadas AM y PM, por 2 días (desde el 22 al 23 de Abril 2026). Se adjuntan Especificaciones del servicio.;160;EA
1057532-134-COT26;90101701;Gestión de cafetería;Servicio de cafeteria para 2 (Dias), 15 y 16 de abril 2026, en dependencias ubicadas en Manuel Rodriguez #759, segundo piso.  alimentacion a entregar se indica en formulario de Especificcaiones tecnicas.;44;EA
1057532-133-COT26;42182304;Sets o kits de pruebas psicodiagnósticas;CPS. Cuestionario de Personalidad situacional Kit de Corrección (25hojas de respuestas, pin 25 usos);10;KIT
1057532-133-COT26;42182304;Sets o kits de pruebas psicodiagnósticas;CompeTEA. Evaluación de competencias. Kit de Corrección (25 hojas de respuestas, pin 25 usos);22;KIT
1057532-133-COT26;42182304;Sets o kits de pruebas psicodiagnósticas;16 PF-5. Cuestionario Factorial de Personalidad. Juego completo (Manual, 10 cuadernillos, Kit corrección 25 usos);1;KIT
1057532-133-COT26;42182304;Sets o kits de pruebas psicodiagnósticas;16 PF-5. Cuestionario Factorial de Personalidad. Kit de Corrección (25 hojas de respuestas, pin 25 usos);14;KIT
1057532-138-COT26;42203501;Accesorios o desfibriladores implantables o generadores de marcapasos cardíacos;PARCHES DEA / SEGÚN ESPECIFICACIONES ADJUNTAS;1;EA
1057532-139-COT26;78121601;Servicios de flete;SERVICIO DE TRASLADO DE EQUIPOS Y EQUIPAMIENTO A CECOSF EL ENCANTO / SEGÚN DETALLE ADJUNTO;1;EA
1057532-139-COT26;78121601;Servicios de flete;SERVICIO DE TRASLADO DE EQUIPOS Y EQUIPAMIENTO A PSR COSTA RIO BLANCO / SEGÚN DETALLE ADJUNTO;1;EA
1057532-137-COT26;42181606;Mangas de inflación de presión sanguínea o mangas neumáticas o adaptadores;"""Manguera PANI doble lumen. Código de referencia: ZOLAC8300-0002-01. Compatible con el equipo: Zoll X Serie.";2;EA
1057532-137-COT26;42181606;Mangas de inflación de presión sanguínea o mangas neumáticas o adaptadores;"""Manguera PANI doble lumen. Código de referencia: 6200-30-09688. Compatible con el equipo: Benevision N1.""";2;EA
1057532-137-COT26;42181606;Mangas de inflación de presión sanguínea o mangas neumáticas o adaptadores;"""Manguera PANI doble lumen. Código de referencia: GEAC107363. Compatible con el equipo: GE V100.";1;EA
1057532-137-COT26;42181606;Mangas de inflación de presión sanguínea o mangas neumáticas o adaptadores;"""Brazalete PANI Pediátrico doble lumen. Diámetro Brazo entre 9 y 14 cm (±1 cm). Código de referencia: REUSE07. Compatible con el equipo: Zoll X Serie/GE V100.""";2;EA
1057532-137-COT26;42181606;Mangas de inflación de presión sanguínea o mangas neumáticas o adaptadores;"""Brazalete PANI Pediátrico doble lumen. Diámetro Brazo entre 11 y 18 cm (±1.5 cm). Código de referencia: REUSE08. Compatible con el equipo: Zoll X Serie/GE V100.""";2;EA
1057532-137-COT26;42181606;Mangas de inflación de presión sanguínea o mangas neumáticas o adaptadores;"""Brazalete PANI Pediátrico doble lumen. Diámetro Brazo entre 15 y 21 cm (±1.5 cm). Código de referencia: REUSE09. Compatible con el equipo: Zoll X Serie/GE V100.""";3;EA
1057532-137-COT26;42181606;Mangas de inflación de presión sanguínea o mangas neumáticas o adaptadores;"""Brazalete PANI Adulto Pequeño doble lumen. Diámetro Brazo entre 20 y 27 cm (±1.5 cm). Código de referencia: REUSE10. Compatible con el equipo: Zoll X Serie/GE V100.""";2;EA
1057532-137-COT26;42181606;Mangas de inflación de presión sanguínea o mangas neumáticas o adaptadores;"""Brazalete PANI Adulto doble lumen. Diámetro Brazo entre 25 y 34 cm (±1 cm). Código de referencia: REUSE11. Compatible con el equipo: Zoll X Serie/GE V100.""";3;EA
1057532-137-COT26;42181606;Mangas de inflación de presión sanguínea o mangas neumáticas o adaptadores;"""Brazalete PANI Adulto Grande doble lumen. Diámetro Brazo entre 33 y 45 cm (± 2 cm). Código de referencia: REUSE12. Compatible con el equipo: Zoll X Serie/GE V100""";3;EA
1057532-137-COT26;42181606;Mangas de inflación de presión sanguínea o mangas neumáticas o adaptadores;"""Brazalete PANI Adulto Muslo doble lumen. Diámetro Muslo entre 44 (± 2 cm) y =54 cm. Código de referencia: REUSE13. Compatible con el equipo: Zoll X Serie/GE V100""";2;EA
1057532-137-COT26;42181606;Mangas de inflación de presión sanguínea o mangas neumáticas o adaptadores;"""Brazalete PANI Pediátrico una vía. Diámetro Brazo entre 11 y 18 cm (±1.5 cm). Compatible con el equipo: Benevision N1""";4;EA
1057532-137-COT26;42181606;Mangas de inflación de presión sanguínea o mangas neumáticas o adaptadores;"""Brazalete PANI Pediátrico una vía. Diámetro Brazo entre 15 y 21 cm (±1.5 cm). Compatible con el equipo: Benevision N1""";4;EA
1057532-137-COT26;42181606;Mangas de inflación de presión sanguínea o mangas neumáticas o adaptadores;"""Brazalete PANI Pediátrico una vía. Diámetro Brazo entre 20 y 27 cm (±1.5 cm). Código de referencia: 040-000978-00. Compatible con el equipo: Benevision N1.""";4;EA
1057532-137-COT26;42181606;Mangas de inflación de presión sanguínea o mangas neumáticas o adaptadores;"""Brazalete PANI Adulto una vía. Diámetro Brazo entre 26 y 35 cm (±1.5 cm). Código de referencia: 040-000983-00. Compatible con el equipo: Benevision N1""";4;EA
1057532-137-COT26;42181606;Mangas de inflación de presión sanguínea o mangas neumáticas o adaptadores;"""Brazalete PANI Adulto una vía. Diámetro Brazo entre 32 (±1 cm) y  =43 cm. Código de referencia: 115-015931-00OR. Compatible con el equipo: Benevision N1. """;5;EA
1057532-137-COT26;42181606;Mangas de inflación de presión sanguínea o mangas neumáticas o adaptadores;"""Brazalete PANI Adulto Obeso o muslo una vía. Diámetro entre 44 (±2 cm) y =54 cm. Código de referencia: 040-000993-00. Compatible con el equipo: Benevision N1.  Cantidad = 4 unidades.""";4;EA
1057532-125-COT26;72102602;Instalación de ventanas, puertas o accesorios;Adquisición y servicio de instalación de tres (3) mallas mosquiteras para ventanas./ Según Especificaciones adjuntas.;3;EA
1057532-136-COT26;49201606;Pesas de entrenamiento;PESA RUSA 8 KG  SEGUN ESPECIFICACIONES TECNICAS ADJUNTAS;2;EA
1057532-136-COT26;49201606;Pesas de entrenamiento;PESA RUSA 10 KG  SEGUN ESPECIFICACIONES TECNICAS ADJUNTAS;2;EA
1057532-136-COT26;49201606;Pesas de entrenamiento;PESAS TOBILLO  2 PAR DE PESAS DE TOBILLO CON PESO 1 KG C/U SEGUN ESPECIFICACIONES TECNICAS ADJUNTAS;2;EA
1057532-136-COT26;49201606;Pesas de entrenamiento;PESAS TOBILLO  2 PAR DE PESAS DE TOBILLO CON PESO 2 KG C/U SEGUN ESPECIFICACIONES TECNICAS ADJUNTAS;2;EA
1057532-136-COT26;49201602;Barras con pesas;BARRA PREOLIMPICA RECTA 4.2 KG 120 CM CROMADA  SEGUN ESPECIFICACIONES TECNICAS ADJUNTAS;1;EA
1057532-136-COT26;49201602;Barras con pesas;ALMOHADILLA PARA BARRAS OLIMPICAS/PRE-OLIMPICA  SEGUN ESPECIFICACIONES TECNICAS ADJUNTAS;1;EA
1057532-136-COT26;49161703;Discos;DISCOS LEVANTAMIENTO  PAR DE DISCOS 10 KG PREOLIMPICOS CON AGARRE TIPO MANCUERNAS SEGUN ESPECIFICACIONES TECNICAS ADJUNTAS;1;EA
1057532-136-COT26;49161703;Discos;DISCOS LEVANTAMIENTO  PAR DE DISCOS 15 KG PREOLIMPICOS CON AGARRE SEGUN ESPECIFICACIONES TECNICAS ADJUNTAS;1;EA
1057532-136-COT26;49161703;Discos;DISCOS LEVANTAMIENTO  PAR DE DISCOS 5 KG PREOLIMPICOS CON AGARRE SEGUN ESPECIFICACIONES TECNICAS ADJUNTAS;1;EA
1057532-135-COT26;14111525;Papel multiuso;CAJA DE OPALINA BLANCA LISA, TAMAÑO CARTA 200 GRS. 100 UNIDADES;8;BX
1057532-135-COT26;44122011;Carpetas para archivos;CARPETAS PLASTIFICADAS SIN ARCHIVADOR//COLOR LILA;300;EA
1057532-135-COT26;44121701;Lápiz pasta;CAJA LAPIZ PASTA AZUL 50 UNIDADES;3;BX
1057532-135-COT26;55121606;Etiquetas autoadhesivas;SOBRE ETIQUETA AUTOADHESIVAS BLANCAS 10 HOJAS 101X51MM (rEFERNCIA ADETEC);6;SOBR
1057532-135-COT26;31201605;Masillas;SOBRE PEGAMENTO MACILLA (REFERENCIA, UHU PATAFIX) COLOR BLANCO;3;SOBR
1057532-135-COT26;14121503;Cartulina;CARTILINA PLIEGOS COLORES SURTIDOS;10;PGL
1057532-140-COT26;25172504;Neumáticos para camionetas o automóviles;NEUMATICOS 235-65 R16 / SEGUN ESPECIFICACIONES ADJUNTAS;4;EA
1077241-9-COT26;42181801;Unidades de oxímetros de pulso;OXIMETROS DE PULSO (SATUROMETROS) DEBE INCLUIR ACCESORIOS. DE ACUERDO A ESPECIFICACIONES TECNICAS ADJUNTAS;6;EA
1077241-7-COT26;42181801;Unidades de oxímetros de pulso;OXIMETROS DE PULSO (SATUROMETROS)  DEBE INCLUIR ACCESORIOS. DE ACUERDO A ESPECIFICACIONES TECNICAS ADJUNTAS;8;EA
1057532-114-COT26;55121612;Etiquetas de impresora;Rollos Etiquetas para Impresora ZEBRA ZD 888T;20;RO
1057532-114-COT26;55121612;Etiquetas de impresora;Rollos térmicos Impresora voucher ZEBRA ZD421;50;RO
1057532-2-COT25;44121611;Perforadoras;1 PERFORADORA DE ESCRITORIO.;1;EA
1057532-2-COT25;44121635;Portarrollos de cinta adhesiva;1 PORTA CINTA ADHESIVA DE ESCRITORIO.;1;EA
1057532-2-COT25;41122808;Bandejas de uso general;2 BANDEJAS DE ESCRITORIO .;2;EA
1057532-2-COT25;24111801;Depósitos;2 PAPELERO DE ESCRITORIO.;2;EA
1057532-2-COT25;44101707;Corcheteras;2 CORCHETERA DE ESCRITORIO.;2;EA
1057532-2-COT25;44101801;Calculadoras o accesorios;2 CALCULADORA DE ESCRITORIO.;2;EA
1057532-2-COT25;44111509;Portalápiz;2 LAPICERO DE ESCRITORIO.;2;EA
1057532-1-COT25;82101507;Folletos y catálogos publicitarios, servicios de publicidad y distribución;100 FOLLETOS TAMAÑO 50X70 CM, PAPEL COUCHE 200 GRAMOS COLORES 4/0 TERMINACION BARNIZ DE MAQUINA CORTE RECTO.;100;EA
1057532-4-COT25;85122201;Exámenes médicos;El servicio debe incluir: -Toma de examen fondo de ojo con cámara retinal portátil o retinógrafo de sobremesa propio de la empresa adjudicada. - Entrega de informes de resultados al usuarios y equipo de cabecera según el análisis realizado por IA o por médico Oftalmólogo según sea el caso. - Debe garantizarse acceso a profesionales encargados y referentes del Servicio a datos estadísticos y extracción de dashboards para gestión en base a los datos obtenido. Se adjunta EETT.;100;EA
1057532-895-COT24;78111808;Arriendo de vehículos;Arriendo de vehículo sin conductor, a contar del 13 de Enero 2025 hasta el 11 de abril 2025, el vehículo debe cumplir con el 100% de las características técnicas adjuntas.;1;EA
1057532-3-COT25;55121802;Pulseras o tarjetas de identificación o productos similares;50 CINTA COLOR AZUL CON GANCHO PARA PORTA CREDENCIAL CON LETRA BLANCAS.;50;EA
1057532-5-COT25;39111609;Linternas de queroseno, propano o butano;LINTERNA CON CINTILLO / Según especificaciones adjuntas;20;EA
1057532-6-COT25;46151601;Manillas;Reparación Sistema de manilla puerta de PVC acceso a SOME del COSAM Oriente con sistema multipunto acceso a SOME COSAM ORIENTE OSORNO.;1;EA
1057532-14-COT25;46181527;Pantalones protectores;Pantalón tipo cargo modelo SAMU, talla L / Según especificaciones Adjuntas;2;EA
1057532-14-COT25;91111703;Vestuario;"Polera manga larga tipo SAMU con logo de establecimiento (frente) y cargo de ""Conductor"" (espalda) Talla M / Según especificaciones adjuntas.";1;EA
1057532-14-COT25;91111703;Vestuario;"Polera manga corta tipo SAMU con logo de establecimiento (frente) y cargo de ""Conductor"" (espalda) Talla M / Según especificaciones adjuntas.";1;EA
1057532-7-COT25;24111503;Bolsas de plástico;Bolsas transparentes 40 x 30 cm./ entrega por 12 meses año 2025/ 1 mensuales;12;EA
1057532-7-COT25;53102516;Gorras;Cofia de Cocina / 100 unidades/ entrega por 12 meses/ 1 mensuales;12;BG
1057532-7-COT25;12161902;Detergentes surfactantes;Detergente de 3 kilos (Referencia Omo, Drive)/ entrega por 12 meses/ 5 mensuales;60;EA
1057532-7-COT25;52141607;Suavizantes de ropa;Suavizante para ropa de 5 litros / entrega por 12 meses/ 1 mensuales;60;EA
1057532-7-COT25;53102512;pañuelos;Pañuelos Desechables en caja / entrega por 12 meses/ 15 mensuales;180;BX
1057532-7-COT25;47131801;Limpiadores de suelos;Virutilla Liquida para pisos 900 ml / entrega por 12 meses/ 1 mensuales;12;EA
1057532-7-COT25;14111705;Servilletas de papel;Servilletas de Mesa , paquete de 200 unidades/ entrega por 12 meses/ 6 mensuales;72;EA
1057532-8-COT25;90101801;Comidas preparadas para llevar;El Desayuno de la mañana debe incluir:                                                      o	Liquido caliente, 2 opciones: Leche descremada, te más endulzante (Stevia). Servido en una taza de loza de 200cc de capacidad, de color blanco, con agarradera para facilitar su consumo o	Pan: molde integral o blanco 2 rebanadas + 1 agregado salado o dulce, según especificaciones de nutricionista encargada del servicio de alimentación.;400;EA
1057532-8-COT25;90101801;Comidas preparadas para llevar;Entrada: ensalada, de fácil deglución y digestibilidad apropiada para el grupo etario, para el servicio de almuerzo se requiere un régimen blando liviano hiposódico que debe estar constituido por una base proteica + agregado + postre + liquido. Según requerimiento de nutricionista.  El requerimiento contempla un estimado de 40 almuerzos distribuidos en 2 grupos en diferentes horarios, de lunes a jueves. Para el día viernes se estima un requerimiento estimado de 20 almuerzos en jornada de mañana.;800;EA
1057532-19-COT25;50101539;Verduras congeladas;Choclo en trozos 500 grs;3;BG
1057532-19-COT25;50112003;Carnes estables sin refrigerar procesadas y preparadas;Guatita  -Porcionada en bolsas de 1 kilo;2;KGM
1057532-19-COT25;50131701;Leche o productos de mantequilla;Mantequilla 125 grs;7;EA
1057532-19-COT25;50111510;Carne de ave o carne fresca;Pechuga de Pollo Deshuesada de kilo;4;KGM
1057532-19-COT25;50101539;Verduras congeladas;Pimiento congelado 500 grs;3;BG
1057532-19-COT25;50112001;Carnes frescas procesadas y preparadas;Pulpa de Cerdo -Porcionada en bolsas de 1 kilo;3;KGM
1057532-19-COT25;50111510;Carne de ave o carne fresca;Truto corto de Pollo de kilo;2;KGM
1057532-19-COT25;50131803;Sucedáneo de Queso;Queso Crema;14;EA
1057532-19-COT25;50171833;Paté u otras pastas para untar;Pate (diferentes);16;EA
1057532-19-COT25;50101539;Verduras congeladas;Habas Congeladas 500 grs;2;BG
1057532-19-COT25;50112002;Carnes congeladas procesadas y preparadas;Vienesas paquete de 20 unidades.;3;PK
1057532-19-COT25;50112001;Carnes frescas procesadas y preparadas;Abastero Vacuno Porcionada en bolsas de 1 kilo;4;KGM
1057532-19-COT25;50101539;Verduras congeladas;Arvejas Verdad de 500 grs;3;BG
1057532-19-COT25;50112003;Carnes estables sin refrigerar procesadas y preparadas;Carne molida Vacuno -Porcionada en bolsas de ½ kilo;3;KGM
1057532-19-COT25;50112001;Carnes frescas procesadas y preparadas;Cazuela Vacuno kilo;4;KGM
1057532-19-COT25;50101539;Verduras congeladas;Choclo desgranado 500 grs;4;BG
1057532-19-COT25;50112003;Carnes estables sin refrigerar procesadas y preparadas;Chorizos por kilos;2;KGM
1057532-19-COT25;50112003;Carnes estables sin refrigerar procesadas y preparadas;Chuleta vetada de cerdo por kilo;6;KGM
1057532-19-COT25;50131606;Huevos frescos;Huevos, Bandeja de 30 unid.;4;BAN
1057532-19-COT25;50112001;Carnes frescas procesadas y preparadas;Osobuco  -Proporcionado en bolsas de 1 kilo;4;KGM
1057532-19-COT25;50111510;Carne de ave o carne fresca;Pechuga laminada  Ahumada de pavo/ 150 grs o sachet;2;SACH
1057532-19-COT25;50112002;Carnes congeladas procesadas y preparadas;Prietas kilo;4;KGM
1057532-19-COT25;50101539;Verduras congeladas;Primavera 500 grs;3;BG
1057532-19-COT25;50131801;Queso natural;Queso Laminado de 500 grs;1;EA
1057532-19-COT25;50192303;Postres, helados o yogurt congelado;Yogurt sin Lactosa de litro;24;BG
1057532-19-COT25;50131802;Queso rallado;Queso rallado en bolsa de 125 grs;2;BG
1057532-19-COT25;50201714;Cremas no lácteas;Tarro de Crema 236 grs;2;JR
1057532-19-COT25;50112002;Carnes congeladas procesadas y preparadas;Hamburguesas de vacuno 185 grs;18;EA
1057532-10-COT25;42182304;Sets o kits de pruebas psicodiagnósticas;CPS CUESTIONARIO DE PERSONALIDAD SITUACIONAL, JUEGO COMPLETO (MANUAL. 10 CUADERNILLOS, KIT CORRECCIÓN 25 USOS);1;KIT
1057532-10-COT25;42182304;Sets o kits de pruebas psicodiagnósticas;BIP, INVENTARIO BOCHUM DE PERSONALIDAD Y COMPETENCIAS, KIT DE CORRECCIÓN (25 HOJAS DE RESPUESTAS, PIN 25 USOS);15;KIT
1057532-10-COT25;42182304;Sets o kits de pruebas psicodiagnósticas;TEST COMPETEA KIT DE CORRECCIÓN (25 HOJAS DE RESPUESTAS, PIN USOS);15;EA
1057532-10-COT25;42182304;Sets o kits de pruebas psicodiagnósticas;KIT CPS CUESTIONARIO DE PERSONALIDAD SITUACIONAL, KIT DE CORRECCIÓN (25 HOJAS DE RESPUESTA, PIN 25 USOS);25;KIT
1057532-9-COT25;43201803;Discos duros;1 DISCO DUROS SSD Capacidad: 2 TB, segun especificaciones tecnicas adjuntas MODELO SUGERIDO: WD BLUE - 2 TB - SATA SSD (Ver Archivo Adjunto);1;EA
1057532-18-COT25;42311505;Vendas o vendajes para uso general;Adquisición de parche curita redondo es un apósito adhesivo, poroso y estéril, según EETT adjuntas.;30;BX
1057532-15-COT25;14111805;Talones o talonarios;50 talonarios  de 13 cm de ancho x 21 cms de largo,  cada talonario debe tener 99 hojas, número de folio apartir  del  026001 (ya que el último folio es 026000).  Con letra y logos  en  color azul marino.;50;EA
1057532-11-COT25;42182604;Linternas de pluma de examen médico;LINTERNA DILATACION PUPILAR / Según Especificaciones Adjuntas;50;EA
1057532-11-COT25;42241507;Sistemas de férulas ortopédicas;FERULA PELVICA SAM SLING II EMERGENCIA / Según Especificaciones Adjuntas;3;EA
1057532-13-COT25;42171917;Estuches o bolsas de primeros auxilios para los servicios médicos de urgencias o accesorios;BOTIQUIN DE PARTO / Según especificaciones adjuntas;4;KIT
1077241-3-COT25;78101803;Servicios de transporte de vehículos;Servicio detallado en Bases de la Compra ágil. Adicionalmente se deben ingresar los formularios y documentos solicitados en dichos formularios.;1;EA
1057532-16-COT25;56111901;Iluminación, energía o componentes de datos industriales;-10 Metros de Cable TAC de 1 mm, Color Rojo. Según Especificaciones Técnicas Adjuntas.;10;MTR
1057532-16-COT25;56111901;Iluminación, energía o componentes de datos industriales;-1 Cinta Plástica SUP. N33 de 20 Metros 3/4. Según Especificaciones Técnicas Adjuntas.;1;EA
1057532-16-COT25;56111901;Iluminación, energía o componentes de datos industriales;-60 Terminal Macho Semi Aislada Azul Según Especificaciones Técnicas Adjuntas.;60;EA
1057532-16-COT25;56111901;Iluminación, energía o componentes de datos industriales;-06 Unidades, Panel Led 60X40 W, Blanco 220-240 V Según Especificaciones Técnicas Adjuntas.;6;EA
1057532-16-COT25;56111901;Iluminación, energía o componentes de datos industriales;-10 Metros de Cable TAC 1mm, Color Blanco.  Según Especificaciones Técnicas Adjuntas.;10;MTR
1057532-16-COT25;56111901;Iluminación, energía o componentes de datos industriales;-6 Kit Emergencia FSL para Panel 6 A 40 W Según Especificaciones Técnicas Adjuntas.;6;KIT
1057532-16-COT25;56111901;Iluminación, energía o componentes de datos industriales;-60 Conector Hembra C/Aislación 2.0 AZUL. Según Especificaciones Técnicas Adjuntas.;60;EA
1057532-16-COT25;56111901;Iluminación, energía o componentes de datos industriales;Soplete Yanes C/ Piezo 4001K;1;TUBO
1057532-20-COT25;90101802;Reparto de comidas a domicilio;Planilla total de Abarrotes en planilla adjunta, se debe ofertar la totalidad del requerimiento, debe adjuntar cotizacion.;1;000
1057532-17-COT25;42152701;Articuladores dentales o accesorios;Insumos Dentales / Según detalle y Especificaciones Adjuntas.;1;EA
1077241-4-COT25;81102202;Transporte urbano;Servicio detallado en Bases de Compra ágil. Debe adjuntar de forma obligatoria Formulario N°1 y N°2 de lo contrario su oferta será declarada inadmisible.;1;EA
1057532-25-COT25;90101802;Reparto de comidas a domicilio;Listado de cantidades de Abarrotes en planilla adjunta estos deben ser entregados en el mes de Enero y Febrero, se debe ofertar la totalidad del requerimiento, debe adjuntar cotización o planilla adjunta firmada por proveedor. La primera entrega debe realizarse el los 3 4 días hábiles siguientes a enviar la OC a proveedor y ser aceptada.;2;EA
1057532-26-COT25;56111901;Iluminación, energía o componentes de datos industriales;-06 Unidades, Panel Led 60X40 W, Blanco 220-240 V Según Especificaciones Técnicas Adjuntas.;6;EA
1057532-26-COT25;56111901;Iluminación, energía o componentes de datos industriales;-10 Metros de Cable TAC 1mm, Color Blanco. Según Especificaciones Técnicas Adjuntas.;10;MTR
1057532-26-COT25;56111901;Iluminación, energía o componentes de datos industriales;-1 Cinta Plástica SUP. N33 de 20 Metros 3/4. Según Especificaciones Técnicas Adjuntas.;1;EA
1057532-26-COT25;56111901;Iluminación, energía o componentes de datos industriales;-10 Metros de Cable TAC de 1 mm, Color Rojo. Según Especificaciones Técnicas Adjuntas.;10;MTR
1057532-26-COT25;56111901;Iluminación, energía o componentes de datos industriales;-6 Kit Emergencia FSL para Panel 6 A 40 W Según Especificaciones Técnicas Adjuntas.;6;KIT
1057532-22-COT25;44121506;Sobres estándar;Sobres Revistero Carta Blanco (Tamaño 23 X 30,5 cm);250;EA
1057532-22-COT25;44121506;Sobres estándar;Sobres saco ½ Oficio Blanco (Tamaño (20 x26 cm);250;EA
1057532-22-COT25;44121506;Sobres estándar;Sobres Oficio Tipo Saco (Tamaño (25 x 36 cm);250;EA
1057532-24-COT25;73101701;Servicios de producción de medicamentos o medicinas;Se requiere Tiamina 10mg comprimidos para tratamiento de pacientes para COSAM Rahue, indicar fecha de vencimiento y adjunta resolución sanitaria.;6720;CMP
1057532-21-COT25;53102516;Gorras;Cofia de Cocina / 100 unidades/ entrega por 12 meses/ 1 mensuales;12;EA
1057532-21-COT25;47131801;Limpiadores de suelos;Virutilla Liquida para pisos 900 ml / entrega por 12 meses/ 1 mensuales;12;EA
1057532-21-COT25;24111503;Bolsas de plástico;Bolsas transparentes 40 x 30 cm./ entrega por 12 meses año 2025/ 1 mensuales;12;EA
1057532-21-COT25;12161902;Detergentes surfactantes;Detergente de 3 kilos (Referencia Omo, Drive)/ entrega por 12 meses/ 5 mensuales;60;EA
1057532-21-COT25;53102512;pañuelos;Pañuelos Desechables en caja / entrega por 12 meses/ 15 mensuales;180;BX
1057532-21-COT25;14111705;Servilletas de papel;Servilletas de Mesa , paquete de 200 unidades/ entrega por 12 meses/ 6 mensuales;72;EA
1057532-21-COT25;52141607;Suavizantes de ropa;Suavizante para ropa de 5 litros / entrega por 12 meses/ 1 mensuales;12;EA
1077241-2-COT25;73101701;Servicios de producción de medicamentos o medicinas;Según lo dispuesto en Formulario N°2 Detalle de la oferta (Formulario obligatorio), revisar EETT adjuntas. Las ofertas que no presenten el formulario N°2 serán declaradas inadmisibles.;1;EA
1077241-5-COT25;81102202;Transporte urbano;Servicio detallado en Bases de Compra ágil. Debe adjuntar de forma obligatoria Formulario N°1 y N°2 de lo contrario su oferta será declarada inadmisible.;1;EA
1057532-27-COT25;46191601;Extintores;1 Extintor de PQS de 6 kilos con polvo químico seco no menor al 70%. , con certificación de productos acreditado por el Sistema Nacional de Acreditación del Instituto Nacional de Normalización. El Organismo de Certificación deberá utilizar el modelo ISO/CASCO 6, para la certificación del Servicio Técnico;1;EA
1057532-28-COT25;55121606;Etiquetas autoadhesivas;60 rollos de Etiqueta autoadhesiva papel mate 70x100 mm (cada rollo de 700 etiquetas aproximadamente). Que sea compatible con impresora Zebra GC420 y Zebra ZD 220;60;EA
1077241-7-COT25;82121507;Impresión de papelería o formularios comerciales;Manuales para cuidadoras/es de acuerdo a especificaciones técnicas adjuntas.;300;EA
1077241-6-COT25;42191808;Camas de cuidado del paciente o accesorios para cuidado especial;- 06 CATRES CLINICOS DOMICILIARIOS: - CATRE CLINICO MANUAL -CAPACIDAD DE CARGA  = 120 KG. -ESTRUCTURA METALICA -04 RUEDAS DE DIAMETRO  = 10 CM. -COLCHÓN CON NUCLEO DE POLIURETANO Y ESPUMA DE ALTA DENSIDAD. -DEBE INCLUIR ACCESORIOS Y COMPONENTES QUE HAGAN AL EQUIPO FUNCIONAL Y EN LAS CANTIDADES ADECUADAS.  **SEGUN ESPECIFICACIONES TECNICAS ADJUNTAS**;6;EA
1077241-10-COT25;90101701;Gestión de cafetería;200 raciones El servicio de cafetería considera la entrega en horario de Coffee mañana: 11:30-12:30 hrs y contar con todas las especificaciones tecnicas que se adjuntan. favor firmar el requerimiento aceptando lo solicitado. Se le notificará con 15 días de anticipación a oferente la fecha de la actividad.;200;EA
1057532-32-COT25;78121601;Servicios de flete;Mudanzas, desde la ciudad de Valdivia a la ciudad de Osorno, el traslado debe efectuarse el día 30-01-2025.  Dirección Actual: Ocho de Octubre #1831B, Valdivia.  Dirección de destino: Camino a Entre Lagos, Alto Mulpulmo parcela 57, Osorno;1;EA
1077241-9-COT25;10161707;Arreglo de flores cortadas;Ramillete de 3 rosas del mismo color, pero los 20 ramilletes pueden ser de diferentes colores, acompañado de follaje e ilusión, envuelto en papel decorativo y rafia.  se adjunta imagen de referencia, los adornos deben ser entregados el día 3 de febrero, horario y lugar serán coordinados con requirente.;20;EA
1077241-8-COT25;49101704;Galvanos;Galvano redondo en madera nativa, con plataforma, medida de 15,8 x 15cm. Grabado personalizado, logo más texto un color. Revestimiento de laca brillante. debe Incluir caja, se adjunta *Imagen referencial;8;EA
1057532-36-COT25;55101504;Diarios;Suscripción Diario Austral Osorno para el año 2025 formato + formato digital;1;EA
1077241-11-COT25;90101701;Gestión de cafetería;200 raciones El servicio de cafetería considera la entrega en horario de Coffee mañana: 11:30-12:30 hrs y contar con todas las especificaciones tecnicas que se adjuntan. favor volver adjunar con firma, aceptando las especificaciones. Se le notificará con 15 días de anticipación a oferente la fecha de la actividad.;200;EA
1057532-12-COT25;42291609;Pinzas quirúrgicas;PINZA KELLY RECTA 14 cm / Según especificaciones adjuntas;10;EA
1057532-12-COT25;42291609;Pinzas quirúrgicas;PINZA KELLY CURVA 14 cm / Según especificaciones adjuntas;10;EA
1057532-12-COT25;41112403;Indicadores de presión;ESFINGOMANOMETRO ANEROIDE / Según especificaciones adjuntas;10;EA
1057532-12-COT25;42172103;Kits de reanimación o aspiración para urgencias;ASPIRADOR MANUAL DE SECRECIONES / Según especificaciones adjuntas;8;EA
1057532-23-COT25;30171514;Cierres de puertas;-Reparación sistema de manilla suelta en puerta de PVC con sistema multipunto acceso a SOME COSAM Oriente. -Según Especificaciones Técnicas Adjuntas. -Se requiere una visita a terreno de carácter obligatoria, para el día Jueves 16 de Enero de 2025 a las 15:00 hrs en COSAM ORIENTE, ubicado en  Juan de Dios Ángulo #399, Osorno, X región de Los Lagos. La visita estará a cargo del Jefe de Operaciones del COSAM ORIENTE.;1;EA
1057532-29-COT25;72102305;Servicios de reparación, mantenimiento o reparación de aire acondicionado;-Se requiere la instalación de 4 equipos de aire acondicionado con tablero eléctrico auxiliar en establecimiento PRAIS - SSO. -El servicio contempla la instalación de 4 Equipos de aire acondicionado en Oficina Administrativa, Kinesiología, Pasillo de espera y Estar. -Plazo de inicio de trabajos : 5 días hábiles desde emisión de Orden de Compra -Está compra contempla una visita a terreno obligatoria. Según detalle adjunto.;4;EA
1077241-12-COT25;90101701;Gestión de cafetería;200 raciones El servicio de cafetería considera la entrega en horario de Coffee mañana: 11:30-12:30 hrs y contar con todas las especificaciones tecnicas que se adjuntan. favor volver adjunar con firma, aceptando las especificaciones. Se le notificará con 15 días de anticipación a oferente la fecha de la actividad.;200;EA
1057532-33-COT25;85141504;Curaciones energéticas;Insumos médicos de curación, detallados en Excel LINEA1. Se debe ofertar la totalidad de productos en amarillo para adjudicarse línea.;1;KIT
1057532-33-COT25;85141504;Curaciones energéticas;Insumos médicos excel, DETALLADO EN LINEA 3 color verde.;1;EA
1057532-33-COT25;85141504;Curaciones energéticas;Productos organización excel en azul LINEA 2, deben cotizar la totalidad de productos para ofertar.;1;EA
1057532-35-COT25;55101504;Diarios;Se requiere la suscripción anual del Diario Austral de Osorno para el presente año en formato papel + formato digital;1;EA
1057532-43-COT25;43231605;Software de contabilidad temporal;Software para Declaración Renta 2025 de acuerdo a especifaciones técnicas adjuntas en formulario N°2. Completar y adjuntar de forma obligatoria.;1;EA
1057532-44-COT25;42291609;Pinzas quirúrgicas;-15 UNIDADES PINZA KELLY CURVA 14 cm  Según especificaciones adjuntas;15;EA
1057532-44-COT25;42291609;Pinzas quirúrgicas;15 UNIDADES PINZA KELLY RECTA 14 cm  Según especificaciones adjuntas;15;EA
1057532-44-COT25;42271907;Productos o accesorios de aspirador respiratorio;8 UNIDADES ASPIRADOR MANUAL DE SECRECIONES Según especificaciones adjuntas;8;EA
1057532-39-COT25;60141006;Juguetes didácticos;1 -  36pcs Squishy Juguete Sensorial Aliviar El Estrés Y Ansiedad;1;EA
1057532-39-COT25;60141004;Peluches;2 Koala De Juguete Que Respira Alivia La Ansiedad Con Sonido;2;EA
1057532-37-COT25;60141102;Juegos de mesa;"Expansión juego DIXIT ""Expansión Dixit: Harmonies. Cartas creadas por el autor Paul Echegoyen con temática juvenil y adolescente.  Imágenes diversas con detalles de tono pastel que despiertan la curiosidad y la imaginación para todo tipo de frases y sensaciones.  Perfecta para todo tipo de cuentacuentos.  Totalmente compatibles con el juego base de Dixit y cualquier otra expansión, estas 84 nuevas tarjetas de imagen amplían la rejugabilidad y la diversión por las que se conoce el juego de Dixit.";1;EA
1057532-37-COT25;60141102;Juegos de mesa;"Juego DIXIT para trabajar en Psicoterapia  CONTENIDO: 84 cartas 8 peones 8 diales Reglamento""";1;EA
1057532-38-COT25;60141101;Juegos educativos;2 Material Grafico/Terapeutico: Actúa, siente, Crece;2;EA
1057532-38-COT25;60141101;Juegos educativos;2 Material Grafico/Terapeutico: Pequeños Narradores;2;EA
1057532-38-COT25;60141101;Juegos educativos;2 Material Grafico/Terapeutico: Construyendo Vínculos;2;EA
1057532-38-COT25;60141101;Juegos educativos;2 Material Grafico/Terapeutico: Reencontrándome: memorice de emociones;2;EA
1057532-38-COT25;60141101;Juegos educativos;2 Material Grafico/Terapeutico: La Siembra;2;EA
1057532-38-COT25;60141101;Juegos educativos;2 Material Grafico/Terapeutico: Libro Abierto;2;EA
1057532-38-COT25;60141101;Juegos educativos;2 Material Grafico/Terapeutico: Preguntas para Sanar el Alma;2;EA
1057532-38-COT25;60141101;Juegos educativos;2 Material Grafico/Terapeutico: Cartas para Florecer;2;EA
1057532-41-COT25;42142108;Almohadillas o compresas de calentar o de refrescar;2 Compresas de gel frío/calor para alivio de crisis de ansiedad y pánico;2;EA
1057532-42-COT25;51141617;Bromhidrato de citalopram;Citalopram 20 mg en comprimidos;3000;CMP
1057532-53-COT25;50161813;Dulces de chocolate o sustitutos;-10 Unidades Queque Cena Chocolate, cada unidad (Bolsa) de  225 G. -Variedades;10;EA
1057532-53-COT25;50181901;Pan fresco;-06 Pan de Molde Cena Fibra Grande (Bolsa) de 600 G.;6;EA
1057532-53-COT25;50192501;Sandwiches y canapés con relleno frescos;-2 Kg Jamón Sandwich Laminado Display;2;KGM
1057532-53-COT25;50192402;Pastas de untar;-10 Unidades de Pasta Untable (Pote) de 170 G.  -Ave Mayo, Ave Pimentón O Similar.;10;EA
1057532-53-COT25;50202304;Jugos y néctar envasados;-20 Unidades de Jugo Néctar -Variedades sabores 1 o 1,5 Litros cada Caja o botella;20;EA
1057532-53-COT25;50201706;Café;-2 Unidades Café Instantáneo, cada unidad (Tarro) de 170 G.;2;EA
1057532-53-COT25;50181905;Galletas dulces o pastelitos;-15 Unidades Galleta Dulce, cada unidad (Paquete) de 120-140 G  -Variedades;15;EA
1057532-53-COT25;50181901;Pan fresco;-06 Pan de Molde Cena Blanco (Bolsa) de 580 G.;6;EA
1057532-53-COT25;50131801;Queso natural;-6 Unidades de Queso Laminado (Display 15 laminas) de 250 G.;6;EA
1057532-53-COT25;50131701;Leche o productos de mantequilla;-04 Unidades de Leche Liquida Entera (Caja de 1 Litro);4;EA
1057532-46-COT25;43231605;Software de contabilidad temporal;"Software D. JUR/RENOV./RED1 USU 1887 Importador de datos 1887-1879. Se debe completar y adjuntar de forma obligatoria: Formulario N°1 ""Identificación del oferente"" y N°2 ""Especificaciones Técnicas"" de lo contrario su oferta será desestimada.";1;EA
1057532-52-COT25;60101722;Libretas de notas;Cuaderno o Libreta Medio Oficio con Espiral / Según Especificaciones Adjuntas;35;EA
1057532-50-COT25;24111503;Bolsas de plástico;7.000  Bolsas transparentes tipo ziploc                                                         Color: Transparentes, verdes y/o Azules Material: Polietileno, Color: Transparente, cierre Azul , Cierre: Hermético, doble, Medidas: 6x11,5 cm (Ancho 6 cm – Alto 11,5 cm incluyendo los cm del cierre);7000;BG
1057532-49-COT25;42192207;Camillas de paciente o accesorios de camilla;Servicio de Mantención Correctiva de Camilla de Transporte Base Samu / Según Especificaciones Adjuntas.;1;EA
1057532-48-COT25;60101316;Tarjetas en blanco;200 TARJETAS PVC BLANCO PARA PORTA CREDENCIAL ( PARA IMPRIMIR);200;EA
1057532-48-COT25;44103105;Cartuchos de tinta;2 CARTUCHO COLOR ZEBRA 800300-350OLA YMCKO(ZC100/ZC300-200 IMAGENES)800300-35OLA;2;CQ
1057532-48-COT25;60123202;Cintas de seda;200 PORTA CREDENCIAL, RIGIDA CONVERTIBLE NEGRO PARA USO HORIZONTAL.;200;EA
1057532-48-COT25;31201523;Cinta para de tela;30 CINTAS PORTA CREDENCIAL DE COLOR AZUL, CODIGO ORIGINAL #11119c, según carta de color señalada en detalles y letras blancas, terminación gancho universal negro con estampado blanco ( dirección servicio de salud Osorno).;30;EA
1057532-67-COT25;73151906;Servicios de impresión industrial de transferencia térmica;-60 Unidades de Cinta de Transferencia Térmica 6000 Standard Según Especificaciones Técnica Adjuntas;60;EA
1057532-67-COT25;82121602;Impresión de rollo grabado;-50 Unidades de Rollo Térmico Impresora Epson Según Especificaciones Técnicas Adjuntas.;50;EA
1057532-67-COT25;42142301;Etiquetas médicas de uso general;-30 Etiquetas para Impresora ZEBRA GC-420 Según Especificaciones Técnicas Adjuntas.;30;EA
1057532-68-COT25;14111531;Libros o cuadernos de registro;Cuaderno o Libreta Medio Oficio con Espiral / Según Especificaciones Adjuntas;35;EA
1057532-58-COT25;50201706;Café;-2 Unidades Café Instantáneo, cada unidad (Tarro) de 170 G.;2;EA
1057532-58-COT25;50161813;Dulces de chocolate o sustitutos;-10 Unidades Queque Cena Chocolate, cada unidad (Bolsa) de 225 G. -Variedades.;10;EA
1057532-58-COT25;50181905;Galletas dulces o pastelitos;-15 Unidades Galleta Dulce, cada unidad (Paquete) de 120-140 G -Variedades;15;EA
1057532-58-COT25;50181901;Pan fresco;-06 Pan de Molde Cena Fibra Grande (Bolsa) de 600 G.;6;EA
1057532-58-COT25;50181901;Pan fresco;-06 Pan de Molde Cena Blanco (Bolsa) de 580 G.;6;EA
1057532-58-COT25;50192501;Sandwiches y canapés con relleno frescos;-2 Kg Jamón Sandwich Laminado Display;2;KGM
1057532-58-COT25;50131801;Queso natural;-6 Unidades de Queso Laminado (Display 15 laminas) de 250 G.;6;EA
1057532-58-COT25;50192402;Pastas de untar;-10 Unidades de Pasta Untable (Pote) de 170 G. -Ave Mayo, Ave Pimentón O Similar.;10;EA
1057532-58-COT25;50131701;Leche o productos de mantequilla;-04 Unidades de Leche Liquida Entera (Caja de 1 Litro);4;EA
1057532-58-COT25;50202304;Jugos y néctar envasados;-20 Unidades de Jugo Néctar -Variedades sabores 1 o 1,5 Litros cada Caja o botella;20;EA
1057532-55-COT25;44103103;Tóner;-05 UNIDADES TONER 85A PARA IMPRESORA HP LASERJET M1212 COLOR NEGRO.;5;EA
1057532-51-COT25;72102305;Servicios de reparación, mantenimiento o reparación de aire acondicionado;Se requiere la instalación de 4 equipos de aire acondicionado con tablero eléctrico auxiliar en establecimiento PRAIS-SSO.  -El servicio contempla la instalación de 4 Equipos de aire acondicionado en Oficina Administrativa, Kinesiología, Pasillo de espera y Estar.  -Plazo de inicio de trabajos : 5 días hábiles desde emisión de Orden de Compra.;1;EA
1057532-57-COT25;55121727;Letreros;1 LETRERO DE ACERO INOXIDABLE.;1;EA
1057532-57-COT25;55121727;Letreros;1 LETRERO DE MADERA PARA EXTERIOS. VER EETT ADJUNTA.;1;EA
1057532-65-COT25;73101701;Servicios de producción de medicamentos o medicinas;-5000 Comprimidos Trazodona 100 MG en Comprimidos Nota: Los oferentes que no cuenten con resolución sanitaria vigente no serán evaluados. Según Especificaciones Técnicas adjuntas.;5000;CMP
1057532-77-COT25;90101801;Comidas preparadas para llevar;Almuerzo: Entrada: ensalada, de fácil deglución y digestibilidad apropiada para el grupo etario, para el servicio de almuerzo se requiere un régimen blando liviano hiposódico que debe estar constituido por una base proteica + agregado + postre + liquido. Según requerimiento de nutricionista. El requerimiento contempla un estimado de 40 almuerzos distribuidos en 2 grupos en diferentes horarios, de lunes a jueves. Para el día viernes se estima un requerimiento estimado de 20 almuerzos en jornada;1000;EA
1057532-77-COT25;90101801;Comidas preparadas para llevar;El Desayuno de la mañana debe incluir: o Liquido caliente, 2 opciones: Leche descremada, te más endulzante (Stevia). Servido en una taza de loza de 200cc de capacidad, de color blanco, con agarradera para facilitar su consumo o Pan: molde integral o blanco 2 rebanadas + 1 agregado salado o dulce, según especificaciones de nutricionista encargada del servicio de alimentación.;560;EA
1057532-72-COT25;73101701;Servicios de producción de medicamentos o medicinas;-20 Unidades de RISPERIDONA 37,5 MG -Se requiere realizar compra ágil de 20 unidades de Risperidona 37,5 mg para contar con el fármaco mientras se materializa la compra por licitación pública que está pendiente. -Según Especificaciones Técnicas Adjuntas.;20;EA
1057532-73-COT25;51102710;Antisépticos basados en alcohol o acetona;36 Alcohol desnaturalizado al 70% uso clinico, frasco 125 cc. Con fecha de vencimiento mayor a 12 meses.;36;EA
1057532-73-COT25;42293902;Instrumentos quirúrgicos para empaque de heridas;20 Equipos Curación Desechable: (1 paño clinico 40x40 cm, 1 tijera punta, 1 pinza anatomica, 1 pinza quirurgica, 3 torulas de algodón, 3 gasas no tejidas. Con fecha de vencimiento mayor a 12 meses.);20;EA
1057532-73-COT25;42142609;Jeringas médicas con aguja;"6 cajas (100 unidades cada caja). Jeringa 3 cc con aguja 21GX 1 1/2"" luer lock.Con fecha de vencimiento mayor a 12 meses.";6;BX
1057532-73-COT25;42142609;Jeringas médicas con aguja;"2 Caja (100 unidades cada caja). Jeringa 20 cc con aguja 21GX 1 1/2"" luer lock. Con fecha de vencimiento mayor a 12 meses";2;BX
1057532-73-COT25;42192604;Sistemas de administración de fármacos o accesorios;Test screaning de drogas en orina (3 cajas (25 unidades cada una)(coc, thc, opi, bzp, amp, met).  Con fecha de vencimiento mayor a 12 meses;3;BX
1057532-73-COT25;42192604;Sistemas de administración de fármacos o accesorios;1 Caja Tiras reactivas hemoglucotest accu- check performa 1 caja (50 unidades cada una) Tiras reactivas HGT accu ckeck performa. Con fecha de vencimiento mayor a 12 meses.;1;BX
1057532-73-COT25;42311511;Vendas de gasa;Torulas de algodón 0.5 gr. 20 unidades (cada bolsa contiene 100 torulas).;20;BG
1057532-73-COT25;51102710;Antisépticos basados en alcohol o acetona;6 Alcohol gel al 70%, frasco 340 ml, uso clinico. Con fecha de vencimiento mayor a 12 meses.;6;EA
1057532-73-COT25;42141606;Palanganas médicas para fines múltiples;Riñones esteriles desechables 6  bolsa (50 unidades cada bolsa). Riñones esteriles desechables 1 bolsa de 50 unidades. Con fecha de vencimiento mayor a 12 meses;6;BG
1057532-73-COT25;42182206;Termómetro médico de mercurio;Termometro higrometro digital, segun especificaciones técncas adjuntas;3;EA
1057532-71-COT25;43212103;Impresoras por sublimación de tinta;-60 Rollos de Cinta de Transferencia Térmica 6000 Standard Según Especificaciones Técnica Adjuntas;60;RO
1057532-71-COT25;82121602;Impresión de rollo grabado;-50 Rollos  Térmico Impresora Epson Según Especificaciones Técnicas Adjuntas.;50;RO
1057532-71-COT25;42142301;Etiquetas médicas de uso general;-30 Rollos de Etiquetas para Impresora ZEBRA GC-420 Según Especificaciones Técnicas Adjuntas.;30;RO
1057532-60-COT25;78121601;Servicios de flete;Mudanza desde Osorno a Santiago paar funcionario D. Werner Bastián Costa Méndez Direccion de Origen : Santiago Rosas 2871, casa 65 (condominio Tierra Noble), Osorno Direccion de Destino: Avenida Presidente Sebastián Piñera Echeñique 90 departamento 607, Las Condes, Santiago Fecha de mudanza: 27.02-2025;1;EA
1057532-60-COT25;78121601;Servicios de flete;Mudanza desde Osorno a Santiago paar funcionaria D. Camila Ignacia Urra Aguilar Direccion de Origen :Avenida Francia 1771, torre 2 departamento 304 (Condominio Parque Francia), Osorno. Direccion de Destino: Presidente Sebastián Piñera Echeñique 90 departamento 607, Las Condes, Santiago. Fecha de mudanza: 27.02-2025;1;EA
1057532-60-COT25;78121601;Servicios de flete;Mudanza desde Osorno a Santiago paar funcionaria D. Barbara Viviana Valenzuela Mena. Direccion de Origen :Santiago Rosas #2871 casa 57, Condominio Tierra Noble, Osorno. Direccion de Destino: Bernarda Morin #467, Dpto. 402, Providencia, Santiago. Fecha de mudanza: 26.02-2025;1;EA
1057532-60-COT25;78121601;Servicios de flete;Mudanza desde Osorno a Santiago para funcionario D. Alex Felipe Valenzuela Pacheco. Direccion de Origen : Costanera General Lagos #605, Puyehue, Entre Lagos, Puyehue. Direccion de Destino: Diagonal Santa Elena #2830, San Joaquin, Santiago. Fecha de mudanza: 25.02-2025;1;EA
1057532-91-COT25;73101701;Servicios de producción de medicamentos o medicinas;-20 Unidades de RISPERIDONA 37,5 MG -Se requiere realizar compra ágil de 20 unidades de Risperidona 37,5 mg para contar con el fármaco mientras se materializa la compra por licitación pública que está pendiente. -Según Especificaciones Técnicas Adjuntas.;20;EA
1057532-90-COT25;73101701;Servicios de producción de medicamentos o medicinas;-20 Unidades de RISPERIDONA 37,5 MG -Se requiere realizar compra ágil de 20 unidades de Risperidona 37,5 mg para contar con el fármaco mientras se materializa la compra por licitación pública que está pendiente. -Según Especificaciones Técnicas Adjuntas.;20;EA
1057532-61-COT25;47121701;Bolsas de basura;BOLSAS DE BASURA 50 X 70 (ROLLO DE 10 UNIDADES);200;PK
1057532-61-COT25;47131615;Escobillones;ESCOBILLÓN PLASTICO C/ ASTIL;30;EA
1057532-61-COT25;47131803;Desinfectantes domésticos;DESINFECTANTE DE AMBIENTE Y SUPERFICIES EN SPRAY 360 CM3 (Referencia Lysoform) Diferentes aromas.;96;EA
1057532-61-COT25;47131801;Limpiadores de suelos;LIMPIADOR DESENFECTANTE PISOS 900 ML (CON AROMA);96;EA
1057532-61-COT25;47131502;Paños de limpieza;TRAPERO HUMEDOS DESINFECTANTES C/ OJAL 10 UNID.;210;EA
1057532-61-COT25;47131609;Magos para escobas o traperos;REPUESTO PORTA MOPA PARA CARRO ESTRUJADOR;24;EA
1057532-61-COT25;47131502;Paños de limpieza;PAÑO MICROFIBRA AMARILLO;150;EA
1057532-61-COT25;47131829;Productos de limpieza del baño;PASTILLA WC AZUL 48 GRS UNIDAD (Refencia Lysoform);450;EA
1057532-61-COT25;47121701;Bolsas de basura;BOLSAS DE BASURA 50 X 70 (ROLLO DE 10 UNIDADES);200;PK
1057532-61-COT25;47131802;Abrillantadores o acabados de suelos;CERA LIQUIDA INCOLORA NORMAL 900 ML;48;EA
1057532-61-COT25;47131810;Productos para lavar platos;LAVALOZAS BOTELLA 750 CC LIMON (REFERNCIA QUIX);48;EA
1057532-61-COT25;47131803;Desinfectantes domésticos;CLORO LIQUIDO TRADICIONAL DE LITRO;60;EA
1057532-61-COT25;47131502;Paños de limpieza;TOALLAS HUMEDAS DESINFECTANTES 35 UD;100;EA
1057532-61-COT25;47131805;Limpiadores de uso general;DESINFECTANTE CLORO GEL 900 ML;96;EA
1057532-61-COT25;47131824;Productos de limpieza de ventanas;LIMPIAVIDRIOS CON GATILLO DE 500 CC;36;EA
1057532-61-COT25;47131502;Paños de limpieza;TRAPERO MICROFIBRA 50X70 UNITARIO C/ OJAL;150;EA
1057532-61-COT25;47131502;Paños de limpieza;PAÑO MICROFIBRA ROJO;150;EA
1057532-61-COT25;47131502;Paños de limpieza;PAÑO MICROFIBRA VERDE;150;EA
1057532-88-COT25;90101801;Comidas preparadas para llevar;El Desayuno de la mañana debe incluir: o Liquido caliente, 2 opciones: Leche descremada, te más endulzante (Stevia). Servido en una taza de loza de 200cc de capacidad, de color blanco, con agarradera para facilitar su consumo o Pan: molde integral o blanco 2 rebanadas + 1 agregado salado o dulce, según especificaciones de nutricionista encargada del servicio de alimentación.;580;EA
1057532-88-COT25;90101801;Comidas preparadas para llevar;Entrada: ensalada, de fácil deglución y digestibilidad apropiada para el grupo etario, para el servicio de almuerzo se requiere un régimen blando liviano hiposódico que debe estar constituido por una base proteica + agregado + postre + liquido. Según requerimiento de nutricionista. El requerimiento contempla un estimado de 40 almuerzos distribuidos en 2 grupos en diferentes horarios, de lunes a jueves. Para el día viernes se estima un requerimiento estimado de 20 almuerzos en jornada de mañana.;1040;EA
1057532-75-COT25;42251608;Bandas para ejercicios de resistencia, masilla o tubos para rehabilitación o terapia;Banda elástica, color ROJO, 5,5 Metros / Según Especificaciones Adjuntas;1;EA
1057532-75-COT25;49161613;Almacenamiento de balones o redes de vóleibol;Soporte para balones / Según Especificaciones Adjuntas;1;EA
1057532-75-COT25;42251608;Bandas para ejercicios de resistencia, masilla o tubos para rehabilitación o terapia;Banda elástica, color VERDE, 5,5 Metros / Según Especificaciones Adjuntas;1;EA
1057532-75-COT25;42142111;Almohadas o compresas de hielo terapéuticas;Compresa cervical húmedo caliente, 61cm / Según Especificaciones Adjuntas;2;EA
1057532-75-COT25;42142111;Almohadas o compresas de hielo terapéuticas;Compresa húmedo caliente columna completa 38x61cm / Según Especificaciones Adjuntas;1;EA
1057532-75-COT25;42251706;Andadores, bicicletas o aparatos de ejercicio de marcha o accesorios;Pedalera digital manos y pie, bidireccional, plegable / Según Especificaciones Adjuntas;1;EA
1057532-75-COT25;42141802;Electrodos de electroterapia o accesorios;Set de 4 electrodos para TENS, cuadrados de 5x5cm / Según Especificaciones Adjuntas;20;KIT
1057532-75-COT25;42251608;Bandas para ejercicios de resistencia, masilla o tubos para rehabilitación o terapia;Banda elástica, color AMARILLO, 5,5 Metros / Según Especificaciones Adjuntas;1;EA
1057532-75-COT25;42141802;Electrodos de electroterapia o accesorios;Set de 4 electrodos para TENS, rectangulares de 5x10cm / Según Especificaciones Adjuntas;10;KIT
1057532-74-COT25;42251601;Vigas o tablas de balance, cojines anchos o balancines para rehabilitación o terapia;Discos de balance con punta, 34cm diámetro / Según Especificaciones Adjuntas.;1;EA
1057532-74-COT25;42251610;Pelotas o accesorios terapéuticos;Balón de ejercicios o Balón Suizo 75cm / Según Especificaciones Adjuntas.;2;EA
1057532-74-COT25;42251610;Pelotas o accesorios terapéuticos;Mini balón de ejercicios de 23cm / Según Especificaciones Adjuntas.;2;EA
1057532-74-COT25;42251612;Pesas, accesorios o sets para rehabilitación o terapia;Par de pesas de tobillo y muñeca ajustable 1,5 Kg / Según Especificaciones Adjuntas.;1;PACK
1057532-74-COT25;49171504;Barras asimétricas;Barra de flexión, dificultad DURA, color AZUL / Según Especificaciones Adjuntas.;1;EA
1057532-74-COT25;49161703;Discos;Set 50 conos tipo lentejas de entrenamiento con base para apilar / Según Especificaciones Adjuntas.;1;KIT
1057532-76-COT25;82121512;Grabado en relieve;Grabado de forma permanente de placas patentes en vidrios y espejos laterales de ambulancias SAMU y vehículos de la Dirección del Servicio de Salud Osorno. Se adjunta archivo con listado de vehículos y código QR;1;EA
1057532-79-COT25;43211609;Conectores o concentradores de bus serie universal;Conector metálico para Conduit flexible 32 mm;2;EA
1057532-79-COT25;26121609;Cable de redes;Cable UTP Cat 6;1;BX
1057532-79-COT25;39121310;Cajas de uso general;Caja de derivación metálica 100 x 100 mm con tapa;2;EA
1057532-79-COT25;39121205;Canaletas para cables;Canaleta PVC blanca 40x16mm;10;SR
1057532-79-COT25;39121205;Canaletas para cables;Conduit Flexible 32 mm;2;MTR
1057532-79-COT25;31161508;Tornillos para madera;Tornillos 6x1 (caja de 250 Uds.);1;BX
1077241-1-COT25;45111609;Proyectores multimedia;-01 Proyector -Tecnología de 3 chips 3 LCD  -3.400 Lumenes -Resolución nativa XGA -Zoom digital 1.0-1.35x -Conectividad HDMI -Altavoz incorporado de 5 W;1;EA
1057532-87-COT25;73101701;Servicios de producción de medicamentos o medicinas;Citalopram 20 mg Comprimidos;7000;CMP
1057532-87-COT25;73101701;Servicios de producción de medicamentos o medicinas;Flufenazina Decanoato 250 mg/10 ml Solución Inyectable;20;AMPF
1057532-59-COT25;14111531;Libros o cuadernos de registro;Cuaderno o Libreta Medio Oficio con Espiral / Según Especificaciones Adjuntas;35;EA
1057532-80-COT25;73101701;Servicios de producción de medicamentos o medicinas;-20 Unidades de RISPERIDONA 37,5 MG -Se requiere realizar compra ágil de 20 unidades de Risperidona 37,5 mg para contar con el fármaco mientras se materializa la compra por licitación pública que está pendiente. -Según Especificaciones Técnicas Adjuntas.;20;EA
1057532-92-COT25;73101701;Servicios de producción de medicamentos o medicinas;-20 Unidades de RISPERIDONA 37,5 MG -Se requiere realizar compra ágil de 20 unidades de Risperidona 37,5 mg para contar con el fármaco mientras se materializa la compra por licitación pública que está pendiente. -Según Especificaciones Técnicas Adjuntas.;20;EA
1057532-66-COT25;73101701;Servicios de producción de medicamentos o medicinas;-20 Unidades de RISPERIDONA 37,5 MG -Se requiere realizar compra ágil de 20 unidades de Risperidona 37,5 mg para contar con el fármaco mientras se materializa la compra por licitación pública que está pendiente. -Según Especificaciones Técnicas Adjuntas.;20;EA
1057532-84-COT25;55121727;Letreros;1 LETRERO DE MADERA PARA EXTERIOR. ( se adjunta ficha técnica);1;EA
1057532-85-COT25;55121727;Letreros;1 letrero inoxidable.;1;EA
1077241-15-COT25;60104101;Modelos de cuerpo humano, partes u órganos;Adquisición modelo de colon con la anatomía del intestino grueso, el apéndice y recto, seccionado  transversalmente para mostrar varias enfermedades y afecciones comunes como cáncer de colon, pólipos, entre otras características ver EETT. Adjuntar ficha técnica de lo ofertado para la evaluación, si no adjunta ficha no será evaluada la oferta.;1;EA
1057532-83-COT25;80111504;Formación, capacitación y entrenamiento de personal;SERVICIO DOCENCIA: 5 CUPOS CURSO ULTRASONIDO EN EMERGENCIAS Y CUIDADOS CRITICOS, DE ACUERDO A ESPECIFICACIONES ADJUNTAS.;1;EA
1057532-96-COT25;14111805;Talones o talonarios;200 TALONARIO FICHA ATENCION PRESHOSPITALARIA.;200;TALO
1057532-97-COT25;42192207;Camillas de paciente o accesorios de camilla;Servicio de Mantención Correctiva de Camilla de Transporte Base Samu / Según Especificaciones Adjuntas.;1;EA
1057532-104-COT25;43201803;Discos duros;1 Disco Duro SSD, segun especificaciones tecnicas adjuntas;1;EA
1057532-94-COT25;73101701;Servicios de producción de medicamentos o medicinas;7000 Citalopram 20 mg Comprimidos;7000;CMP
1057532-94-COT25;73101701;Servicios de producción de medicamentos o medicinas;20 Flufenazina Decanoato 250 mg/10 ml Solución Inyectable;20;AMPF
1057532-102-COT25;44121618;Tijeras;20 TIJERA DE PAPEL;20;EA
1057532-102-COT25;14121503;Cartulina;10 BLOCK  DE CARTULINA DE 18 COLORES.;10;BLO
1057532-102-COT25;31201512;Cinta Transparente;100 CINTAS SCOTCH;100;EA
1057532-102-COT25;60121109;Blocs de dibujo;10 BLOCK PAPEL MEDIANO 20 HOJAS.;10;BLO
1057532-102-COT25;60121523;Bolígrafos permanentes;5 SET/PACK DE PLUMONES;5;PACK
1057532-102-COT25;44121707;Lápices de colores;15 SET/PACK  DE LAPICES SCRIPTOS 12 COLORES,;15;PACK
1057532-102-COT25;60123001;Figuras de goma Eva;20  STT/PACK DE GOMA EVA 10 CPLORES, MEDIDA 20X30;20;PACK
1057532-102-COT25;82121903;Encuadernación con cola fría o pegamento;20 UNIDADES DE PEGAMENTO COLA FRIA 225. GR.;20;EA
1057532-102-COT25;23131514;Piedras montadas;2 SET/PACK DE PIEDRAS DECORATIVA X 500 GRAMOS O 30 UNIDADES EN EL SET.;2;PACK
1057532-102-COT25;60121223;Pintura de acuarela líquida;10 CAJAS DE TEMPERA DE 12 COLORES.;10;BX
1057532-102-COT25;52151507;Bombillas o pajillas para beber;100 SET/PACK DE BOMBILLAS PLASTICAS PACK DE 100 UNIDADES C/U.;100;PACK
1057532-102-COT25;52151618;Paleta de madera para el horno de uso doméstico;20 PAQUETE DE PALOS DE HELADO DE COLORES PACK DE 50 UNIDADES C/U.;80;PK
1057532-102-COT25;60121236;Pinceles;20 PINCEL ESPATULADO N° 20;20;EA
1057532-102-COT25;53102512;pañuelos;10 CAJAS DE PAÑUELOS DESECHABLES X 90 HOJAS CADA CAJA.;10;BX
1057532-102-COT25;60124317;Masa de modelado;20 PACK DE MASAS PARA MOLDEAR 4 COLORES X 100 GRAMOS.;20;PACK
1057532-103-COT25;60124323;Moldes para dar forma a los compuestos de modelado;10 Molde de silicona para llaveros, segun EE.TT;10;EA
1057532-103-COT25;42291606;Cincel o gubia quirúrgico;2 Juego de Gubias Sakura para Xilografia, segun EE.TT;2;EA
1057532-103-COT25;23121614;Máquinas de coser;Maquina manual para hacer pulseras de macramé, segun EE.TT;2;EA
1077241-16-COT25;60104101;Modelos de cuerpo humano, partes u órganos;Adquisición modelo de colon con la anatomía del intestino grueso, el apéndice y recto, seccionado transversalmente para mostrar varias enfermedades y afecciones comunes como cáncer de colon, pólipos, entre otras características ver EETT. Adjuntar ficha técnica de lo ofertado para la evaluación, si no adjunta ficha no será evaluada la oferta.;1;EA
1057532-109-COT25;55101509;Libros de texto educativos o vocacionales;1 Test de Relaciones Objetales;1;EA
1057532-98-COT25;31201602;Pastas;10 Pasta para modelar Das 500 grs.;10;EA
1057532-98-COT25;46101504;Pistolas;2 Pistolas silicona 7mm/10 w;2;EA
1057532-98-COT25;60121109;Blocs de dibujo;10 Block de dibujo médium 99 Artel;10;EA
1057532-98-COT25;60124317;Masa de modelado;10 Porcelana en frío 250 grs. Artel;10;EA
1057532-98-COT25;31211906;Rodillos de pintar;2 Rodillo 15 cm goma blanda Speedball para xilografía;2;EA
1057532-98-COT25;44121902;Tinta china;6 Tinta speedball para xilografía soluble en agua color: 1 negro, 1 azul, 1 rojo, 1 amarillo, 1verde, 1 violeta.;6;EA
1057532-98-COT25;44121624;Tijeras;10 Tijeras multiuso foska   18 cm mango de goma;10;EA
1057532-98-COT25;60121221;Pintura de acuarela de platillo;5 Set acuarela Giotto 36 colores 30 mm;5;EA
1057532-98-COT25;60121108;Croqueras;10 Block acuarela 21 X 29;10;EA
1057532-98-COT25;44121709;Lápices de cera;3 Set lápices pastel 36 colores;3;KIT
1057532-98-COT25;44121708;Marcadores;1 Set lápices sharpie 30 colores;1;EA
1057532-98-COT25;31211508;Pinturas acrílicas;3 Set de acrílicos 24 colores;3;EA
1057532-98-COT25;31211508;Pinturas acrílicas;3 Set pintura óleo 20 pcs;3;EA
1057532-98-COT25;53141626;Bastidores de bordado;10 Bastidor tela 30x30 cm;10;EA
1057532-112-COT25;73101701;Servicios de producción de medicamentos o medicinas;7000 Citalopram 20 mg Comprimidos;7000;CMP
1057532-111-COT25;73101701;Servicios de producción de medicamentos o medicinas;20 Flufenazina Decanoato 250 mg/10 ml Solución Inyectable;20;AMPF
1057532-107-COT25;60141102;Juegos de mesa;1 Adivina quién?;1;EA
1057532-107-COT25;60141102;Juegos de mesa;1 Secuencia de 6 tiempos;1;EA
1057532-107-COT25;60141102;Juegos de mesa;1 BASTA;1;EA
1057532-107-COT25;60141102;Juegos de mesa;1 Finger game;1;EA
1057532-107-COT25;60141102;Juegos de mesa;1 Juego De Madera Encaje Y Motricidad Fina Montessori Terapia;1;EA
1057532-107-COT25;60141102;Juegos de mesa;1 Juego Stack It Peg Con Mesa, Terapia Ocupacional;1;EA
1057532-108-COT25;60141102;Juegos de mesa;1 Construyendo vinculos;1;EA
1057532-108-COT25;60141102;Juegos de mesa;Preguntosos;1;EA
1057532-108-COT25;60141102;Juegos de mesa;1 Yo y mis relaciones sociales;1;EA
1057532-108-COT25;60141102;Juegos de mesa;1 Conoces a tu familia;1;EA
1057532-108-COT25;60141102;Juegos de mesa;1 Los niños que fuimos;1;EA
1057532-108-COT25;60141102;Juegos de mesa;1 Hablemos jugando en familia;1;EA
1057532-108-COT25;60141102;Juegos de mesa;1 La siembra;1;EA
1057532-118-COT25;78111808;Arriendo de vehículos;Servicio de acuerdo a bases de compra ágil. Debe completar e ingresar los formulario junto a la documentación de respaldo de forma obligatoria de lo contrario la oferta será declarada inadmisible técnicamente. Adicionalmente debe indicar el plazo de entrega de los vehiculos en dias corridos.;2;EA
1057532-100-COT25;46161508;Delimitadores o conos de tráfico;"Conos de Seguridad 28"" / Según Especificaciones Adjuntas";4;EA
1057532-100-COT25;46161508;Delimitadores o conos de tráfico;Barras Conectoras para Conos de Seguridad / Según Especificaciones Adjuntas;4;EA
1057532-100-COT25;55121704;Señales de seguridad;Señalética Tipo Paloma / Según Especificaciones Adjuntas;2;EA
1057532-100-COT25;55121705;Señales autoadhesivas;Señaléticas Autoadhesivas de Riesgo Eléctrico / Según Especificaciones Adjuntas;4;EA
1057532-106-COT25;80111504;Formación, capacitación y entrenamiento de personal;5 CUPOS PARA CURSO ULTRASONIDO EN EMERGENCIAS Y CUIDADOS CRITICOS , DE ACUERDO A ESPECIFICACIONES OBLIGATORIAS ADJUNTAS.;1;EA
1057532-113-COT25;10161707;Arreglo de flores cortadas;2 arreglos floral de pedestal, con flores de la estación, naturales, lilium y/o claveles, de color rosado, lila, amarillo y otros disponibles;2;EA
1057532-110-COT25;42212203;Pastillero para recordar las píldoras para discapacitados físicos;Pastilleros 2 tomas de plástico, adjuntar ficha técnica para la evaluación.;20;EA
1057532-110-COT25;42212203;Pastillero para recordar las píldoras para discapacitados físicos;Pastilleros 3 tomas de plástico, adjuntar ficha técnica para la evaluación.;20;EA
1057532-110-COT25;85121810;Test de detección de drogas o alcohol;Test multidrogas en orina para Detección de 6 drogas (cocaína, marihuana, metanfetamina, benzodiacepina, opiáceos, y anfetaminas) caja de 25 unidades. Dispositivo Individual, desechable para muestra orina humana. De acuerdo a EETT adjuntas, Res. Exenta  N°172 ISP. certificación ISO 13485:2016 de Sistemas de gestión de calidad de dispositivos médicos. Adjuntar ficha técnica para la evaluación y la Certificación ISO 13485:2016.  Si no adjunta lo solicitado no se evaluara;2;BX
1057532-34-COT25;30171514;Cierres de puertas;-Reparación sistema de manilla suelta en puerta de PVC con sistema multipunto acceso a SOME COSAM Oriente.  -Según Especificaciones Técnicas Adjuntas.  -Se requiere una visita a terreno de carácter no obligatoria, para el día Jueves 30 de Enero de 2025 a las 15:00 hrs en COSAM ORIENTE, ubicado en Juan de Dios Ángulo #399, Osorno, X región de Los Lagos. La visita estará a cargo del Jefe de Operaciones del COSAM ORIENTE.;1;EA
1057532-114-COT25;30131704;Azulejos o baldosas de cerámica;50 Azulejos para mosaicos variedad de colores de 15 x15 3 mm, Segun EETT;50;EA
1057532-114-COT25;27113201;Conjuntos generales de herramientas;1 Kit para mosaico cortador, alicate, tenaza, limas, Segun EETT;1;EA
1057532-114-COT25;13111037;Resina compuesta;10 Resina + catalizador, Segun EETT;10;KIT
1057532-117-COT25;42271707;Sensores o reguladores de caudal, o componentes;Regulador de oxígeno medicinal conexión yugo CGA 870. Salida DISS. Capacidad máxima de 15 LPM. Para uso en cilindros 0,4 m3  Pin Index. Código de referencia: RL-243. Según Especificaciones Técnicas Adjuntas.;16;EA
1057532-116-COT25;42271503;Monitores de dióxido de carbono al final de la espiración (ETCO2) o suministros;Línea de muestra Invasiva Adulto/Pediátrico (capnografía).  Línea de muestreo intubada y adaptador vías respiratorias. Código de referencia: ZOLAC8300-0521-01. Compatible con equipo: Zoll X Serie. Según Especificaciones Técnicas Adjuntas;25;EA
1057532-115-COT25;42181606;Mangas de inflación de presión sanguínea o mangas neumáticas o adaptadores;Mangueras y brazaletes PANI una y dos vías, con conexión rápida. Según Especificaciones Técnicas adjuntas.;53;EA
1057532-121-COT25;44103105;Cartuchos de tinta;9 TINTA COLOR XL CANON E 471, segun EETT;9;EA
1057532-121-COT25;44103105;Cartuchos de tinta;9 TINTA BLANCO Y NEGRO  XL CANON E 471, segun EE.TT;9;EA
1057532-120-COT25;44101602;Máquina encuadernadora;1 ANILLADORA DE PAPEL;1;EA
1057532-120-COT25;44101601;Máquinas para cortar papel o accesorios;1 GUILLOTINA CORTA PAPEL A4 TAMAÑO CARTA 25X30 CM;1;EA
1057532-122-COT25;50201713;Bolsitas de te;1 CAJA DE TE X 100 BOLSITAS.;1;BX
1057532-122-COT25;50161509;Productos de edulcorantes o azúcares naturales;1 KILO DE AZUCAR.;1;KGM
1057532-122-COT25;50161509;Productos de edulcorantes o azúcares naturales;1 FRASCO DE ENDULSANTES DE 400 ML,;1;VI
1057532-122-COT25;50202310;Agua mineral;5 UNIDADES DE AGUAS SABORIZADA DIFERENTES SABORES.;5;EA
1057532-122-COT25;50192303;Postres, helados o yogurt congelado;45 UNIDADES DE YOGOURT BATIDO X 120 GRAMOS;45;EA
1057532-122-COT25;50101634;Fruta fresca;80 PLATANOS.;80;EA
1057532-122-COT25;50101634;Fruta fresca;80 MANZANAS.;80;EA
1057532-122-COT25;50181905;Galletas dulces o pastelitos;10 PAQUETES DE GALLETAS DULCES Y SALADAS. ENTRE 120 A 140 GRAMOS.;10;PK
1057532-122-COT25;50192501;Sandwiches y canapés con relleno frescos;50 UNIDADES DE SANDWICH DE TOMATE - QUESO FRESCO - PEPINILLO ( HALLULLA CON SERVILLETA ENVUELTO EN ALUSA );50;EA
1057532-122-COT25;50192501;Sandwiches y canapés con relleno frescos;50 SANDWICH DE QUESO FRSCO- RUCULA ( HALLULLA CON SERVILLETA ENVUELTO EN ALUSA );50;EA
1057532-122-COT25;50201706;Café;1 TARRO DE CAFE DE 400 GRAMOS;1;JR
1057532-122-COT25;50131701;Leche o productos de mantequilla;5 LITROS DE LECHE CAJAS DE 1.000. ML.;5;LTR
1057532-122-COT25;50192501;Sandwiches y canapés con relleno frescos;110 SANDWICH DE JAMON QUESO ( HALLULLA CON SERVILLETA ENVUELTO EN ALUSA );110;EA
1057532-122-COT25;50192501;Sandwiches y canapés con relleno frescos;50 SANDWICH DE AVE MAYO ( HALLULLA CON SERVILLETA ENVUELTO EN ALUSA );50;EA
1057532-119-COT25;78111808;Arriendo de vehículos;Servicio de acuerdo a bases de compra ágil. Debe completar e ingresar los formulario junto a la documentación de respaldo de forma obligatoria de lo contrario la oferta será declarada inadmisible técnicamente. Adicionalmente debe indicar el plazo de entrega de los vehiculos en dias corridos.;2;EA
1057532-86-COT25;47131828;Productos de limpieza para automóviles;AROMATIZANTE PARA AUTO AUTOSPORT 14 ML;60;EA
1057532-86-COT25;47131816;Desodorantes;DESODORANTE AMBIENTAL ELECTRICO (REPUESTO);4;EA
1057532-86-COT25;47131828;Productos de limpieza para automóviles;SILICONA VEHICULOS SPRAY LAVANDA X 420 CC;60;EA
1057532-86-COT25;47131828;Productos de limpieza para automóviles;SHAMPOO  DE AUTOMOVIL // LITRO;48;EA
1057532-86-COT25;47131806;Barniz o ceras de muebles;LUSTRA MUEBLE 250 CC;24;EA
1077241-17-COT25;60121905;Lienzos estampables;"ADQUISICION DE 1 LIENZO PARA PROMOCION "" DIA MUNDIAL DE LA LUCHA CONTRA EL CANCER""";1;EA
1057532-123-COT25;82101502;Publicidad en carteles;Servicio de Provisión y Montaje de Gigantografia / Según Especificaciones adjuntas.;1;EA
1077241-19-COT25;82101507;Folletos y catálogos publicitarios, servicios de publicidad y distribución;FOLLETERIA ( SE ADJUNTA ARCHIVO );2000;EA
1077241-19-COT25;82101507;Folletos y catálogos publicitarios, servicios de publicidad y distribución;1500 FOLLETERIA  ( SE ADJUNTA ARCHIVO );1500;EA
1077241-19-COT25;82101507;Folletos y catálogos publicitarios, servicios de publicidad y distribución;200 POSTERS   ( SE ADJUNTA ARCHIVO );200;EA
1077241-19-COT25;82101507;Folletos y catálogos publicitarios, servicios de publicidad y distribución;2000 VOLANTES  ( SE ADJUNTA ARCHIVO );2000;EA
1077241-18-COT25;82101507;Folletos y catálogos publicitarios, servicios de publicidad y distribución;500 BOLIGRAFOS ( VER ARCHIVO ADJUNTO);500;EA
1077241-18-COT25;82101507;Folletos y catálogos publicitarios, servicios de publicidad y distribución;1000 CHAPAS METALICAS  ( VER ARCHIVO ADJUNTO);1000;EA
1077241-18-COT25;82101507;Folletos y catálogos publicitarios, servicios de publicidad y distribución;200 GLOBOS PERSONALIZADOS.  ( VER ARCHIVO ADJUNTO);200;EA
1077241-18-COT25;82101507;Folletos y catálogos publicitarios, servicios de publicidad y distribución;50 LANYARD  ( VER ARCHIVO ADJUNTO);50;EA
1077241-20-COT25;82101507;Folletos y catálogos publicitarios, servicios de publicidad y distribución;500 PASTILLEROS ( VER ARCHIVO ADJUNTO );500;EA
1077241-20-COT25;82101507;Folletos y catálogos publicitarios, servicios de publicidad y distribución;500 LLAVERO LINTERNA CLASICO ( VER ARCHIVO ADJUNTO );500;EA
1077241-20-COT25;82101507;Folletos y catálogos publicitarios, servicios de publicidad y distribución;50 PINES ( VER ARCHIVO ADJUNTO );50;EA
1057532-126-COT25;90121503;Servicio de fletes;Mudanzas, desde la ciudad de Osorno hacia Santiago, el traslado debe efectuarse el día 12-03-2025. Dirección Actual: ZENTENO N° 2707, D-41, Osorno. Dirección de destino: Alcalde Jorge Monckeberg N° 35, departamento 2204 – Piso 22, Ñuñoa, Santiago.;1;EA
1057532-125-COT25;43201402;Tarjetas de módulo de memoria;1 Memoria micro SDXC, capacidad de 512GB, referencia;1;EA
1057532-64-COT25;60141006;Juguetes didácticos;Masas tipo Theraputty pack 6 unid. / Según Detalle adjunto.;1;KIT
1057532-64-COT25;60141006;Juguetes didácticos;Masa para modelar dido 220 gr / Según Detalle adjunto.;4;EA
1057532-64-COT25;60141006;Juguetes didácticos;Set De 6 Huellas De Manos Y Pies. / Según Detalle adjunto.;1;KIT
1057532-64-COT25;60141006;Juguetes didácticos;Frutas para porcionar madera. 17 piezas + bandeja de madrera de 13 x 13 x 8,5 cm aprox.  / Según Detalle adjunto.;1;KIT
1057532-64-COT25;60141006;Juguetes didácticos;Arena Mágica 2 Kilos.  / Según Detalle adjunto.;1;POTE
1057532-64-COT25;60141006;Juguetes didácticos;1 tablero con ruleta + 120 tarjetas / Según Detalle adjunto.;1;EA
1057532-64-COT25;60141006;Juguetes didácticos;Memory ta´ctil con diferentes texturas. Contiene ima´genes reales de paisajes y objetos. / Según Detalle adjunto.;1;EA
1057532-63-COT25;44121707;Lápices de colores;LAPICES DE 12 COLORES / SEGUN DETALLE ADJUNTO;4;BX
1057532-63-COT25;44102001;Lámina para plastificar;HOJAS PARA PLASTIFICAR TAMAÑO CARTA 125 MIC (CAJA DE 100 UNID.);3;BX
1057532-63-COT25;44121704;Lápiz pasta;LAPICES DE PASTA AZUL PUNTA FINA CAJA DE 50 UNID / SEGUN DETALLE ADJUNTO;1;BX
1057532-63-COT25;14121503;Cartulina;Opalina blanca carta de 250 gramos (Caja de 100 unidades);6;BX
1057532-62-COT25;49121509;Cocinilla de camping;COCINILLA DE CAMPING 2 PLATOS / SEGUN ESPECIFICACIONES ADJUNTAS;1;EA
1057532-128-COT25;51141617;Bromhidrato de citalopram;Citalopram 20 mg en comprimidos;3000;CMP
1057532-127-COT25;43201803;Discos duros;"20 Disco SSD SATA 2.5"" SATA Rev 3.0 512 GB";20;EA
1057532-82-COT25;80111504;Formación, capacitación y entrenamiento de personal;SERVICIO DOCENCIA: 8 CUPOS CURSO PHTLS, PREHOSPITAL TRAUMA LIFE SUPPORT, DE ACUERDO A ESPECIFICACIONES ADJUNTAS.;1;EA
1057922-26-COT25;42192207;Camillas de paciente o accesorios de camilla;-CAMILLA EXAMEN ALTURA REGULABLE -SEGUN ESPECIFICACIONES TÉCNICAS ADJUNTAS.;1;EA
1057532-129-COT25;50201706;Café;1 TARRO DE CAFE DESCAFEINADO X 70 GRAMOS.;1;JR
1057532-129-COT25;50201713;Bolsitas de te;1 CAJA DE TE X 100 BOLSITAS.;1;BX
1057532-129-COT25;50161509;Productos de edulcorantes o azúcares naturales;1 ENDULZANTE LIQUIDO. CERO K X 350 ML LIQUIDO STEVIA.;1;EA
1057532-129-COT25;50181905;Galletas dulces o pastelitos;20 PAQUETES DE GALLETAS DULCES ( VARIEDAD DE SABORES NIK / TRITON  /FRAC / VINO);20;PK
1057532-129-COT25;41123402;Cucharas de dosificación;200 REVOLVEDORES DE MADERA.;200;EA
1057532-129-COT25;50181909;Galletas saladas;20 PAQUETES DE GALLETAS SALADAS ( CRACKELET9;20;PK
1057532-129-COT25;50201710;Té de hierbas;1 CAJA DE TE DE HIERBA SURTIDA X  50 BOLSITAS;1;BX
1077241-21-COT25;14121904;Papel offset;300 UNIDADES DE PAPEL OPALINA LISA 200 GRAMOS TAMAÑO CARTA / COLOR BLANCO.;300;EA
1057532-134-COT25;11121610;Maderas duras;"6 POLINES IMPREGNADO 3"" - 4""X2,44 M";6;EA
1057532-134-COT25;11121610;Maderas duras;"8 POLINES 2-3"" X 2,4 MTS.";8;EA
1057532-134-COT25;31162005;Clavos para tejados;"1 BOLSA DE CLAVOS ( 4"" POR 2,5 KILOS.)";1;BG
1057532-134-COT25;31201617;Cementos disolventes;2 BOLSAS DE HORMIGON PREPARADO.;2;BG
1057532-131-COT25;43202005;Dispositivos de almacenamiento de memoria flash;30 pendrives 16gb, todos mismo color, marca y diseño.;30;EA
1077241-22-COT25;82101507;Folletos y catálogos publicitarios, servicios de publicidad y distribución;ADQUISICION DE 7.000 STICKERS CON LOGO PERSONALIZADO. ( VER ARCHIVO ADJUNTO);7000;EA
1057922-24-COT25;42181801;Unidades de oxímetros de pulso;Oxímetro de Pulso Según Especificaciones Adjuntas;1;EA
1057922-25-COT25;41111509;Básculas de suelo o plataforma;Balanza con Plataforma Según Especificaciones adjuntas;1;EA
1057922-27-COT25;40101815;Calentadores de inmersión;-COMPRESERO 40 Lts. -SEGÚN ESPECIFICACIONES TÉCNICAS ADJUNTA.;1;EA
1057532-135-COT25;72102802;Restauración de edificios, casas, señales o monumentos;1 SERVICIO: MANTENIMIENTO Y LIMPIEZA LETRERO COSAM ORIENTE, segun especificaciones técnicas adjuntas;1;EA
1057922-22-COT25;42182007;Lámparas o bombillas de scopio de examen médico;Lampara de Examen Según Especificaciones Adjuntas;1;EA
1057922-21-COT25;52141501;Refrigeradores domésticos;Refrigerador Mediano Según Especificaciones Adjuntas;1;EA
1057922-21-COT25;52141601;Lavadoras domésticas;Lavadora + Secadora Según Especificaciones Adjuntas;1;EA
1057922-21-COT25;52141509;Refrigeradores y congeladores domésticos combinados;Freezer Según Especificaciones Adjuntas;1;EA
1057922-21-COT25;52141501;Refrigeradores domésticos;Refrigerador 120L Según Especificaciones Adjuntas;1;EA
1057922-21-COT25;52141523;Hervidores y teteras;Hervidor Según Especificaciones Adjuntas;1;EA
1057922-21-COT25;52141502;Hornos microondas domésticos;Microondas Según Especificaciones Adjuntas;1;EA
1057922-18-COT25;52161505;Televisores convencionales, de plasma y LCD;Televisor con Soporte a Muro Según Especificaciones Adjuntas.;1;EA
1057922-17-COT25;52161510;Equipo de música;Equipo de Música Según Especificaciones Adjuntas;1;EA
1057532-124-COT25;47131828;Productos de limpieza para automóviles;SILICONA VEHICULOS SPRAY LAVANDA X 420 CC;60;EA
1057532-124-COT25;47131828;Productos de limpieza para automóviles;AROMATIZANTE PARA AUTO AUTOSPORT 14 ML;60;EA
1057532-124-COT25;47131828;Productos de limpieza para automóviles;SHAMPOO DE AUTOMOVIL // LITRO;48;EA
1057532-124-COT25;47131816;Desodorantes;DESODORANTE AMBIENTAL ELECTRICO (REPUESTO);6;EA
1057532-124-COT25;47131806;Barniz o ceras de muebles;LUSTRA MUEBLE 250 CC;24;EA
1057532-124-COT25;47131602;Paños de limpieza absorbente;PAÑO MICROFIBRA ROJO, VERDE , AMARILLO/ 150 UNIDADES POR CADA CALOR;450;EA
1057532-124-COT25;47121806;Escurridor de trapero;TRAPERO MICROFIBRA 50X70 UNITARIO C/ OJAL;150;EA
1057532-124-COT25;47121806;Escurridor de trapero;REPUESTO PORTA MOPA PARA CARRO ESTRUJADOR;24;EA
1057532-124-COT25;47131829;Productos de limpieza del baño;PASTILLA WC AZUL 48 GRS UNIDAD (Refencia Lysoform) la unidad rinde 1200 descargas de inodoro.;450;EA
1057532-139-COT25;90101501;Restaurantes;Restaurant, almuerzos para el día jueves 20 de marzo,  horario entre 13:00 a 15:30 hrs.  Especificación:  •	Lugar:  céntrico de Osorno, distancia max. 1 km. del servicio •	Cantidad: 26  almuerzo aprox. •	Considerar mesas segun total de personas (26) (autoridades) y (equipo asesor). •	Debe considerar menu ejecutivo, diferentes opciones como carnes, pescado, y plato vegeteriano. Adjuntar Cotizacion detallada de su oferta (Menu Ejecutivo);26;EA
1057532-130-COT25;26111722;Adaptador de batería o accesorios;1 Adaptador de batería o accesorios, compatible con dron DJI Air 3, según especificaciones técnicas;1;EA
1057532-144-COT25;31162504;Soportes para accesorios de alumbrado;20.000 Unidades Amarras Plásticas 250mm x 4.8mm. Color Blanco o Negro // No Rojo;20000;EA
1057532-145-COT25;90101701;Gestión de cafetería;Servicio de cafetería a realizarse en el auditorio del Hospital Base Osorno (70 raciones mañana y 70 raciones en la tarde, total, 140 raciones por 1 día:  coffe de mañana: 09:30 hrs// coffe de tarde: 15:30 hrs;140;EA
1057532-143-COT25;90101701;Gestión de cafetería;SERVICIO DE CAFETERIA PARA 400 PERSONAS, PARA EL DIA 28 DE MARZO EN EL AUDITORIO DE LA UNIVERSIDAD SAN SEBASTIAN, PTO MONTT, Se Adjuntan Especificacion Tecnicas para el servicio de cafeteria, el cual debe ser firmado por proveedor, esto se considerara que acepta condiciones solicitadas.;400;EA
1057532-152-COT25;90101701;Gestión de cafetería;Se requiere contratar servicio de cafetería para el día 28 de Marzo 2025, para 40 personas, servicio debe ser entregado en horario de 10:30 hrs. lugar será coordinado previamente. además debe adjuntar resolución sanitaria que este con autorización de preparación y distribución de alimentos y adjuntar patente.;40;EA
1057532-142-COT25;43232604;Software de diseño asistido por computador (CAD);Licencias de software Archicad 28 con suscripción a 12 meses en modalidad de pago a 12 meses, de acuerdo a los Términos de Referencia adjunta.;5;EA
1057532-141-COT25;43232604;Software de diseño asistido por computador (CAD);Licencias con suscripción de 12 meses para software AutoCad LT 2025, para la creación de dibujos en 2D, en modalidad de pago a 12 meses, de acuerdo a Términos de Referencia adjuntos.;28;EA
1057532-141-COT25;43232604;Software de diseño asistido por computador (CAD);Licencia con suscripción de 12 meses para software AutoCad 2025 Full para la creación de dibujos en 2D y 3D, en modalidad de pago a 12 meses, de acuerdo a Términos de Referencia adjuntos.;1;EA
1057532-147-COT25;90101701;Gestión de cafetería;El servicio de cafeteria debe ser entregado en jornada AM, 10:30 hrs. el dia 28 de Marzo 2025, en el auditorio INACAP y se debe cumplir con el siguiente detalle de alimentos. Jornada AM -	40 Café con leche para cortar -	40 Jugos -	80 Mini Sandwich variedad de pastas. (2pp) -	80 porciones de repostería (2 pp) -	40 brochetas de fruta;40;EA
1057532-136-COT25;10171502;Hormonas para plantas;2 Enraizante en polvo, 50 grs.;2;EA
1057532-136-COT25;10171502;Hormonas para plantas;2 Molusquicida para jardines y huerto, 250 grs.;2;EA
1057532-136-COT25;10171502;Hormonas para plantas;2 Fertilizante para hortalizas, 1 kg.;2;EA
1057532-136-COT25;56101606;Maceteros;20 Macetas de yeso para pintar, de formas variadas;20;EA
1057532-136-COT25;46151708;Lupas forenses;2  Lupa para insectos. Con aumento de 4.5x. Lente acrílico con pre-enfoque.;2;EA
1057532-136-COT25;41122808;Bandejas de uso general;10 Almaciguera. 72 cavidades.;10;EA
1057532-137-COT25;31261501;Cubiertas y cajas de plástico;10 Caja organizadora 6 lts. Transparente y plástica. 32x21x14 cms.;10;EA
1057532-137-COT25;31261501;Cubiertas y cajas de plástico;10 Caja organizadora 15 lts. Transparente y plástica. 42x32x16 cms.;10;EA
1057532-137-COT25;30131704;Azulejos o baldosas de cerámica;210 Azulejos 15x15 cms 10 Azulejos  rojo,  10 Azulejos  verde oscuro,  10 Azulejos  verde claro,  10 Azulejos  azul,  10 Azulejos  celeste,  10 Azulejos  amarillo,  15 Azulejos  naranjo,  10 Azulejos  café,  10 Azulejos  rosado,  10 Azulejos  fucsia,  10 Azulejos  morado,  10 Azulejos  negro,  15 Azulejos  blanco,  10 Azulejos  beige,  10 Azulejos  verdeagua,  10 Azulejos  lila,  10 Azulejos  mostaza,  10 Azulejos  gris,  10 Azulejos  coral,  10 Azulejos  turquesa,;210;EA
1057532-137-COT25;27112104;Tenazas;8 Tenaza cortadora de azulejos con resorte, para técnica de mosaico.;8;EA
1057532-137-COT25;31201601;Adhesivos químicos;3 Fragüe impermeable, color gris, 5 kg.;3;EA
1057532-137-COT25;31201602;Pastas;1 Pasta muro exterior, 1 galón de 25 kg.;1;EA
1057532-137-COT25;23101510;Pulidoras;1 Piedra pulidora de azulejos, 400/1000 grano. Para técnica de mosaico.;1;EA
1057532-137-COT25;31211707;Barnices;2 Barniz al agua, alto brillo, galón 1/4;2;EA
1057532-137-COT25;72102508;Restauración de albañilería, mampostería o azulejos;2 Barniz al agua, alto brillo, galón 1/4;2;EA
1057532-148-COT25;26111722;Adaptador de batería o accesorios;1 Adaptador de batería o accesorios, compatible con dron DJI Air 3, según especificaciones técnicas;1;EA
1057532-138-COT25;80111504;Formación, capacitación y entrenamiento de personal;CUPOS CURSO PHTLS, PREHOSPITAL TRAUMA LIFE SUPPORT, DE ACUERDO A LAS ESPECIFICACIONES DE CURSO ADJUNTAS.;8;EA
1057532-156-COT25;73152101;Servicio de mantenimiento de equipo de fabricación;1 SERVICIO MANTENCION CORRECTIVA:   •	Provisión e Instalación de fuelle de goma original de lavadora de 13 kg,  •	LG GIANT-C modelo FH069FDF. •	ubicada en CT PEULLA Residencial, dirección García Hurtado de Mendoza 945, Osorno. •	Realizar pruebas de funcionamiento. Realizar limpieza de equipo una vez finalizado el trabajo.  •	Plazo de entrega 6 días hábiles  •	Garantía técnica 1 mes.;1;EA
1057532-151-COT25;78121601;Servicios de flete;Mudanzas, desde la ciudad de Osorno hacia Santiago, el traslado debe efectuarse el día 01-04-2025. Dirección Actual: Parcela 8, Condominio Las Vertientes, Las Quemas, Osorno. Dirección de destino: Avenida Los Leones 2605 depto 1105 B, Providencia, Santiago. Proveedor debe respetar fecha de la solicitud, además de rellenar y firmar anexo adjunto. respetando cada una de las especificaciones técnicas solicitadas.;1;EA
1057532-150-COT25;90101701;Gestión de cafetería;Servicio de cafetería para 60 personas, actividad a realizar el día 02 de Abril 2025, el lugar a realizar es Auditorio Hospital Base San José Osorno, horario de entrega del servicio 16:00 hrs. PM, proveedor debe considerar adjunto con especificaciones técnicas, debe firmar aceptando todo lo solicitado. además de adjuntar Resolución Sanitaria.;60;EA
1057532-146-COT25;90101701;Gestión de cafetería;Servicio de cafetria para 30 personas, actividad a realizar el dia 31 de Marzo 2025, el lugar a realizar es Auditorio Hospital Base San José Osorno, horario de entrega del servicio 11:00 hrs.  proveedor debe considerar adjunto con especificaciones tecnicas, debe firmar aceptando todo lo solictado. ademas de adjuntar Resolucion Sanitaria.;30;EA
1057532-154-COT25;60141112;Libros de juegos;1 LIBRO MAGNETICO TANGRAMA ( LIBRO CON DIFERENTES FORMAS MAS TANGRAMA MAGNETICA);1;EA
1057532-154-COT25;60102711;Rompecabezas;1 ROMPECABEZAS DE 300 UNIDADES.;1;EA
1057532-154-COT25;60102711;Rompecabezas;1 ROMPECABEZAS DE 200 PIEZAS.;1;EA
1057532-155-COT25;31201528;Cinta de montaje;10 CINTAS ENMASCARAR 48MMX40 MTS.;10;EA
1057532-155-COT25;31201528;Cinta de montaje;10 CINTAS ENMASCARAR 24MMX 40 METROS;10;EA
1057532-155-COT25;31261501;Cubiertas y cajas de plástico;3 CAJAS  ORGANIZADORA CON DIVISION, 9 PULGADAS CON SEPARADORES CAMBIABLES 38X23X4,5 CMS;3;BX
1057532-158-COT25;31211508;Pinturas acrílicas;125 PINTURAS ACRILICAS DE 250 ML C/U DE 5 UNIDADES POR COLORES ( 25 TIPOS DE COLORES) SE ADJUNTA LISTADO.;125;EA
1057532-157-COT25;44121708;Marcadores;10 MARCADORES ACRILICOS SET DE 12 COLORES C/U. PUNTA DE 1 MM.;10;EA
1057532-157-COT25;44121618;Tijeras;10 TIJERAS 7,5 PULGADAS.;10;EA
1057532-157-COT25;44121618;Tijeras;10 TIJERAS DE OFICINA DE 21 CM, MANGO PLASTICO.;10;EA
1057532-157-COT25;60121236;Pinceles;10 PINCELES ANGLE SHDER , PELO SINTETICO APTO PARA OLEO, ACRILICO Y ACUARELA N°14.;10;EA
1057532-157-COT25;60121236;Pinceles;10 PINCEL FILBERT ( LENGUA DE GATO) PELO SINTETICO APTO PARA OLEO ACRILICO Y ACUARELA N°6;10;EA
1057532-157-COT25;60121236;Pinceles;10 PINCEL LINER PELO SINTETICO APTO PARA OLEO ACRILICO Y ACUARELA N° 10/0;10;EA
1057532-157-COT25;60121236;Pinceles;10 PINCEL FLAT ( PLATO) PELO SINTETICO APTO PARA OLEO ACRILICO Y ACUARELA N° 10;10;EA
1057532-157-COT25;60121236;Pinceles;10 PINCEL FLAT ( PLANO) PELO SINTETICO APTO PARA OLEO ACRILICO Y ACUARELA, N°2;10;EA
1057532-157-COT25;60121236;Pinceles;10 PINCEL REDONDO PELO SINTETICO APTO PARA OLEO ACRILICO Y ACUARELA N° 1;10;EA
1057532-157-COT25;60121109;Blocs de dibujo;15 BLOCK DE ACUARELA 24X34 CM, 300 GRAMOS 10 HOJAS;15;BLO
1057532-157-COT25;60121109;Blocs de dibujo;10 BLOCK MEDIUM N° 99-1/8. 20 HOJAS.;10;BLO
1057532-153-COT25;90101701;Gestión de cafetería;El servicio de cafeteria debe ser entregado en jornada AM, 10:30 hrs. el dia 28 de Marzo 2025, en el auditorio INACAP y se debe cumplir con el siguiente detalle de alimentos. Jornada AM - 40 Café con leche para cortar - 40 Jugos - 80 Mini Sandwich variedad de pastas. (2pp) - 80 porciones de repostería (2 pp) - 40 brochetas de fruta;40;EA
1057532-164-COT25;41123401;Vasos de dosificación;250 VASOS POLIPAPEL  DE 240 CC. X 50 UNIDADES CADA BOLSA.;250;EA
1057532-164-COT25;52151617;Cucharas de madera de uso doméstico;300 CUCHARAS DE MADERA CHICA BOLSA DE 100 UNIDADES.;300;EA
1057532-164-COT25;52151502;Platos desechables domésticos;30 PLATOS DESECHABLE DE 23 CM +-.;30;EA
1057532-168-COT25;90101701;Gestión de cafetería;Servicio de cafeteria para 556 raciones, en horarios AM, 10:30-11:00 hrs;556;EA
1057532-168-COT25;90101701;Gestión de cafetería;Servicio de cafeteria para 556 raciones, en horarios PM, 15:30-16:00 hrs;556;EA
1057922-19-COT25;41111508;Básculas de medición del peso corporal;Balanza Adulto con Tallímetro Según Especificaciones Adjuntas;3;EA
1057922-19-COT25;41111509;Básculas de suelo o plataforma;Balanza Lactante + Cartabón Según Especificaciones Adjuntas;3;EA
1057922-5-COT25;42192107;Sillas de examen clínico o accesorios;-02 Piso Clínicos  Según Especificaciones Técnicas Adjuntas.;2;EA
1057922-5-COT25;42204007;Paneles instalados de pared o techo o suelo de resguardo radiológico médico;-01 Biombo Según Especificaciones Técnicas Adjuntas.;1;EA
1057922-5-COT25;42191901;Armarios clínicos de cabecera o accesorios;-04 Escabel  Según Especificaciones Técnicas Adjuntas.;4;EA
1057922-5-COT25;56101532;Mobiliario;-01 Mesa Toma de Muestra Según Especificaciones Técnicas Adjuntas.;1;EA
1057922-5-COT25;42192210;Sillas de ruedas;-01 Silla de Rueda Adulto. Según Especificaciones Técnicas Adjuntas.;1;EA
1057922-5-COT25;42192210;Sillas de ruedas;-01 Silla de Rueda Pediátrica. Según Especificaciones Técnicas Adjuntas.;1;EA
1057922-5-COT25;42192210;Sillas de ruedas;-01 Silla de Rueda Obeso Según Especificaciones Técnicas Adjuntas.;1;EA
1057922-1-COT25;42271802;Nebulizadores o accesorios;- 01 Nebulizador  Según Especificaciones Técnicas Adjuntas.;1;EA
1057922-1-COT25;41102704;Equipo de difracción de rayos X;-03 Negatoscopio de 1 cara Según Especificaciones Técnicas Adjuntas.;3;EA
1057922-1-COT25;46151711;Reveladores de huellas de pies;-02 Podoscopio  Según Especificaciones Técnicas Adjuntas.;2;EA
1057532-161-COT25;11151704;Hilo acrílico;5 HILO ELASTICO DE SILICONA Y TRANSPARENTE PARA BISUTERIA 100 METROS 0,6 DE DIAMETRO.;5;EA
1057532-161-COT25;52131704;Ganchos para cortinas;5 GANCHO MOSQUETON PLATEADO CON ARGOLLA 12X6 MM SET DE 10 UNIDADES C/U.;5;EA
1057532-161-COT25;11151508;Fibras de lana;70 UNIDADES DE LANA REGULAR X 2 HEBRAS DE 100 GRAMOS C/U ( VER COLORES EN ARCHIVO ADJUNTO);70;EA
1057532-161-COT25;11151704;Hilo acrílico;69 HILO ENCERADO DE 100 GRAMOS C/U ( VER COLORES SEGUN ARCHIVO ADJUNTO );69;EA
1057532-165-COT25;52121602;Servilletas;2 PAQUETES DE SERVILLETAS DE PAPEL BOLSA X 100 UNIDADES C/U.;2;PK
1057532-165-COT25;50201706;Café;4 SACHET NESCAFE EN CAJA  DE 96 UNIDADES C/U.;4;BX
1057532-165-COT25;50201713;Bolsitas de te;2 CAJA DE TE DE 100 BOLSITA C/U.;2;BX
1057532-165-COT25;50201710;Té de hierbas;2 CAJAS DE TE DE HIERBAS DE 8 TIPO EN CAJITA DE 20 UNIDADES.;2;BX
1057532-165-COT25;50161509;Productos de edulcorantes o azúcares naturales;3 SACHET DE AZUCAR EN CAJA DE 100 UNIDADES.;3;BX
1057532-165-COT25;50161509;Productos de edulcorantes o azúcares naturales;3 SACHET DE STEVIA EN CAJA DE 100 UNIDADES.;3;BX
1057532-165-COT25;50161814;Dulces con azúcar o sustitutos;2 CAJAS DE BOMBONES BON O BOM EN CAJA DE 30 UNIDADES.;2;BX
1057532-165-COT25;50181905;Galletas dulces o pastelitos;10 PAQUETES DE GALLETAS TRITON SAVOR VAINILLA.;10;PK
1057532-165-COT25;50181905;Galletas dulces o pastelitos;10 PAQUETES DE GALLETAS GRETEL VARIADOS SABORES.;10;PK
1057532-165-COT25;50181905;Galletas dulces o pastelitos;10 PAQUETES DE GALLETAS DE MANTEQUILLAS LIMON,NIZA.;10;PK
1057532-165-COT25;50181909;Galletas saladas;10 PAQUETES DE GALLETAS SALADAS GRILL CLASICA X 140 GRAMOS.;10;PK
1057532-165-COT25;50161814;Dulces con azúcar o sustitutos;2  BOLSAS DE GOMITAS DE FRUGELE X 100 U/C.;2;BG
1057532-165-COT25;50192110;Nueces o frutos secos;4 BOLSAS DE FRUTOS SECOS POR KILO;4;BG
1057532-165-COT25;50202310;Agua mineral;2 BOTELLAS DE AGUA MINERAL GASIFICADA DE 1,5 LITROS.;2;BO
1057532-166-COT25;52152102;Vasos para beber domésticos;50 VASOS DE POLIPAPEL X 250 CC.;50;EA
1057532-166-COT25;52151704;Cucharas domésticas;100 CUCHARAS DESECHABLE PARA CAFE.;100;EA
1057532-166-COT25;50161509;Productos de edulcorantes o azúcares naturales;3 KILOS DE AZUCAR.;3;KGM
1057532-166-COT25;50202310;Agua mineral;5 LITROS DE AGUA MINERAL DE 1.000 CC C/U;5;LTR
1057532-166-COT25;50202310;Agua mineral;5 LITROS DE AGUA SABORIZADA DE 1.000 CC. C/U.;5;LTR
1057532-166-COT25;50131701;Leche o productos de mantequilla;2 LITROS DE LECHE SIN LACTOSA.;2;LTR
1057532-166-COT25;50181909;Galletas saladas;5 PAQUETES DE GALLETAS SALADAS DE 120 A 14 GRAMOS.;5;PK
1057532-166-COT25;14111703;Toallas de papel;1 ROLLO DE PAPEL X 100 METROS PREPICADO.;1;RO
1057532-166-COT25;50192501;Sandwiches y canapés con relleno frescos;30 SANDWICH TOMATE-QUESO FRESCO-PEPINILLO CON SERVILLETA Y ENVUELTO EN ALUSA ( PRODUCTOS FRESCOS);30;EA
1057532-166-COT25;50192501;Sandwiches y canapés con relleno frescos;15 SANDWICH QUESO JAMON ( CON SERVILLETA Y ENVUELTO EN ALUSA ( PRODUCTOS FRESCOS);15;EA
1057532-166-COT25;50101634;Fruta fresca;25 PLATANOS SIN MANCHAS.;25;EA
1057532-166-COT25;50101634;Fruta fresca;25 MANZANAS;25;EA
1057532-178-COT25;90101701;Gestión de cafetería;SERVICIO DE CAFETERIA,LUGAR AUDITORIO PROVINCIAL EDUCACIÓN, CALLE RAMIREZ #559, HORA DE SERVIR EL COFFE A LAS 9.30 TOTAL DE PARTICIPANTES 30 PERSONAS.  SE DEBE CONSIDERAR CAFÉ, TÉ, ENDULZANTE AZÚCAR, LECHE, MINI SÁNDWICH CON PASTA DE POLLO O LECHUGA CON QUESILLO Y UNA FRUTA POR PERSONA.;30;EA
1057532-173-COT25;42251608;Bandas para ejercicios de resistencia, masilla o tubos para rehabilitación o terapia;30 Banda elástica cualquier color, resistencia liviana o suave. Medidas aprox: 1500X150X0.35MM (Segun EET);30;EA
1057532-173-COT25;42142110;Botellas de agua terapéuticas de calentar o de enfriar;30 Botella contenedora de agua. Aprox 750cc. (Segun EET);30;EA
1057532-173-COT25;49201512;Cuerdas para saltar;30 Cuerda para saltar, 3m aprox de largo. (Segun EET);30;EA
1057532-169-COT25;90101701;Gestión de cafetería;Contar con servicio de cafetería para los días 7 y 8 de abril de 2025, horario AM,  11:30 a 11:50 hrs.;80;EA
1057532-169-COT25;90101701;Gestión de cafetería;Contar con servicio de cafetería para los días 7 y 8 de abril de 2025, horario PM, 16:30 a 16:45 hrs.;80;EA
1057532-172-COT25;52151617;Cucharas de madera de uso doméstico;100 CUCHARAS DESECHABLE;100;EA
1057532-172-COT25;50161814;Dulces con azúcar o sustitutos;3 KILOS DE AZUCAR.;3;KGM
1057532-172-COT25;50202310;Agua mineral;5 LITROS DE AGUA SABORIZADA X 1 LITRO C/U.;5;EA
1057532-172-COT25;14111703;Toallas de papel;1 ROLLO DE TOALLA DE PAPEL.;1;RO
1057532-172-COT25;50192501;Sandwiches y canapés con relleno frescos;50 SANDWICH TOMATE QUESO FRESCO- PEPINILLO ( HALLULLA CON SERVILLETA Y ENVUELTO EN ALUSA PRODUCTOS FRESCOS.;50;EA
1057532-172-COT25;50101634;Fruta fresca;40 MANZANAS SIN DAÑO EN SU EXTERIOR.;40;EA
1057532-172-COT25;52151504;Tazas o vasos desechables domésticos;100 VASOS DE POLI PAPEL X 250 CC.;100;EA
1057532-172-COT25;50201706;Café;1 TARRO DE CAFE X 400 GRAMOS.;1;JR
1057532-172-COT25;50202310;Agua mineral;5 AGUA MINERAL DE 1 LITRO C/U.;5;EA
1057532-172-COT25;50131701;Leche o productos de mantequilla;1 LITRO DE LECHE SIN LACTOSA.;1;LTR
1057532-172-COT25;50181909;Galletas saladas;5 PAQUETE DE GALLETAS SALADAS 120 A 140 GRAMOS.;5;PK
1057532-172-COT25;50192501;Sandwiches y canapés con relleno frescos;30 SANDWICH AVE MAYO ( HALLULLA CON SERVILLETA Y ENVUELTO EN ALUSA PRODUCTOS FRESCOS);30;EA
1057532-172-COT25;50101634;Fruta fresca;40 PLATANOS SIN DAÑO EN SU EXTERIOR.;40;EA
1057532-172-COT25;50181905;Galletas dulces o pastelitos;1 KUCHEN DE ARANDANO O FRAMBUESA PARA 30 PERSONAS C/U.;1;EA
1057532-171-COT25;90101701;Gestión de cafetería;Raciones para el dia 10.04.2025, en horarios de 10:30 a 11:00 horas aprox. lugar de la Actividad,. Auditorio del INACAP considerar adjunto.;100;EA
1057532-149-COT25;60105203;Materiales educativos de preparación para exámenes;Simulador de Examen Cervical y Prueba de Papanicolaou y VPH, debe cumplir con especificaciones adjuntas.;1;KIT
1057532-149-COT25;60105203;Materiales educativos de preparación para exámenes;SIMULADO EDUCATIVO DE AUTOEXAMEN DE MAMAS, debe cumplir con especificaciones adjuntas.;1;KIT
1057532-180-COT25;90101801;Comidas preparadas para llevar;El Desayuno de la mañana debe incluir: o Liquido caliente, 2 opciones: Leche descremada, te más endulzante (Stevia). Servido en una taza de loza de 200cc de capacidad, de color blanco, con agarradera para facilitar su consumo o Pan: molde integral o blanco 2 rebanadas + 1 agregado salado o dulce, según especificaciones de nutricionista encargada del servicio de alimentación.;440;EA
1057532-180-COT25;90101801;Comidas preparadas para llevar;Entrada: ensalada, de fácil deglución y digestibilidad apropiada para el grupo etario, para el servicio de almuerzo se requiere un régimen blando liviano hiposódico que debe estar constituido por una base proteica + agregado + postre + liquido. Según requerimiento de nutricionista. El requerimiento contempla un estimado de 40 almuerzos distribuidos en 2 grupos en diferentes horarios, de lunes a jueves. Para el día viernes se estima un requerimiento estimado de 20 almuerzos en jornada de mañana.;820;EA
1057532-175-COT25;50101634;Fruta fresca;25 PLATANOS SIN MANCHA.;25;EA
1057532-175-COT25;50101634;Fruta fresca;25 MANZANAS;25;EA
1057532-175-COT25;50192501;Sandwiches y canapés con relleno frescos;30 SANDWICH  TOMATE-QUESO FRESCO-PEPINILLOS ENVUELTO CON SERVILLETA Y ALUSA  ( PRODUCTOS FRESCO);30;EA
1057532-175-COT25;50192501;Sandwiches y canapés con relleno frescos;15 SANDWICH QUESO-JAMON ENVUELTO CON SERVILLETA Y ALUSA ( PRODUCTOS  FRESCO);15;EA
1057532-175-COT25;52151617;Cucharas de madera de uso doméstico;100 CUCHARAS DESECHABLE DE MADERA PARA CAFE.;100;EA
1057532-175-COT25;52151504;Tazas o vasos desechables domésticos;50 VASOS DESECHABLE DE POLI PAPEL X 250 CC.;50;EA
1057532-175-COT25;50161509;Productos de edulcorantes o azúcares naturales;3 KILOS DE AZUCAR.;3;KGM
1057532-175-COT25;50131701;Leche o productos de mantequilla;2 LITROS DE LECHE SIN LACTOSA.;2;LTR
1057532-175-COT25;50202310;Agua mineral;5 LITRO DE AGUA MINERAL DE 1.000 CC.;5;LTR
1057532-175-COT25;50202310;Agua mineral;5 LITROS DE AGUA SABORIZADA DE 1000 CC.;5;LTR
1057532-175-COT25;50181909;Galletas saladas;5 PAQUETE DE GALLETAS SALADAS DE 120 A 140 GRAMOS C/U.;5;PK
1057532-175-COT25;52121602;Servilletas;1 ROLLO DE TOALLA DE PAPEL  CON PREPICADO DE 100 METROS.;1;RO
1057532-160-COT25;12164502;Esencias o extractos;1 Set Flores de Bach 10 ml Pack Cartas y Caja Rauli  Contenido del Pack: Set Esencias Florales Bach Healing Herbs 10 ml (38 Stock Bottle y 2 Esencias Rescate) Folleto Descriptor Caja Portaesencias de Madera (Rauli) 1 Set Cartas Flores de Bach 1 Dosificador Brandy 3 unidades de Frascos Spray 30 ml 5 unidades de Frascos Azules Gotario de 30 ml;1;KIT
1057532-174-COT25;50161509;Productos de edulcorantes o azúcares naturales;3 KILO DE AZUCAR MORENA SE RECOMIENDA IANSA.;3;KGM
1057532-174-COT25;50192110;Nueces o frutos secos;5 KILOS DE FRUTOS SECOS Y DESHIDRATADOS SIN SAL NI SEMILLAS.;5;KGM
1057532-174-COT25;50201709;Café instantáneo;2 TARROS DE CAFE DE 400 GRAMOS SE RECOMIENDA NESCAFE.;2;JR
1057532-174-COT25;50161509;Productos de edulcorantes o azúcares naturales;3 BOTELLAS DE ENDULZANTE EN GOTAS SE RECOMIENDA  IANSA ENVASE GRANDE.;3;BO
1057532-174-COT25;50201706;Café;2 UNIDADES DE COFFE MATE DE 435 GRAMOS.;2;EA
1057532-174-COT25;52151504;Tazas o vasos desechables domésticos;300 UNIDADES DE VASO POLI PAPEL;300;EA
1057532-174-COT25;50201712;Bebidas de Té;2 CAJAS DE TE X 100 BOLSITAS C/U.;2;BX
1057532-174-COT25;50181905;Galletas dulces o pastelitos;20 PAQUETES DE GALLETAS SURTIDA.;20;PK
1057532-174-COT25;52151617;Cucharas de madera de uso doméstico;300 UNIDADES DE CUCHARAS DESECHABLE DE MADERA.;300;EA
1057532-174-COT25;52121602;Servilletas;3 PAQUETES DE SERVILLETAS DE 100 UNIDADES C/U.;3;PK
1057532-181-COT25;90101701;Gestión de cafetería;SERVICIO DE CAFETERIA,LUGAR AUDITORIO PROVINCIAL EDUCACIÓN, CALLE RAMIREZ #559, HORA DE SERVIR EL COFFE A LAS 9.30 TOTAL DE PARTICIPANTES 30 PERSONAS. SE DEBE CONSIDERAR CAFÉ, TÉ, ENDULZANTE AZÚCAR, LECHE, MINI SÁNDWICH CON PASTA DE POLLO O LECHUGA CON QUESILLO Y UNA FRUTA POR PERSONA.;30;EA
1057532-182-COT25;50161509;Productos de edulcorantes o azúcares naturales;3 KILOS DE AZUCAR MORENA.;3;KGM
1057532-182-COT25;50192110;Nueces o frutos secos;5 KILOS DE FRUTOS SECOS  Y DESHIDRATADO SIN SAL NI SEMILLAS.;5;KGM
1057532-182-COT25;50201706;Café;1 TARRO DE NESCAFE  X 400 GRAMOS.;1;JR
1057532-182-COT25;50161509;Productos de edulcorantes o azúcares naturales;2 UNIDADES DE ENDULZANTE EN GOTAS.;2;EA
1057532-182-COT25;50201713;Bolsitas de te;100 BOLSITAS DE TE.;100;BG
1057532-182-COT25;50201709;Café instantáneo;1 UNIDAD DE COFFE MATE X 435  GRAMOS.;1;EA
1057532-182-COT25;52151504;Tazas o vasos desechables domésticos;300 VASOS  DE POLI PAPEL;300;EA
1057532-182-COT25;52151617;Cucharas de madera de uso doméstico;300 CUCHARAS DE MADERA PARA CAFE;300;EA
1057532-182-COT25;14111705;Servilletas de papel;3 PAQUETES DE SERVILLETAS X UNIDADES C/U.;3;PK
1057532-179-COT25;52151504;Tazas o vasos desechables domésticos;100 VASOS  DE POLI PAPEL X 250 CC.;100;EA
1057532-179-COT25;50161509;Productos de edulcorantes o azúcares naturales;3 KILOS DE AZUCAR.;3;KGM
1057532-179-COT25;50131701;Leche o productos de mantequilla;1 LITRO DE LECHE SIN LACTOSA .;1;LTR
1057532-179-COT25;50192501;Sandwiches y canapés con relleno frescos;50 SANDWICH TOMATE- QUESO FRESCO Y PEPINILLA, ( HALLULLA CON SERVILLETA Y ENVUELTO EN ALUSA, PRODUCTO FRESCO);50;EA
1057532-179-COT25;50181905;Galletas dulces o pastelitos;1 KUCHEN DE ARANDANO O FRAMBUESA PARA 30 PERSONAS.;1;EA
1057532-179-COT25;52151617;Cucharas de madera de uso doméstico;100 CUCHARAS DESECHABLE DE MADERA PARA CAFE.;100;EA
1057532-179-COT25;50201709;Café instantáneo;1 TARRO DE CAFE X 400 GRAMOS.;1;JR
1057532-179-COT25;50202310;Agua mineral;5 LITROS DE AGUA MINERAL ENVASES DE LITRO.;5;LTR
1057532-179-COT25;50202310;Agua mineral;5 LITROS DE AGUA SABORIZADA ENVASES DE LITRO.;5;LTR
1057532-179-COT25;50181909;Galletas saladas;5 PAQUETES DE GALLETAS SALADA DE 120 A 140 GRAMOS C/U.;5;PK
1057532-179-COT25;14111703;Toallas de papel;1 TOALLA DE PAPEL DE 100 METROS CON PREPICADO.;1;EA
1057532-179-COT25;50192501;Sandwiches y canapés con relleno frescos;30 SANDWICH AVE MAYO ( HALLULLA CON SERVILLETA Y ENVUELTO EN ALUSA, PRODUCTOS FRESCO);30;EA
1057532-179-COT25;50101634;Fruta fresca;40 PLATANOS SIN DAÑO EN SU EXTERIOR.;40;EA
1057532-179-COT25;50101634;Fruta fresca;40 MANZANA SIN DAÑO EN SU EXTERIOR.;40;EA
1057532-185-COT25;12164502;Esencias o extractos;1 Set Esencias Florales Bach – 10 ML Healing Herbs, segun EETT;1;EA
1057532-188-COT25;52151504;Tazas o vasos desechables domésticos;50 VASOS DE POLIPAPEL X 250 CC.;50;EA
1057532-188-COT25;50161509;Productos de edulcorantes o azúcares naturales;2 KILOS DE AZUCAR ENVASES DE 1 KG. C/U.;2;KGM
1057532-188-COT25;50202310;Agua mineral;3 LITROS DE AGUA MINERAL X 1 LITRO C/U.;3;LTR
1057532-188-COT25;50202310;Agua mineral;3 LITROS DE AGUA SABORIZADA.;3;LTR
1057532-188-COT25;50131701;Leche o productos de mantequilla;1 LITRO DE LECHE SIN LACTOSA.;1;LTR
1057532-188-COT25;50192501;Sandwiches y canapés con relleno frescos;45 UNIDADES DE SANDWICH QUESO JAMON ( HALLULLA CON SERVILLETA ENVUELTO EN PAPEL ALUSA PRODUCTOS FRESCOS.;45;EA
1057532-188-COT25;50101634;Fruta fresca;25 NARANJAS;25;EA
1057532-188-COT25;50101634;Fruta fresca;25 MANZANAS.;25;EA
1057532-170-COT25;31201503;Cintas adhesivas de protección;Cinta Delimitadora Color Amarillo / Negro, Según Especificaciones Adjuntas.;3;RO
1057532-170-COT25;31201503;Cintas adhesivas de protección;Cinta Doble Contacto, Según Especificaciones Adjuntas.;2;RO
1057532-170-COT25;31201503;Cintas adhesivas de protección;Cinta Antideslizante Color Negro, Según Especificaciones Adjuntas.;4;RO
1057532-186-COT25;52151504;Tazas o vasos desechables domésticos;100 VASOS DE POLI PAPEL X 250 CC.;100;EA
1057532-186-COT25;50201709;Café instantáneo;1 TARRO DE CAFE X 400 GRAMOS;1;JR
1057532-186-COT25;50161509;Productos de edulcorantes o azúcares naturales;2 KILOS DE AZUCAR BOLSAS DE 1 K. C/U.;2;KGM
1057532-186-COT25;50202310;Agua mineral;5 LITROS DE AGUA MINERAL DE 1 LITRO C/U.;5;LTR
1057532-186-COT25;50202310;Agua mineral;5 LITROS DE AGUA SABORIZADA DE 1 LITO C/U.;5;LTR
1057532-186-COT25;50131701;Leche o productos de mantequilla;1 LITRO DE LECHE SIN LACTOSA.;1;LTR
1057532-186-COT25;50181909;Galletas saladas;5 PQT. DE GALLETAS SALASDAS DE 120 140 GRAMOS C/U.;5;PK
1057532-186-COT25;14111703;Toallas de papel;1 ROLLO DE PAPEL X 100 METROS CON PREPICADO.;1;RO
1057532-186-COT25;50192501;Sandwiches y canapés con relleno frescos;30 SANDWICH AVE- MAYO ( HALLULLA CON SERVILLETA ENVUELTO EN ALUSA PRODUCTOS FRESCOS.;30;EA
1057532-186-COT25;50192501;Sandwiches y canapés con relleno frescos;30 SANDWICH TOMATE QUESO FRESCO PEPINILLO ( HALLULLA CON SERVILLETA Y ENVUELTO EN ALUSA PRODUCTO SUELTA.;30;EA
1057532-186-COT25;50101634;Fruta fresca;30 NARANJAS SIN DAÑO EN SU EXTERIOR.;30;EA
1057532-186-COT25;50101634;Fruta fresca;30 MANZANAS SIN DAÑO EN SU EXTERIOR.;30;EA
1057532-202-COT25;42281604;Desinfectantes de la superficie médica;Amonio Cuaternario Bidón de 5 Lts. / Según Especificaciones Adjuntas.;12;BD
1057532-187-COT25;52121604;Mantel de mesa;4 Mantel spandex Arco medio negro para mesa 180 cm Mantel Mesa Rectangular 180cm con arco Medio, son funcionales y prácticos. En ambientes exteriores resisten los rayos UV. Fácil de almacenar. Para mesa Rectangular 180 x 75 x 74 cm.;4;EA
1057922-4-COT25;60131504;Diapasón;-01 Set Diapasón (Sensibilidad) Según Especificaciones Técnicas Adjuntas.;1;KIT
1057922-4-COT25;42182604;Linternas de pluma de examen médico;-02 Linterna de Mano  Según Especificaciones Técnicas Adjuntas.;2;EA
1057922-4-COT25;42181608;Accesorios de instrumental de medición de la tensión arterial;-04 Fonendoscopio  Según Especificaciones Técnicas Adjuntas.;4;EA
1057922-4-COT25;42182302;Mazos o martillos de reflejo;-02 Martillo Reflejo Según Especificaciones Técnicas Adjuntas.;2;EA
1057922-4-COT25;41111623;Dispositivos de medición del espesor;-02 Caliper Según Especificaciones Técnicas Adjuntas;2;EA
1057922-3-COT25;56101501;Soportes;- 01 Soporte universal Según Especificaciones Adjuntas;1;EA
1057922-23-COT25;41114509;Tensiómetros;Esfigmomanómetro aneroide Según Especificaciones Adjuntas;3;EA
1057922-20-COT25;56101504;Sillas;Silla de Comedor Según Especificaciones Adjuntas;6;EA
1057922-20-COT25;56101504;Sillas;Silla de Visita Según Especificaciones Adjuntas;10;EA
1057922-20-COT25;56101519;Mesas;Mesa de Comer Plegable Según Especificaciones Adjuntas;2;EA
1057922-20-COT25;56112106;Banquetas;Banquetas 5 Cuerpos Según Especificaciones Adjuntas;3;EA
1057922-20-COT25;56101504;Sillas;Silla Ergonométrica Según Especificaciones Adjuntas;7;EA
1057922-29-COT25;56112106;Banquetas;Banquetas 5 Cuerpos  Según Especificaciones Técnicas Adjuntas;3;EA
1057922-29-COT25;56101504;Sillas;Silla Ergonométrica  Según Especificaciones Técnicas Adjuntas;7;EA
1057922-29-COT25;56101504;Sillas;Silla de Comedor  Según Especificaciones Técnicas Adjuntas;6;EA
1057922-29-COT25;56101504;Sillas;Silla de Visita  Según Especificaciones Técnicas Adjuntas;10;EA
1057922-29-COT25;56101519;Mesas;Mesa de Comer Plegable  Según Especificaciones Técnicas Adjuntas;2;EA
1180747-14-COT25;56112106;Banquetas;Banquetas 5 Cuerpos  Según Especificaciones Técnicas Adjuntas;3;EA
1180747-14-COT25;56101504;Sillas;Silla Ergonométrica  Según Especificaciones Técnicas Adjuntas;7;EA
1180747-14-COT25;56101504;Sillas;Silla de Comedor  Según Especificaciones Técnicas Adjuntas;6;EA
1180747-14-COT25;56101504;Sillas;Mesa de Comer Plegable  Según Especificaciones Técnicas Adjuntas;2;EA
1057532-183-COT25;46171604;Sistemas de alarma;22 BOTONES DE PANICO ( VER EETT ADJUNTA);22;EA
1057532-183-COT25;46171604;Sistemas de alarma;1 PANTALLA CENTRAL DE 10 DIGITOS  ( VER EETT ADJUNTA);1;EA
1057532-183-COT25;46171604;Sistemas de alarma;3 ANTENAS REPETIDORAS DE SEÑAL ( VER EETT ADJUNTA);3;EA
1057532-183-COT25;46171604;Sistemas de alarma;2 SIRENAS CON LUZ ESTROBOSCOPICAS ( VER EETT ADJUNTA);2;EA
1057532-183-COT25;46171604;Sistemas de alarma;CONFIGURACION MONTAJE Y CAPACITACION.  ( VER EETT ADJUNTA);1;EA
1057532-189-COT25;11111606;Pizarra;1 PIZARRA ACRILICA MAGNETICA  BLANCA 70 X 100 CM + SET 3 PLUMONES Y UN BORRADOR.;1;EA
1057532-189-COT25;44121708;Marcadores;3 PLUMONES;3;EA
1057532-189-COT25;44121804;Borradores;1 BORRADOR;1;EA
1057532-191-COT25;51141920;Diazepam;Diazepam 10 mg de acuerdo a Especificaciones técnicas adjunta y adjuntar resolución sanitaria de distribución de medicamentos.;15000;CMP
1057532-192-COT25;78121601;Servicios de flete;Mudanza D. Alondra Verónica Hormazábal Hevia Dirección de origen: Peñuelas 870, Villa parque universitario, Ciudad: Osorno Dirección de Destino: Teresa Vial 1400. DEpto 301, Comuna: San Miguel, Ciudad: Santiago Fecha 18.04.2025, desde Osorno a Santiago.;1;EA
1057532-192-COT25;78121601;Servicios de flete;Mudanza D. Catalina Andrea Troncoso Maurer Dirección de origen : Suecia #281 Ciudad : Valdivia Dirección de Destino : Francia 1771, departamento 304, torre 2. Comuna : Osorno Fecha  06.04.2025// desde Valdivia a Osorno.;1;EA
1057532-192-COT25;78121601;Servicios de flete;Mudanza D. Evelyn Pilar Ramos Plaza Dirección de Origen: Carmen 120, Dpto. 102, Santiago Dirección de Destino: Avenida Francia #1790, Dpto. D51, Osorno Fecha 12 Abril 2025. // Desde Santiago a Osorno.;1;EA
1057532-192-COT25;78121601;Servicios de flete;Mudanza D. Javiera Carter Álvarez Dirección de origen: LOS PRUNOS 1345, Ciudad: Santiago, Comuna: San ramón Dirección de Destino: AVENIDA FRANCIA 1780, Comuna: Osorno Fecha 06.04.2025 // desde Santiago a Osorno;1;EA
1057532-192-COT25;78121601;Servicios de flete;Mudanza D. Antonella Belén Bombín Figueroa. Dirección de origen: Luis Durand 03396, Ciudad: Temuco Dirección de Destino: Av Francia Nº 1741, Departamento A 611, Comuna: Osorno Fecha 09.04.2025// Desde Temuco a Osorno;1;EA
1057532-192-COT25;78121601;Servicios de flete;Mudanza Antonia Elgueta Rosales  Dirección de Origen: Almirantes la Torre #498, Dpto. 618( Piso 6, con ascensor y Estacionamiento), Santiago. Dirección de Destino: Guillermo Buhler #2140, Dpto. 801, Torre 1, Osorno. Fecha 11.04.2025// desde Santiago A Osorno.;1;EA
1057532-194-COT25;14111510;Papel para trazado de curvas;-20 ROLLOS -ROLLO PLOTTER PAPEL BOND DE 80 grs. -90 cms x 50 metros SEGÚN ESPECIFICACIONES TÉCNICAS ADJUNTAS;20;RO
1057532-190-COT25;46181504;Guantes protectores;5 PAR DE GUANTES DIELECTRICOS COMFORT GRIP 3M, COLOR GRIS TALLA N° 8  ( M);5;PR
1057532-201-COT25;50202310;Agua mineral;3 LITROS DE AGUA MINERAL;3;LTR
1057532-201-COT25;50131701;Leche o productos de mantequilla;1 LITRO DE LECHE;1;LTR
1057532-201-COT25;50192501;Sandwiches y canapés con relleno frescos;20 SANDWICH JAMON QUESO ( HALLULLA CON SERVILLETA ENVUELTO EN ALUSA PAN FRESCO NO CONGELADO CECINA Y QUESO NO ARTESANALES);20;EA
1057532-201-COT25;50101634;Fruta fresca;20 NARANJAS;20;EA
1057532-201-COT25;50181909;Galletas saladas;2 PAQUETES DE GALLETAS SALADAS.;2;PK
1057532-201-COT25;50181905;Galletas dulces o pastelitos;2 PAQUETES DE GALLETAS DULCE;2;PK
1057532-201-COT25;50192501;Sandwiches y canapés con relleno frescos;20 SANDWICH TOMATE QUESO FRESCO PEPINILLO HALLULLA CON SERVILLETA  ENVUELTO EN ALUSA PAN FRESCO NO CONGELADO.;20;EA
1057532-201-COT25;50101634;Fruta fresca;20 MANZANAS.;20;EA
1057532-195-COT25;60121242;Delantales;12 Delantales de Cocina Material: 50%% algodón y 50%% poliéster Medidas: 1,20 aprox. Amarras: Si. Color: Burdeos o Gris Tiras en cuello ajustables;12;EA
1057532-200-COT25;44121506;Sobres estándar;100 SOBRES ACOLCHADO AMARILLO O CAFE TAMAÑO OFICIO.;100;SOBR
1057532-200-COT25;44121506;Sobres estándar;500 SOBRES BLANCO TAMAÑO CARTA;500;SOBR
1057532-197-COT25;51142619;Alcohol aromático de amoniaco;2 ALCOHOL DE 70° POR LITRO;2;EA
1057532-197-COT25;42281912;Toallas de esterilización;10 PAQUETES DE TOALLA DESINFECTANTE POR 50 UNIDADES C/U.;10;PK
1057532-196-COT25;24111503;Bolsas de plástico;200 BOLSAS HERMETICAS DESECHABLES 10X15 CM Y 0.2 DE GROSOR.;200;BG
1057532-196-COT25;24111503;Bolsas de plástico;1000 BOLSAS HERMETICAS DESECHABLE 16X15 CM.;1000;BG
1057532-196-COT25;24111503;Bolsas de plástico;100 BOLSAS HERMETICAS DESECHABLE 26X27 CM.;100;BG
1057532-199-COT25;44103103;Tóner;2 TONER IMPRESORA HP LASER JET 1006;2;EA
1057922-28-COT25;42192404;Carros médicos o accesorios;-01 CARRO ANESTESIA -CARRO PARA EL ALMACENAMIENTO DE UTENSILIOS, OBJETOS E INSUMOS CLINICOS DE PABELLÓN. -ESTRUCTURA INTERNA FABRICADA EN ACERO. -SUPERFICIE ANTI RALLADURAS Y RESISTENTE A AGENTES DE DESINFECCION DE USO HOSPITALITARIO. -INCLUYE ACCESORIOS. -DIMENSIONES (ANCHO X PROFUNDIDAD X ALTO): 80 a 90 x 55 a 65 x 100 a 105 cm -SEGÚN ESPECIFICACIONES TÉCNICAS ADJUNTAS.;1;EA
1057922-28-COT25;42192404;Carros médicos o accesorios;-01 CARRO PABELLONERA  -CAJONERA O ESPACIO PARA CAJONES DEBE INCLUIR 1 CAJÓN GRANDE Y 3 MEDIANOS. -INCLUYE SISTEMA DE FRENOS PARA CIERRE SUAVIZADO DE CAJONES. -INCLUYE ACCESORIOS. -DIMENSIONES (ANCHO X PROFUNDIDAD X ALTO): 70 A 80 X 55 A 65 X 100 A 105 CM -SEGÚN ESPECIFICACIONES TÉCNICAS ADJUNTAS.;1;EA
1180747-17-COT25;56112106;Banquetas;Banquetas 5 Cuerpos  Según Especificaciones Técnicas Adjuntas;3;EA
1180747-17-COT25;56101504;Sillas;Silla Ergonométrica  Según Especificaciones Técnicas Adjuntas;7;EA
1180747-17-COT25;56101504;Sillas;Silla de Comedor  Según Especificaciones Técnicas Adjuntas;6;EA
1180747-17-COT25;56101504;Sillas;Silla de Visita  Según Especificaciones Técnicas Adjuntas;10;EA
1180747-17-COT25;56101519;Mesas;Mesa de Comer Plegable Según Especificaciones Técnicas Adjuntas;2;EA
1057532-208-COT25;46181504;Guantes protectores;5 PARES DE GUANTES  DIELECTRICOS COMFORT GRIP 3M TALLA 8 ( M);5;PR
1057532-184-COT25;41114201;Cintas de medir;2 Rollos verdes 45 mts  2 Rollos amarilla 45 mts  2 Rollos azul 45 mts  2 Rollos negra 45 mts  2 Rollos roja 45 mts Subir cotización con detalle y adjuntar formulario N°1 para validar cotización.;10;EA
1057532-206-COT25;14111525;Papel multiuso;4 CAJAS DE OPALINA  BLANCA LISA TAMAÑO CARTA , 200 GRAMOS DE 100 UNIDADES CADA CAJA.;4;BX
1057532-206-COT25;11101501;Mica;1 CAJA DE MICA TERMOLAMINAR OFICIO 75 MIC. X 100 UNIDADES.;1;BX
1057532-206-COT25;60123203;Cintas sintéticas;1 ROLLO DE CINTA SATINADA  COLOR LILA OBISPO DE 3 MM X 100 METROS.;1;RO
1057532-206-COT25;60123203;Cintas sintéticas;1 ROLLO DE CINTA SATINADA COLOR VERDE ESMERALFDA DE 3MM X 30 METROS.;1;RO
1057532-206-COT25;60123001;Figuras de goma Eva;1 SET  DE GOMA EVA SURTIDO DE COLORES DE 20X30 CMS.;1;EA
1057532-206-COT25;60123601;Pegamento de purpurina;2 PEGAMENTO STCK FIX DE 36 GRAMOS.;2;EA
1057532-206-COT25;60121124;Papel kraft;10 LIEGOS DE PAPEL KRAF.;10;PGL
1057532-206-COT25;55121606;Etiquetas autoadhesivas;2 SOBRES DE ETIQUETA AUTOADHESIVA BLANCAS 10 HOJAS 101X51MM ADETEC.;2;SOBR
1057532-206-COT25;60123601;Pegamento de purpurina;2 SOBRE DE PEGAMENTO MACILLA UHU PATAFIX COLOR BLANCO.;2;SOBR
1057532-206-COT25;31161903;Resortes espirales;3 UNIDADES DE ESPIRAL ENCUADERNACION PLASTICO NEGRO 20 MM.;3;EA
1057532-206-COT25;11101501;Mica;1 CAJA DE MICA TRANSPARENTE LISA TAMAÑO CARTA.;1;BX
1057532-206-COT25;56101716;Organizadores de escritorio;1 PERFORADORA VELOBINDER INCLUYE PEINES.;1;EA
1057532-206-COT25;44122011;Carpetas para archivos;200 CARPETAS PLASTIFICADA SIN ARCHIVADOR COLOR LILAR OBISPO.;200;EA
1057532-203-COT25;42281604;Desinfectantes de la superficie médica;Amonio Cuaternario Bidón de 5 Lts. / Según Especificaciones Adjuntas.;12;BD
1057532-211-COT25;46181504;Guantes protectores;4 PARES DE GUANTES DIELECTRICOS CONFORT GRIP 3 M TALLA 8 ( M);4;PR
1057532-204-COT25;11111606;Pizarra;1 PIZARRA ACRILICA MAGNETICA BLANCA 70 X 100 CM + SET 3 PLUMONES Y UN BORRADOR.;1;EA
1057532-204-COT25;60101716;Materiales para pizarra magnética;3 PLUMONES;3;EA
1057532-204-COT25;60101716;Materiales para pizarra magnética;1 BORRADOR.;1;EA
1057532-209-COT25;41111604;Reglas;-01 UNIDAD REGLA COMPLEMENTARIA PARA NIVEL LASER ROTATORIO. -SEGÚN ESPECIFICACIONES TÉCNICAS ADJUNTAS.;1;EA
1057532-213-COT25;52151504;Tazas o vasos desechables domésticos;25 VASOS DESECHABLE;25;EA
1057532-213-COT25;52151617;Cucharas de madera de uso doméstico;25 CUCHARAS DE POLIPAPEL PARA CAFE.;25;EA
1057532-213-COT25;50192402;Pastas de untar;1 CUARTO DE JAMON;1;EA
1057532-213-COT25;50181905;Galletas dulces o pastelitos;18 QUEQUITOS INDIVIDUALES.;18;EA
1057532-213-COT25;50201713;Bolsitas de te;1 CAJA DE TE X 20 BOLSITAS.;1;BX
1057532-213-COT25;50201706;Café;1 TARRO DE CAFE POR 170 GRAMOS;1;JR
1057532-213-COT25;50161509;Productos de edulcorantes o azúcares naturales;1 KILO DE AZUCAR.;1;KGM
1057532-213-COT25;50202303;Jugos y néctar concentrados;15 UNIDADES DE JUGOS X 200 CC.;15;EA
1057532-213-COT25;50181901;Pan fresco;1 PAN BLANCO DE MOLDE XL;1;EA
1057532-213-COT25;50131801;Queso natural;1 CUARTO DE QUESO LAMINADO.;1;EA
1057532-213-COT25;50181905;Galletas dulces o pastelitos;5 PAQUETES DE GALLETAS SURTIDAS.;5;EA
1057532-213-COT25;50202310;Agua mineral;2 LITRO DE AGUA MINERAL.;2;LTR
1057532-207-COT25;60101603;Marcos para certificados;200 MARCOS  PARA DIPLOMA, DE MADERA LOCADOS CON VIDRIO TAPA TRUPAN CON COLGANTE. SE ADJUNTA MUESTRA.;200;EA
1057532-210-COT25;78121601;Servicios de flete;Mudanza D. José Ignacio Echeverría Miranda Direccion de Origen: San José de la Sierra 90, departamento 202, Lo Barnechea, Santiagio. Direccion de Destino: Los Colonos 2140, departamento 701, torre 2, Osorno Fecha 11/04/2025, Desde SAntiago a Osorno.;1;EA
1057532-210-COT25;78121601;Servicios de flete;Mudanza D. Cristina Carolina Urquejo Fuentes Direccion de Origen: La Montura #7512 Casa16 (Condominio El Roble, Hacienda el Peñon) Puente Alto, Santiago  Direccion de Destino: Calle isla de Pascua #2850 Dpto. E 43 (Condominio Jardin Los Robles II), Osorno. Fecha 15/04/2025.Desde Santiago a Osorno.;1;EA
1057532-210-COT25;78121601;Servicios de flete;Mudanza D. Antonio Robinson Rodríguez Vega Direccion de Origen: Pasaje Lika 1459, Población Dalmacia, Cerro Navia, Santiago Direecion de Destino: Costanera General Lagos 825, Puyehue, Entre Lagos. fecha 11/04/2025, Desde Santiago a Osorno.;1;EA
1057532-210-COT25;78121601;Servicios de flete;Mudanza D. Sebastian Andres Vargas Tejeda Direccion de Origen: Avenida Valle Generoso #636, Pudahuel , Santiago Dirección de Destino: Laguna Cejar #2540, Osorno fecha 15.04.2025, desde santiago a Osorno.;1;EA
1057532-214-COT25;46181504;Guantes protectores;4 PARES DE GUANTES DIELECTRICOS CONFORT GRIP 3 M TALLA 8 ( M);4;PR
1057532-220-COT25;90101701;Gestión de cafetería;Especificaciones Técnicas: Proveedor debe contar y adjuntar patente comercial y Resolución Sanitaria emitida por la Seremi de Salud que autorice producción, distribución, comercialización o transfiera y entrega de alimentos. El servicio de cafetería considera la entrega de 100 raciones de coffee break en jornada mañana 10:00 HORAS. En el centro de atención al vecino Bilbao 850 segundo piso.;100;EA
1180747-16-COT25;60131504;Diapasón;-01 Set Diapasón (Sensibilidad) Según Especificaciones Técnicas Adjuntas.;1;KIT
1180747-16-COT25;42182604;Linternas de pluma de examen médico;-02 Linterna de Mano Según Especificaciones Técnicas Adjuntas.;2;EA
1180747-16-COT25;42181608;Accesorios de instrumental de medición de la tensión arterial;-04 Fonendoscopio Según Especificaciones Técnicas Adjuntas.;4;EA
1180747-16-COT25;42182302;Mazos o martillos de reflejo;-02 Martillo Reflejo Según Especificaciones Técnicas Adjuntas.;2;EA
1180747-16-COT25;41111623;Dispositivos de medición del espesor;-02 Caliper Según Especificaciones Técnicas Adjuntas;2;EA
1180747-15-COT25;41114509;Tensiómetros;Esfigmomanómetro aneroide Según Especificaciones Adjuntas;3;EA
1057532-163-COT25;80111504;Formación, capacitación y entrenamiento de personal;CUPOS CURSO ADVANCED CARDIOVASCULAR LIFE SUPPORT, DE ACUERDO A LAS ESPECIFICACIONES TÉCNICAS ADJUNTAS.;5;EA
1180747-19-COT25;56112106;Banquetas;Banquetas 5 Cuerpos Según Especificaciones Técnicas Adjuntas;3;EA
1180747-19-COT25;56101504;Sillas;Silla Ergonométrica Según Especificaciones Técnicas Adjuntas;7;EA
1180747-19-COT25;56101504;Sillas;Silla de Comedor Según Especificaciones Técnicas Adjuntas;6;EA
1180747-19-COT25;56101504;Sillas;Silla de Visita Según Especificaciones Técnicas Adjuntas;10;EA
1180747-19-COT25;56101519;Mesas;Mesa de Comer Plegable Según Especificaciones Técnicas Adjuntas;2;EA
1180747-13-COT25;56101501;Soportes;-01 SOPORTE UNIVERSAL SEGÚN ESPECIFICACIONES TÉCNICAS ADJUNTAS;1;EA
1057532-221-COT25;90101701;Gestión de cafetería;Contar con SERVICIO DE CAFETERÍA para la atención de los participantes del “1er Encuentro Participativo de Consejos de Salud de la Comuna de Osorno”, por un total de 100 raciones, a realizarse en Centro de Atención al Vecino, Bilbao 850, piso 2,  a realizarse el 15 de abril, se debe servir desde las 10:00 horas en adelante.;100;EA
1057532-216-COT25;52151504;Tazas o vasos desechables domésticos;100 VASOS DE POLI PAPEL DESECHABLE.;100;EA
1057532-217-COT25;50202304;Jugos y néctar envasados;10  CAJITAS EN JUGOS  DE 200 CC.;10;EA
1057532-217-COT25;50181905;Galletas dulces o pastelitos;10 PAQUETES DE GALLETAS SURTIDA DE 400 GRAMOS +-.;10;PK
1057532-215-COT25;50201713;Bolsitas de te;20 BOLSAS DE TE.;20;BG
1057532-215-COT25;50201709;Café instantáneo;1 TARRO DE NESCAFE DE 100 A 120 GRAMOS.;1;JR
1057532-215-COT25;50161509;Productos de edulcorantes o azúcares naturales;1 KILO DE AZUCAR.;1;KGM
1057532-215-COT25;50202303;Jugos y néctar concentrados;15 CAJAS DE JUGOS DE 200 CC.;15;BX
1057532-215-COT25;50181901;Pan fresco;1 PAN MOLDE BLANCO XL .;1;EA
1057532-215-COT25;50131801;Queso natural;QUESO LAMINADO DE 1/4.;1;EA
1057532-215-COT25;50171833;Paté u otras pastas para untar;JAMON 1/4.;1;EA
1057532-215-COT25;50181905;Galletas dulces o pastelitos;5 PAQUETES DE GALLETA.;5;PK
1057532-215-COT25;50202310;Agua mineral;2 LITROS DE AGUA MINERAL;2;LTR
1057532-215-COT25;52152102;Vasos para beber domésticos;25 VASOS DE POLIPAPEL.;25;EA
1057532-215-COT25;52151617;Cucharas de madera de uso doméstico;25 CUCHARAS DE SECHABLE DE MADERA.;25;EA
1057532-212-COT25;11111606;Pizarra;1 PIZARRA ACRILICA MAGNETICA BLANCA 70X100 CM.;1;EA
1180747-21-COT25;60131504;Diapasón;-01 Set Diapasón (Sensibilidad) Según Especificaciones Técnicas Adjuntas.;1;EA
1180747-21-COT25;42182604;Linternas de pluma de examen médico;-02 Linterna de Mano Según Especificaciones Técnicas Adjuntas.;2;EA
1180747-21-COT25;42181608;Accesorios de instrumental de medición de la tensión arterial;04 Fonendoscopio Según Especificaciones Técnicas Adjuntas.;4;EA
1180747-21-COT25;42182302;Mazos o martillos de reflejo;02 Martillo Reflejo Según Especificaciones Técnicas Adjuntas.;2;EA
1180747-21-COT25;41111623;Dispositivos de medición del espesor;02 Caliper Según Especificaciones Técnicas Adjuntas;2;EA
1180747-20-COT25;41114509;Tensiómetros;Esfigmomanómetro aneroide Según Especificaciones Adjuntas;3;EA
1057532-223-COT25;44121604;Timbres y sellos;4 TIMBRES FECHADOR AUTOMATICO CON HORA 4,2 CM SHINY R-542D-T24;4;EA
1057532-223-COT25;44121604;Timbres y sellos;5 TIMBRES FOLIADOR H-56 HORRAY;5;EA
1057532-223-COT25;60121703;Accesorios para timbres;10 REPUESTOS FOLIADOR HORRAY H56-H57;10;EA
1057532-225-COT25;47131805;Limpiadores de uso general;12 LIMPIADORES DE VIDRIO CON GATILLO PARA VAPORIZAR. ( VER ARCHIVO ADJUNTO);12;EA
1057532-225-COT25;51142619;Alcohol aromático de amoniaco;50 FRASCO DE ALCOHOL AL 70%  ( VER ARCHIVO ADJUNTO);50;VI
1057532-225-COT25;51142619;Alcohol aromático de amoniaco;50 UNIDADES DE ALCOHOL GEL.  ( VER ARCHIVO ADJUNTO);50;VI
1057532-225-COT25;53131624;Toallitas húmedas;120 UNIDADES DE TOALLITAS HUMEDAS DESINFECTANTES.  ( VER ARCHIVO ADJUNTO);120;EA
1057532-225-COT25;14111703;Toallas de papel;2 CAJAS DE TOALLAS INTERFOLIADAS  ( VER ARCHIVO ADJUNTO);2;BX
1057532-225-COT25;47131604;Escobas;12 PALOS PARA ESCOBAS  ( VER ARCHIVO ADJUNTO);12;EA
1057532-222-COT25;78121601;Servicios de flete;Mudanza para funcionario D. Martín Ignacio Bowen Valdivieso Dirección de origen: Camino del Alfalfal 2611, casa 4 (condominio con acceso cerrado), Las Condes, Santiago. Dirección de Destino: Ex fundo la botella, parcela 51 (Coordenadas 41,12125° S, 73,03950° O), Frutillar. Dia de traslado 17.04.2025// desde Santiago a Frutillar.;1;EA
1057532-219-COT25;51191905;Suplementos vitamínicos;Complejo B 3 ml Solución Inyectable ampolla . Vitaminas B1 100 mg /B6 100 mg/ B12 10.000 mcg, según especificaciones técnicas adjuntas.;100;AMPF
1057532-238-COT25;24112404;Caja;CAJAS PLASTICAS WENCO  28 LT. 42X32X31 TRANSPARENTE.;50;BX
1057532-193-COT25;43232604;Software de diseño asistido por computador (CAD);Licencias Anuales para software CAD como AutoCad LT 2025 o “equivalente”, para la creación de dibujos en 2D, en modalidad de pago a 12 cuotas, de acuerdo a Términos de Referencia adjuntos.;28;EA
1057532-193-COT25;43232604;Software de diseño asistido por computador (CAD);Licencia anual para software CAD como AutoCad 2025 Full o Equivalente, para la creación de dibujos en 2D y 3D, en modalidad de pago a 12 cuotas, de acuerdo a Requerimientos Términos de Referencia.;1;EA
1057532-234-COT25;60121905;Lienzos estampables;: 3 pendones roller 80x200 cms. Impreso en tela PVC con bolso y base de metal.;3;EA
1057532-232-COT25;51141920;Diazepam;DIAZEPAM 10 MG, según EETT Adjuntas, ingresar Resolución de Distribución medicamentos, registro ISP y Vencimiento igual o superior a 12 meses.;2000;CMP
1057532-235-COT25;44103103;Tóner;Tinta PFI -107 BK;3;EA
1057532-235-COT25;44103103;Tóner;Tinta PFI -107 MBK;6;EA
1057532-235-COT25;44103103;Tóner;Tinta PFI -107 CYAN;3;EA
1057532-235-COT25;44103103;Tóner;Tinta PFI -107 MAGENTA;3;EA
1057532-235-COT25;44103103;Tóner;Tinta PFI -107 YELLOW;3;EA
1057532-229-COT25;44121505;Sobres especiales;100 SOBRES ACOLCHADO AMARILLO O CAFE TAMAÑO OFICIO.;100;SOBR
1057532-229-COT25;44121505;Sobres especiales;500 SOBRES BLANCO TAMAÑO CARTA.;500;SOBR
1057532-231-COT25;47131803;Desinfectantes domésticos;12 LIMPIA VIDRIO DE 1 LITRO O 800 CC. VER ARCHIVO;12;EA
1057532-231-COT25;14111703;Toallas de papel;120 TOALLAS MULTIUSO VER ARCHIVO ADJUNTO.;120;EA
1057532-231-COT25;30103606;Armazones de madera;12 PALO DE ESCOBA,;12;EA
1057532-233-COT25;90101701;Gestión de cafetería;SE REQUIERE UN SERVICIO PARA CAFETERIA PARA 40 PERSOMAS  PARA EL 22/04 EN MATTA 448 DESDE LAS 12:00 EN ADELANTE CONTACTO SRA: XIMENA.CAMPOS@REDSALUD.GOB.CL;40;EA
1057532-176-COT25;43232604;Software de diseño asistido por computador (CAD);LICENCIAS DE SOFTWARE ARCHICAD 28 O EQUIVALENTE, CON SUSCRIPCIÓN POR 12 MESES, PAGO EN CUOTAS (12 CUOTAS), DE ACUERDO A LOS TÉRMINOS DE REFERENCIA ADJUNTOS.;5;EA
1057532-230-COT25;51142619;Alcohol aromático de amoniaco;12  UNIDADES DE ALCOHOL AL 70% PARA USO EN HUMANO DE LITRO O 800 GRAMOS ( VER ARCHIVO ADJUNTO);12;EA
1057532-230-COT25;51142619;Alcohol aromático de amoniaco;50 ALCOHOL GEL EE.TT AL 70% 350 ML O SIMILAR ( VER ARCHIVO ADJUNTO);50;EA
1057532-230-COT25;53131624;Toallitas húmedas;120 TOALLITAS HUMEDAS O SIMILAR A LA DE LA FOTO  ( VER ARCHIVO ADJUNTO);120;EA
1057532-224-COT25;44101707;Corcheteras;6 CORCHETERA  DE 70 CM.;6;EA
1057532-228-COT25;44121604;Timbres y sellos;4 TIMBRE FOLLADOR AUTOMATICO CON HORA 4,2 CM SHINY R- 542D-T24;4;EA
1057532-228-COT25;44121604;Timbres y sellos;5 TIMBRES FOLIADOR H-56 HORRAY;5;EA
1057532-228-COT25;60121703;Accesorios para timbres;10 REPUESTO FOLIADOR HORRAY H56-H56;10;EA
1057532-241-COT25;60123001;Figuras de goma Eva;20 CARPETAS DE GOMA EVA VARIADOS COLORES. ( VER ARCHIVO ADJUNTO );20;EA
1057532-241-COT25;60121150;Papel Crepé;20 CARPETAS DE PAPEL CREPE CON VARIOS COLORES.( VER ARCHIVO ADJUNTO );20;EA
1057532-241-COT25;60121136;Papel celofán;20 CARPETAS DE PAPEL CELOFAN VARIOS COLORES ( VER ARCHIVO ADJUNTO );20;EA
1057532-241-COT25;14121503;Cartulina;200 PLIEGOS DE CARTULINA DE COLORES ( VER ARCHIVO ADJUNTO );200;PGL
1057532-241-COT25;60123001;Figuras de goma Eva;160 PLIEGO DE GOMA EVA VARIOS COLORES ( VER ARCHIVO ADJUNTO );160;EA
1057532-241-COT25;44121704;Lápiz pasta;20 CAJAS DE LAPIZ SCRIPTO ( VER ARCHIVO ADJUNTO );20;BX
1057532-241-COT25;44121707;Lápices de colores;20 CAJAS DE LAOICES DE COLORES DE MADERA ( VER ARCHIVO ADJUNTO );20;BX
1057532-241-COT25;14111509;Artículos de papelería;20 ROLLOS  DE PAPEL CHOCLO ( VER ARCHIVO ADJUNTO );20;RO
1057532-241-COT25;14111509;Artículos de papelería;20 PLIEGO DE PAPEL DE MANTEQUILLA ( VER ARCHIVO ADJUNTO );20;PGL
1057532-241-COT25;49211805;Cuerdas;15 ROLLOS DE PITA COLA DE RATON DISTINTOS COLORES ( VER ARCHIVO ADJUNTO );15;RO
1057532-241-COT25;60121124;Papel kraft;200 PLIEGOS DE PAPEL KRAFT ( VER ARCHIVO ADJUNTO );200;PGL
1057532-241-COT25;14111509;Artículos de papelería;210 PAPEL DE VOLANTIN VARIADOS COLORES ( VER ARCHIVO ADJUNTO );210;EA
1057532-241-COT25;44121618;Tijeras;10 TIJERA ( VER ARCHIVO ADJUNTO );10;EA
1057532-239-COT25;24112401;Cofres, cajas o armarios para herramientas;50 CAJAS PLASTICAS TRANSPARENTE WENCO WENBOX 28 LITROS 42X32X31.;50;BX
1057532-240-COT25;44101602;Máquina encuadernadora;1 TERMOLAMINADORA ( METODO DE LAMINACION CALIENTE Y FRIO // TIEMPO DE CALENTAMIENTO 3-5 MINUTOS.;1;EA
1057532-254-COT25;90101701;Gestión de cafetería;Servicio de cafeteria, 200 raciones, dia 22 y 23 de abril 2025, actividad se divide en 2 dias  100 raciones, en horario AM por dia  Especificaciones adjuntas Lugar de la actividad a confirmar;200;EA
1057532-249-COT25;73101701;Servicios de producción de medicamentos o medicinas;SE REQUIERE TRAZODONA 100 MG EN COMPRIMIDOS, Se deberá adjuntar registro ISP, resolución sanitaria de distribución de medicamentos y el vencimiento igual o superior a 12 meses. Especificaciones Técnicas adjuntas;10000;CMP
1057532-245-COT25;78121601;Servicios de flete;Mudanza para funcionario D. Beatriz Amada Campos Tarbert Dirección de origen: Hernán Cortes 2794, casa 9, Ñuñoa, Santiago.  Dirección de Destino: Lautaro 300 Depto. 206, Frutillar.  Dia de traslado 25.04.2025// desde Santiago a Frutillar.;1;EA
1077241-23-COT25;90101701;Gestión de cafetería;1 SERVICIO DE CAFETERIA PARA 40 PERSONAS LA FECHA DEL SERVICIO ES EL 24/04/2025 A CONTAR DE LAS 13:00 CONTACTO SR: marco.gonzalezf@redsalud.gob.cl;40;EA
1057532-248-COT25;50202301;Agua;15 LITOS DE AGUA MINERAL  FORMATO DE LITRO.;15;LTR
1057532-248-COT25;50161509;Productos de edulcorantes o azúcares naturales;6 KILOS DE AZUCAR FORMATO DE KILO.;6;KGM
1057532-248-COT25;50221202;Cereales en barra;150  BARRAS DE CEREAL;150;BAR
1057532-248-COT25;50201709;Café instantáneo;5 TARRO DE NESCAFE EN FORMATO DE 400 GRAMOS.;5;JR
1057532-248-COT25;50101634;Fruta fresca;295 NARANJAS.;295;EA
1057532-248-COT25;50101634;Fruta fresca;300 MANZANAS;300;EA
1057532-248-COT25;50181903;Galletas simples saladas;10 PAQUETES DE GALLETAS  SALADAS.;10;PK
1057532-248-COT25;50181905;Galletas dulces o pastelitos;20 PAQUETES DE GALLETAS DULCE.;20;PK
1057532-248-COT25;50131701;Leche o productos de mantequilla;15 LITROS DE LECHE SIN LACTOSA.;15;LTR
1057532-248-COT25;50192501;Sandwiches y canapés con relleno frescos;105 SANDWICH  AVE PIMIENTO ( HALLULLA CON SERVILLETA Y ALUSA PRODUCTO FRESCO );105;EA
1057532-248-COT25;50192501;Sandwiches y canapés con relleno frescos;345 SANDWICH JAMON QUESO ( HALLULLA CON SERVILLETA Y ALUSA PRODUCTO FRESCO );345;EA
1057532-248-COT25;50192501;Sandwiches y canapés con relleno frescos;200 SANDWICH TOMATE QUESO FRESCO Y PEPINILLO ( HALLULLA CON SERVILLETA Y ALUSA PRODUCTO FRESCO );200;EA
1057532-248-COT25;50192110;Nueces o frutos secos;150 BOLSAS SNACK SALADO MIX BRI SNACK / MIX ENERGIA X 30 GRAMOS CADA UNO;150;BG
1057532-248-COT25;50201712;Bebidas de Té;100 BOLSAS DE TE.;100;BG
1057532-248-COT25;50181905;Galletas dulces o pastelitos;10 KUCHEN O PIE PARA 30 PERSONAS.;10;EA
1057532-248-COT25;50202301;Agua;15 LITROS DE AGUA SABORIZADA  FORMATO DE LITRO.;15;LTR
1057532-198-COT25;41111604;Reglas;-01 UNIDAD REGLA COMPLEMENTARIA PARA NIVEL LASER ROTATORIO. -SEGÚN ESPECIFICACIONES TÉCNICAS ADJUNTAS.;1;EA
1057532-247-COT25;14111703;Toallas de papel;2 ROLLOS DE TOALLA DE PAPEL X 100 METROS CON PREPICADO.;2;RO
1057532-246-COT25;52151504;Tazas o vasos desechables domésticos;1.000 VASOS DE POLI PAPEL  X 25 CC.;1000;EA
1057532-246-COT25;52151504;Tazas o vasos desechables domésticos;200 VASOS PLASTICOS TRASPARENTE.;200;EA
1057532-246-COT25;52151617;Cucharas de madera de uso doméstico;400 CUCHARAS  DE MADERA PARA CAFE O TE.;400;EA
1057532-250-COT25;44121615;Corcheteras;2 CORCHETERA  70 CM STAPLER ISOFIT COLOR GRIS.;2;EA
1057532-252-COT25;43202206;Componentes de dispositivo de entrada o unidad de almacenamiento;UNIDADES DE ALMACENAMIENTO SSD EXTERNAS (USB) / SEGÚN ESPECIFICACIONES ADJUNTAS;5;EA
1057532-253-COT25;50201709;Café instantáneo;4 TARROS DE NESCAFE X 170 GRAMOS;4;JR
1057532-253-COT25;50181905;Galletas dulces o pastelitos;40 PAQUETES DE GALLETAS ( LIMON,TRITON,KUKI,TUAREG,OBLEA) CON VENCIMIENTO  AGOSTO DEL 2025.;40;PK
1057532-253-COT25;52151504;Tazas o vasos desechables domésticos;500 VASOS MEDIANO  DE POLI PAPEL.;500;EA
1057532-253-COT25;52151617;Cucharas de madera de uso doméstico;200 CUCHARAS  DESECHABLES DE MADERA PARA CAFE.;200;EA
1057532-253-COT25;52121602;Servilletas;4 PAQUETES DE SERVILLETAS.;4;PK
1057532-253-COT25;50161509;Productos de edulcorantes o azúcares naturales;3 KILOS DE AZUCAR.;3;KGM
1057532-244-COT25;50202310;Agua mineral;10 LITROS DE AGUA DIFERENTES SABORES;10;LTR
1057532-244-COT25;50202310;Agua mineral;10 LITROS DE AGUA MINERAL .;10;LTR
1057532-244-COT25;50161509;Productos de edulcorantes o azúcares naturales;6 KILOS DE AZUCAR.;6;KGM
1057532-244-COT25;50201709;Café instantáneo;3 TAROS DE NESCAFE ENVASES DE 400 GRAMOS C/U.;3;JR
1057532-244-COT25;50101634;Fruta fresca;140 UNIDADES DE NARANJA;140;EA
1057532-244-COT25;50101634;Fruta fresca;120 UNIDADES DE NARANJAS,;120;EA
1057532-244-COT25;50192110;Nueces o frutos secos;150 BOLSAS DE FRUTOS SECOS  ENERGIA 30 GRAMOS  MIX BRI SNACKS / MIX;150;BG
1057532-244-COT25;50181905;Galletas dulces o pastelitos;15 UNIDADES DE GALLETAS;15;EA
1057532-244-COT25;50131701;Leche o productos de mantequilla;10 LITROS DE LECHE SIN LACTOSA.;10;LTR
1057532-244-COT25;50192501;Sandwiches y canapés con relleno frescos;160 SANDWICH  JAMON QUESO ( HALLULLA ENVUELTA EN SERVILLETA  Y ALUSA  PRODUCTO FRESCO.;160;EA
1057532-244-COT25;50201713;Bolsitas de te;300 BOLSITA DE TE  X CAJA DE 100;300;BG
1057532-244-COT25;50181905;Galletas dulces o pastelitos;5 KUCHEN O PIE   PARA 30 PERSONA;5;EA
1057532-244-COT25;14111703;Toallas de papel;3 ROLLOS DE TOALLA DE PAPEL X 100 MT CON PREPICADO.;3;RO
1057532-244-COT25;52151504;Tazas o vasos desechables domésticos;300 VASOS DE POLI PAPEL X 250 CC.;300;EA
1057532-244-COT25;52151504;Tazas o vasos desechables domésticos;100  VASOS PLASTICOS TRANSPARENTE X 200 CC.;100;EA
1057532-244-COT25;52151617;Cucharas de madera de uso doméstico;200 UNIDADES DE CUCHARAS PLASTICAS PARA TE;200;EA
1057532-244-COT25;50192501;Sandwiches y canapés con relleno frescos;70 SANDWICH AVE MAYO HALLULLA ENVUELTA EN SERVILLETA CON ALUSA  PRODUCTO FRESCO;70;EA
1057532-244-COT25;50192501;Sandwiches y canapés con relleno frescos;70 SANDWICH  TOMATE QUESO FRESCO Y PEPINILLO HALLULLA ENVUELTA EN SERVILLETA CON ALUSA PRODUCTO FRESCO.;70;EA
1057532-244-COT25;50181905;Galletas dulces o pastelitos;10 PAQUETE DE GALLETA SALADA.;10;PK
1057532-159-COT25;80111504;Formación, capacitación y entrenamiento de personal;CUPOS CURSO ULTRASONIDO EN EMERGENCIAS Y CUIDADOS CRITICOS, DE ACUERDO A LAS ESPECIFICACIONES TÉCNICAS ADJUNTAS.;5;EA
1057532-227-COT25;44111503;Bandejas de correspondencia;Bandeja Organizadora Largo: 20 cm Ancho: 20 cm Material: Acero Color: Gris o Negro;2;EA
1057532-227-COT25;44122105;Clips para carpetas o abrazaderas;Caja Magic Clips Caja de 40 unid Colores surtidos;10;BX
1057532-227-COT25;44122017;Carpetas colgantes o accesorios;Carpetas colgantes, color amarillo / sin accoclips;50;EA
1057532-227-COT25;44122017;Carpetas colgantes o accesorios;Carpetas colgantes, color azul / sin accoclips;50;EA
1057532-227-COT25;44122017;Carpetas colgantes o accesorios;Carpetas colgantes, color verde/ sin accoclips;50;EA
1057532-227-COT25;44122106;Chinches y tachuelas;Chinches Plasticos  Caja de 100 unid Colores surtidos;6;EA
1057532-227-COT25;14111531;Libros o cuadernos de registro;Cuadernos college 80 hojas, matemática;200;EA
1057532-227-COT25;27112401;Pistolas de grapas;"Engrapadora Largo: 20,6 cm Ancho: 18 cm Material: metal Grapas Arrow JT21, 1/4"" 6mm";2;EA
1057532-227-COT25;44122107;Grapas;"Grapas para Engrapadora Caja de 1000 unid Grapas Arrow JT21, 1/4"" 6mm";8;BX
1057532-227-COT25;14111525;Papel multiuso;Hojas de opalina color amarillo claro, Texturizada  1 caja de 100 unidades;1;BX
1057532-227-COT25;14111525;Papel multiuso;Hojas de opalina color blanca, Texturizada  1 caja de 100 unidades;1;BX
1057532-227-COT25;14111525;Papel multiuso;Hojas de opalina color verde agua, Texturizada 1 caja de 100 unidades;1;BX
1057532-227-COT25;14111531;Libros o cuadernos de registro;Libros actas 100 hojas cuadriculado;2;EA
1057532-227-COT25;14111531;Libros o cuadernos de registro;Libros actas 400 hojas cuadriculado;3;EA
1057532-227-COT25;26111702;Pilas alcalinas;Pilas alcainas Doble AA;36;EA
1057532-227-COT25;26111702;Pilas alcalinas;Pilas alcainas Triple AAA;32;EA
1057532-227-COT25;60101328;Tarjetas didácticas de números;Tarjeta kárdex Ctas. Ctes. 5x8 - modelo tipo inventario, Debe - Haber - Saldo;500;EA
1057532-227-COT25;43211708;Trackballs y mouse de computador;Mouse Alambrico/ Con cable USB para conexión Color negro;6;EA
1057532-237-COT25;47131502;Paños de limpieza;Toallitas Desinfectantes Multiuso 35 un. especificar cuantos frascos de paños obtiene cada caja;2;BX
1057532-237-COT25;47131502;Paños de limpieza;Toallas Desinfectante Frescura Cítrica Recarga 35 Un especificar cuantas paquetes de recarga obtiene cada caja;2;BX
1057532-162-COT25;90101701;Gestión de cafetería;servicio se debe efectuar  el día 30 de abril del 2025 en el Edificio Manuel Rodríguez 759 Osorno a contar de las 10 de la mañana, sala de capacitación.;15;EA
1057532-256-COT25;82101502;Publicidad en carteles;2 Pendón  estilo roller 2 mts largo x 1 mt ancho con base aluminio, tela de impresión durable a color y bolso de traslado (Se cuenta con diseño desde comunicaciones)  Segun EETT;2;EA
1057532-268-COT25;50202304;Jugos y néctar envasados;10 CAJAS DE JUGOS  X 200 ML.;10;BX
1057532-268-COT25;50181905;Galletas dulces o pastelitos;10 PAQUETES DE GALLETAS SURTIDA X 400 GRAMOS.;10;PK
1057532-264-COT25;44121615;Corcheteras;2 CORCHETERA 70 CM, ISOFIT;2;EA
1057532-258-COT25;78121601;Servicios de flete;Mudanza para funcionario D. Pamela Catalina Gordillo Lira Dirección de origen: Errazuriz #3411, Dpto C21, Valdivia.  Dirección de Destino: Santiago Rosas #2773, Osorno.;1;EA
1057532-218-COT25;52151618;Paleta de madera para el horno de uso doméstico;2 PAQUETE  DE HELADO DE COLORES SET X 50 UNIDADES.;2;PK
1057532-218-COT25;60121150;Papel Crepé;5 PAQUETE DE PAPEL CREPE  COLOR AZUL.;5;PK
1057532-218-COT25;60121150;Papel Crepé;5 PAQUETES DE PAPEL CREPE COLOR ROJO.;5;PK
1057532-218-COT25;60121150;Papel Crepé;5 PAQUETE DE PAPEL CREPE COLOR BLANCO.;5;PK
1057532-218-COT25;60121150;Papel Crepé;5 PAQUETES DE PAPEL CREPE COLOR NEGRO.;5;PK
1057532-218-COT25;60121150;Papel Crepé;5 PAQUETES DE PAPEL CREPE COLOR ROSADO.;5;PK
1057532-218-COT25;60121150;Papel Crepé;5 PAQUETE DE PAPEL CREPE COLOR VERDE;5;PK
1057532-218-COT25;60121150;Papel Crepé;5 PAQUETE DE PAPEL CREPE COLOR CELESTE.;5;PK
1057532-218-COT25;14111609;Papel para forrar;10 PAPEL DE VOLANTIN;10;EA
1057532-218-COT25;60121236;Pinceles;24 PINCELES;24;EA
1057532-218-COT25;60123601;Pegamento de purpurina;1 CAJA DE PEGAMENTOS EN BARRA.;1;BX
1057532-218-COT25;60121109;Blocs de dibujo;5 BLOCK GRANDE.;5;BLO
1057532-218-COT25;14111705;Servilletas de papel;30 PAQUETES DE SERVILLETA  DE DIFERENTES DISEÑOS PARA TECNICA DECOUPAGE.;30;PK
1057532-218-COT25;60121150;Papel Crepé;5 PAQUETES DE PAPEL CREPE AMARILLO.;5;PK
1057532-218-COT25;31162406;Argollas de zunchamiento o de cercado;10 ARGOLLAS  PARA LLAVERO.;10;EA
1057532-218-COT25;60123202;Cintas de seda;50  CINTAS DE GENERO  DIFERENTES COLORES  0,5 CM X 50 METROS.;50;EA
1057532-218-COT25;60121147;Papel brillante;3 PAQUETES DE ESCARCHA GLITTER;3;PK
1057532-218-COT25;31211704;Selladores;8 FRASCOS DE ADHESIVO Y SELLADOR TIPO DECOUPAGE;8;VI
1057532-218-COT25;11151703;Hilo de poliéster;10 UNIDADES DE HILO DE BORDAR DIVERSOS COLORES.;10;EA
1057532-218-COT25;60122602;Moldes de mosaico;5 MOLDES DE SILICONA;5;EA
1057532-218-COT25;60124320;Compuestos de yeso;40 FIGURAS DE YESO  DE DIFERENTES DISEÑOS (ANIMALES Y CORAZONES );40;EA
1057532-218-COT25;56101606;Maceteros;40 MACETEROS PEQUEÑOS PARA SUCULENTAS  Y/O SOUVENIR EN BRUTO SIN PINTAR PEQUEÑOS.;40;EA
1057532-218-COT25;54121702;Perlas naturales;10 MOSTACILLAS DE 5 GRAMOS C/U.;10;EA
1057532-218-COT25;13101708;Silicona VMQ y PMQ y PVMQ;10 BARRAS DE SILICONA;10;BAR
1057532-218-COT25;60121201;Pintura de témpera líquida tradicional;5 UNIDADES DE TEMPERA POR CAJA  X 20 ML.;5;BX
1057532-218-COT25;14121812;Papel fotográfico;2 PAPEL FOTOGRAFICO POR PAQUETE.;2;PGL
1057532-218-COT25;60121136;Papel celofán;10 PLIEGOS DE PAPEL CELOFAN ( PLIEGOS MIXTO);10;PGL
1057532-218-COT25;14121503;Cartulina;10 CARTULINA DE PAPEL ENTRETENIDO X PAQUETE.;10;PK
1057532-218-COT25;60121109;Blocs de dibujo;5  BLOCK PEQUEÑOS.;5;BLO
1057532-260-COT25;52121602;Servilletas;16 PAQUETES DE SERVILLETAS DE MESA X 50;16;PK
1057532-260-COT25;52151504;Tazas o vasos desechables domésticos;34 PAQUETES DE VASOS DE POLI PAPEL PAQUETES DE 25 UNIDADES.;34;PK
1057532-260-COT25;52151502;Platos desechables domésticos;100 PLATOS DESECHABLE DE CARTON X 25 DE DIAMETRO.;100;EA
1057532-260-COT25;52151617;Cucharas de madera de uso doméstico;6 PAQUETES DE CUCHARS DE MADERA PARA CAFE X 100 UNIDADES;6;PK
1077241-25-COT25;52121703;Toalla de cara;30 Toallas pequeñas de cara de 25 x 25 cm o 30 x 30 cm, blancas o de colores;30;EA
1077241-25-COT25;31241702;Espejos metálicos;1 Espejo para cuerpo completo que tenga sujetador de pie, medida aproximada 160 x 50 cm;1;EA
1077241-25-COT25;42211808;Cortaúñas o limas para personas con discapacidad física;30 unidades de cortauñas de 6 cm o 7 cm;30;EA
1077241-25-COT25;42211808;Cortaúñas o limas para personas con discapacidad física;30 unidades de limas de uñas, puede ser de colores o neutra;30;EA
1077241-25-COT25;60121242;Delantales;30 unidades de delantales tipo mandil para cocinar;30;EA
1057532-259-COT25;14121503;Cartulina;50 PLIEGO DE CARTULINAS DIFERENTE COLORES;50;EA
1057532-259-COT25;60105704;Barras de pegamento libres de ácido;10 BARRA DE PEGAMENTO STICK FIX DE 36 GRS.;10;EA
1057532-259-COT25;14111537;Papel de etiquetas;8 SOBRE ETIQUETA AUTOADHESIVAS BLANCAS 212X138 MM ADETEC;8;EA
1057532-259-COT25;14111537;Papel de etiquetas;7 POST-IT CUBO NEON 5 COLORES DE 76X76 MM DE 500 HOJAS;7;EA
1057532-259-COT25;44121708;Marcadores;15 MARCADORES DE PIZARRA COLORES NEGRO, AZUL, ROJO Y VERDE;15;EA
1057532-259-COT25;44121506;Sobres estándar;150 SOBRE BLANCO EXTRA OFICIO;150;EA
1057532-259-COT25;60123001;Figuras de goma Eva;10 SET DE GOMA SURTIDO COLORES, DE 20X30 CMS.;10;EA
1057532-259-COT25;14111610;Cartulina;15 PLIEGO DE PAPEL CRAFT;15;EA
1057532-259-COT25;60105505;Materiales educativos de decoración o mobiliario del hogar;2 BOLSA DE GLOBOS COLORES SURTIDO, 100 UNIDADES;2;BG
1057532-259-COT25;44121708;Marcadores;6 CAJA LAPIZ SCRIPTO DE 12 COLORES;6;EA
1057532-259-COT25;12352310;Siliconas;20 BARRA DE SILICONA unidades;20;EA
1057532-259-COT25;31201517;Cinta para empaquetar;10 CINTA MASKING TAPE DE 24 MM.;10;EA
1057532-259-COT25;46101504;Pistolas;1 PISTOLA DE SILICONA TAMAÑO 10 W;1;EA
1057532-259-COT25;44102801;Plastificadoras;1 TERMOLAMINDADORA PLASTIFICADORA A4;1;EA
1057532-259-COT25;60121518;Lápices de grafito;1 CAJA DE LAPIZ GRAFITO 12 UNIDADES;1;BX
1057532-259-COT25;47131612;Gomas de repuesto;1 CAJA GOMAS DE BORRAR 20 UNIDADES;1;BX
1057532-259-COT25;60121109;Blocs de dibujo;5	BLOK DE DIBULO N°99 1/8;5;EA
1057532-259-COT25;24111503;Bolsas de plástico;1000 BOLSA TRANSPARENTE DE CELOFAN DE 10X15 CMS, (1000 UNIDADES);1000;EA
1057532-259-COT25;31162504;Soportes para accesorios de alumbrado;1000 AMARRAS METALICAS DIFERENTES COLORES, 1000 UNIDADES;1000;EA
1057532-259-COT25;60124317;Masa de modelado;5 CAJA DE PLASTICINA DE 12 COLORES,;5;BX
1057532-259-COT25;14111606;Papel artístico o papel Kraft;1 ROLLO DE PAPEL CRAFT DE 40X 230 CMS.;1;RO
1057532-259-COT25;14111509;Artículos de papelería;CAJA DE OPALINA BLANCA LISA, TAMAÑO CARTA 200 GRS. 100 UNIDADES;4;RM
1057532-259-COT25;52151507;Bombillas o pajillas para beber;2 SET BOMBILLAS PLASTICAS SURTIDO COLORES PACK DE 100 UNIDADES (TOTAL 200 UNIDADES);2;SOBR
1057532-259-COT25;44121701;Lápiz pasta;1 CAJA LAPIZ PASTA AZUL 50 UNIDADES;1;BX
1057532-259-COT25;44102001;Lámina para plastificar;2 CAJA DE MICA TERMOLAMINAR OFICIO 75 MIC. 100 UNIDADES;2;RM
1057532-272-COT25;82101502;Publicidad en carteles;1 Pendón estilo roller 2 mts largo x 1 mt ancho con base aluminio, tela de impresión durable a color y bolso de traslado (Se cuenta con diseño desde comunicaciones) Segun EET;1;EA
1057532-265-COT25;52161512;Parlantes;"Parlante Karaoke Bluetooth 8"" x2 60W";1;EA
1057532-265-COT25;52161512;Parlantes;Parlante Bluetooth K3 Pro Negro;1;EA
1057532-265-COT25;24122002;Botellas de plástico;Botella deportiva para agua de plástico rígido con bombilla;15;EA
1057532-265-COT25;49161526;Material de entrenamiento de fútbol;Conos de Futbol o Baby, Altura de 23 cm y un diámetro en la base de 14 cm, los conos deportivos lentejas tienen un peso de 100 gramos;10;EA
1057532-265-COT25;42251703;Escaleras de entrenamiento para rehabilitación o terapia;Escalera Deportiva Crossfit De Coordinación 6mts Con Estuche;1;EA
1057532-265-COT25;42251618;Aparatos para ejercicios de rehabilitación o terapia de muñeca;Mancuernas 1 kg, hierro fundido recubierto de vinilo antideslizante de alta calidad. 1 Kg 5 Pares;5;EA
1057532-265-COT25;42251618;Aparatos para ejercicios de rehabilitación o terapia de muñeca;Mancuernas Hexagonal De Vinilo 2kg C/u/ 5 pares;5;EA
1057532-265-COT25;60141102;Juegos de mesa;Juegos  Twister De Mesa Hasbro;1;EA
1057532-265-COT25;49201609;Bandas de resistencia;Banda elástica de resistencia media.Largo: 150 cm.Ancho: 15 cm.Resistencia baja: 0,35 mm.;5;EA
1057532-265-COT25;53102512;pañuelos;10 Pañuelos de cueca de algodón;10;EA
1057532-265-COT25;49201609;Bandas de resistencia;Banda elástica de resistencia media. Largo: 150 cm. Ancho: 15 cm. Resistencia media: 0,45 mm.;5;EA
1077241-24-COT25;44121708;Marcadores;2 marcadores de pizarra negro,  2 marcadores de pizarra azul , 2 marcadores rojos, , según EETT;6;EA
1077241-24-COT25;44111905;Pizarras para plumón y accesorios;Pizarra Acrilica para colgar 90 x 120 cm, según EETT;1;EA
1077241-24-COT25;44121804;Borradores;1 Borrador de franela con 2 imanes, segun EETT;1;EA
1077241-24-COT25;44122011;Carpetas para archivos;30 carpetas de colores plastificadas, segun EETT;30;EA
1077241-24-COT25;55121606;Etiquetas autoadhesivas;30 Stickers de identificacion RECTANGULAR BLANCA 35x70 MM, segun EETT;30;EA
1077241-24-COT25;14111531;Libros o cuadernos de registro;30 Cuadernos simples, corcheteados al lomo, tamaño 18 x 24,5 cm, papel gramaje 50 gr/m2, segun EETT;30;EA
1077241-24-COT25;44121704;Lápiz pasta;50 unidades Lápiz Pasta BPT-P Punta Fina 0.7 Caja 50 Unidades Pilot, segun EETT;50;EA
1077241-26-COT25;53131628;Shampoo;1 Shampoo para el cabello de entre 250 y 400 ml;1;EA
1077241-26-COT25;53131628;Shampoo;1 Balsamo para el cabello entre 250 y 400 ml;1;EA
1077241-26-COT25;53131502;Pasta de dientes;1 Pasta de dientes colgate max white, 160 ml;1;EA
1077241-26-COT25;42281704;Detergentes o limpiadores de instrumentos;1 detergente de loza de 500 ml;1;EA
1077241-26-COT25;47131603;Esponjas;1 esponja de loza 9 x 14 cm aprox;1;EA
1077241-26-COT25;53131503;Cepillos de dientes;30 unidades de cepillos de dientes, en lo posible que sean blandos;30;EA
1057532-242-COT25;47131803;Desinfectantes domésticos;12 UNIDADES DE LIMPIA VIDRIO DE  800 GRAMOS HASTA 1 LITRO.;12;EA
1057532-242-COT25;14111703;Toallas de papel;2 CAJAS DE TOALLA INTERFOLIADAS.;2;BX
1057532-242-COT25;47131604;Escobas;12 PALOS PARA ESCOBA.;12;EA
1057532-251-COT25;51142619;Alcohol aromático de amoniaco;50  ALCOHOL AL 70% PARA USO HUMANO DE LITRO O 800 GRAMOS.;50;EA
1057532-251-COT25;51142619;Alcohol aromático de amoniaco;50 ALCOHOL GEL EE.TT AL 70% 350 ML;50;EA
1057532-251-COT25;47131803;Desinfectantes domésticos;120 TOALLAS DESINFECTANTE;120;EA
1057532-278-COT25;90101701;Gestión de cafetería;120 RACIONES // FECHA DE EJECUCION 22 DE MAYO DEL 2025 // HALL INACAP OSORNO//JORNADA AM Y PM // CONTACTO SRTA BARBARA MENDEZ . barbara.mendez@redsalud.gob.cl;120;EA
1057532-275-COT25;50201709;Café instantáneo;9 CAJAS DE CAFE EN SACHET 1,8 GRAMOS DE 96 UNIDADES CADA CAJA.;9;BX
1057532-275-COT25;50201709;Café instantáneo;5 CAJAS DE CAFE DESCAFEINADO  EN SACHET 1,8 GRAMOS DE 96 UNIDADES CADA CAJA.;5;BX
1057532-275-COT25;50161509;Productos de edulcorantes o azúcares naturales;5 ENDULZANTES LIQUIDO STEVIA 270 ML.;5;BO
1057532-275-COT25;50202304;Jugos y néctar envasados;420 CAJITAS DE JUGOS SIN AZUCAR X 200 ML PAC DE 6 ENVASES CADA UNO.;420;BX
1057532-275-COT25;50201713;Bolsitas de te;300 BOLSAS DE TE CEYLAN  CAJAS DE 40 GRAMOS X 20 BOSAS CADA CAJA.;300;BG
1057532-275-COT25;50201710;Té de hierbas;300 BOLSAS DE TE DE HIERBAS SURTIDA CAJAS DE 20,4 GRAMOS X 20 UNIDADES CADA CAJA.;300;BG
1057532-275-COT25;52121602;Servilletas;16 PAQUETES DE SERVILLETAS X 50 UNIDADES CADA PAQUETE.;16;PK
1057532-275-COT25;52151504;Tazas o vasos desechables domésticos;850 VASOS PARA CAFE DE POLI PAPEL  8OZ PACK DE 25 UNIDADES.;850;EA
1057532-275-COT25;52151502;Platos desechables domésticos;100  PLATOS DE CARTON  DESECHABLE X 25 CM;100;EA
1057532-275-COT25;52151617;Cucharas de madera de uso doméstico;600 CUCHARAS DESECHABLE DE MADERA PARA CAFE.;600;EA
1057532-275-COT25;50181905;Galletas dulces o pastelitos;470 KUCHEN MEISTER SABORES LIMON Y ALMENDRA ( 10 PORCIONES POR UNIDAD);470;EA
1057532-275-COT25;50181909;Galletas saladas;30 PAQUETES DE TRIPAC CRAQUELET 15 PORCIONES X PACK,;30;PK
1057532-275-COT25;50181905;Galletas dulces o pastelitos;30 PAQUETE DE COCTEL MINI TOAST INTEGRAL CASTAÑO 90 GRAMOS.;30;PK
1057532-275-COT25;50181905;Galletas dulces o pastelitos;17 PAQUETES DE GALLETAS DE CHANPAGNE X 110 GRAMOS.;17;PK
1057532-275-COT25;50181905;Galletas dulces o pastelitos;34 PAQUETES  GALLETAS TRITON NARANJA Y LINON WHITE ( 17 PAQUETE DE C/U);34;PK
1057532-275-COT25;50181905;Galletas dulces o pastelitos;17 PAQUETES DE GALLETAS TUAREG  MANGO PIÑA.;17;PK
1057532-275-COT25;50181905;Galletas dulces o pastelitos;18 CAJAS DE ALFAJOR NARANJA BITTER  ENTRELAGOS 40 GRAMOS ( 24 POR CAJA);18;BX
1057532-257-COT25;14111531;Libros o cuadernos de registro;90 Cuaderno Diseño personalizado (diseño en adjunto), dimensiones cuadriculado 6mm*6mm, doble espiral, tapa dura 15*21cm, segun diseño adjunto;90;EA
1057532-257-COT25;44121704;Lápiz pasta;90 Lápiz corporativo de fondo negro con letras blancas y tinta azul, segun diseño adjunto;90;EA
1057532-282-COT25;47131803;Desinfectantes domésticos;6 UNIDADES DE LIMPIA VIDRIOS DE LITRO O EN SU DEFECTO DE 800 GRAMOS.;6;EA
1057532-282-COT25;14111703;Toallas de papel;1 CAJA  DE TOALLAS DE PAPEL INTERFOLIADAS.;1;BX
1057532-282-COT25;47131604;Escobas;6 PALOS DE ESCOBAS  CON ROSCA UNIVERSAL.;6;EA
1057532-287-COT25;50201709;Café instantáneo;9 CAJAS DE CAFE EN SACHET 1,8 GRAMOS DE 96 UNIDADES CADA CAJA.;9;BX
1057532-287-COT25;50201709;Café instantáneo;5 CAJAS DE CAFE DESCAFEINADO EN SACHET DE 1.8 GRAMOS  X 96 CADA CAJA.;5;BX
1057532-287-COT25;50161509;Productos de edulcorantes o azúcares naturales;5 BOTELLAS DE ENDULZANTE STEVIA X 270 ML.;5;BO
1057532-287-COT25;50202304;Jugos y néctar envasados;420 CAJITAS DE JUGO SIN AZUCAR ENVASES DE 200 CC. ( PAC DE 6 ENVASES);420;BX
1057532-287-COT25;50201713;Bolsitas de te;300 BOLSITAS DE TE CEYLAN CAJAS DE 20 UNIDADES.;300;BG
1057532-287-COT25;50181905;Galletas dulces o pastelitos;470 UNIDADES  KUCHEN MEISTER SABORES LIMON Y ALMENDRA 10 PORCIONES POR UNIDAD.;470;EA
1057532-287-COT25;50181905;Galletas dulces o pastelitos;30 PAQUETES DE TRIPAC CRAQUELET 15 PORCIONES POR PAC.;30;PK
1057532-287-COT25;50181905;Galletas dulces o pastelitos;30 PAQUETES DE COCTEL MINI TOAST INTEGRAL CASTAÑO X 90 GRAMOS.;30;PK
1057532-287-COT25;50181905;Galletas dulces o pastelitos;17 PAQUETES DE GALLETAS DE CHANPAGNE  X 110 GRAMOS;17;PK
1057532-287-COT25;50181905;Galletas dulces o pastelitos;34 PAQUETES DE GALLETAS  TRITON ( NARANJA Y LIMON);34;PK
1057532-287-COT25;50201710;Té de hierbas;300 BOLSAS DE TE DE HIERBA SURTIDA CAJAS X 20 UNIDADES.;300;BG
1057532-287-COT25;50181905;Galletas dulces o pastelitos;17 PAQUETES DE GALLETAS TUAREG MANGO PIÑA;17;PK
1057532-287-COT25;50181905;Galletas dulces o pastelitos;18 CAJAS DE ALFAJOR NARANJA BITER ENTRELAGOS 40 GRAMOS 24 X CAJA;18;BX
1057532-290-COT25;78121601;Servicios de flete;Mudanza para funcionario D. TOMÁS ANDRÉS MENDOZA BURGOS Dirección de origen: GENERAL CAROL URZÚA 7030, DEPARTAMENTO 103-B, Las condes, Santiago. Dirección de Destino: AVENIDA FRANCIA 1787, TORRE 3, DEPARTAMENTO 401 (DIRECCIÓN DE INGRESO A CONDOMINIO: AVENIDA FRANCIA 1771), OSORNO FECHA DE TRASLADO 02.05.2025;1;EA
1057532-261-COT25;44121701;Lápiz pasta;100 Lapiz Pasta Azul, según EETT;100;EA
1057532-261-COT25;44121708;Marcadores;24 plumones ( Rojos- Negro-Verde ), según EETT;24;EA
1057532-261-COT25;14111509;Artículos de papelería;100 Hojas de Opalina Carta, según EETT;100;EA
1057532-261-COT25;44103502;Cubiertas de encuadernación;100 Mica Termolaminadora, según EETT;100;EA
1057532-261-COT25;53121602;Bolsas de lona;100 Bolsas Ecologicas 40cmx60cm, según EETT;100;EA
1057532-261-COT25;55121606;Etiquetas autoadhesivas;100 credenciales adhesivas, según EETT;100;EA
1057532-236-COT25;47131801;Limpiadores de suelos;VIRUTILLA PISO GRUESA;50;EA
1057532-236-COT25;47131801;Limpiadores de suelos;VIRUTILLA PISO FINA;50;EA
1057532-236-COT25;47121605;Limpiadores de suelo;REMOVEDOR INDUSTRIAL DE CERA PISO FLOTANTE X 5 LT;5;EA
1057532-236-COT25;47131609;Magos para escobas o traperos;TRAPEROS HUMEDOS X 10 unidades;20;EA
1057532-236-COT25;47131805;Limpiadores de uso general;LIMPIADOR CON MANGO EXTENSIBLE HASTA 78CM;6;EA
1057532-236-COT25;47131805;Limpiadores de uso general;ESCOBILLA DE WC CON BASE;6;EA
1057532-236-COT25;47131615;Escobillones;CEPILLO DE PLASTICO USO RUDO PARA PISO 30CM;4;EA
1057532-236-COT25;53102512;pañuelos;PAÑUELOS DESECHABLES CAJA 90 UNIDADES;200;BX
1057532-236-COT25;31241602;Discos de cristal;DISCOS DE LIMPIEZA 17” (6 NEGROS Y 6 BLANCOS);12;EA
1057532-263-COT25;44111503;Bandejas de correspondencia;Bandeja Organizadora Largo: 20 cm Ancho: 20 cm Material: Acero Color: Gris o Negro;2;EA
1057532-263-COT25;44122105;Clips para carpetas o abrazaderas;Caja Magic Clips Caja de 40 unid Colores surtidos;10;BX
1057532-263-COT25;44122106;Chinches y tachuelas;Caja de Chinches Plásticos Caja de 100 unid Colores surtidos;6;BX
1057532-263-COT25;27112401;Pistolas de grapas;"Engrapadora Largo: 20,6 cm Ancho: 18 cm Material: metal Grapas Arrow JT21, 1/4"" 6mm";2;EA
1057532-263-COT25;44122107;Grapas;"Grapas para Engrapadora Caja de 1000 unid Grapas Arrow JT21, 1/4"" 6mm";8;BX
1057532-263-COT25;14111525;Papel multiuso;Hojas de opalina color amarillo claro, Texturizada 1 caja de 100 unidades;1;BX
1057532-263-COT25;14111525;Papel multiuso;Hojas de opalina color blanca, Texturizada 1 caja de 100 unidades;1;BX
1057532-263-COT25;14111525;Papel multiuso;Hojas de opalina color verde agua, Texturizada 1 caja de 100 unidades;1;BX
1057532-263-COT25;43211708;Trackballs y mouse de computador;Mouse Alámbrico/ Con cable USB para conexión Color negro;6;EA
1057532-263-COT25;60101328;Tarjetas didácticas de números;Tarjeta kárdex Ctas. Ctes. 5x8 - modelo tipo inventario, Debe - Haber - Saldo;500;EA
1057532-279-COT25;52151504;Tazas o vasos desechables domésticos;300 UNIDADES DE VASOS DE POLI PAPEL.;300;EA
1057532-279-COT25;52151617;Cucharas de madera de uso doméstico;300 UNIDADES DE CUCHARAS DE MADERA.;300;EA
1057532-279-COT25;43202211;Platos o discos;30 BOWL COMPOSTABLE DE CARTON;30;EA
1057532-285-COT25;50201709;Café instantáneo;3 TARROS DE CAFE DESCAFEINADO X 170 GRAMOS.;3;JR
1057532-285-COT25;50181905;Galletas dulces o pastelitos;30 PAQUETES DE GALLETAS VARIEDAD.;30;PK
1057532-285-COT25;50201709;Café instantáneo;3 TARRO DE NESCAFE X 170 GRAMOS;3;JR
1057532-285-COT25;50221202;Cereales en barra;100 BARRAS DE CEREAL.;100;BAR
1057532-285-COT25;50192110;Nueces o frutos secos;50 PAQUETES DE FRUTOS SECOS  X 150 GRAMOS.;50;PK
1057532-285-COT25;50201713;Bolsitas de te;300 BOLSITAS DE TE EN CAJA DE 100 UNIDADES.;300;BG
1057532-285-COT25;50161509;Productos de edulcorantes o azúcares naturales;3 BOTELLAS DE ENDULZANTE  X 270 ML.;3;BO
1057532-285-COT25;50101634;Fruta fresca;250 NARANJAS ( 30 UNIDADES DEBEN SER ENTREGADAS  EL 12 DE MAYO, LO RESTANTE PARA OTRA ACTIVIDAD POR LO TANTO LA ENTEGA ES PARCIALIZADA.;250;EA
1057532-285-COT25;50181905;Galletas dulces o pastelitos;100 GALLETONES DE AVENA.;100;EA
1057532-262-COT25;50201706;Café;9 CAJAS DE CAFE EN SACHETS 1,8 GRAMOS DE 96 UNIDADES C/U.;9;EA
1057532-262-COT25;50201706;Café;9 UNIDADES  DE CAJAS DE CAFE  DESCAFEINADO  EN SACHET 1./ GRAMOS DE 96 UNIDADES C/U.;9;EA
1057532-262-COT25;50161509;Productos de edulcorantes o azúcares naturales;5 FRASCOS  DE ENDULZANTE LIQUIDO  STEVIA X 270 ML.;5;VI
1057532-262-COT25;50202304;Jugos y néctar envasados;420 UNIDADES DE JUGOS SIN AZUCAR X 200 ML;420;EA
1057532-262-COT25;50201713;Bolsitas de te;15 CAJAS  DE TE CEYLAN  X 20 UNIDADES.;15;BX
1057532-262-COT25;50201710;Té de hierbas;15 CAJAS DE TE DE HIERBAS  X 20 UNIDADES C/U.;15;BX
1057532-262-COT25;50181905;Galletas dulces o pastelitos;42 KUCHEN MEISTER SABORES LIMON Y ALMENDRA 10 PORCIONES POR UNIDAD.;42;EA
1057532-262-COT25;50181905;Galletas dulces o pastelitos;30 PAQUETES DE GALLETAS TRIPACK CRAQUELET;30;PK
1057532-262-COT25;50181905;Galletas dulces o pastelitos;30 PAQUETES DE GALLETAS COCTEL MINI TOAST INTEGRAL CASTAÑO 90 GRAMOS.;30;PK
1057532-262-COT25;50181905;Galletas dulces o pastelitos;105 UNIDADES DE BROWNIE NUECES CASTAÑO SIN AZUCAR X 4 UNIDADES C/U.;105;EA
1057532-262-COT25;50181905;Galletas dulces o pastelitos;17 PAQUETES DE GALLETAS DE CHAMPAÑA;17;PK
1057532-262-COT25;50181905;Galletas dulces o pastelitos;34 PAQUETES DE GALLETAS DE TRITON NARANJA Y LIMON WHITE;34;PK
1057532-262-COT25;50192110;Nueces o frutos secos;420 PAQUETES DE MIX FRUTOS SECOS 30 GRAMOS C/U.;420;PK
1057532-262-COT25;50181905;Galletas dulces o pastelitos;17 PAQUETES DE GALLETAS TUAREG MANGO PIÑA;17;PK
1057532-262-COT25;50181905;Galletas dulces o pastelitos;ALFAJOR NARANJA BITTER ENTRELAGOS 40 GRAMOS ( 24 UNIDADES POR CAJA);18;BX
1057532-262-COT25;50181905;Galletas dulces o pastelitos;420 PAQUETES  DE GALLETAS DELICIA FRAMBUESA NUTRA BIEN X 42 GRAMOS.;420;PK
1057532-281-COT25;51142619;Alcohol aromático de amoniaco;6 LITROS DE ALCOHOL AL 70% PARA USO EN HUMANO LITRO O EN SU DEFECTO 800 GRAMOS.;6;LTR
1057532-281-COT25;51142619;Alcohol aromático de amoniaco;30 ALCOHOL GEL  AL 70% X 35 ML.;30;EA
1057532-281-COT25;47131803;Desinfectantes domésticos;55 PAQUETES DE TOALLITAS DESINFECTANTES;55;PK
1057532-276-COT25;52151504;Tazas o vasos desechables domésticos;PACK DE VASOS DE POLIPAPEL BEBIDA CALIENTE 240 CC./08 OZ, 50 UNIDADES;10;PACK
1057532-276-COT25;52151617;Cucharas de madera de uso doméstico;PACK DE CUCHARAS DE MADERA CAFE, DE 100 UNIDADES;2;PACK
1057532-276-COT25;52151502;Platos desechables domésticos;PLATOS ECOLOGICOS BIODEGRADABLES 18 CMS. APROX.;50;EA
1057532-274-COT25;50201706;Café;CAJA CAFE NESCAFE O SIMILAR EN SACHETS, 96 UNIDADES;6;BX
1057532-274-COT25;50201710;Té de hierbas;CAJA TE LIPTON O SIMILAR EN BOLSITA, 100 UNIDADES;3;BX
1057532-274-COT25;50161814;Dulces con azúcar o sustitutos;BOLSA GOMITAS FRUGELE O SIMILARES 100 UNIDADES;5;BG
1057532-274-COT25;50161813;Dulces de chocolate o sustitutos;CAJA BOMBOM O SIMILAR 30 UNIDADES;4;BX
1057532-274-COT25;50181905;Galletas dulces o pastelitos;GALLETAS TRITON O SIMILARES(40), GALLETAS AVENA O SIMILARES (30), GRETEL O SIMILARES VARIEDADES (50),  GALLETAS MANTEQUILLA, LIMON, ETC (20), GALLETAS GRILL CLASICA SALADAS DE 140 GRS O SIMILARES (30);170;PK
1057532-274-COT25;50161509;Productos de edulcorantes o azúcares naturales;BOTELLA ENDULZANTE 180 ML;1;EA
1057532-288-COT25;90101701;Gestión de cafetería;Jornada AM -	1 Café con leche para cortar -	1 Jugos -	2 Mini Sandwich variedad de pastas. (2pp) -	1 porciones de repostería (2 pp) -       2 brochetas de fruta para 25 personas La actividad se realizara el dia 8 de Mayo;25;EA
1057532-286-COT25;51191905;Suplementos vitamínicos;Complejo B, Vitaminas B1 100 mg /B6 100 mg/ B12 10.000 mcg, Ampolla 3ml.;300;EA
1057532-294-COT25;52141523;Hervidores y teteras;1 TERMO HERVIDOR.;1;EA
1057532-289-COT25;44122011;Carpetas para archivos;carpetas de cartulina color azul, con elásticos, tamaño oficio.;300;EA
1057532-289-COT25;53121608;Bolsas para compras;Bolsas ecológicas, color azul o negro, 41x35x12, con 2 asas con logo de inmunizaciones. con estampado, se adjunta Diseño del logo;300;EA
1057532-289-COT25;14111525;Papel multiuso;caja de 100 hojas de opalinas tamaño carta, color blanco 200 o 250 grs.;3;BX
1057532-289-COT25;14111531;Libros o cuadernos de registro;Cuaderno tamaño pequeño (18 x 13 cms) ecológico, 80 a 100 hojas cuadriculadas o lineal, con doble espiral y lápiz pasta azul o negro incorporado, con sujetador elástico.;300;EA
1057532-292-COT25;50201710;Té de hierbas;200 BOLSAS DE TE DE HIERBAS SURTIDAS CADA CAJA DE 50 UNIDADES.;200;BG
1057532-292-COT25;50181905;Galletas dulces o pastelitos;200 PAQUETES DE GALLETAS ( CHOCO CHIPS NEGRO//CHAMPAÑA// SABOR A MANGO// SABOR A COCO//CHOCOLATE//SABOR VAINILLA.;200;PK
1057532-292-COT25;50192110;Nueces o frutos secos;5 KILOS DE  MIX DE  FRUTOS SECOS ( ALMENDRA SIN TOSTAR//CRANBERRY//MANI SALADO// SEMILLA DE ZAPALLO SIN TOSTAR// MARAVILLA PELADA SIN TOSTAR.;5;KGM
1057532-292-COT25;50161814;Dulces con azúcar o sustitutos;10 KILOS DE CARAMELOS VARIADOS SABORES ( CARAMELOS TOFFEE// FRUGELE// CARAMELOS// MASTICABLES//GOMITAS,// ETC.;10;KGM
1057532-292-COT25;50201709;Café instantáneo;7 TARROS DE CAFE INSTANTANEO DE 210 GRAMOS CADA UNO.;7;JR
1057532-292-COT25;50201713;Bolsitas de te;400 BOLSITAS DE TE CAJAS DE 100 UNIDADES.;400;BG
1057532-292-COT25;50161509;Productos de edulcorantes o azúcares naturales;800 SACHETS DE AZUCAR;800;BG
1057532-292-COT25;50161509;Productos de edulcorantes o azúcares naturales;7 BOTELLAS DE DE ENDULZANTES LIQUIDOS DE SUCRALOSA DE 180 CC.;7;BO
1057532-293-COT25;52151617;Cucharas de madera de uso doméstico;600 CUCHARAS  DE MADERA PARA CAFE;600;EA
1057532-293-COT25;52151504;Tazas o vasos desechables domésticos;600 VASOS DE POLI PAPEL;600;EA
1057532-293-COT25;52151502;Platos desechables domésticos;200 UNIDADES DE PLATOS DE CARTON DESECHABLE.;200;EA
1057532-293-COT25;52151704;Cucharas domésticas;600 UNIDADES DE REVOLVEDORES DE MADERA.;600;EA
1057532-293-COT25;14111705;Servilletas de papel;3 PAQUETES DE  SERVILLETA DE 200 UNIDADES C/U.;3;PK
1057532-291-COT25;90101701;Gestión de cafetería;SERVICIO DE CAFETERIA DISTRIBUIDAS EN DIFERENTES JORNADAS  DE ACUERDO A DETALLE EN TABLA.;1645;EA
1057532-301-COT25;51142619;Alcohol aromático de amoniaco;20 FRASCOS DE ALCHOL GE  AL 70% X 35 ML.;20;VI
1057532-301-COT25;51142619;Alcohol aromático de amoniaco;6 LITROS DE ALCOHOL AL 70% PARA USO HUMANO O EN 800 GRAMOS.;6;LTR
1057532-301-COT25;47131803;Desinfectantes domésticos;55 PAQUETES DE  TOALLITAS DESINFECTANTES.;55;PK
1057532-271-COT25;72102602;Instalación de ventanas, puertas o accesorios;Confección e Instalación de Tabique Vidriado según especificaciones técnicas que se adjuntan como anexos a la presente.;1;000
1077241-28-COT25;52121703;Toalla de cara;30 Toallas pequeñas de cara de 25 x 25 cm o 30 x 30 cm, blancas o de colores;30;EA
1077241-28-COT25;31241702;Espejos metálicos;1 Espejo para cuerpo completo que tenga sujetador de pie, medida aproximada 160 x 50 cm;1;EA
1077241-28-COT25;42211808;Cortaúñas o limas para personas con discapacidad física;30 unidades de cortauñas de 6 cm o 7 cm;30;EA
1077241-28-COT25;42211808;Cortaúñas o limas para personas con discapacidad física;30 unidades de limas de uñas, puede ser de colores o neutra;30;EA
1077241-27-COT25;60121242;Delantales;30 DELANTALES tipo mandil para cocina;30;EA
1057532-295-COT25;78111808;Arriendo de vehículos;Ofertar de acuerdo a especificaciones técnicas adjuntas. Leer atentamente.;2;EA
1057532-300-COT25;90101801;Comidas preparadas para llevar;El Desayuno de la mañana debe incluir: o Liquido caliente, 2 opciones: Leche descremada, te más endulzante (Stevia). Servido en una taza de loza de 200cc de capacidad, de color blanco, con agarradera para facilitar su consumo o Pan: molde integral o blanco 2 rebanadas + 1 agregado salado o dulce, según especificaciones de nutricionista encargada del servicio de alimentación.;600;EA
1057532-300-COT25;90101801;Comidas preparadas para llevar;Entrada: ensalada, de fácil deglución y digestibilidad apropiada para el grupo etario, para el servicio de almuerzo se requiere un régimen blando liviano hiposódico que debe estar constituido por una base proteica + agregado + postre + liquido. Según requerimiento de nutricionista. El requerimiento contempla un estimado de 40 almuerzos distribuidos en 2 grupos en diferentes horarios, de lunes a jueves. Para el día viernes se estima un requerimiento estimado de 20 almuerzos en jornada de mañana.;1200;EA
1057532-226-COT25;30151901;Toldos;3 Toldos Azules 3x3mts según EETT;3;EA
1057532-297-COT25;80111504;Formación, capacitación y entrenamiento de personal;CURSO DE PROTECCIÓN RADIOLÓGICA, DE ACUERDO A LAS ESPECIFICACIONES TÉCNICAS ADJUNTAS.;1;EA
1057532-303-COT25;82101501;Letreros publicitarios;1 PENDON ROLLER CON BOLSO Y BASE DE 80 CM X 1,80.;1;EA
1057532-266-COT25;11111601;Yeso;40 FIGURAS DE YESO DE DIFERENTES DISEÑOS ( ANIMALES Y CORAZONES);40;EA
1057532-266-COT25;11111601;Yeso;40 MACETEROS PEQUEÑOS PARA SUCULENTAS O SOUVENIR EN BRUTO SIN PINTAR PEQUEÑOS.;40;EA
1057532-267-COT25;60131803;Aros o bastones de ritmo;10 ARGOLLA PARA LLAVERO.;10;EA
1057532-267-COT25;60123202;Cintas de seda;50 CINTAS DE GENERO DIFERENTES COLORES 0,5 CM POR 50 METROS.;50;EA
1057532-267-COT25;31211704;Selladores;8 ADHESIVOS Y SELLADOR TIPO DECOUPAGE FRASCO.;8;VI
1057532-267-COT25;11151703;Hilo de poliéster;10 HILOS DE BORDAR DIVERSOS COLORES.;10;EA
1057532-267-COT25;24112504;Cajas moldeadas;5 MOLDES DE SILICONAS.;5;EA
1057532-267-COT25;52121602;Servilletas;30 SERVILLETAS DIFERENTES DISEÑOS PARA TECNICA DECOUPAGE.;30;EA
1057532-270-COT25;14121903;Papel prensa de gran brillo;3 PAQUETES DE ESCARCHA GLITTER.;3;PK
1057532-270-COT25;12352310;Siliconas;2 PISTOLAS DE SILICONA.;2;EA
1057532-270-COT25;54121701;Perlas cultivadas;10 FRASCOS DE MOSTACILLA X 5 GRAMOS.;10;VI
1057532-270-COT25;13101708;Silicona VMQ y PMQ y PVMQ;10 BARRAS DE SILICONA.;10;BAR
1057532-270-COT25;60121201;Pintura de témpera líquida tradicional;5 CAJAS DE TEMPERA  X 20 ML;5;BX
1057532-270-COT25;14121812;Papel fotográfico;2 PAPEL FOTOGRAFICOS;2;PK
1057532-270-COT25;52151618;Paleta de madera para el horno de uso doméstico;2 PAQUETES DE PALOS DE HELADOS  DE COLORES SET DE 50 UNIDADES.;2;PK
1057532-270-COT25;60121150;Papel Crepé;40 PAQUETES PAQUETES DE PAPEL CREPE ( AZUL/ROJO/BLANCO/NEGRO/ROSADO/VERDE/CELESTE/AMARILLO) 5 DE C/U.;40;PK
1057532-270-COT25;60121136;Papel celofán;10 PAQUETES DE PAPEL CELOFAN PLIEGOS MIXTO.;10;PK
1057532-270-COT25;14121503;Cartulina;10 CARTULINAS EN PAQUETES.;10;PK
1057532-270-COT25;30161502;Papeles pintados;10 PAQUETES DE PAPEL VOLANTIN.;10;PK
1057532-270-COT25;60121236;Pinceles;2 SET DE PINCELES 12 CADA PAQUETE.;2;PK
1057532-270-COT25;60123601;Pegamento de purpurina;1 CAJA DE PEGAMENTOS EN BARRA.;1;BX
1057532-270-COT25;60121109;Blocs de dibujo;5 BLOCK GRANDES;5;BLO
1057532-270-COT25;60121109;Blocs de dibujo;5 BLOCK PEQUEÑOS.;5;BLO
1057532-304-COT25;53111601;Zapatos de hombre;Zapatos de Seguridad / Según Especificaciones adjuntas.;2;PR
1057532-302-COT25;44122011;Carpetas para archivos;carpetas de cartulina color azul, con elásticos, tamaño oficio.;300;EA
1057532-302-COT25;14111525;Papel multiuso;caja de 100 hojas de opalinas tamaño carta, color blanco 200 o 250 grs.;3;BX
1057532-302-COT25;14111531;Libros o cuadernos de registro;Cuaderno tamaño pequeño (18 x 13 cms) ecológico, 80 a 100 hojas cuadriculadas o lineal, con doble espiral y lápiz pasta azul o negro incorporado, con sujetador elástico.;300;EA
1057532-302-COT25;53121608;Bolsas para compras;olsas ecológicas, color azul o negro, 41x35x12, con 2 asas con logo de inmunizaciones. con estampado, se adjunta Diseño del logo;300;EA
1057532-299-COT25;41112213;Termómetros de mano;2 TERMOHIGRÓMETRO, SEGUN EETT;2;EA
1077241-30-COT25;14111610;Cartulina;20 Cartulinas colores primarios pliego ( azul, amarillo, rojo, verde);20;EA
1077241-30-COT25;14121503;Cartulina;20 Cartulina Metalizadas Pliego;20;EA
1077241-30-COT25;14111507;Papel para fotocopiadora o impresora;"12 Resma Papel Tamaño Carta tipo Equalit 500 Hojas""";12;RM
1077241-30-COT25;44121701;Lápiz pasta;5 Caja de lapices azules marca bic;5;BX
1077241-30-COT25;12352310;Siliconas;100 Barras de silicona unidades tipo artel;100;EA
1077241-30-COT25;60105704;Barras de pegamento libres de ácido;20 Barra de pegamento tipo marca stick-fix;20;EA
1077241-30-COT25;60121124;Papel kraft;50 papel kraft papel de pliego grande;50;EA
1077241-30-COT25;44121708;Marcadores;10	 Plumón Rojo tipo Artel pizarra 10	 Plumón Negro tipo Artel pizarra;20;EA
1077241-30-COT25;14111509;Artículos de papelería;100 unidades opalina 200g Hoja tamaño oficio 100U;100;EA
1057532-296-COT25;47121702;Envases para residuos o forros rígidos;"Contenedor Color ""negro"" de acuerdo a especificaciones técnicas adjuntas.";8;EA
1057532-296-COT25;47121702;Envases para residuos o forros rígidos;"Contenedor Color ""amarillo"" de acuerdo a especificaciones técnicas adjuntas.";3;EA
1180747-29-COT25;56112106;Banquetas;Butacas / Según Especificaciones Adjuntas;3;EA
1180747-29-COT25;56101504;Sillas;Sillas Ergonómicas Clínicas / Según Especificaciones Adjuntas;7;EA
1180747-29-COT25;56101519;Mesas;Mesa de Comer / Según Especificaciones Adjuntas;2;EA
1180747-29-COT25;56101504;Sillas;Silla de Casino / Según Especificaciones Adjuntas;6;EA
1180747-29-COT25;56101504;Sillas;Silla de Visita / Según Especificaciones Adjuntas;10;EA
1057922-32-COT25;47121702;Envases para residuos o forros rígidos;Set de Contenedores 45 L., Según especificaciones adjuntas;1;KIT
1077241-31-COT25;90101701;Gestión de cafetería;Servicio de Cafeteria para 70 usurios, Dependencias del SSO ubicadas en Avenida Manuel Rodríguez N°759, 2do piso, Osorno Horarios servicios de cafe-tería a entregar 10:30 hrs. obserbar anexo adjunto y cumplir con todas las especificcaiones tecnicas solicitas;70;EA
1057532-305-COT25;90101701;Gestión de cafetería;Servicio de Cafeteria para 213 raciones en horario AM se adjuntan las especificaciones tecnicas, las que debe aceptar y firmar.;213;EA
1057532-305-COT25;90101701;Gestión de cafetería;Servicio de Cafeteria para 213 raciones en horario PM se adjuntan las especificaciones tecnicas, las que debe aceptar y firmar.;213;EA
1057532-314-COT25;46181504;Guantes protectores;Guantes de Nitrilo Texturizados ALTA RESISTENCIA / Según Especificaciones Adjuntas;12;BX
1057532-314-COT25;46181504;Guantes protectores;Guantes Palma de Nitrilo / Según Especificaciones Adjuntas;8;PR
1057532-317-COT25;60102301;Libros de actividades de lectura;"Libro ""Alicia y la Barriga Maravillosa (Autora: Nazareth Castellanos)""";1;EA
1057532-317-COT25;60102301;Libros de actividades de lectura;"Libro ""Autocompasión Fiera (Kristin Neff)""";1;EA
1057532-317-COT25;60102301;Libros de actividades de lectura;"Libro ""Las princesas también se tiran pedos (Lian Brenman Ionit Zilberman)""";1;EA
1057532-317-COT25;60102301;Libros de actividades de lectura;"Libro ""Hábitos atómicos (Autor: James Clear)""";1;EA
1057532-317-COT25;60102301;Libros de actividades de lectura;"Libro ""Nacer Niña (autora Alice Dussutour)""";1;EA
1057532-317-COT25;60102301;Libros de actividades de lectura;"Libro ""Marilú ¿Quién eres tú? (Autora: trinidad castro)""";1;EA
1057532-317-COT25;60102301;Libros de actividades de lectura;"Libro ""Niñas y niños feministas (blanca Lacasa y Luis Amavisca)""";1;EA
1057532-317-COT25;60102301;Libros de actividades de lectura;"Libro ""Tu cuerpo es único (Jessica Sanders Carol Rossetti)""";1;EA
1057532-317-COT25;60102301;Libros de actividades de lectura;"Libro ""¿Por qué no puedo parar de comer? Diario para sanar el hambre emocional (Autora: Karolina Lama)""";1;EA
1057532-317-COT25;60102301;Libros de actividades de lectura;"Libro ""Maternidad Azul vivir con un hijo en las estrellas (Autora: Stephanie Galán)""";1;EA
1057532-298-COT25;76111601;Servicios de limpieza de azulejos o techos acústicos;Limpieza de cubierta edificio Matta (sector cocina), de acuerdo a Especificaciones Técnicas adjuntas.;1;EA
1057532-315-COT25;91111901;Jardines infantiles o salas cunas;CUPOS DE SALA CUNA EN LA CIUDAD DE OSORNO, POR UN PERIODO DE UN MES, DE ACUERDO A LOS TÉRMINOS DE REFERENCIA ADJUNTOS.;11;EA
1057532-283-COT25;44121701;Lápiz pasta;100 Lapiz Pasta Azul, según EETT;100;EA
1057532-283-COT25;44121708;Marcadores;24 plumones ( Rojos- Negro-Verde ), según EETT;24;EA
1057532-283-COT25;14111509;Artículos de papelería;100 Hojas de Opalina Carta, según EETT;100;EA
1057532-283-COT25;44103502;Cubiertas de encuadernación;100 Mica Termolaminadora, según EETT;100;EA
1057532-283-COT25;55121606;Etiquetas autoadhesivas;100 etiquetas adhesivas con nombre, según EETT;100;EA
1180747-23-COT25;60105203;Materiales educativos de preparación para exámenes;kit de examen pectoral que permite identificar y enseñar distintas patologías de las mamas. Entrene sobre la localización de quistes y tumores en modelos de aspectos realista empleando un ultrasonido real. Debe contener todo lo dispuesto en Especificaciones Técnicas Adjuntas.;1;KIT
1180747-28-COT25;52161505;Televisores convencionales, de plasma y LCD;Televisor / Según Especificaciones Adjuntas;1;EA
1180747-27-COT25;52141501;Refrigeradores domésticos;Freezer / Según Especificaciones Adjuntas;1;EA
1180747-27-COT25;52141523;Hervidores y teteras;Hervidor / Según Especificaciones Adjuntas;1;EA
1180747-27-COT25;52141601;Lavadoras domésticas;Lavadora + Secadora / Según Especificaciones Adjuntas;1;EA
1180747-27-COT25;52141502;Hornos microondas domésticos;Microondas / Según Especificaciones Adjuntas;1;EA
1180747-27-COT25;52141501;Refrigeradores domésticos;Refrigerador 120 lts / Según Especificaciones Adjuntas;1;EA
1180747-27-COT25;52141501;Refrigeradores domésticos;Refrigerador Mediano / Según Especificaciones Adjuntas;1;EA
1180747-26-COT25;52161512;Parlantes;Equipo de Música / Según Especificaciones Adjuntas;1;EA
1180747-25-COT25;41111509;Básculas de suelo o plataforma;Balanza con Plataforma / Según Especificaciones Adjuntas;1;EA
1180747-6-COT25;42181608;Accesorios de instrumental de medición de la tensión arterial;Esfigmomanómetro Aneroide Según Especificaciones Técnica  Adjuntas;3;EA
1180747-12-COT25;56101504;Sillas;Banquetas 5 Cuerpos / Según Especificaciones Adjuntas;3;EA
1180747-12-COT25;56101504;Sillas;Sillas Ergonométricas Clínicas / Según Especificaciones Adjuntas;7;EA
1180747-12-COT25;56101504;Sillas;Silla de Casino / Según Especificaciones Adjuntas;6;EA
1180747-12-COT25;56101519;Mesas;Mesa Comer / Según Especificaciones Adjuntas;2;EA
1180747-12-COT25;56101504;Sillas;Silla de Visita / Según Especificaciones Adjuntas;10;EA
1180747-18-COT25;60105203;Materiales educativos de preparación para exámenes;Simulador de Examen Cervical y Prueba de Papanicolaou y VPH, debe cumplir con especificaciones adjuntas.;1;KIT
1180747-18-COT25;60105203;Materiales educativos de preparación para exámenes;SIMULADO EDUCATIVO DE AUTOEXAMEN DE MAMAS, debe cumplir con especificaciones adjuntas.;1;KIT
1180747-22-COT25;60105203;Materiales educativos de preparación para exámenes;Simulador realista de examen cervical y prueba de papanicolaou. Ideal para que estudiantes practiquen exámenes externos e internos, inserción de espéculo y técnicas de toma de muestras citológicas . Incluye lo dispuesto en Especificaciones Técnicas Adjuntas.;1;KIT
1077241-33-COT25;53131609;Protector solar;06 Unidades de Protector solar FPS 50 de 1000 ml  Según Especificaciones Técnicas Adjuntas.;6;EA
1077241-35-COT25;93131608;Servicios de suministro de alimentos;20 COLACIONES VER ARCHIVO ADJUNTO.;20;EA
1057532-326-COT25;52151504;Tazas o vasos desechables domésticos;350 VASOS DE POLI PAPEL DE 250 CC.;350;EA
1057532-326-COT25;52151617;Cucharas de madera de uso doméstico;100 CUCHARAS DE MADERA DESECHABLE PARA CAFE.;100;EA
1057532-327-COT25;14111703;Toallas de papel;1 ROLLO DE TOALLA DE PAPEL PREPICADA DE 100 METROS.;1;RO
1057532-328-COT25;50202310;Agua mineral;7 BOTELLAS DE AGUA MINERAL  FORMATO DE 1,5 LITROS.;7;BO
1057532-328-COT25;50202301;Agua;7 BOTELLAS DE AGUA SABORIZADA , DIFERENTES SABORES FORMATO DE 1,5 LITROS.;7;BO
1057532-328-COT25;50161509;Productos de edulcorantes o azúcares naturales;4 KILOS DE AZUCAR  FORMATO DE KILO.;4;KGM
1057532-328-COT25;50201709;Café instantáneo;2 TARROS DE NESCAFE X 400 RAMOS CADA UNO.;2;JR
1057532-328-COT25;50101634;Fruta fresca;50 NARANJAS.;50;EA
1057532-328-COT25;50101634;Fruta fresca;50 MANZANAS;50;EA
1057532-328-COT25;50192110;Nueces o frutos secos;150 UNIDADES DE FRUTOS SECOS  MIX BRI SNACKS/ MIX ENERGIA  30 GRAMOS PRESENTACION CAJA DE 50 UNIDADES.;150;EA
1057532-328-COT25;50181905;Galletas dulces o pastelitos;25 PAQUETES DE GALLETAS  DULCES ENTRE 120 A 140 GRAMOS VARIEDADES.;25;PK
1057532-328-COT25;50181909;Galletas saladas;15 PAQUETES DE GALLETAS SALADAS ENTRE 120 A 140 GRAMOS.;15;PK
1057532-328-COT25;50131701;Leche o productos de mantequilla;9 LITROS DE LECHE  SIN LACTOSA .;9;LTR
1057532-328-COT25;50192501;Sandwiches y canapés con relleno frescos;50 SANDWICH JAMON QUESO ( HALLULLA CON SERVILLETA  Y ENVUELTO EN ALUSA PRODUCTO FRESCO.);50;EA
1057532-328-COT25;50192501;Sandwiches y canapés con relleno frescos;50 SANDWICH AVE PIMIENTO ( HALLULLA CON SERVILLETA  Y ENVUELTO EN ALUSA PRODUCTO FRESCO.);50;EA
1057532-328-COT25;50192501;Sandwiches y canapés con relleno frescos;50 SANDWICH TOMATE QUESO PEPINILLO ( HALLULLA CON SERVILLETA  Y ENVUELTO EN ALUSA PRODUCTO FRESCO.);50;EA
1057532-328-COT25;50201713;Bolsitas de te;100 BOLSAS DE TE FORMATO DE CAJA X 100 UNIDADES.;100;BG
1057532-328-COT25;50192303;Postres, helados o yogurt congelado;80 YOGURT BATIDO  X 125 GRAMOS;80;EA
1057532-328-COT25;50181905;Galletas dulces o pastelitos;11 KUCHEN O PIE EN FORMATO PARA 30 PERSONAS.;11;EA
1057532-321-COT25;73101701;Servicios de producción de medicamentos o medicinas;Se requiere Tiamina  10mg comprimidos para  tratamiento de pacientes  para COSAM Oriente,  indicar fecha de vencimiento y adjunta resolución sanitaria.;24000;CMP
1057532-318-COT25;82101901;Avisos en radio;Avisos Radiales Promocionales Campaña Invierno 2025, según características técnicas adjuntas.;1;000
1180747-30-COT25;47121702;Envases para residuos o forros rígidos;-SET DE CONTENEDORES DE 220 L  -01 CONTENEDOR AMARRILLO 220 L -01 CONTENEDOR GRIS 220 L -01 CONTENEDOR ROJO 220 L Según Especificaciones Técnicas Adjuntas.;1;KIT
1057922-31-COT25;42192404;Carros médicos o accesorios;Carro Compresero, Según Especificaciones adjuntas;1;EA
1057922-31-COT25;42295106;Bandejas mayo de regazo o estantes mayo para uso quirúrgico;Mesa Mayo, Según Especificaciones adjuntas;1;EA
1057922-33-COT25;42295112;Mesas de procedimiento de la sala de operación o accesorios o productos relacionados;Set Mesa Arsenalera, Según especificaciones adjuntas.;1;KIT
1057922-35-COT25;42222104;Portasuero o pedestal de línea arterial o intravenosa;Soporte Universal, Según especificaciones adjuntas;1;EA
1057922-36-COT25;42192104;Taburetes para médicos y accesorios;Silla Taburete, Según especificaciones adjuntas.;2;EA
1057922-30-COT25;42294710;Equipos y accesorios de calentador o enfriador de perfusión o calentador y enfriador dual;Calentador de Pacientes, Según especificaciones adjuntas;1;EA
1057922-34-COT25;42192001;Mesas de examen o de procedimiento clínico para uso general;Mesa Pabellonera, Según especificaciones adjuntas;1;EA
1180747-4-COT25;41111509;Básculas de suelo o plataforma;-03 Balanza adulto con tallímetro Según Especificaciones Técnicas Adjuntas;3;EA
1180747-4-COT25;41111508;Básculas de medición del peso corporal;-03 Balanza lactante + cartabón Según Especificaciones Técnicas Adjuntas;3;EA
1180747-3-COT25;42192001;Mesas de examen o de procedimiento clínico para uso general;-01 Mesa Toma de Muestras Según Especificaciones Técnica Adjuntas.;1;EA
1180747-3-COT25;42192210;Sillas de ruedas;-01 Silla de Rueda Obeso Según Especificaciones Técnicas Adjuntas.;1;EA
1180747-3-COT25;42192210;Sillas de ruedas;-01 Silla de Rueda Pediátrica Según Especificaciones Técnicas Adjuntas.;1;EA
1180747-3-COT25;42192210;Sillas de ruedas;-01 Sillas de Ruedas adulto Según Especificaciones Técnicas Adjuntas.;1;EA
1180747-24-COT25;42181801;Unidades de oxímetros de pulso;Oxímetro de Pulso / Según Especificaciones Adjuntas;1;EA
1180747-1-COT25;46151711;Reveladores de huellas de pies;- 02 Podoscopio Según Especificaciones Adjuntas;2;EA
1180747-1-COT25;41102704;Equipo de difracción de rayos X;-03 Negatoscopio Según Especificaciones Adjuntos;3;EA
1180747-1-COT25;42271802;Nebulizadores o accesorios;-01 Nebulizador Según Especificaciones Adjuntas;1;EA
1180747-5-COT25;42182601;Lámparas o luces independientes de examen médico;Lampara de Examen Según Especificaciones Adjuntas;1;EA
1180747-2-COT25;42222104;Portasuero o pedestal de línea arterial o intravenosa;-01 Soporte universal Según Especificaciones Técnicas Adjuntas.;1;EA
1077241-36-COT25;60105203;Materiales educativos de preparación para exámenes;kit de examen pectoral que permite identificar y enseñar distintas patologías de las mamas. Entrene sobre la localización de quistes y tumores en modelos de aspectos realista empleando un ultrasonido real. Debe contener todo lo dispuesto en Especificaciones Técnicas Adjuntas.;1;KIT
1077241-37-COT25;60105203;Materiales educativos de preparación para exámenes;Simulador realista de examen cervical y prueba de papanicolaou. Ideal para que estudiantes practiquen exámenes externos e internos, inserción de espéculo y técnicas de toma de muestras citológicas . Incluye lo dispuesto en Especificaciones Técnicas Adjuntas.;1;KIT
1057532-319-COT25;82101507;Folletos y catálogos publicitarios, servicios de publicidad y distribución;200 TARJETONES DE TRATAMIENTO;200;EA
1057532-319-COT25;82101507;Folletos y catálogos publicitarios, servicios de publicidad y distribución;200 TARJETONES DE ESTUDIO.;200;EA
1057532-319-COT25;82101507;Folletos y catálogos publicitarios, servicios de publicidad y distribución;400 TARJETONES QUIMIOPROFILAXIS.;400;EA
1057532-319-COT25;82101507;Folletos y catálogos publicitarios, servicios de publicidad y distribución;100 BLOCK DE BACTERIOLOGIA.;100;BLO
1057532-319-COT25;82101507;Folletos y catálogos publicitarios, servicios de publicidad y distribución;300 TARJETA DE CARNET.;300;EA
1057532-312-COT25;47131830;Productos de limpieza de muebles;LUSTRAMUEBLES DE 500 ML;48;EA
1057532-313-COT25;47131503;Paños de gamuza o guantes lavables;Guantes Amarillos de goma, para limpieza / 12 pares/ talla XL;12;PR
1057532-342-COT25;43201549;Conmutadores de interfaz bus;SWITCH 5 PUERTOS / SEGÚN ESPECIFICACIONES ADJUNTAS;2;EA
1057532-342-COT25;43201803;Discos duros;DISCOS SSD / SEGÚN ESPECIFICACIONES ADJUNTAS;2;EA
1057922-38-COT25;42192404;Carros médicos o accesorios;Carro Compresero, Según Especificaciones adjuntas;1;EA
1057922-38-COT25;42295106;Bandejas mayo de regazo o estantes mayo para uso quirúrgico;Mesa Mayo, Según Especificaciones adjuntas;1;EA
1057532-329-COT25;42131601;Delantales o pecheras para el personal sanitario;DELANTALES DE COCINA COLOR BLANCO, de Tela algodón-poliester, con bolsillo central. Se debe adjuntar Ficha del Producto con imagen para evaluación, de lo contrario la cotización será declarada Inadmisible.;51;EA
1077241-34-COT25;60101701;Libros de evaluación;1 BATERIA COMPLETA INSTRUMENTO DE EVALUACIÓN PSICOLÓGICA WAIS IV – Escala Wechsler de Inteligencia para adultos 16 a 90 años;1;KIT
1057532-330-COT25;60121124;Papel kraft;300 Pliegos de Papel Kraft;300;PGL
1057532-330-COT25;44121708;Marcadores;30 Plumones Negro Permanente;30;EA
1057532-330-COT25;44121708;Marcadores;50 plumones de pizarra color negro 50 plumones de pizarra color azul 50 plumones de pizarra color rojo;150;EA
1057532-330-COT25;14111530;Notas de papel autoadhesivo;200 set de pos it colores (100 hojas);200;EA
1057532-330-COT25;44121701;Lápiz pasta;10 caja de 50 lápices pasta azul punta fina;10;BX
1057532-330-COT25;44121701;Lápiz pasta;10 caja de 50 lápices pasta rojo punta fina;10;BX
1057532-330-COT25;44121701;Lápiz pasta;10 caja de 50 lápices pasta negro punta fina;10;BX
1057532-330-COT25;31201517;Cinta para empaquetar;25 cinta de embalaje;25;EA
1057532-330-COT25;31201517;Cinta para empaquetar;25 cinta scotch;25;EA
1057532-330-COT25;44121801;Cinta correctora;25 Cinta correctora;25;EA
1057532-330-COT25;44121708;Marcadores;300  lápices desatacadores de diferentes colores.;300;EA
1057532-330-COT25;44122011;Carpetas para archivos;300 Carpetas con acoclip color celeste;300;EA
1057532-330-COT25;14111531;Libros o cuadernos de registro;25 Cuaderno tapa dura tamaño carta 150 hojas;25;EA
1057532-330-COT25;14111509;Artículos de papelería;3 RESMAS Opalina lisa 200 gr tamaño carta;3;RM
1057532-330-COT25;14121812;Papel fotográfico;10 RESMA Papel Adhesivo 115 Gr A4 Cursor Pack De 100;10;RM
1057532-330-COT25;14111531;Libros o cuadernos de registro;200 CUADERNO TRIS UNIVERSITARIO ESPIRAL T/DURA S/DISEÑO 7MM CUADRICULADA 100 HJS UD. Color azul;200;EA
1077241-39-COT25;11111501;Tierra;3 Bolsa fibra de coco - bolsa de 5 lts.;3;EA
1077241-39-COT25;11111503;Tierra de hoja;5 Tierra hoja de 50 litros;5;EA
1077241-39-COT25;21101804;Difusores o distribuidores de abono;5 Fertilizante triple plus 1kg  ( que ontenga: NPK más calcio, magnesio, Zinc, Manganeso, hierro, Cobre, Boro y Azufre);5;EA
1077241-32-COT25;60102301;Libros de actividades de lectura;"Libro ""Nacer Niña (autora Alice Dussutour)""";1;EA
1077241-32-COT25;60102301;Libros de actividades de lectura;"Libro ""Alicia y la Barriga Maravillosa (Autora: Nazareth Castellanos)""";1;EA
1077241-32-COT25;60102301;Libros de actividades de lectura;"Libro ""Marilú ¿Quién eres tú? (Autora: trinidad castro)""";1;EA
1077241-32-COT25;60102301;Libros de actividades de lectura;"Libro ""Autocompasión Fiera (Kristin Neff)""";1;EA
1077241-32-COT25;60102301;Libros de actividades de lectura;"Libro ""Niñas y niños feministas (blanca Lacasa y Luis Amavisca)""";1;EA
1077241-32-COT25;60102301;Libros de actividades de lectura;"Libro ""Las princesas también se tiran pedos (Lian Brenman Ionit Zilberman)""";1;EA
1077241-32-COT25;60102301;Libros de actividades de lectura;"Libro ""Tu cuerpo es único (Jessica Sanders Carol Rossetti)""";1;EA
1077241-32-COT25;60102301;Libros de actividades de lectura;"Libro ""¿Por qué no puedo parar de comer? Diario para sanar el hambre emocional (Autora: Karolina Lama)""";1;EA
1077241-32-COT25;60102301;Libros de actividades de lectura;"Libro ""Hábitos atómicos (Autor: James Clear)""";1;EA
1077241-32-COT25;60102301;Libros de actividades de lectura;"Libro ""Maternidad Azul vivir con un hijo en las estrellas (Autora: Stephanie Galán)""";1;EA
1077241-41-COT25;56101605;Bancos exteriores;8 Banquillos, segun EETT;8;EA
1077241-41-COT25;56101606;Maceteros;"10 "" Macetero Jardinera Rectangular Para Plantas  N°35 Largo: 35 cm Alto: 12 cm Capacidad: 3,5 lts""";10;EA
1077241-41-COT25;56101602;Sillas de terraza;1 Sillón columpio de terraza  Ancho: 170 cm, alto: 153 cm, profundidad: 120 cm Segun EETT;1;EA
1180747-31-COT25;42222104;Portasuero o pedestal de línea arterial o intravenosa;-01 Soporte universal Según Especificaciones Técnicas Adjuntas.;1;EA
1180747-33-COT25;42271802;Nebulizadores o accesorios;-01 Nebulizador Según Especificaciones Adjuntas;1;EA
1180747-33-COT25;46151711;Reveladores de huellas de pies;- 02 Podoscopio Según Especificaciones Adjuntas;2;EA
1180747-33-COT25;41102704;Equipo de difracción de rayos X;-03 Negatoscopio Según Especificaciones Adjuntos;3;EA
1057532-331-COT25;53101502;Pantalones y short para hombre;PANTALÓN COCINA COLOR BLANCO, DE ACUERDO A LOS REQUERIMIENTOS TÉCNICOS ADJUNTOS.;51;EA
1180747-34-COT25;42192001;Mesas de examen o de procedimiento clínico para uso general;-01 Mesa Toma de Muestras Según Especificaciones Técnica Adjuntas.;1;EA
1180747-34-COT25;42192210;Sillas de ruedas;-01 Silla de Rueda Obeso Según Especificaciones Técnicas Adjuntas.;1;EA
1180747-34-COT25;42192210;Sillas de ruedas;-01 Silla de Rueda Pediátrica Según Especificaciones Técnicas Adjuntas.;1;EA
1180747-34-COT25;42192210;Sillas de ruedas;-01 Sillas de Ruedas adulto Según Especificaciones Técnicas Adjuntas.;1;EA
1180747-35-COT25;47121702;Envases para residuos o forros rígidos;-SET DE CONTENEDORES DE 220 L -01 CONTENEDOR AMARRILLO 220 L -01 CONTENEDOR GRIS 220 L -01 CONTENEDOR ROJO 220 L Según Especificaciones Técnicas Adjuntas.;1;KIT
1057922-37-COT25;42192404;Carros médicos o accesorios;-01 Carro de Enfermería (transporte trimodular). Según Especificaciones Técnicas Adjuntas.;1;EA
1057532-308-COT25;31162406;Argollas de zunchamiento o de cercado;10 ARGOLLA PARA LLAVEROS.;10;EA
1057532-308-COT25;31201523;Cinta para de tela;50 METROS DE CINTAS  DE GENERO DIFERENTES COLORES 0.5. CM;50;MTR
1057532-308-COT25;31211704;Selladores;8 PEGAMENTOS ( ADHESIVO Y SELLADOR TIPO DECOUPAGE FRASCO.;8;VI
1057532-308-COT25;13101708;Silicona VMQ y PMQ y PVMQ;5 MOLDES DE SILICONA.;5;EA
1057532-308-COT25;60124320;Compuestos de yeso;40 UNIDADES DE FIGURAS PARA PINTAR DE YESO DIFERENTES MODELOS O DISEÑOS.;40;EA
1057532-308-COT25;54121702;Perlas naturales;10 FRASCOS DE MOSTACILLAS EN FRASCO DE 5 GRAMOS.;10;VI
1057532-308-COT25;13101708;Silicona VMQ y PMQ y PVMQ;10 BARRAS DE SILICONA.;10;BAR
1057532-308-COT25;60121201;Pintura de témpera líquida tradicional;5 CAJAS DE TEMPERA DE 20 ML.;5;BX
1057532-308-COT25;14121812;Papel fotográfico;5 PAQUETES DE PAPEL FOTOGRAFICO.;5;PK
1057532-308-COT25;30103603;Madera de encuadre;2 PAQUETES DE PALOS DE HELADOS DE COLORES SET DE 50 UNIDADES.;2;PK
1057532-308-COT25;60121150;Papel Crepé;5 PAQUETES DE PAPEL CREPE AZUL;5;PK
1057532-308-COT25;60121150;Papel Crepé;5 PAQUETES DE PAPEL CREPE ROJO;5;PK
1057532-308-COT25;60121136;Papel celofán;5 PAQUETES DE PAPEL CREPE BLANCO;5;PK
1057532-308-COT25;14121503;Cartulina;5 PAQUETES DE PAPEL CREPE NEGRO;5;PK
1057532-308-COT25;30161502;Papeles pintados;5 PAQUETE DE PAPEL CREPE  ROSADO.;5;PK
1057532-308-COT25;60121236;Pinceles;24 PINCELES;24;EA
1057532-308-COT25;60123601;Pegamento de purpurina;1 CAJA DE PEGAMENTO EN BARRAS.;1;BX
1057532-308-COT25;60121109;Blocs de dibujo;5 BLOCK GRANDE.;5;BLO
1057532-308-COT25;60121109;Blocs de dibujo;5 BLOCK PEQUEÑO.;5;BLO
1057532-308-COT25;52121602;Servilletas;30 PAQUETES DE SERVILLETAS  DIFERENTES DISEÑOS PARA TECNICA DECOUPAGE;30;PK
1057532-308-COT25;56101606;Maceteros;40 MACETERO PEQUEÑOS PARA SOCULENTAS Y O SOUVENIR EN BRUTO SIN PINTAR PEQUEÑO;40;EA
1057532-308-COT25;60121150;Papel Crepé;5 PLIEGOS DE PAPEL CREPE VERDE.;5;PGL
1057532-308-COT25;60121150;Papel Crepé;5 PLIEGOS DE PAPEL CREPE CELESTE.;5;PGL
1057532-308-COT25;60121150;Papel Crepé;5 PLIEGOS DE PAPEL CREPE AMARILLO.;5;PGL
1057532-308-COT25;60121136;Papel celofán;10 PLIEGOS DE PAPEL DE VOLANTIN MIXTO;10;PGL
1057532-308-COT25;14121503;Cartulina;10 PAQUETES DE CARTULINA;10;PK
1057532-308-COT25;30161502;Papeles pintados;10 UNIDADES DE PAPEL DE VOLANTIN;10;EA
1057532-307-COT25;24112401;Cofres, cajas o armarios para herramientas;10 CAJAS DE MADERA PEQUEÑAS TIPO COFRE.;10;BX
1057532-306-COT25;27112719;Pistola de encolar;2 PISTOLAS DE SILICONA;2;EA
1057532-306-COT25;27111505;Botadores, embutidores de clavos o punzones cuadrados;5 PUNZONES;5;EA
1057532-334-COT25;43201549;Conmutadores de interfaz bus;SWITCH 5 PUERTOS / SEGÚN ESPECIFICACIONES ADJUNTAS;2;EA
1057532-334-COT25;43201803;Discos duros;DISCOS SSD / SEGÚN ESPECIFICACIONES ADJUNTAS;2;EA
1057532-343-COT25;90101701;Gestión de cafetería;110 RACIONES ( 30 PARA EL 06/06/2025/// 80 PARA EL 28/05/025 LUGAR A CONFIRMAR.;110;EA
1057532-344-COT25;90101701;Gestión de cafetería;300 RACIONES ( 120 CORRESPONDEN A JORNADA AM 180 A JORNADA PM.;300;EA
1057532-337-COT25;13101709;Fluorosilicona (FVMQ);2 PISTOLA DE SILICONA.;2;EA
1077241-40-COT25;24101501;Carretillas;1 carretila acero 90 litros, Favor adjuntar FOTOGRAFIAS;1;EA
1057532-310-COT25;73152101;Servicio de mantenimiento de equipo de fabricación;Mantención Preventiva de 2 Refrigeradores / Según Especificaciones adjuntas.;2;EA
1057532-309-COT25;73152101;Servicio de mantenimiento de equipo de fabricación;Mantención Preventiva Refrigerador / Según Especificaciones adjuntas.;1;EA
1057922-43-COT25;42222104;Portasuero o pedestal de línea arterial o intravenosa;-01 Soporte universal Según Especificaciones Técnicas Adjuntas.;1;EA
1057532-339-COT25;24111503;Bolsas de plástico;2.000 BOLSAS HERMETICAS RESELLABLES 16X15 CM. SE PIDE FICHA TECNICA Y FOTOGRAFIA PARA SU EVALUACION ES EXCLUYENTE.;2000;BG
1057532-322-COT25;60101732;Apuntadores o punteros;2 PUNTEROS LASER PARA PRESENTACIÓN;2;EA
1057532-323-COT25;46151715;Equipo para huellas dactilares;10 Huellero;10;EA
1057532-323-COT25;44111905;Pizarras para plumón y accesorios;4 PIZARRA BLANCA ACRILICA 50X40;4;EA
1057532-323-COT25;44111905;Pizarras para plumón y accesorios;3 PIZARRA CORCHO 30X30;3;EA
1057532-323-COT25;44102001;Lámina para plastificar;1 RESMA HOJAS PARA PLASTIFICAR OFICIO X 100;1;RM
1057532-323-COT25;44102001;Lámina para plastificar;1 RESMA  HOJAS PARA PLASTIFICAR CARTA X 100;1;RM
1057532-323-COT25;44121618;Tijeras;12 TIJERAS PUNTA ROMA 14CM.;12;EA
1057532-323-COT25;44121707;Lápices de colores;6 CAJA DE LÁPICES DE COLORES (MADERA) X 36 UNIDADES;6;EA
1057532-323-COT25;44121704;Lápiz pasta;12 CAJA LÁPICES PASTA AZUL TIPO BIC X 12;12;BX
1057532-323-COT25;44121708;Marcadores;6 SET DE PLUMONES DE COLORES X 24 COLORES  (SHARPIE REFERENCIA);6;KIT
1057532-323-COT25;44122011;Carpetas para archivos;50 CARPETAS DE CARTÓN OFICIO;50;EA
1057532-323-COT25;44121708;Marcadores;6 SET DE  DESTACADORES DISTINTOS COLORES X 24 COLORES (ARTEL REFERENCIA);6;KIT
1057532-323-COT25;44122017;Carpetas colgantes o accesorios;50 CAJA REVISTERO COLORES/DISEÑO, SEGUN EETT;50;EA
1057532-323-COT25;31201505;Cinta adhesiva de doble cara;12 UNIDADES CINTA DOBLE FAZ DE 18 MM;12;EA
1057532-323-COT25;44121801;Cinta correctora;5 CAJA DE CINTA CORRECTORA 10 UNIDADES;5;BX
1057532-323-COT25;14111507;Papel para fotocopiadora o impresora;3 CAJAS RESMA 500 HOJAS PAPEL TAMAÑO CARTA, (CAJA 10 RESMAS);3;BX
1057532-336-COT25;82101901;Avisos en radio;Avisos Radiales Promocionales Campaña Invierno 2025, según características técnicas adjuntas.;1;EA
1057532-335-COT25;31162406;Argollas de zunchamiento o de cercado;5 ARGOLLAS PARA LLAVERO ( VER ARCHIVO ADJUNTO);5;EA
1057532-335-COT25;31201523;Cinta para de tela;30 METROS DE CINTA DE GENERO DIFERENTES COLORES 0,5 CM.  ( VER ARCHIVO ADJUNTO);30;MTR
1057532-335-COT25;60121147;Papel brillante;3 PAQUETES DE ESCRACHA GLITTER ( VER ARCHIVO ADJUNTO);3;PK
1057532-335-COT25;31211704;Selladores;2 FRASCO DE ADHESIVO  Y SELLADOR TIPO DECOUPAGE . ( VER ARCHIVO ADJUNTO);2;VI
1057532-335-COT25;11151703;Hilo de poliéster;5 HILO DE BORDAR  VARIADOS COLORES, ( VER ARCHIVO ADJUNTO);5;EA
1057532-335-COT25;60122507;Moldes para papel artesanal;5 MOLDES DE SILICONA PAQUETE  ( VER ARCHIVO ADJUNTO);5;PK
1057532-335-COT25;11111601;Yeso;18 FIGURAS PARA PINTAR DE YESO DIFERENTES DISEÑO  ANIMALES Y CORAZONES. ( VER ARCHIVO ADJUNTO);18;EA
1057532-335-COT25;11111601;Yeso;18 MACETERO PEQUEÑO PARA SUCULENTA  EN BRUTO SIN PINTAR ( VER ARCHIVO ADJUNTO);18;EA
1057532-335-COT25;54121702;Perlas naturales;5 FRASCO  DE MOSTACILLA  DE 5 GRAMOS  ( VER ARCHIVO ADJUNTO);5;VI
1057532-335-COT25;60121202;Pintura de témpera líquida moderna;3 TEMPERAS DE 20 ML CADA PAQUETE;3;BX
1057532-335-COT25;14121812;Papel fotográfico;2 PAQUETE  DE PAPEL FOTOGRAFICO  ( VER ARCHIVO ADJUNTO);2;PK
1057532-335-COT25;60131802;Palos de ritmo;2 PAQUETES DE PALOS DE HELADOS DE COLORES SET DE 50 UNIDADES ( VER ARCHIVO ADJUNTO);2;PK
1057532-335-COT25;60121150;Papel Crepé;5 PAQUETES DE PAPEL CREPE AZUL ( VER ARCHIVO ADJUNTO);5;PK
1057532-335-COT25;60121150;Papel Crepé;5 PAQUETE DE PAPEL CREPE ROJO ( VER ARCHIVO ADJUNTO);5;PK
1057532-335-COT25;60121150;Papel Crepé;5 PAQUETE DE PAPEL CREPE BLANCO;5;PK
1057532-335-COT25;60121150;Papel Crepé;5 PAQUETE DE PAPEL CREPE NEGRO ( VER ARCHIVO ADJUNTO);5;PK
1057532-335-COT25;60121150;Papel Crepé;5 PAQUETE DE PAPEL CREPE ROSADO ( VER ARCHIVO ADJUNTO);5;PK
1057532-335-COT25;60121136;Papel celofán;5 PLIEGO DE PAPEL CELOFN PLIEGOS MIXTO( VER ARCHIVO ADJUNTO);5;PGL
1057532-335-COT25;14121503;Cartulina;5 PAQUETE DE CARTULINA ( VER ARCHIVO ADJUNTO);5;PK
1057532-335-COT25;30161502;Papeles pintados;5 PAPEL DE VOLANTIN ( VER ARCHIVO ADJUNTO);5;EA
1057532-335-COT25;60121236;Pinceles;24 UNIDADES DE PINCEL  ( VER ARCHIVO ADJUNTO);24;EA
1057532-335-COT25;60105704;Barras de pegamento libres de ácido;1 CAJA DE PEGAMENTO EN BARRA ( VER ARCHIVO ADJUNTO);1;BX
1057532-335-COT25;60121109;Blocs de dibujo;5 BLOCK GRANDE  ( VER ARCHIVO ADJUNTO);5;BLO
1057532-335-COT25;60121109;Blocs de dibujo;5 BLOCK CHICO  ( VER ARCHIVO ADJUNTO);5;BLO
1057532-335-COT25;52121602;Servilletas;10 PAQUETE  DE SERVILLETA DE DIFERENTES DISEÑOS PARA TECNICA DECOUPAGE ( VER ARCHIVO ADJUNTO);10;PK
1057532-335-COT25;60121150;Papel Crepé;5 PAQUETE DE PAPEL CREPE VERDE ( VER ARCHIVO ADJUNTO);5;PK
1057532-335-COT25;60121150;Papel Crepé;5 PAQUETE DE PAPEL CREPE CELESTE ( VER ARCHIVO ADJUNTO);5;PK
1057532-335-COT25;60121150;Papel Crepé;5 PAQUETE DE PAPEL CREPE AMARILLO ( VER ARCHIVO ADJUNTO);5;PK
1057532-362-COT25;78121601;Servicios de flete;-1 Mudanza, desde la ciudad de los ángeles a la ciudad de Santiago (Providencia), el traslado debe efectuarse el día 24/05/2025. Dirección Actual: Aguamarina #413, Condominio Amatista Ciudad de los Angeles Piso N°3 Dpto n°306. Dirección de destino: Mariategui#2465, depto 306 Comuna de providencia, Santiago. Se debe adjuntar una cotización mediante la plataforma y numero de contacto. Según Inventario Adjunto.;1;EA
1077241-43-COT25;60105203;Materiales educativos de preparación para exámenes;kit de examen pectoral que permite identificar y enseñar distintas patologías de las mamas. Entrene sobre la localización de quistes y tumores en modelos de aspectos realista empleando un ultrasonido real. Debe contener todo lo dispuesto en Especificaciones Técnicas Adjuntas.;1;KIT
1057532-360-COT25;24112404;Caja;12 CAJAS PLASTICAS CON TAPA TRANSPARENTE DE 4 LITROS;12;BX
1057532-338-COT25;24112401;Cofres, cajas o armarios para herramientas;10  CAJAS DE MADERA.;10;BX
1077241-42-COT25;10152201;Semillas o plantas de algodón;3	Semillas de Hortalizas 2,5 gr sachet Tomate;3;EA
1077241-42-COT25;10152201;Semillas o plantas de algodón;3	Semillas de Hortalizas 2,5 gr sachet pepino;3;EA
1077241-42-COT25;10152201;Semillas o plantas de algodón;3	Semillas de Hortalizas 2,5 gr sachet tomate cherry;3;EA
1077241-42-COT25;10152201;Semillas o plantas de algodón;3	Semillas de Hortalizas 2,5 gr sachet acelga;3;EA
1077241-42-COT25;10152201;Semillas o plantas de algodón;3	Semillas de Hortalizas 2,5 gr sachet arveja;3;EA
1077241-42-COT25;10152201;Semillas o plantas de algodón;3	Semillas de Hortalizas 2,5 gr sachet habas;3;EA
1077241-42-COT25;10152201;Semillas o plantas de algodón;3	Semillas de Hortalizas 2,5 gr sachet lechuga;3;EA
1077241-42-COT25;10152201;Semillas o plantas de algodón;3	Semillas de Hortalizas 2,5 gr sachet zanahoria;3;EA
1077241-42-COT25;10152201;Semillas o plantas de algodón;3	Semillas de Hortalizas 2,5 gr sachet betarraga;3;EA
1077241-42-COT25;10152201;Semillas o plantas de algodón;3	Semillas de Hortalizas 2,5 gr sachet cebollin;3;EA
1077241-42-COT25;10152201;Semillas o plantas de algodón;3	Semillas de Hortalizas 2,5 gr sachet puerro;3;EA
1077241-42-COT25;10152201;Semillas o plantas de algodón;3	Semillas de Hortalizas 2,5 gr sachet ciboullete;3;EA
1077241-42-COT25;10152201;Semillas o plantas de algodón;3	Semillas de Hortalizas 2,5 gr sachet oregano;3;EA
1077241-42-COT25;10152201;Semillas o plantas de algodón;3	Semillas de Hortalizas 2,5 gr sachet eneldo;3;EA
1077241-42-COT25;10152201;Semillas o plantas de algodón;3	Semillas de Hortalizas 2,5 gr sachet tomillo;3;EA
1077241-42-COT25;10152201;Semillas o plantas de algodón;3	Semillas de Hortalizas 2,5 gr sachet llanten;3;EA
1057532-269-COT25;52151504;Tazas o vasos desechables domésticos;100 VASOS DE POLI PAPEL;100;EA
1077241-44-COT25;12352310;Siliconas;2 PISTOLAS DE SILICONAS.;2;EA
1077241-45-COT25;90101701;Gestión de cafetería;"SERVICIO DE CAFETERIA CON PERTINENCIA CULTURAL"" CELEBRACION WE TRIPANTU"".";100;EA
1057532-356-COT25;90101701;Gestión de cafetería;200 RACIONES DE  UN SERVICIO DE CAFETERIA PARA EL 26 Y 27 DEMAYO.;200;EA
1057532-357-COT25;41112207;Termógrafos;Termógrafos con Sonda / Según Especificaciones Adjuntas.;20;EA
1057532-353-COT25;44103105;Cartuchos de tinta;1 Kit 4 Tintas Epson T504 Ecotank Tinta Continua L4150 L4160 L6161 L6171 L6191   Tinta Colores, Cyan/Magenta/Amarillo/Negro (ORIGINALES);1;KIT
1057532-352-COT25;26111702;Pilas alcalinas;3 Set de cuatro pilas recargables doble A;3;KIT
1057532-352-COT25;26111702;Pilas alcalinas;2 Set de 4 Pilas Recargables AAA;2;KIT
1057532-352-COT25;26111704;Cargadores de baterías;1 Cargador de pilas recargables;1;EA
1180747-32-COT25;42182601;Lámparas o luces independientes de examen médico;Lampara de Examen Según Especificaciones Adjuntas;1;EA
1180747-37-COT25;42192001;Mesas de examen o de procedimiento clínico para uso general;-01 Mesa Toma de Muestras Según Especificaciones Técnica Adjuntas.;1;EA
1180747-37-COT25;42192210;Sillas de ruedas;-01 Silla de Rueda Obeso Según Especificaciones Técnicas Adjuntas.;1;EA
1180747-37-COT25;42192210;Sillas de ruedas;-01 Silla de Rueda Pediátrica Según Especificaciones Técnicas Adjuntas.;1;EA
1180747-37-COT25;42192210;Sillas de ruedas;-01 Sillas de Ruedas adulto Según Especificaciones Técnicas Adjuntas.;1;EA
1057532-351-COT25;14111507;Papel para fotocopiadora o impresora;10 RESMA TAMAÑO CARTA;10;RM
1057532-351-COT25;14111507;Papel para fotocopiadora o impresora;3 RESMA DE 100 HOJAS OPALINA LISA BLANCA TAMAÑO CARTA (300 UNIDADES);3;RM
1057532-351-COT25;14111531;Libros o cuadernos de registro;100 BLOCK DE APUNTES ESPIRAL MAT 7MM 80 HOJAS, TAPA CARTON RESISTENTE;100;EA
1057532-351-COT25;44121701;Lápiz pasta;200 LAPIZ PASTA AZUL PUNTA 1.0;200;EA
1077241-49-COT25;50201709;Café instantáneo;8 tarro de café tipo nescafé de 400 gramos c/u.;8;JR
1077241-49-COT25;50201713;Bolsitas de te;6 cajas de te  tipo supremo de 20 bolsas cada envase.;6;BX
1077241-49-COT25;50161509;Productos de edulcorantes o azúcares naturales;3 frascos de endulzantes en gota a base de Stevia.;3;VI
1077241-49-COT25;50161509;Productos de edulcorantes o azúcares naturales;3 kilos de azúcar tipo hiansa.( vencimiento 2026);3;KGM
1077241-49-COT25;50202310;Agua mineral;50 botellas de agua mineral 1,2 litros con gas;50;BO
1077241-49-COT25;50202301;Agua;50 botellas de agua saborizada mas tipo cachantun 1,6 litros variedad de sabores.;50;BO
1077241-49-COT25;50181905;Galletas dulces o pastelitos;180 paquetes de galletas  tipo kuki de 120 gramos chip chocolate tradicional. ( vencimiento 2026);180;PK
1077241-49-COT25;50181905;Galletas dulces o pastelitos;24  queques de 200 gramos sabor vainilla( vencimiento 2026);24;EA
1057532-364-COT25;39121311;Accesorios eléctricos;2 REFLECTOR  LEIDLIGHT C/SENSOR IK-03S 50W 6000K IP65;2;EA
1057532-364-COT25;39121311;Accesorios eléctricos;1 PLACA NOBILE 3P C/SOPORTE BLANCO.;1;EA
1057532-364-COT25;39121311;Accesorios eléctricos;2 MODULO NOBILE TOMA 2P T 10A BLANCO.;2;EA
1057532-364-COT25;39121311;Accesorios eléctricos;1 MODULO NOBILE INT. 9/12 BLANCO.;1;EA
1057532-364-COT25;39121311;Accesorios eléctricos;1 REGLETA DE CONEXION MEC TECNOPOLIMERO 6MM TRANS;1;EA
1057532-364-COT25;39121311;Accesorios eléctricos;10 CORDON PARALELO 2X20 AWG NG ECO;10;EA
1057532-364-COT25;39121311;Accesorios eléctricos;1 CAJA ETANCA MEC 100X100X60 MM L/HAL LISA IP65;1;EA
1057532-364-COT25;39121311;Accesorios eléctricos;5 PRENSA ESTOPA MGC PG 9;5;EA
1057532-364-COT25;39121311;Accesorios eléctricos;1 CAJA EXTERIOR 1 MOD SOBREP. IP55 GEWISS;1;EA
1057532-364-COT25;39121311;Accesorios eléctricos;1 CAJA 1 MOD. HIDROBOX IP 55 MAGIC;1;EA
1057532-364-COT25;39121311;Accesorios eléctricos;1 PULSADOR UNIPOLAR NA 10A 250V LCO MATRIX BTICINO;1;EA
1057532-364-COT25;39121311;Accesorios eléctricos;1 EQUIPO ESTANCO 2X 18 LED 120CM P/TUBO LED ABS PC c;1;EA
1057532-364-COT25;39121311;Accesorios eléctricos;2  TUBO LED CRISTAL 1200 MM 18W 6500K 1.980LM 330GR;2;EA
1077241-46-COT25;43212110;Impresoras multifunción o multifuncionales;1 Impresora de etiquetas ZEBRA ZD 220  (similar);1;EA
1077241-46-COT25;14111537;Papel de etiquetas;2 rollos de etiquetas;2;EA
1077241-48-COT25;90101701;Gestión de cafetería;100  RACIONES  SEGUN ARCHIVO ADJUNTO SE DEBEN ENTREGAR EN Calle Talca #426, Rahue Bajo, Osorno EL 29/05/2025 .;100;EA
1057532-359-COT25;39101601;ampolletas halógenas;24 AMPOLLETAS DE AHORRO LUZ BLANCA O FRIA.;24;EA
1057532-366-COT25;52151504;Tazas o vasos desechables domésticos;500 VASOS DE POLI PAPEL  KRAFF 8 OZ  ( BOLSAS DE 100 UNIDADES );500;EA
1057532-366-COT25;52151617;Cucharas de madera de uso doméstico;500 CUCHARAS DE MADERA PARA CAFE.;500;EA
1057532-365-COT25;50201709;Café instantáneo;3 TARROS DE CAFE TIPO NESCAFE DE 400 GRAMOS;3;JR
1057532-365-COT25;50201713;Bolsitas de te;300 BOLSAS DE TE EN CAJA DE 100 UNIDADES.;3;BX
1057532-365-COT25;50161509;Productos de edulcorantes o azúcares naturales;6 KILOS DE AZUCAR;6;KGM
1057532-365-COT25;50181905;Galletas dulces o pastelitos;48 PAQUETES DE GALLETA ( 24 DE MANTEQUILLA Y 24 DE CHOCOLATE Y LIMON);72;PK
1057532-365-COT25;50181909;Galletas saladas;42 PAQUETES DE GALLETAS SALADA;42;PK
1057532-365-COT25;50161509;Productos de edulcorantes o azúcares naturales;2 FRASCOS DE STEVIA ENDULZANTE X 400 ML;2;VI
1057532-332-COT25;53121602;Bolsas de lona;100 Bolsa de Algodón Orgánico Certificado,   Bolsas de algodón natural con manillas planas cocidas. Bolsa lavable, reutilizable.  Medidas: Ancho: 38 cm. Alto: 42 cm. Largo manilla: 65 cm. Ancho manilla: 2.5 cm.  Material: Algodón. Color: Neutro – Blanco;100;EA
1057532-347-COT25;82121701;Servicios de copias en blanco y negro;Servicio de Ploteo de 182 láminas en formato A 0, las copias ploteadas debe ser entregadas plegadas en tamaño oficio;1;000
1057532-346-COT25;43201549;Conmutadores de interfaz bus;SWITCH 5 PUERTOS / SEGÚN ESPECIFICACIONES ADJUNTAS;2;EA
1057532-346-COT25;43201803;Discos duros;DISCOS SSD / SEGÚN ESPECIFICACIONES ADJUNTAS;2;EA
1057532-333-COT25;51141704;Risperidona;Se requiere Risperidona 25mg inyectable, para pacientes COSAM RAHUE, vencimiento igual o superior a 12 meses y resolución sanitaria de distribución de medicamentos.;26;AMP
1057532-371-COT25;42251502;Productos de evaluación, ensayos sensoriales, perceptuales, de desteridad y cognitivos;1 Escala Wechsler de Inteligencia para Niños – Quinta Edición (Batería WISC-V)  segun eett;1;EA
1057532-354-COT25;51141704;Risperidona;Adq. Risperidona 25 MG en polvo para Suspensión Inyectable de Liberación prolongada, frasco, ampolla, para COSAM ORIENTE, vencimiento igual o superior a 12 meses y resolución sanitaria de distribución de medicamentos.;25;AMPF
1057532-361-COT25;24112404;Caja;12 CAJAS PLASTICAS CON TAPA TRANSPARENTE DE 4 LITROS.;12;BX
1057532-350-COT25;60141102;Juegos de mesa;1Similar a: Tarjetas de Actividades: Emociones y Sentimientos;1;EA
1057532-350-COT25;60141102;Juegos de mesa;1 Similar a: Juego: Sanando al niño Interno;1;EA
1057532-350-COT25;60141102;Juegos de mesa;1 Similar a: Cuerpos al Límite;1;EA
1057532-350-COT25;60141102;Juegos de mesa;1 Similar a: Naipes La Llave Maestra;1;EA
1057922-44-COT25;42192404;Carros médicos o accesorios;Carro Compresero, Según Especificaciones adjuntas;1;EA
1057922-44-COT25;42295106;Bandejas mayo de regazo o estantes mayo para uso quirúrgico;Mesa Mayo, Según Especificaciones adjuntas;1;EA
1057922-41-COT25;42295112;Mesas de procedimiento de la sala de operación o accesorios o productos relacionados;Soporte Universal, Según especificaciones adjuntas;1;EA
1057532-373-COT25;73101701;Servicios de producción de medicamentos o medicinas;Paliperidona, Frascos ampolla 75 mg suspensión inyectable de liberación prolongada, jeringa prellenada. Según EETT adjuntas y debe adjuntar resolución sanitaria de distribución de medicamentos. Las ofertas que no cumplan con lo solicitado se declararan inadmisible.;30;AMPF
1057532-368-COT25;52151605;Abrelatas o sacacorchos;2 ABRE LATA MANUAL ( VER  EE.TT EN ARCHIVO ADJUNTO);2;EA
1057532-368-COT25;52151624;Afiladores de cuchillos de uso doméstico;1 AFILADOR DE CUCHILLO  ( VER  EE.TT EN ARCHIVO ADJUNTO);1;EA
1057532-368-COT25;41122808;Bandejas de uso general;6 BANDEJAS  ( VER  EE.TT EN ARCHIVO ADJUNTO);6;BAN
1057532-368-COT25;52152006;Bandejas o fuentes domésticas;4 BOWLS DE PLASTICO   ( VER  EE.TT EN ARCHIVO ADJUNTO);4;EA
1057532-368-COT25;52152006;Bandejas o fuentes domésticas;4 BOWLS PLASTICO  ( VER  EE.TT EN ARCHIVO ADJUNTO);4;EA
1057532-368-COT25;52152006;Bandejas o fuentes domésticas;6 BOWLS DE VIDRIO  ( VER  EE.TT EN ARCHIVO ADJUNTO);6;EA
1057532-368-COT25;52152006;Bandejas o fuentes domésticas;6 BOWLS DE VIDRIO  ( VER  EE.TT EN ARCHIVO ADJUNTO);6;EA
1057532-368-COT25;52151604;Cedazos o coladores domésticos;2 COLADORES  ( VER  EE.TT EN ARCHIVO ADJUNTO);2;EA
1057532-368-COT25;52151604;Cedazos o coladores domésticos;2 COLADORES   ( VER  EE.TT EN ARCHIVO ADJUNTO);2;EA
1057532-368-COT25;52151617;Cucharas de madera de uso doméstico;4 CUCHARAS DE MADERA   ( VER  EE.TT EN ARCHIVO ADJUNTO);4;EA
1057532-368-COT25;52151617;Cucharas de madera de uso doméstico;2 CUCHARA DE MADERA    ( VER  EE.TT EN ARCHIVO ADJUNTO);2;EA
1057532-368-COT25;52151704;Cucharas domésticas;8 CUCHARA ENSALADERA   ( VER  EE.TT EN ARCHIVO ADJUNTO);8;EA
1057532-368-COT25;52151612;Batidora de alambre o batidora manual;1 ESPUMADERA METALICA. ( VER  EE.TT EN ARCHIVO ADJUNTO);1;EA
1057532-368-COT25;52151612;Batidora de alambre o batidora manual;1 ESPUMADERA METALICA   ( VER  EE.TT EN ARCHIVO ADJUNTO);1;EA
1057532-368-COT25;52152002;Envases para guardar alimentos domésticos;3 FLOREROS DE VIDRIO.   ( VER  EE.TT EN ARCHIVO ADJUNTO);3;EA
1057532-368-COT25;47121702;Envases para residuos o forros rígidos;6 FRASCOS DE VIDRIO  ( VER  EE.TT EN ARCHIVO ADJUNTO);6;VI
1057532-368-COT25;52151603;Ralladores domésticos;1 RALLADOR DOMESTICO  ( VER  EE.TT EN ARCHIVO ADJUNTO);1;EA
1057532-368-COT25;39111808;Rejillas;1 REJILLA SECADO DE LOZA;1;EA
1057532-368-COT25;52151802;Sartenes domésticas;2 SARTENES MEDIANO.  ( VER  EE.TT EN ARCHIVO ADJUNTO);2;EA
1057532-368-COT25;52151802;Sartenes domésticas;2 SARTENES GRANDE   ( VER  EE.TT EN ARCHIVO ADJUNTO);2;EA
1057532-368-COT25;41123402;Cucharas de dosificación;1 SET DE 8 CUCHARAS MEDIDORA.   ( VER  EE.TT EN ARCHIVO ADJUNTO);8;EA
1057532-368-COT25;30103605;Tablas de madera;2 TABLA DE PICAR   ( VER  EE.TT EN ARCHIVO ADJUNTO);2;EA
1057532-368-COT25;30103605;Tablas de madera;2 TABLA DE PICAR  ( VER  EE.TT EN ARCHIVO ADJUNTO);2;EA
1057532-368-COT25;52152009;Soperas o ensaladeras domésticas;4 ENSALADERA   ( VER  EE.TT EN ARCHIVO ADJUNTO);4;EA
1057532-368-COT25;52152009;Soperas o ensaladeras domésticas;4 ENSALADERA  ( VER  EE.TT EN ARCHIVO ADJUNTO);4;EA
1057532-368-COT25;52121606;Individuales;24 INDIVIDUALES   ( VER  EE.TT EN ARCHIVO ADJUNTO);24;EA
1057532-368-COT25;52152001;Jarras domésticas;12 JARAS DE VIDRIO    ( VER  EE.TT EN ARCHIVO ADJUNTO);12;EA
1057532-368-COT25;52151903;Moldes domésticos para pasteles o tartas;3 MOLDES DE REPOSTERIA   ( VER  EE.TT EN ARCHIVO ADJUNTO);3;EA
1057532-368-COT25;52151903;Moldes domésticos para pasteles o tartas;3 MOLDES DE REPOSTERIA   ( VER  EE.TT EN ARCHIVO ADJUNTO);3;EA
1057532-368-COT25;52151806;Ollas domésticas para cocer al vapor;4 OLLAS MEDIANA   ( VER  EE.TT EN ARCHIVO ADJUNTO);4;EA
1057532-368-COT25;52151806;Ollas domésticas para cocer al vapor;3 OLLAS GRANDE   ( VER  EE.TT EN ARCHIVO ADJUNTO);3;EA
1057532-368-COT25;52121601;Paños de cocina;20 PAÑOS DE LOZA   ( VER  EE.TT EN ARCHIVO ADJUNTO);20;EA
1057532-368-COT25;30103605;Tablas de madera;2 TABLA DE PICAR   ( VER  EE.TT EN ARCHIVO ADJUNTO);2;EA
1057532-368-COT25;30103605;Tablas de madera;2 TABLA DE PICAR   ( VER  EE.TT EN ARCHIVO ADJUNTO);2;EA
1057532-368-COT25;30103605;Tablas de madera;2 TABLA DE PICAR   ( VER  EE.TT EN ARCHIVO ADJUNTO);2;EA
1057532-368-COT25;30103605;Tablas de madera;2 TABLA DE PICAR   ( VER  EE.TT EN ARCHIVO ADJUNTO);2;EA
1057532-368-COT25;52152007;Pocillos;50 TAZONES BLANCOS   ( VER  EE.TT EN ARCHIVO ADJUNTO);50;EA
1057532-368-COT25;52152010;Termos domésticos;5 TERMOS   ( VER  EE.TT EN ARCHIVO ADJUNTO);5;EA
1057532-368-COT25;47131503;Paños de gamuza o guantes lavables;3 TOMA OLLA   ( VER  EE.TT EN ARCHIVO ADJUNTO);3;EA
1057532-368-COT25;52141522;Tostadores domésticos;2 TOSTADOR MANUAL   ( VER  EE.TT EN ARCHIVO ADJUNTO);2;EA
1057532-368-COT25;52152102;Vasos para beber domésticos;60 VASOS DE VIDRIO   ( VER  EE.TT EN ARCHIVO ADJUNTO);60;EA
1077241-52-COT25;50201709;Café instantáneo;5 TARROS DE  CAFE TIPO NESCAFE DE 400 GR.;5;JR
1077241-52-COT25;50201713;Bolsitas de te;6 CAJAS DE TE X 20 BOLSITAS CADA CAJA.;6;BX
1077241-52-COT25;50161509;Productos de edulcorantes o azúcares naturales;2 KILOS DE AZUCAR  GRANULADA;2;KGM
1077241-52-COT25;50161509;Productos de edulcorantes o azúcares naturales;1 FRASCO DE ENDULZANTE EN GOTAS  A BASE DE STEVIA.;1;VI
1077241-52-COT25;50202310;Agua mineral;30 LITROS DE AGUA MINERAL  DE 1,2 LITROS CON GAS;30;LTR
1077241-52-COT25;50202301;Agua;30 LITROS DE AGUA SABORIZADA  MAS CACHANTUN  1,6 LITROS VARIEDAD DE SABORES.;30;LTR
1077241-52-COT25;50181905;Galletas dulces o pastelitos;150 PAQUETES  DE GALLETAS KUKI 120 GRAMOS ( CHIP CHOCOLATE TRADICIONAL );150;PK
1077241-52-COT25;50181905;Galletas dulces o pastelitos;14 QUEQUES DE 200 GRAMOS SABOR VAINILLA.;14;EA
1057532-372-COT25;39121311;Accesorios eléctricos;2 REFLECTOR LEIDLIGHT C/SENSOR IK-03S 50W 6000K IP5;2;EA
1057532-372-COT25;39121311;Accesorios eléctricos;1 PLACA NOBILE 3P C/SOPORTE BLANCO.;1;EA
1057532-372-COT25;39121311;Accesorios eléctricos;2 MODULO NOBILE TOMA 2P T 10A BLNCO.;2;EA
1057532-372-COT25;39121311;Accesorios eléctricos;1 MODULO NOBILE INT. 9/12 BLANCO.;1;EA
1057532-372-COT25;39121311;Accesorios eléctricos;1 REGLETA DE CONEXION MEC TECNOPOLIMERO 6MM TRANS.;1;EA
1057532-372-COT25;39121311;Accesorios eléctricos;10 CORDON PARALELO 2X20 AWG NG ECO.;10;EA
1057532-372-COT25;39121311;Accesorios eléctricos;1 CAJA ETANCA MEC 100X100X60 MM L/HAL LISA IP65;1;EA
1057532-372-COT25;39121311;Accesorios eléctricos;5 PRENSA ESTOPA MGC PG 9.;5;EA
1057532-372-COT25;39121311;Accesorios eléctricos;1 CAJA EXTERIOR  1 MOD SOBREP. IP55 GEWISS.;1;EA
1057532-372-COT25;39121311;Accesorios eléctricos;1 CAJA 1 MOD. HODROBOX HP 55 MAGIC.;1;EA
1057532-372-COT25;39121311;Accesorios eléctricos;1 PULSADOR UNIPOLAR NA 10A 250V BLCO MATRIX BTICINO.;1;EA
1057532-372-COT25;39121311;Accesorios eléctricos;1 EQUIPO ESTANCO 2X 18 LED 120CM P/TUBO LED ABS PC c.;1;EA
1057532-372-COT25;39121311;Accesorios eléctricos;2 tubo led cristal 1200 mm 18w 6500k 1.980lm 330gr.;2;EA
1077241-50-COT25;50161814;Dulces con azúcar o sustitutos;250 Variedad snack tipo twistos, Club social, Selz, Grill (adjuntar imagenes);250;EA
1077241-50-COT25;50201709;Café instantáneo;15 Café instantaneo 170 grs (tipo nescafe);15;EA
1077241-50-COT25;50201707;Sustitutos de Café;10 TE CEYLAN X 100 BOLSITAS;10;EA
1077241-50-COT25;50181905;Galletas dulces o pastelitos;450 Paquete de galletas 120-150 grs. Tipo TRITON, TUAREG, LIMON, FRAC, OBLEA, adjuntar imagenes;450;EA
1077241-50-COT25;50161509;Productos de edulcorantes o azúcares naturales;20 Endulzante stevia 270 ml;20;EA
1077241-50-COT25;50202304;Jugos y néctar envasados;80  Botella jugo 1.5 lts surtidos;80;EA
1077241-50-COT25;50161509;Productos de edulcorantes o azúcares naturales;2 caja de 800 unidades,  Azucar en sachet 5 grs,;2;BX
1077241-51-COT25;14111705;Servilletas de papel;20 pq Servilletas de 200 unidades 22,5x23 cm;20;EA
1077241-51-COT25;52151504;Tazas o vasos desechables domésticos;15 set de 50 Vasos polipapel 8oz - 250cc,;15;EA
1057922-39-COT25;42192404;Carros médicos o accesorios;Carro Compresero, Según Especificaciones adjuntas;1;EA
1057922-39-COT25;42295106;Bandejas mayo de regazo o estantes mayo para uso quirúrgico;Mesa Mayo, Según Especificaciones adjuntas;1;EA
1057922-40-COT25;42295112;Mesas de procedimiento de la sala de operación o accesorios o productos relacionados;Set Mesa Arsenalera, Según especificaciones adjuntas.;1;KIT
1057922-42-COT25;42192404;Carros médicos o accesorios;-01 Carro de Enfermería (transporte trimodular). Según Especificaciones Técnicas Adjuntas.;1;EA
1180747-36-COT25;47121702;Envases para residuos o forros rígidos;-SET DE CONTENEDORES DE 220 L -01 CONTENEDOR AMARRILLO 220 L -01 CONTENEDOR GRIS 220 L -01 CONTENEDOR ROJO 220 L Según Especificaciones Técnicas Adjuntas.;1;KIT
1057532-348-COT25;52121604;Mantel de mesa;02 Mantel de Hule lavable Mantel Hule Blanco   140x180cm  Según Especificaciones Técnicas adjuntas;2;EA
1057532-348-COT25;30151901;Toldos;01 Toldo plegable 3x3 metros azul impermeable Según Especificaciones Técnicas Adjuntas.;1;EA
1057532-348-COT25;44111512;Organizador de folletos;01 Estructura plegable de aluminio  y cubierta acrílico. 155 cms de alto, espacio de exhibición por ambos lados, incluye bolso de transporte. Según Especificaciones Técnicas Adjuntas.;1;EA
1057532-348-COT25;52121604;Mantel de mesa;04 Fundas De Mantel Tela Spandex Mesa 6tf 180x77x74cm, color azul  Según Especificaciones Técnicas Adjuntas.;4;EA
1057532-349-COT25;60141102;Juegos de mesa;"1 Brain Box ""Imágenes""";1;EA
1057532-349-COT25;60141102;Juegos de mesa;"1Story cubes ""classic""";1;EA
1057532-349-COT25;60141102;Juegos de mesa;"1 Imagine ""Family""";1;EA
1057532-349-COT25;60141102;Juegos de mesa;1 Piensa rápido;1;EA
1057532-349-COT25;60141102;Juegos de mesa;1 Trama;1;EA
1057532-349-COT25;60141102;Juegos de mesa;Tablero magnético Imadots (Imanix by Braintoys);1;EA
1057532-349-COT25;60141102;Juegos de mesa;1 Juego de Mesa ¡Yo Lo Vi! Dactic Games;1;EA
1057532-370-COT25;90101701;Gestión de cafetería;264 raciones de un servicio de cafetería a realizarse en el mes de junio en dependencias de la universidad de los lagos.;264;EA
1180747-38-COT25;42222104;Portasuero o pedestal de línea arterial o intravenosa;-01 Soporte universal Según Especificaciones Técnicas Adjuntas.;1;EA
1057532-374-COT25;56111701;Muebles o escritorio no modular;"1. Mueble Giratorio y Dinámico: Diseño giratorio que permita acceder fácilmente a los libros desde diferentes ángulos. 2. Altura minima: Con 160 cm de altura, proporciona un espacio de almacenamiento conveniente para libros de diversos tamaños. 3. Melamina Duradera: garantia durabilidad y resistencia, manteniendo su calidad a lo largo del tiempo. 4. Montaje Sencillo: Armado sencillo con  instrucciones claras para un montaje fácil y rápido. 5. Estilo Moderno: Diseño moderno.""   SEGUN EE.TT";1;EA
1057532-341-COT25;25172504;Neumáticos para camionetas o automóviles;NEUMÁTICOS 235/65 R16 / SEGUN ESPECIFICACIONES ADJUNTAS;4;EA
1057532-375-COT25;44121701;Lápiz pasta;10 Caja de 50 unidades  Fecha Entrega y Cantidad: 30-05-2025: 3 Cajas 04-08-2025: 4 Cajas 27-09-2025: 3 Cajas;10;BX
1057532-375-COT25;44121707;Lápices de colores;12 estuches de 12 lapices  Fecha Entrega y Cantidad: 30-05-2025: 4 Estuches 04-08-2025: 4 Estuches 27-09-2025: 4 Estuches;12;KIT
1057532-375-COT25;14111606;Papel artístico o papel Kraft;50 Pliegos Papel Kraft  Fecha Entrega y Cantidad: 30-05-2025: 20 Pliegos 04-08-2025: 20 Pliegos 27-09-2025: 10 Pliegos;50;PGL
1057532-375-COT25;44111905;Pizarras para plumón y accesorios;4 cajas de 10 Plumones  Fecha Entrega y Cantidad: 30-05-2025: 1 Caja Azul + 1 Caja Roja 04-08-2025: 1 Caja Azul + 1 Caja Roja;2;BX
1057532-375-COT25;14111610;Cartulina;50 Pliego Cartulinas.  Fecha Entrega y Cantidad:  30-05-2025: 25 Pliegos -5 Pliegos Amarillos -5 Pliegos Azules -5 Pliegos Rojos -5 Pliegos Verde -5 Pliegos Rosados  04-08-2025: 25 Pliegos -5 Pliegos Amarillos -5 Pliegos Azules -5 Pliegos Rojos -5 Pliegos Verde -5 Pliegos Rosados;50;EA
1057532-375-COT25;44121624;Tijeras;10 unidades   Fecha Entrega y Cantidad: 30-05-2025: 10 Unidades;10;EA
1057532-375-COT25;60123201;Cintas de papel;4 Rollos de 30 mm  30-05-2025: 2 Rollos 04-08-2025:  27-09-2025: 2 Rollos;4;RO
1057532-375-COT25;31201512;Cinta Transparente;3 Paquetes de Scotch de 3 unidades (18 mm)  30-05-2025: 1 Pack 04-08-2025: 1 Pack 27-09-2025: 1 Pack;3;PK
1057532-375-COT25;44122011;Carpetas para archivos;1200 Carpetas Carton Básica   Fecha Entrega y Cantidad: 30-05-2025:  -100 Carpetas Carton azul. -100 Carpetas Carton rojo. -100 Carpetas Carton verde. -100 Carpetas Carton amarilla.   04-08-2025:  -100 Carpetas Carton azul. -100 Carpetas Carton rojo. -100 Carpetas Carton verde. -100 Carpetas Carton amarilla.   27-09-2025:  -100 Carpetas Carton azul. -100 Carpetas Carton rojo. -100 Carpetas Carton verde. -100 Carpetas Carton amarilla.;1200;EA
1057532-375-COT25;60121502;Rotuladores de base disolvente;4 Caja de Plumones Permanente  Fecha Entrega y Cantidad: 30-05-2025:  1 Caja Plumón permanente negro de 12 plumones 1 Caja plumon permanente azul de 12 plumones 1 Caja plumon permanente verde de 12 plumones 1 Caja plumon permanente rojo de 12 plumones;4;BX
1057532-375-COT25;55121804;Distintivos o porta distintivos;1200 Porta Credencial Transparente con Clip y Gancho  30-05-2025: 200 Unidades 04-08-2025: 500 Unidades 27-09-2025: 500 Unidades;1200;EA
1057532-375-COT25;44101801;Calculadoras o accesorios;1 Calculadora  Fecha Entrega y Cantidad: 30-05-2025: 1 Calculadora;1;EA
1057532-375-COT25;60105704;Barras de pegamento libres de ácido;2  Cajas de Stick Fix, 12 Unidades  30-05-2025: 1 Caja 04-08-2025: - 27-09-2025: 1 Caja;2;BX
1057532-345-COT25;46171503;Juegos de cerraduras;Cerradura Digital según Especificaciones Técnicas adjuntas.;1;EA
1057532-325-COT25;53103001;Camisetas de caballero;Polera Manga Corta según especificaciones técnicas adjuntas;1;EA
1057532-325-COT25;53103001;Camisetas de caballero;Polera Manga Larga según especificaciones técnicas adjuntas;1;EA
1057532-325-COT25;46181527;Pantalones protectores;Pantalón cargo, según especificaciones técnicas adjuntas.;1;EA
1057532-325-COT25;42143601;Chalecos y chaquetas de sujeción;Chaleco de procedimiento ajustable, según especificaciones técnicas adjuntas;1;EA
1057532-311-COT25;44122011;Carpetas para archivos;carpetas de cartulina color azul, con elásticos, tamaño oficio.;300;EA
1057532-311-COT25;14111525;Papel multiuso;caja de 100 hojas de opalinas tamaño carta, color blanco 200 o 250 grs.;3;BX
1057532-311-COT25;14111531;Libros o cuadernos de registro;Cuaderno tamaño pequeño (18 x 13 cms) ecológico, 80 a 100 hojas cuadriculadas o lineal, con doble espiral y lápiz pasta azul o negro incorporado, con sujetador elástico.;300;EA
1057532-311-COT25;53121608;Bolsas para compras;Bolsas ecológicas, color azul o negro, 41x35x12, con 2 asas con logo de inmunizaciones. con estampado, se adjunta Diseño del logo;300;EA
1057532-377-COT25;43201549;Conmutadores de interfaz bus;SWITCH 5 PUERTOS / SEGÚN ESPECIFICACIONES ADJUNTAS;2;EA
1057532-377-COT25;43201803;Discos duros;DISCOS SSD / SEGÚN ESPECIFICACIONES ADJUNTAS;2;EA
1057532-378-COT25;43221706;Antenas de radio;Antenas Yagi / Según Especificaciones Adjuntas;2;EA
1057532-379-COT25;51141704;Risperidona;Se requiere Risperidona 25mg inyectable, para pacientes COSAM RAHUE, vencimiento igual o superior a 12 meses y resolución sanitaria de distribución de medicamentos.;26;AMPF
1057532-381-COT25;73101701;Servicios de producción de medicamentos o medicinas;Paliperidona, Frascos ampolla 75 mg suspensión inyectable de liberación prolongada, jeringa prellenada. Según EETT adjuntas y debe adjuntar resolución sanitaria de distribución de medicamentos. Las ofertas que no cumplan con lo solicitado se declararan inadmisible.;30;AMPF
1057532-380-COT25;51141704;Risperidona;Adq. Risperidona 25 MG en polvo para Suspensión Inyectable de Liberación prolongada, frasco, ampolla, para COSAM ORIENTE, vencimiento igual o superior a 12 meses y resolución sanitaria de distribución de medicamentos.;25;AMPF
1057532-382-COT25;60121502;Rotuladores de base disolvente;Plumón permanente negro	1 caja	de 12 plumones plumon permanente azul	1 caja	de 12 plumones plumon permanente verde	1 caja	de 12 plumones plumon permanente rojo	1 caja	de 12 plumones Segun EETT.;4;BX
1057532-382-COT25;55121804;Distintivos o porta distintivos;1200 Porta Credencial Transparente con Clip y Gancho Segun EETT.;1200;EA
1057532-382-COT25;44101801;Calculadoras o accesorios;1 Calculadora	 Segun EETT.;1;EA
1057532-382-COT25;60105704;Barras de pegamento libres de ácido;2 cajas	De stick fix de 12 Unidades  Segun EETT.;2;BX
1057532-382-COT25;44121701;Lápiz pasta;10 Caja de 50 unidades (Lapiz Pasta Azul) Segun EETT.;10;BX
1057532-382-COT25;44121707;Lápices de colores;12 estuches de 12 lapices Lapiz Scripto Segun EETT.;12;KIT
1057532-382-COT25;14111606;Papel artístico o papel Kraft;50 Pliegos papel kraft  80*110 Segun EETT.;50;EA
1057532-382-COT25;44111905;Pizarras para plumón y accesorios;2 Cajas de 10 Plumones Azules Segun EETT. 2 Cajas de 10 Plumones Rojo;4;BX
1057532-382-COT25;14121503;Cartulina;10 Pliego Cartulinas amarillas 50*70 	 10 Pliego Cartulinas azules 50*70  10 Pliego Cartulinas rojas 50*70  10 Pliego Cartulinas verde 50*70  10 Pliego Cartulinas rosadas 50*70  Segun EETT.;50;EA
1057532-382-COT25;44121624;Tijeras;10 Tijeras Escolar  Segun EETT.;10;EA
1057532-382-COT25;31201515;Cintas de papel;4 rollos Masking Tape de 30 mm Segun EETT.;4;EA
1057532-382-COT25;31201512;Cinta Transparente;3 pack de 3 unidades (18 mm)  Segun EETT.;3;PACK
1057532-382-COT25;44122011;Carpetas para archivos;300 Carpetas Carton Básica color azul	 300 Carpetas Carton Básica color rojo	 300 Carpetas Carton Básica color verde	 300 Carpetas Carton Básica color amarilla	 Segun EETT.;1200;EA
1077241-53-COT25;60105203;Materiales educativos de preparación para exámenes;kit de examen pectoral que permite identificar y enseñar distintas patologías de las mamas. Entrene sobre la localización de quistes y tumores en modelos de aspectos realista empleando un ultrasonido real. Debe contener todo lo dispuesto en Especificaciones Técnicas Adjuntas.;1;KIT
1057532-369-COT25;46171503;Juegos de cerraduras;Cerradura Digital según Especificaciones Técnicas adjuntas.;1;EA
1057922-55-COT25;39121011;Fuentes de alimentación continua;UPS TRIFASICA / SEGÚN ESPECIFICACIONES ADJUNTAS;1;EA
1057532-385-COT25;42192210;Sillas de ruedas;Se requiere 5 sillas de ruedas neurológicas, según especificaciones técnicas(completar formulario) adjunto. Se deberá adjunta ficha técnica del producto y la iso solicitada vigente y en la guía de despacho o factura deberá indicar los siguientes registro para la trazabilidad del producto: Nombre del producto, modelo del producto, N° de lote/serie y fecha de vencimiento. La factura o guía que no tenga estos antecedentes será rechazada.;5;EA
1057532-358-COT25;44122117;Anillados;TAPAS MICAS PARA ANILLADO 150 MICRON TAMAÑO CARTA ADJUNTAR COTIZACION E INDICAR PLAZO DE ENTREGA;200;EA
1057532-358-COT25;44103504;Espirales de encuadernación;ESPIRAL PLASTICO NEGRO PARA ENCUADERNACION 8 MM;100;EA
1057532-358-COT25;44103504;Espirales de encuadernación;ESPIRAL PLASTICO NEGRO PARA ENCUADERNACION 12 MM;100;EA
1057922-45-COT25;42295112;Mesas de procedimiento de la sala de operación o accesorios o productos relacionados;Soporte Universal, Según especificaciones adjuntas;1;EA
1057532-376-COT25;51141722;Fumarato de quetiapina;QUETIAPINA 25 MG COMPRIMIDO RECUBIERTO ENVASADO EN BLISTER. ENVASERESISTENTE CON SELLO QUE ASEGURE LA INVIOLABILIDAD DEL CONTENIDO.;110000;CMP
1057532-376-COT25;51181805;Levonorgestrel;LEVONORGESTREL 0.03 MG BLISTER DE 28 O 35 GRAGEAS O COMPRIMIDO RECUBIERTO CAJA 1 CICLO.;1500;EA
1077241-55-COT25;56101605;Bancos exteriores;8 Banquillos, segun EETT;8;EA
1077241-55-COT25;56101606;Maceteros;10 Macetero Jardinera Rectangular Para Plantas N°35 Largo: 35 cm Alto: 12 cm Capacidad: 3,5 lts;10;EA
1077241-55-COT25;56101602;Sillas de terraza;1 Sillón columpio de terraza  Ancho: 170 cm, alto: 153 cm, profundidad: 120 cm Segun EETT;1;EA
1057532-393-COT25;90101701;Gestión de cafetería;SERVICIO DE CAFETERIA.;80;EA
1057532-367-COT25;44122011;Carpetas para archivos;100	Carpetas plastificadas con accoclip tamaño oficio;100;EA
1057532-367-COT25;44121701;Lápiz pasta;150	Lápiz pasta punta media 1.0 mm;150;EA
1057532-367-COT25;44121708;Marcadores;Marcadores permanentes rojo	10	- Punta redonda.Trazo de 3,5 mm. Marcadores permanentes verde 10 - Punta redonda.Trazo de 3,5 mm. Marcadores permanentes azul 10	- Punta redonda.Trazo de 3,5 mm. Marcadores permanentes negro10	- Punta redonda.Trazo de 3,5 mm.;40;EA
1057532-367-COT25;14111530;Notas de papel autoadhesivo;5 Block notas adhesivas amarillo neón	-Nota adhesiva amarillo neón 7.6 x 7.6 cm 100 hojas. 5 Block notas adhesivas rosado neón	-Nota adhesiva rosado neón 7.6 x 7.6 cm 100 hojas. 5 Block notas adhesivas verde neón	-Nota adhesiva verde neón 7.6 x 7.6 cm 100 hojas. 5 Block notas adhesivas naranjo neón	-Nota adhesiva naranjo neón 7.6 x 7.6 cm 100 hojas.;20;EA
1057532-367-COT25;14111610;Cartulina;20 Cartulina blanca - COLOR BLANCO 53X77 CMS;20;EA
1057532-367-COT25;60123201;Cintas de papel;5 Cinta masking;5;EA
1057532-367-COT25;44122104;Clips para papel;5  Accoclips;5;EA
1057532-367-COT25;31201517;Cinta para empaquetar;8 Cinta Adhesiva Cristalina 19 Mm x 20 Mt Transparente;8;EA
1057532-367-COT25;44121708;Marcadores;5	Destacador De Escritorio Punta Biselada Amarillo 5	Destacador De Escritorio Punta Biselada verde 5	Destacador De Escritorio Punta Biselada naranjo;15;EA
1057532-367-COT25;60123601;Pegamento de purpurina;15 Pegamento En Barra 40 Gr;15;EA
1057532-367-COT25;44121624;Tijeras;10	Tijera Escolar 5 1/4 Pulgadas Plast/Metal;10;EA
1057922-52-COT25;41111509;Básculas de suelo o plataforma;BALANZA CON TALLIMETRO ADULTO / SEGÚN ESPECIFICACIONES ADJUNTAS;1;EA
1057922-50-COT25;42131613;Zapatos de posoperatorio o accesorios;CUBRE CALZADO AUTOMATICO / SEGÚN ESPECIFICACIONES ADJUNTAS;4;EA
1180747-41-COT25;41102704;Equipo de difracción de rayos X;-03 Negatoscopio Según Especificaciones Adjuntos;3;EA
1180747-42-COT25;46151711;Reveladores de huellas de pies;- 02 Podoscopio Según Especificaciones Adjuntas;2;EA
1077241-57-COT25;90101701;Gestión de cafetería;SERVICIO DE CAFETERIA.;100;EA
1057532-243-COT25;42181708;Electrodos de parche de electrocardiografía (ECG);Parche Desfibrilación Adulto Multifunción. CPR D-PADZ con sensor de retroalimentación / Según Especificaciones Adjuntas.;1;EA
1057532-392-COT25;90101701;Gestión de cafetería;SERVICIO DE CAFETERIA 696  RACIONES.;696;EA
1057532-388-COT25;44122011;Carpetas para archivos;Carpeta Plastificada sin accoclip. Un color.;250;EA
1057532-388-COT25;44121701;Lápiz pasta;Lápiz pasta azul, punta gruesa.;250;EA
1057532-388-COT25;14111525;Papel multiuso;Caja Opalina Lisa Blanca, tamaño carta, 180 grs. (caja de 100 hojas).;1;BX
1057532-384-COT25;90101701;Gestión de cafetería;Servicio de cafetería para 250 personas, según especificaciones y requerimientos adjuntos;1;000
1057532-389-COT25;52151504;Tazas o vasos desechables domésticos;Vasos de polipapel, 250 cc.;300;EA
1057532-133-COT25;53111601;Zapatos de hombre;Zapatos de seguridad para hombre;1;PR
1057532-399-COT25;50201706;Café;3 Café 170 gramos;3;EA
1057532-399-COT25;50201713;Bolsitas de te;3 - Té 100 bolsas;3;EA
1057532-399-COT25;50161509;Productos de edulcorantes o azúcares naturales;2 Alulosa 250 ml;2;EA
1057532-399-COT25;50181905;Galletas dulces o pastelitos;12 Galletas de avena y chocolate;12;EA
1057532-399-COT25;50181905;Galletas dulces o pastelitos;12 Galletas de avena y manzana;12;EA
1057532-399-COT25;50192110;Nueces o frutos secos;100 Bolsa de 35 gramos de frutos sectos surtidos;100;EA
1057532-399-COT25;52151504;Tazas o vasos desechables domésticos;100 Vasos para café 250 ml;100;EA
1057532-399-COT25;52151617;Cucharas de madera de uso doméstico;200	Revolvedores de café madera;200;EA
1057532-399-COT25;52151704;Cucharas domésticas;200	Cucharas de té plásticas;200;EA
1057532-399-COT25;52121602;Servilletas;200 Servilletas de papel;200;EA
1057532-397-COT25;14111529;Rollos para télex;"50 ""Rollo de transferencia térmica, 110 mm x 74 m, compatible  con impresora Zebra GC420 y Zebra ZD220"", segun eett";50;EA
1057532-397-COT25;55121606;Etiquetas autoadhesivas;60 Rollos de Papel mate 70x100 mm (cada rollo de 700 etiquetas aproximadamente) compatible con impresora Zebra GC420 y Zebra ZD 220 segun ett;60;RO
1057532-383-COT25;45111603;Pantallas de proyección;Arriendo de pantalla Led según requerimientos técnicos adjuntos en Formulario N°2;1;EA
1057532-383-COT25;40101819;Calentadores de espacio;Arriendo de  5 Calentadores de Patio a gas, según requerimiento técnicos adjuntos en Formulario N°2;5;EA
1057532-391-COT25;50181905;Galletas dulces o pastelitos;Brownie de chocolate bañado en chocolate individual (35 grs) / (Tipo Braunichoc).;200;EA
1057532-398-COT25;41115830;Analizadores de glucosa;5 contenedores de cintas hemo flujo test (presentación de 50 cintas c/u) para uso en MÁQUINA ACCUCHEK INSTANT;5;EA
1057532-402-COT25;31261501;Cubiertas y cajas de plástico;2 Caja plastica de 100 litros (45x40x94 cm);2;EA
1057532-403-COT25;85121808;Laboratorios de rayos X;Informes Radiológicos Simples;1900;EA
1057532-403-COT25;85121808;Laboratorios de rayos X;Informes Radiológico Urgentes;100;EA
1057532-403-COT25;85121808;Laboratorios de rayos X;Informes Radiológicos Mamografías;60;EA
1180747-39-COT25;42271802;Nebulizadores o accesorios;-01 Nebulizador Según Especificaciones Adjuntas;1;EA
1180747-39-COT25;46151711;Reveladores de huellas de pies;- 02 Podoscopio Según Especificaciones Adjuntas;2;EA
1180747-39-COT25;41102704;Equipo de difracción de rayos X;-03 Negatoscopio Según Especificaciones Adjuntos;3;EA
1057922-56-COT25;42192104;Taburetes para médicos y accesorios;Silla Taburete, Según especificaciones adjuntas.;2;EA
1057532-396-COT25;51191905;Suplementos vitamínicos;Suplemento Nutricional sabor Vainilla 850 grs/unidad tarro.;12;EA
1057532-400-COT25;42192210;Sillas de ruedas;Se requiere 5 sillas de ruedas neurológicas adulto, según especificaciones técnicas(completar formulario) adjunto. Toda oferta que no presente el formulario de especificaciones técnicas firmado, quedara inadmisible. Factura o guía  deberá indicar los siguientes registro para la trazabilidad del producto: Nombre del producto, modelo del producto, N° de lote/serie y fecha de vencimiento. La factura o guía que no tenga estos antecedentes será rechazada.;5;EA
1057922-48-COT25;41103710;Baños de agua de agitación orbital;Baño Termorregulado / Según especificaciones Adjuntas;1;EA
1057532-340-COT25;44122011;Carpetas para archivos;Carpetas de cartulina color azul, con elásticos, tamaño oficio.;300;EA
1057532-340-COT25;14111531;Libros o cuadernos de registro;Cuaderno tamaño pequeño (18 x 13 cms) ecológico, 80 a 100 hojas cuadriculadas o lineal, con doble espiral y lápiz pasta azul o negro incorporado, con sujetador elástico. Cantidad;300;EA
1057532-340-COT25;14111610;Cartulina;caja de 100 hojas de opalinas tamaño carta, color blanco 200 o 250 grs.;3;BX
1057532-340-COT25;53121608;Bolsas para compras;Bolsas ecológicas, color azul o negro, 41x35x12, con 2 asas con logo de inmunizaciones. con estampado, se adjunta Diseño del logo Cantidad;300;EA
1057532-387-COT25;30151901;Toldos;01 Toldo plegable 3x3 metros azul impermeable Según Especificaciones Técnicas Adjuntas.;1;EA
1057532-387-COT25;44111512;Organizador de folletos;01 Estructura plegable de aluminio y cubierta acrílico. 155 cms de alto, espacio de exhibición por ambos lados, incluye bolso de transporte. Según Especificaciones Técnicas Adjuntas.;1;EA
1057532-387-COT25;52121604;Mantel de mesa;02 Fundas De Mantel Tela Spandex Mesa 6tf 180x77x74cm, color azul Según Especificaciones Técnicas Adjuntas;2;EA
1057532-415-COT25;52151502;Platos desechables domésticos;PLATOS DESECHABLES.;800;EA
1057532-415-COT25;52151504;Tazas o vasos desechables domésticos;VASOS DESECHABLE;1000;EA
1057532-415-COT25;52151617;Cucharas de madera de uso doméstico;CUCHARAS DE MADERA PARA CAFE;1000;EA
1057532-415-COT25;52151617;Cucharas de madera de uso doméstico;REVOLVEDOR DE MADERA.;1000;EA
1057532-416-COT25;50202310;Agua mineral;24 UNIDADES DE AGUA MINERAL SIN GAS;24;EA
1057532-416-COT25;50202310;Agua mineral;24 UNIDADES DE AGUA MINERAL CON GAS;24;EA
1057532-416-COT25;50201709;Café instantáneo;3 TARRO DE CAFE INSTANTANEO DE 400 GRAMOS C/U.;3;JR
1057532-416-COT25;50192110;Nueces o frutos secos;200 UNIDADES DE FRUTOS SECOS;200;EA
1057532-416-COT25;50201713;Bolsitas de te;300 BOLSAS DE TE;300;BG
1057532-416-COT25;50161509;Productos de edulcorantes o azúcares naturales;3 ENDULZANTES LIQUIDO STEVIA;3;EA
1057532-416-COT25;50161509;Productos de edulcorantes o azúcares naturales;500 SOBRES DE AZUCAR DE 5 GRAMOS;500;SOBR
1077241-59-COT25;90101701;Gestión de cafetería;SERVICIO DE CAFETERIA.;100;EA
1057532-390-COT25;44103105;Cartuchos de tinta;4 TONER HP CB435A compatible impresora HP laserJet P1005, según EE.TT;4;EA
1057532-401-COT25;53141626;Bastidores de bordado;60 BASTIDORES 50x70cms;60;EA
1057532-401-COT25;60121108;Croqueras;20 BLOCK ACUARELAS ARTEL 24X34cms;20;EA
1057532-401-COT25;60121236;Pinceles;20 PINCEL PARA ACUARELAS PELO BLANDO Nº3;20;EA
1057532-401-COT25;60121236;Pinceles;20 PINCEL PARA ACRILICO ARTEL Nº1;20;EA
1057532-401-COT25;31211508;Pinturas acrílicas;5 PINTURA ACRILICA ARTEL BOTE 250grs. BLANCO Nº112;5;EA
1057532-401-COT25;31211508;Pinturas acrílicas;5 PINTURA ACRÍLICA ARTEL BOTE 250grs. AZUL ULTRAMAR Nº444;5;EA
1057532-401-COT25;31211508;Pinturas acrílicas;5 PINTURA ACRILICA ARTEL BOTE 250grs. VERDE Nº533;5;EA
1057532-401-COT25;31211508;Pinturas acrílicas;5 PINTURA ACRILICA ARTEL BOTE 250grs. SIENA TOSTADA Nº663;5;EA
1057532-401-COT25;31211508;Pinturas acrílicas;5 PINTURA ACRILICA ARTEL BOTE 250grs. VIOLETA Nº446;5;EA
1057532-401-COT25;47131806;Barniz o ceras de muebles;4 BARNIZ CRISTAL ARTEL 20%;4;EA
1057532-401-COT25;44121708;Marcadores;5 LÁPICES SCRIPTO 12 COLORES;5;EA
1057532-401-COT25;44121618;Tijeras;10 TIJERAS ESCOLARES 5 1/2;10;EA
1057922-57-COT25;42192404;Carros médicos o accesorios;Carro de transporte de material estéril / Según Especificaciones Adjuntas.;1;EA
1057532-412-COT25;31261501;Cubiertas y cajas de plástico;CAJAS DE PLASTICOS.;66;BX
1057532-412-COT25;31261501;Cubiertas y cajas de plástico;CAJA PLASTICA.;1;BX
1180747-40-COT25;42271802;Nebulizadores o accesorios;-01 Nebulizador Según Especificaciones Adjuntas;1;EA
1057532-413-COT25;44122011;Carpetas para archivos;CARPETA TIPO ARCHIVADOR.;50;EA
1057532-413-COT25;11111606;Pizarra;PIZARRA.;1;EA
1057922-47-COT25;41111502;Básculas de laboratorio;Balanza de Precisión / Según Especificaciones Adjuntas;3;EA
1057532-418-COT25;43202005;Dispositivos de almacenamiento de memoria flash;6 Discos SSD - 500TB - 2,5 PULGADAS;6;EA
1057922-60-COT25;42181601;Unidades de presión sanguínea aneroide;Tensiómetro Digital Según Especificaciones Técnicas Adjuntas.;2;EA
1057922-59-COT25;42191608;Monitores de salida o controles de enfermería;Monitor de Signos Vitales Básico Según Especificaciones Técnicas adjuntas;2;EA
1057922-61-COT25;24131602;Congeladores verticales;CONGELADOR CLINICO / SEGÚN ESPECIFICACIONES ADJUNTAS;1;EA
1057922-62-COT25;23151803;Máquinas encapsuladoras;ENCAPSULADORA N° 3 / SEGUN ESPECIFICACIONES ADJUNTAS;1;EA
1057922-51-COT25;23151803;Máquinas encapsuladoras;ENCAPSULADORA N° 3 / SEGUN ESPECIFICACIONES ADJUNTAS;1;EA
1057922-49-COT25;24131602;Congeladores verticales;CONGELADOR CLINICO / SEGÚN ESPECIFICACIONES ADJUNTAS;1;EA
1077241-60-COT25;90101801;Comidas preparadas para llevar;Servicio de almuerzo para 25 personas, para el dia 12.06.2025, en horario de 13:00 hrs. Las especificaciones tecnicas para el servicio estan en el adjunto, que debe ser firmado y enviar en la oferta;25;EA
1057532-408-COT25;85121808;Laboratorios de rayos X;Informes Radiológicos Simples;1900;EA
1057532-408-COT25;85121808;Laboratorios de rayos X;Informe Radiológicos urgentes;100;EA
1057532-408-COT25;85121808;Laboratorios de rayos X;Informes Radiológicos Mamografías;60;EA
1077241-58-COT25;56101605;Bancos exteriores;7 Banquillos segun EE.TT.;7;EA
1077241-58-COT25;56101606;Maceteros;10 Maceteros según EE.TT;10;EA
1057532-404-COT25;70171704;Servicios de mantenimiento o administración de estaciones de bombeo;Servicio de Mantenimiento Preventivo del Sistema de Agua Potable de la Base SAMU de Osorno, segun Especificaciones Técnicas adjuntas;1;EA
1057532-405-COT25;44122117;Anillados;TAPAS MICAS PARA ANILLADO 150 MICRON TAMAÑO CARTA, ADJUNTAR COTIZACION E INDICAR PLAZO DE ENTREGA;200;EA
1057532-405-COT25;44103504;Espirales de encuadernación;ESPIRAL PLASTICO NEGRO PARA ENCUADERNACION 12 MM;100;EA
1057532-405-COT25;44103504;Espirales de encuadernación;ESPIRAL PLASTICO NEGRO PARA ENCUADERNACION 8 MM;100;EA
1057532-407-COT25;81112101;Proveedores de servicio de Internet (ISP);Servicio de Internet Fibra de entre 800 a 900 Megas aprox. + TV con 1 (Un) Decodificador + telefonía fija ilimitada, de Junio a Diciembre 2025 incluido el servicio de instalación.;1;000
1057532-411-COT25;48101611;Balanzas de uso comercial;BALANZA DIGITAL.;13;EA
1057532-417-COT25;44122011;Carpetas para archivos;carpetas de cartulina color azul, con elásticos, tamaño oficio.;300;EA
1057532-417-COT25;14111525;Papel multiuso;caja de 100 hojas de opalinas tamaño carta, color blanco 200 o 250 grs.;3;BX
1057532-417-COT25;14111531;Libros o cuadernos de registro;Cuaderno tamaño pequeño (18 x 13 cms) ecológico, 80 a 100 hojas cuadriculadas o lineal, con doble espiral y lápiz pasta azul o negro incorporado, con sujetador elástico.;300;EA
1057532-417-COT25;53121608;Bolsas para compras;Bolsas ecológicas, color azul o negro, 41x35x12, con 2 asas con logo de inmunizaciones. con estampado, se adjunta Diseño del logo;300;EA
1057532-320-COT25;53131503;Cepillos de dientes;Cepillo Dental Adulto Medio / Según Especificaciones Adjuntas;104;EA
1057532-320-COT25;53131503;Cepillos de dientes;Cepillo para Limpieza de Prótesis Dental / Según Especificaciones Adjuntas;104;EA
1057532-320-COT25;53131503;Cepillos de dientes;Cepillo Interdental / Según Especificaciones Adjuntas;53;PACK
1057532-320-COT25;53131503;Cepillos de dientes;Cepillo Dental Eléctrico Recargable Adulto / Según Especificaciones Adjuntas;120;EA
1057532-320-COT25;53131503;Cepillos de dientes;Cabezal de Repuesto para Cepillo Dental Eléctrico Adulto / Según Especificaciones Adjuntas;70;PACK
1057532-320-COT25;53131502;Pasta de dientes;Pasta Dental Triple / Según Especificaciones Adjuntas;104;EA
1057532-419-COT25;78121601;Servicios de flete;-1 Mudanza, desde la ciudad de Valdivia a la ciudad de Osorno, el traslado debe efectuarse el día 21/06/2025. Dirección Actual: Suecia #281, Valdiavia. Dirección de destino: Avenida Francia 1771 Departamento 304 Torre 2  Se debe adjuntar una cotización mediante la plataforma y numero de contacto. Según Inventario Adjunto.;1;EA
1057532-420-COT25;90101701;Gestión de cafetería;Servicio de cafetería en jornadas AM para 94 personas, para el dia 27.06.2025 Especificaciones tecnicas en el adjunto que debe firmar, ademas de adjuntar Resolucion Sanitaria;94;EA
1057532-422-COT25;90101701;Gestión de cafetería;Entrega del Servicio de cafetria para el dia 13.06.2025, en Horario AM-10:30 a 11:00 horas aprox. el lugar a realizar es en la caja de los andes, osorno;30;EA
1077241-61-COT25;90101701;Gestión de cafetería;la entrega del servicio de cafateria es para 50 usuarios, fecha 30.06.2025, la entrega debe ejecutarse a las 14:00 hrs. las especificaciones tecnicas estan adjuntas, debe firmar el documento.;50;EA
1057532-423-COT25;24111503;Bolsas de plástico;BOLSAS PARA TOMA DE MUESTRA.;10000;BG
1057922-65-COT25;23151803;Máquinas encapsuladoras;ENCAPSULADORA N° 3 / SEGUN ESPECIFICACIONES ADJUNTAS;1;EA
1057922-58-COT25;42222104;Portasuero o pedestal de línea arterial o intravenosa;Soporte Universal, Según especificaciones adjuntas;1;EA
1057922-63-COT25;42281905;Selladores de calor de esterilización;SELLADORA DE PEDESTAL / SEGÚN ESPECIFICACIONES ADJUNTAS;3;EA
1057922-67-COT25;42191608;Monitores de salida o controles de enfermería;Monitor de Signos Vitales Básico Según Especificaciones Técnicas adjuntas;2;EA
1077241-63-COT25;90101701;Gestión de cafetería;la entrega del servicio de cafateria es para 50 usuarios, fecha 30.06.2025, la entrega debe ejecutarse a las 14:00 hrs. las especificaciones tecnicas estan adjuntas, debe firmar el documento.;50;EA
1057532-395-COT25;42132102;Cubre camillas;Sabanilla de Papel Desechable en rollo de 48 metros. (presentación de 2 rollos x pack);30;PACK
1077241-54-COT25;11111501;Tierra;3 Bolsa fibra de coco - bolsa de 5 lts.;3;EA
1077241-54-COT25;11111503;Tierra de hoja;5 Tierra hoja de 50 litros;5;EA
1077241-54-COT25;21101804;Difusores o distribuidores de abono;5 Fertilizante triple plus 1kg  ( que ontenga: NPK más calcio, magnesio, Zinc, Manganeso, hierro, Cobre, Boro y Azufre);5;EA
1057532-432-COT25;90101701;Gestión de cafetería;Servicio de cafetería en jornadas AM para 94 personas, para el día 27.06.2025 Especificaciones técnicas en el adjunto que debe firmar, además de adjuntar Resolución Sanitaria;94;EA
1057532-424-COT25;81112101;Proveedores de servicio de Internet (ISP);Servicio de Internet Fibra de entre 800 a 900 Megas aprox. + TV con 1 (Un) Decodificador + telefonía fija ilimitada (incluir dispositivo telefónico) , de Junio a Diciembre 2025 incluido el servicio de instalación. La facturación debe ser por mes vencido.;1;EA
1057532-434-COT25;90101701;Gestión de cafetería;Servicio Cafeteria para 2 jornadas, días 8 y 9 de Julio en horario AM, 30 participantes por dia. Especificaciones técnicas adjuntas, deben ser firmadas aceptando el requerimiento.;60;EA
1057532-434-COT25;90101701;Gestión de cafetería;Servicio Cafeteria para 2 jornadas, días 8 y 9 de Julio en horario PM, 30 participantes por dia. Especificaciones técnicas adjuntas, deben ser firmadas aceptando el requerimiento;60;EA
1077241-62-COT25;56101605;Bancos exteriores;5 Banquillos segun EE.TT.;5;EA
1077241-62-COT25;56101606;Maceteros;7 Maceteros según EE.TT;7;EA
1057532-439-COT25;90101701;Gestión de cafetería;Servicio de cafeteria para el dia 24.06.2025 para 35 personas en horario AM/10:30-11:00 hrs. Lugar de la actividad sera previamente coordinada,  se adjuntan especificaciones tecnicas para el servicio de cafeteria, firmar y adjuntar;35;EA
1057532-439-COT25;90101701;Gestión de cafetería;Servicio de cafeteria para el mes de Septiembre para 35 personas en horario AM/10:30-11:00 hrs.  fecha y lugar de la actividad sera previamente coordinada,  se adjuntan especificaciones tecnicas para el servicio de cafeteria, firmar y adjuntar;35;EA
1057532-447-COT25;78121601;Servicios de flete;Mudanza, desde la ciudad de Valdivia a la ciudad de Osorno, el traslado debe efectuarse el día 21/06/2025. Dirección Actual: Suecia #281, Valdivia. Dirección de destino: Avenida Francia 1771 Departamento 304 Torre 2 Se debe adjuntar una cotización mediante la plataforma y numero de contacto. Según Inventario Adjunto;1;EA
1057532-427-COT25;31261501;Cubiertas y cajas de plástico;2 Buzón en acrílico transparente 25 cms. ancho x 25 cms. alto x 15 cms. de fondo. Con aleta 5 cms. alto parte superior con perforaciones para colgar. Con ranura parte superior, bisagras y chapa.;2;EA
1057532-433-COT25;53121608;Bolsas para compras;Bolsas ecológicas, color azul o negro, 41x35x12, con 2 asas con logo de inmunizaciones.;300;EA
1057532-437-COT25;42132101;Protege sábanas de hospital;sabanillas desechables para protección de colchón.    Empaque desde 8 unidades se adjunta imagen de referencia.;300;EA
1057532-426-COT25;31261501;Cubiertas y cajas de plástico;1 Baul bodega caja, segun ee.tt;1;EA
1057922-54-COT25;42212201;Trituradoras o partidoras de píldoras para discapacitados físicos;TRITURADOR DE COMPRIMIDOS / SEGÚN ESPECIFICACIONES ADJUNTAS;1;EA
1057922-53-COT25;42281905;Selladores de calor de esterilización;SELLADORA DE PEDESTAL / SEGÚN ESPECIFICACIONES ADJUNTAS;3;EA
1057532-442-COT25;50201706;Café;SACHET DE CAFE.;96;SOBR
1057532-442-COT25;50161509;Productos de edulcorantes o azúcares naturales;SACHET DE AZUCAR.;100;SOBR
1057532-442-COT25;50161509;Productos de edulcorantes o azúcares naturales;SACHET DE STEVIA.;100;SOBR
1057532-442-COT25;50181905;Galletas dulces o pastelitos;GALLETAS TRITON.;12;PK
1057532-442-COT25;50181905;Galletas dulces o pastelitos;GALLETAS GRETEL.;12;PK
1057532-442-COT25;50181905;Galletas dulces o pastelitos;GALLETA DE MANTEQUILLA;10;PK
1057532-442-COT25;50181909;Galletas saladas;GALLETA SALADAS.;6;PK
1057532-442-COT25;50161814;Dulces con azúcar o sustitutos;GOMITAS DEFRUGELE.;2;BG
1057532-442-COT25;50192110;Nueces o frutos secos;FRUTOS SECOS.;6;KGM
1057532-442-COT25;50202310;Agua mineral;AGUA MINERAL GASIFICADA.;2;BO
1057532-443-COT25;52121602;Servilletas;PAQUETE DE SERVILLETA.;3;PK
1057532-443-COT25;52151502;Platos desechables domésticos;PLATOS DESECHABLES.;30;EA
1057532-443-COT25;52151617;Cucharas de madera de uso doméstico;CUCHARAS DE MADERA DESECHABLES PEQUEÑAS.;400;EA
1057532-443-COT25;52151504;Tazas o vasos desechables domésticos;VASOS DE POLI PAPEL.;200;EA
1057532-445-COT25;50161509;Productos de edulcorantes o azúcares naturales;3 KILOS DE AZUCAR.;3;KGM
1057532-445-COT25;50201709;Café instantáneo;4 TAROS DE CAFE X 400 GRAMOS C/U.;4;JR
1057532-445-COT25;50161509;Productos de edulcorantes o azúcares naturales;3 BOTELLAS DE ENDULZANTE LIQUIDO SUCRALOSA X 350 ML,;3;BO
1057532-445-COT25;50192110;Nueces o frutos secos;4 BOLSAS DE FRUTOS SECOS MIXTO DE 700 GRAMOS C/U.;4;BG
1057532-445-COT25;50202304;Jugos y néctar envasados;4 BOTELLAS DE JUGOS NECTAR  DE NARANJA 0% AZUCAR DE 1,5 CADA BOTELLA;4;BO
1057532-445-COT25;50201713;Bolsitas de te;300 BOLSAS DE TE EN CAJAS DE 100 UNIDADES.;300;BG
1057532-445-COT25;50131701;Leche o productos de mantequilla;5 LITROS DE LECHE DESCREMADA EN ENVASES DE LITRO,;5;LTR
1057532-445-COT25;50181905;Galletas dulces o pastelitos;12 PAQUETES DE GALLETAS FRAC CHOCOLATES 110 GRAMOS.;12;PK
1057532-446-COT25;52151502;Platos desechables domésticos;30 PLATOS DESECHABLES (BIODEGRADABLE);30;EA
1057532-446-COT25;52151617;Cucharas de madera de uso doméstico;400 CUCHARAS DE MADERA PARA CAFE.;400;EA
1057532-446-COT25;52121602;Servilletas;300 SERVILLETAS DESECHABLES EN PAQUETE DE 100.;300;EA
1057532-446-COT25;52151504;Tazas o vasos desechables domésticos;400 VASOS DE POLI PAPEL.;400;EA
1057532-431-COT25;44122011;Carpetas para archivos;carpetas de cartulina color azul, con elásticos, tamaño oficio.;300;EA
1057532-431-COT25;14111525;Papel multiuso;caja de 100 hojas de opalinas tamaño carta, color blanco 200 o 250 grs.;3;BX
1057532-431-COT25;14111531;Libros o cuadernos de registro;Cuaderno tamaño pequeño (18 x 13 cms) ecológico, 80 a 100 hojas cuadriculadas o lineal, con doble espiral y lápiz pasta azul o negro incorporado, con sujetador elástico.;300;EA
1057532-428-COT25;51191905;Suplementos vitamínicos;Suplemento Nutricional de acuerdo a las especificaciones técnicas descritas en Formulario N°2 adjunto.;24;EA
1057922-70-COT25;42222104;Portasuero o pedestal de línea arterial o intravenosa;Soporte Universal, Según especificaciones adjuntas;1;EA
1057532-436-COT25;53131618;Utensilios de pedicura;Kit de Podologia Profesional Especificaciones tecnicas adjuntas.;6;KIT
1077241-64-COT25;31211507;Pinturas en aerosol;12 spray brillante 400ml (4 Rojos / 4 Verde / 2 amarillo / 2 morado);12;EA
1077241-64-COT25;31211904;Brochas;7 brocha multiproposito 2 pulgadas;7;EA
1077241-64-COT25;86131502;Pintura;3 Aguarrás mineral 1 lt - quimica Universal;3;EA
1077241-64-COT25;42132203;Guantes médicos de examen o para usos no quirúrgicos;8 GUANTES DE LÁTEX MULTIPROPÓSITO FULLGEN;8;EA
1077241-64-COT25;31162003;Clavos de acabado;"1 Bolsa de Clavo corriente 2"" x 12mm 1kg";1;EA
1077241-64-COT25;27111602;Martillos;1 Martillo carpintero 0,45kg;1;EA
1077241-64-COT25;86131502;Pintura;pintura blanca esmalte al agua 1 galon blanco, segun eett;1;EA
1077241-64-COT25;27112002;Azadones;1 Gualato;1;EA
1077241-64-COT25;44121624;Tijeras;3 tijera bypass de sacero inoxidable;3;EA
1077241-64-COT25;40142008;Mangueras para agua;Manguera Retráctil 30mts Jardín Verde;1;EA
1057532-425-COT25;43201803;Discos duros;DISCOS SSD / SEGÚN ESPECIFICACIONES ADJUNTAS;20;EA
1057922-68-COT25;42181601;Unidades de presión sanguínea aneroide;Tensiómetro Digital Según Especificaciones Técnicas Adjuntas.;2;EA
1057922-64-COT25;24131602;Congeladores verticales;CONGELADOR CLINICO / SEGÚN ESPECIFICACIONES ADJUNTAS;1;EA
1057532-455-COT25;44121708;Marcadores;PLUMONES DE PIZARRA COLOR NEGRO.;40;EA
1057532-455-COT25;44121708;Marcadores;PLUMONES DE PIZARRA COLOR AZUL.;40;EA
1057532-455-COT25;44121708;Marcadores;PLUMONES DE PIZARRA COLOR ROJO.;40;EA
1057532-455-COT25;44121708;Marcadores;PLUMONES DE PIZARRA COLOR VERDE.;40;EA
1057532-455-COT25;44121618;Tijeras;TIJERA MULTIUSO 7 1/2;30;EA
1057532-455-COT25;14111610;Cartulina;carpetas de cartulina española.;40;EA
1057532-455-COT25;60124317;Masa de modelado;kit de 6 masas para moldear diferentes colores.;15;KIT
1057532-455-COT25;60123601;Pegamento de purpurina;pegamento en barra de 21 gramo.;70;EA
1057532-455-COT25;31201522;Cinta de transferencia adhesiva;cinta de embalaje;40;EA
1057532-455-COT25;31201522;Cinta de transferencia adhesiva;cinta scotch.;40;EA
1057532-455-COT25;60121201;Pintura de témpera líquida tradicional;tempera x 12 colores  x 22 ml.;3;KIT
1057532-455-COT25;60121236;Pinceles;10 pinceles.;10;EA
1057532-455-COT25;31201512;Cinta Transparente;cintas masking tape 48 mm.;40;EA
1057532-455-COT25;14111530;Notas de papel autoadhesivo;set de pos it colores x 400 hojas c/u.;45;KIT
1057532-455-COT25;44121708;Marcadores;marcadores jumbo x 12 unidades.;40;KIT
1057532-455-COT25;11151508;Fibras de lana;kit de ovillos de lana x 10 gramos diferentes colores;10;KIT
1057532-455-COT25;44121701;Lápiz pasta;lápices pasta azul;50;EA
1057532-455-COT25;60121124;Papel kraft;papel kraft.;350;PGL
1057532-455-COT25;14121503;Cartulina;pliegos de cartulina diferentes colores.;100;PGL
1057532-455-COT25;60123001;Figuras de goma Eva;pliego de goma Eva diferentes colores.;30;PGL
1057532-452-COT25;56101716;Organizadores de escritorio;BANDEJA DE ESCRITORIO.;1;EA
1057532-459-COT25;42281509;Bandejas o contenedores de esterilización;Riñones desechables de carton esteriles .Caja de 50 unidades (cada riñon con su envoltorio interior).;17;BX
1057532-459-COT25;42311532;Apósitos secos;Parche adhesivo redondo. Caja 100 unidades. Apósito adhesivo redondo que destaca por su diseño y su naturaleza estéril. Este producto está diseñado para cumplir varias funciones esenciales en el cuidado de la piel debido a su gran porosidad y fácil uso.;15;BX
1057532-459-COT25;42132205;Guantes quirúrgicos;Guantes descartables de Procedimiento/Examinación color blanco talla S, de látex con polvo. Caja de 100 unidades.;6;BX
1057532-459-COT25;42142523;Agujas hipodérmicas;Aguja 21 G X 1 1/2 de acero inoxidable y conexión de aguja de polipropileno, con vaina protectora de aguja de polipropileno transparente. Caja de 100 unidades.;2;BX
1057532-459-COT25;42142523;Agujas hipodérmicas;Aguja  19 G X 1 de acero inoxidable y conexión de aguja de polipropileno, con vaina protectora de aguja de polipropileno transparente. Caja de 100 unidades.;5;BX
1057532-459-COT25;42142523;Agujas hipodérmicas;Aguja 21 G X 1 de acero inoxidable y conexión de aguja de polipropileno, con vaina protectora de aguja de polipropileno transparente. Caja de 100 unidades.;5;BX
1057532-459-COT25;41112213;Termómetros de mano;Termómetro digital.;1;EA
1057532-459-COT25;42142609;Jeringas médicas con aguja;Jeringa Desechable Luer Lock 20ml 21g X 1 1/2. Caja 50 Unid. Capacidad En Volumen 20 Ml.;4;BX
1057532-459-COT25;51102710;Antisépticos basados en alcohol o acetona;Toallitas antisépticas cuadrada con OH al 70%.Caja de 200 unidades.;15;BX
1057532-459-COT25;85121810;Test de detección de drogas o alcohol;Test multidroga que incluya pipeta. Usuado para detección rápida de sustancias en orina, tales como, THC, COC, PBC, BDZ, Anfetamina y éxtasis.  Registro de ISP y Vencimiento igual o superior a 12 meses.;6;EA
1077241-66-COT25;42152703;Pernos o puntales dentales o suministros relacionados;Tubo Retenedor trenzado - alambre de contención multihebra plano  bond a braid, segun EETT adjunta;10;TUBO
1077241-66-COT25;42152424;Cementos dentales a base de agua;cemento de banda azul igual o similar 3M, según EETT adjuntas.;25;EA
1077241-66-COT25;42152103;Adhesivos de cubetas de impresión dental;Adhesivo Ortodóntico para Bandas, similar a 3M™ Transbond™ Plus Light Self Etching Primer, Primer de autograbado,  fotopolimerizable , para la adhesión de brackets y aditamentos tanto metálicos como cerámicos, presentación en kit de paletas, 20 unidades por caja.;200;EA
1077241-66-COT25;42152701;Articuladores dentales o accesorios;Arco 16x22 niti inferior, según EETT adjuntas;50;EA
1077241-66-COT25;42152701;Articuladores dentales o accesorios;Arco 16x22 niti superior, según EETT adjuntas;50;EA
1077241-66-COT25;42152701;Articuladores dentales o accesorios;Arco TMA 17x25 superior, según EETT adjuntas;30;EA
1077241-65-COT25;11111501;Tierra;3 Bolsa fibra de coco - bolsa de 5 lts.;3;EA
1077241-65-COT25;11111503;Tierra de hoja;5 Tierra hoja de 50 litros;5;EA
1077241-65-COT25;21101804;Difusores o distribuidores de abono;5 Fertilizante triple plus 1kg ( que ontenga: NPK más calcio, magnesio, Zinc, Manganeso, hierro, Cobre, Boro y Azufre);5;EA
1057532-464-COT25;90101701;Gestión de cafetería;Servicio de Cafetería para el día 27.06.2025, entrega de 40 raciones en horario AM, 10:30 hrs, lugar de la actividad por confirmar.;40;EA
1057532-464-COT25;90101701;Gestión de cafetería;Servicio de Cafetería para el día 29.08.2025, entrega de 40 raciones en horario AM, 10:30 hrs, lugar de la actividad por confirmar.;40;EA
1057532-464-COT25;90101701;Gestión de cafetería;servicio de Cafetería para el día 28.11.2025, entrega de 40 raciones en horario AM, 10:30 hrs, lugar de la actividad por confirmar.;40;EA
1057532-451-COT25;50161813;Dulces de chocolate o sustitutos;Caja chocolate bon o bon /caja 210 grs/ referencial;21;BX
1057532-451-COT25;50181905;Galletas dulces o pastelitos;Queque individual chocolate/formato de 62 grs. Sabor brownie chocolate duracion de vencimiento 12 meses aprox.;280;EA
1057532-451-COT25;50221202;Cereales en barra;56 Caja Barritas de Cereal, chocolate/caja de 8 unid. Sabor Chocolate 56 Caja Barritas de Cereal, frutos rojos/Caja de 8 unid. Sabor Frutos Rojos;112;BX
1057532-451-COT25;50181905;Galletas dulces o pastelitos;Mini galleta/formato de 35 grs. Sabores, 70 coco - 70 Choco chips - 70 Niza o dulcitas - 70 Pameritas - 70 Limon y 70 Mantequilla.;420;PK
1057532-451-COT25;50161814;Dulces con azúcar o sustitutos;Bolsa mini turron/bolsa 300 grs;21;BG
1057532-451-COT25;50161813;Dulces de chocolate o sustitutos;Bolsa bombones coquet/bolsa de 120 grs./refencia;28;BG
1057532-451-COT25;50161814;Dulces con azúcar o sustitutos;Bolsa dulces frugele/bolsa de 380 grs./referencial;28;BG
1057532-468-COT25;60121905;Lienzos estampables;2 pendón araña.;2;EA
1057532-470-COT25;26111702;Pilas alcalinas;10 PILAS  2A;10;EA
1057532-470-COT25;26111702;Pilas alcalinas;PILAS 3A;10;EA
1057532-470-COT25;26111702;Pilas alcalinas;PILAS 2A RECARGABLE;6;EA
1057532-470-COT25;26111702;Pilas alcalinas;PILAS DE RELOJ;10;EA
1057532-470-COT25;26111702;Pilas alcalinas;PILAS 9V;10;EA
1057532-438-COT25;81112101;Proveedores de servicio de Internet (ISP);Servicio de Internet Fibra de entre 800 a 900 Megas aprox. + TV con 1 (Un) Decodificador + telefonía fija ilimitada (incluir dispositivo telefónico), de Julio a Diciembre 2025 incluido el servicio de instalación. La facturación debe ser por mes vencido.;1;EA
1057532-444-COT25;44121801;Cinta correctora;25 Cinta correctora;25;EA
1057532-456-COT25;43201803;Discos duros;DISCOS SSD / SEGÚN ESPECIFICACIONES ADJUNTAS;20;EA
1057922-72-COT25;42181601;Unidades de presión sanguínea aneroide;Tensiómetro Digital Según Especificaciones Técnicas Adjuntas.;2;EA
1057922-66-COT25;42212201;Trituradoras o partidoras de píldoras para discapacitados físicos;TRITURADOR DE COMPRIMIDOS / SEGÚN ESPECIFICACIONES ADJUNTAS;1;EA
1057922-71-COT25;24131602;Congeladores verticales;CONGELADOR CLINICO / SEGÚN ESPECIFICACIONES ADJUNTAS;1;EA
1057922-69-COT25;23151803;Máquinas encapsuladoras;ENCAPSULADORA N° 3 / SEGUN ESPECIFICACIONES ADJUNTAS;1;EA
1057532-472-COT25;42281509;Bandejas o contenedores de esterilización;Riñones desechables de carton esteriles .Caja de 50 unidades (cada riñon con su envoltorio interior).;17;BX
1057532-472-COT25;41112213;Termómetros de mano;Termómetro digital.;1;EA
1057532-472-COT25;42142609;Jeringas médicas con aguja;Jeringa Desechable Luer Lock 20ml 21g X 1 1/2. Caja 50 Unid. Capacidad En Volumen 20 Ml.;4;BX
1057532-472-COT25;51102710;Antisépticos basados en alcohol o acetona;Toallitas antisépticas cuadrada con OH al 70%.Caja de 200 unidades.;15;BX
1057532-472-COT25;42311532;Apósitos secos;Parche adhesivo redondo. Caja 100 unidades.  Apósito adhesivo redondo que destaca por su diseño y su naturaleza estéril. Este producto está diseñado para cumplir varias funciones esenciales en el cuidado de la piel debido a su gran porosidad y fácil uso.;15;BX
1057532-472-COT25;85121810;Test de detección de drogas o alcohol;Test multidroga que incluya pipeta. Usuado para detección rápida de sustancias en orina, tales como, THC, COC, PBC, BDZ, Anfetamina y éxtasis.   Registro de ISP y Vencimiento igual o superior a 12 meses.;6;EA
1057532-472-COT25;42132205;Guantes quirúrgicos;Guantes descartables de Procedimiento/Examinación color blanco talla S, de látex con polvo. Caja de 100 unidades.;6;BX
1057532-472-COT25;42142523;Agujas hipodérmicas;Aguja 21 G X 1 1/2 de acero inoxidable y conexión de aguja de polipropileno, con vaina protectora de aguja de polipropileno transparente. Caja de 100 unidades.;2;BX
1057532-472-COT25;42142523;Agujas hipodérmicas;Aguja 19 G X 1 de acero inoxidable y conexión de aguja de polipropileno, con vaina protectora de aguja de polipropileno transparente. Caja de 100 unidades.;5;BX
1057532-472-COT25;42142523;Agujas hipodérmicas;Aguja 21 G X 1 de acero inoxidable y conexión de aguja de polipropileno, con vaina protectora de aguja de polipropileno transparente. Caja de 100 unidades.;5;BX
1057532-460-COT25;90101701;Gestión de cafetería;Servicio de Cafetria para 3 dias, fechas 03 De Julio - 04 de Septiembre - 06 de Noviembre 2025, la entrega debe consistir en 25 raciones diarias en horario AM, 10:00 hrs.;75;EA
1057532-466-COT25;42311503;Rodillos de vendas;1 Vendaje tubular de ALGODÓN de 10 cm (no elasticada);1;EA
1057532-466-COT25;42142101;Cubiertas para productos de terapia de frío y de calor;1 Alpha Strap 10cm;1;EA
1057532-467-COT25;42171903;Cajas de medicamentos de servicios médicos de urgencia;medicamento TIAMINA 10 MG comprimidos Medicamento no intermediado a través de Cenabast;9000;CMP
1057532-458-COT25;42241509;Componentes de órtesis termoplásticos;1 TERMOPLASTICO 1.6 MM microperforado, SEGÚN EE.TT;1;EA
1057532-458-COT25;42241509;Componentes de órtesis termoplásticos;1 TERMOPLASTICO 2.0 MM microperforado, SEGÚN EE.TT;1;EA
1057532-463-COT25;44121612;Cuchillos cartoneros;1 Cuchillo cartonero 15 cms;1;EA
1057532-463-COT25;44121612;Cuchillos cartoneros;2 Kit hojas de repuesto cuchillo cartonero 15 cm. (Kit de 5 hojas de repuesto cartonero de 15 cms diseñadas para ser reemplazadas cuando la hoja original se vuelve poco afilada o está dañada);2;EA
1057532-463-COT25;60121134;Papel metálico;10 PAPEL MAGNÉTICO BLANCO ADETEC - (5 HOJAS TAMAÑO CARTA);10;SOBR
1057532-463-COT25;49101609;Ornamentos y decoraciones;5 Bolsas de Globos (50 Unidades);5;BG
1057532-463-COT25;26111702;Pilas alcalinas;10 PACK de PILAS ALCALINAS AA 4 UNIDADES;10;PACK
1057532-463-COT25;44102002;Sobres de laminador;5 Pouches para plastificar sobres para enmicar 100 unidades cada una OFICIO;5;RM
1057532-463-COT25;60102911;Kits o juegos de dinero;2 Set que contiene: 30 billetes en papel couché, (de $ 1.000, $ 5.000, $ 10.000 y $ 20.000) y 60 monedas en cartón termolaminado. Objetivo: identificar y manejar la moneda nacional. Reforzar las operaciones matemáticas a través de la utilización del dinero en actividades pedagógicas. Presentación en display con etiqueta.;2;EA
1057532-463-COT25;44121624;Tijeras;"1 Tijera costurera 6"" - Tijera con acabado niquelado filo liso N°6";1;EA
1057532-355-COT25;85121808;Laboratorios de rayos X;Informes radiológicos simples;1900;EA
1057532-355-COT25;85121808;Laboratorios de rayos X;Informes radiológicos simples;100;EA
1057532-355-COT25;85121808;Laboratorios de rayos X;Informes programados mamografía;60;EA
1057532-450-COT25;41112411;Controladores de presión;2 Brazalete Toma de Presión Arterial adulto con un tubo para monitor de presión digital, según EE.TT;2;EA
1057532-450-COT25;42181801;Unidades de oxímetros de pulso;1 Oximetro de pulso adulto, según EE.TT;1;EA
1057532-450-COT25;41112411;Controladores de presión;1 Toma Presión Digital de Brazo , según EE.TT;1;EA
1057532-450-COT25;53121501;Bolsos;1 Bolso  medianopara visitas domiciliarias, según EE.TT;1;EA
1057532-450-COT25;53121603;Mochilas;1 Mochila para visitas domiciliarias, según EE.TT;1;EA
1057532-450-COT25;42212203;Pastillero para recordar las píldoras para discapacitados físicos;80 Pastillero semanal, según EE.TT;80;EA
1057532-450-COT25;42212203;Pastillero para recordar las píldoras para discapacitados físicos;80 Corta Pastillas, según EE.TT;80;EA
1057532-410-COT25;46171503;Juegos de cerraduras;Cerradura Digital según Especificaciones Técnicas adjuntas.;1;EA
1057532-448-COT25;31261501;Cubiertas y cajas de plástico;2 Buzón en acrílico transparente 25 cms. ancho x 25 cms. alto x 15 cms. de fondo. Con aleta 5 cms. alto parte superior con perforaciones para colgar. Con ranura parte superior, bisagras y chapa.;2;EA
1057532-421-COT25;40101808;Estufas de la calefacción;2 Equipos con paneles de calefacción a través de placas, segun EE.TT.;2;EA
1057532-449-COT25;51191905;Suplementos vitamínicos;Suplemento Nutricional de acuerdo a las especificaciones técnicas descritas en Formulario N°2 adjunto.;24;EA
1057532-394-COT25;42231901;Sacaleches o sus accesorios;Extractor de Leche Eléctrico Doble, según especificaciones técnicas adjuntas. Se debe adjuntar ficha técnica de lo ofertado. No se evaluara si no tiene la ficha técnica.;6;EA
1057532-471-COT25;42311505;Vendas o vendajes para uso general;Parches adhesivos redondos hipoalergénicos estériles, para colocar en el sitio de punción, post vacunación. Caja de 100 unidades.;230;BX
1057532-471-COT25;24131504;Contenedores refrigerados;Contenedor Isotérmico pasivo (CIP) de 15 litros, para transporte y conservación de vacunas, mediante configuración calificada, a temperaturas ambientales hasta 30°C, asegura el mantenimiento de la cadena de frío (2°C a 8°C) por al menos 24 horas. Que utilice para su preparación unidades refrigerantes autorizadas por la Organización Panamericana de la Salud (OPS);20;EA
1057532-471-COT25;46181504;Guantes protectores;Guantes térmicos de seguridad para el trabajo, impermeables, antideslizantes, acolchados, para protección de manos de la exposición al frío y contacto con productos refrigerados/congelados. Características: Relieve de la palma arenoso o de otro tipo para un buen agarre con agua, grasa o aceite. Protección contra cortes y abrasiones. Evita la penetración de grasa, aceite y agua.  Ergonómicos. Deseable etiqueta expositora de sus características o propiedades .;20;PR
1057532-471-COT25;42142523;Agujas hipodérmicas;Agujas hipodérmica n° 23G x1, estéril, no tóxica, con corte biselado y un pivote (conexión de aguja) de polipropileno que permite su inserción en una jeringa Luer Slip y/o Luer Lock. Caja de 100 unidades.;116;BX
1057532-453-COT25;41114501;Dinamómetros;16 Dinamometros, segun EE.TT, FAVOR ENVIAR FICHA TECNICA Y FOTOGRAFIAS;16;EA
1057532-476-COT25;73101701;Servicios de producción de medicamentos o medicinas;EMPAGLIFLOZINA 25 MG / Según Especificaciones Adjuntas;210;CMP
1057532-476-COT25;73101701;Servicios de producción de medicamentos o medicinas;Glycine Max: 200mg / Pulpa De Persea Gratissima: 100mg./ Según Especificaciones Adjuntas;210;CMP
1057532-476-COT25;73101701;Servicios de producción de medicamentos o medicinas;BETAHISTINA DICLORHIDRATO 24MG / Según Especificaciones Adjuntas;210;CMP
1057532-476-COT25;73101701;Servicios de producción de medicamentos o medicinas;Vitaminas / Según Especificaciones Adjuntas;840;CMP
1057532-476-COT25;73101701;Servicios de producción de medicamentos o medicinas;GLUCOSAMINA 1500MG/ CONDROITINA 1200MG / Según Especificaciones Adjuntas;210;SACH
1057532-476-COT25;73101701;Servicios de producción de medicamentos o medicinas;LATANOPROST 0,005% / Según Especificaciones Adjuntas;9;VI
1057532-476-COT25;73101701;Servicios de producción de medicamentos o medicinas;BRINZOLAMIDA 10ML / TARTRATO DE BRIMONIDINA 2MG/ML / Según Especificaciones Adjuntas;9;VI
1057532-476-COT25;73101701;Servicios de producción de medicamentos o medicinas;VALSARTÁN 80 MG/ AMLODIPINO 5MG / Según Especificaciones Adjuntas;210;CMP
1057532-476-COT25;73101701;Servicios de producción de medicamentos o medicinas;METFORMINA CLORHIDRATO 850MG / Según Especificaciones Adjuntas;210;CMP
1057532-462-COT25;60141107;Bingo;"1 Bingo  ""Tómbola de bingo de metal. el set de bingo incluye: Tómbola metálica. 75 pelotas c/numero. 18 cartones de bingo 150 fichas. Rueda de Tómbola: 12 x 12 cm. Entera + base : 20 cm. Cartón de numero : 14 x 12 cm. Bingo receptor de numero 15 x 16 cm. Material : Metal. Instructivo en ingles. Medidas: 18x18x19x13 cm.""";1;EA
1057532-462-COT25;42251610;Pelotas o accesorios terapéuticos;"2 SET DE MASAS TERAPEUTICAS  ""Kit de masas de distintas resistencias según color. Incluye 6 colores distintos: Tan (xxsoft) - Amarillo (xsoft) - Rojo (soft) - Verde (Medio) - Azul (Firme) - Negro (xfirme) """;2;PR
1057532-462-COT25;60141102;Juegos de mesa;1 TABLERO MOTRICIDAD FINA, segun EE.TT;1;EA
1057532-457-COT25;52141532;Sartenes eléctricas de uso doméstico;SARTÉN ELÉCTRICO, segun EE.TT;1;EA
1057532-485-COT25;24131504;Contenedores refrigerados;Contenedor Isotérmico pasivo (CIP) con capacidad útil de 15 litros, para transporte y conservación de vacunas, mediante configuración calificada, a temperaturas ambientales hasta 30°C, asegura el mantenimiento de la cadena de frío (2°C a 8°C) por al menos 24 horas. debe tener las siguientes características: material de plumavit. Utilizar para su preparación unidades refrigerantes autorizadas por la Organización Panamericana de la Salud (UR rellenas de agua con capacidad de 0.6 litros cada una).;20;EA
1057532-406-COT25;53131609;Protector solar;PROTECTORES SOLARES / SEGÚN DETALLE ADJUNTO.;2;EA
1057532-484-COT25;42311505;Vendas o vendajes para uso general;Parches adhesivos redondos hipoalergénicos estériles, para colocar en el sitio de punción, post vacunación. Caja de 100 unidades.;230;BX
1057532-484-COT25;46181504;Guantes protectores;Guantes térmicos de seguridad para el trabajo, impermeables, antideslizantes, acolchados, para protección de manos de la exposición al frío y contacto con productos refrigerados/congelados. Características: Relieve de la palma arenoso o de otro tipo para un buen agarre con agua, grasa o aceite. Protección contra cortes y abrasiones. Evita la penetración de grasa, aceite y agua. Ergonómicos. Deseable etiqueta expositora de sus características o propiedades .;20;PR
1057532-484-COT25;42142523;Agujas hipodérmicas;Agujas hipodérmica n° 23G x1, estéril, no tóxica, con corte biselado y un pivote (conexión de aguja) de polipropileno que permite su inserción en una jeringa Luer Slip y/o Luer Lock. Caja de 100 unidades.;116;BX
1057532-474-COT25;44121801;Cinta correctora;25 Cinta correctora;25;EA
1057532-482-COT25;52152007;Pocillos;Pocillo de polietileno para pesaje: Pocillo de polietileno blanco, maleable y flexible para pesaje en balanza. Resistente a ácidos débiles, bases y soluciones acuosas. Tamaño: 89x89x24 cm.;500;EA
1057532-482-COT25;41122105;Frascos rotativos;Frascos vidrio de 25 ml: Frascos de vidrio transparentes graduados de 25 ml con tapa rosca azul y con boquilla antiderrames (obligatorio);100;EA
1057532-482-COT25;41122105;Frascos rotativos;Frascos vidrio de 100 ml: Frascos de vidrio transparentes graduados de 100 ml con tapa rosca azul y con boquilla antiderrames (obligatorio);200;EA
1057532-482-COT25;41122105;Frascos rotativos;Frascos vidrio de 500 ml: Frascos de vidrio transparentes graduados de 500 ml con tapa rosca azul y con boquilla antiderrames (obligatorio);2;EA
1057532-482-COT25;41122105;Frascos rotativos;Frascos vidrio de 1000 ml: Frascos de vidrio transparentes graduados de 1000  ml con tapa rosca azul y con boquilla antiderrames (obligatorio);2;EA
1057532-482-COT25;41121514;Pipeteros;Micropipeta multicanal de 30 a 300 ul: Micropipeta multicanal de 8 canales de 30 a 300 ul con ajuste seguro. Ocho canales es requisito obligatorio.;1;EA
1057532-482-COT25;41121514;Pipeteros;Micropipeta multicanal de 10 a 100 ul: Micropipeta multicanal de 8 canales de 10 a 100 ul con ajuste seguro. Ocho canales es requisito obligatorio.;1;EA
1057532-482-COT25;41101702;Martinetes o morteros;Mortero de porcelana de 12 a 15 cm de diámetro con pistilo, también de porcelana.;10;EA
1057532-482-COT25;41122411;Cronómetros o relojes de laboratorio;Temporizador digital de 4 tiempos. Conteo regresivo hasta 99 horas, 59 minutos y 59 segundos. 4 tiempos programables. Con función reloj. Con soporte en la parte trasera para ponerlo en una base e imán para ponerlo en superficies metálicas.;4;EA
1057532-482-COT25;41122802;Soportes para portaobjetos;Bandejas de eppendorf: Bandejas para guardar eppendorf de 1.5 ml, con o sin tapa, de 96 pocillos.;4;EA
1057532-482-COT25;41122802;Soportes para portaobjetos;Gradilla para tubos de 50 ml: Gradilla para de tubos falcon de 50 ml (diámetro 30mm). Capacidad de la gradilla entre 8 a 24 tubos de 50 ml. Material deseable: acero inoxidable.;2;EA
1057532-483-COT25;82101507;Folletos y catálogos publicitarios, servicios de publicidad y distribución;5.000 DIPTICOS.;5000;EA
1057532-483-COT25;82101507;Folletos y catálogos publicitarios, servicios de publicidad y distribución;8.000 STICKERS.;8000;EA
1057532-483-COT25;82101507;Folletos y catálogos publicitarios, servicios de publicidad y distribución;5.000 FOLLETOS.;5000;EA
1057532-483-COT25;82101507;Folletos y catálogos publicitarios, servicios de publicidad y distribución;1 PENDON.;1;EA
1057532-483-COT25;82101507;Folletos y catálogos publicitarios, servicios de publicidad y distribución;1.400 CALENDARIOS.;1400;EA
1057532-454-COT25;30152001;Cercos de metal;Reparación de cerco de la propiedad en el acceso, refuerzo de la estructura según especificaciones técnicas adjuntas. Es obligatorio indicar en su oferta el plazo de ejecución, el cual no puede ser superior a 5 días hábiles. Quienes no informen plazo de entrega o este sea superior  a 5 días hábiles, la oferta será declarada inadmisible.;1;EA
1057532-435-COT25;53102306;Pañales para adultos;PAQUETES DE PAÑALES DE ADULTOS DE 36 UNIDADES C/U., TAMAÑO G.;50;PK
1057532-475-COT25;53131503;Cepillos de dientes;Cabezal de Repuesto para Cepillo Dental Eléctrico Adulto / Según Especificaciones Adjuntas;70;PACK
1057532-475-COT25;52141701;Cepillos de dientes eléctricos domésticos;Cepillo Dental Eléctrico Recargable Adulto / Según Especificaciones Adjuntas;120;EA
1077241-68-COT25;52151504;Tazas o vasos desechables domésticos;800 unidades de vasos de cartón o plumavit de 240ml cada uno;800;EA
1077241-68-COT25;52151704;Cucharas domésticas;600 unidades de cucharas plásticas desechables;600;EA
1077241-67-COT25;50201706;Café;400 sobres de café - café 3 en 1 - debe contener: leche, azúcar, café - cada sobre debe ser de 192gr De acuerdo a especificaciones técnicas adjuntas (marcas e imágenes referenciales).;400;SOBR
1077241-67-COT25;50161509;Productos de edulcorantes o azúcares naturales;5 kilos de azúcar blanca De acuerdo a especificaciones técnicas adjuntas (marcas e imágenes referenciales).;5;KGM
1077241-67-COT25;50201711;Té instantáneo;cajas de té (100 bolsitas) - 2 cajas de 100 unidades cada una  De acuerdo a especificaciones técnicas adjuntas (marcas e imágenes referenciales).;2;BX
1077241-67-COT25;50201706;Café;300 sobres de café  - debe contener 173 gr por sobre  De acuerdo a especificaciones técnicas adjuntas (marcas e imágenes referenciales).;300;SOBR
1077241-67-COT25;50161509;Productos de edulcorantes o azúcares naturales;3 unidades de endulzante en gota, de 360ml cada uno De acuerdo a especificaciones técnicas adjuntas (marcas e imágenes referenciales).;3;EA
1077241-38-COT25;31211507;Pinturas en aerosol;4 Spray Billante Rojo 400 ml 4 Spray Billante Verde 400 ml 2 Spray Billante Amarillo 400 ml 2 Spray Billante Morado 400 ml;12;EA
1077241-38-COT25;31211904;Brochas;9 Brochas Multi Propositos 2 Pulgadas;9;EA
1077241-38-COT25;86131502;Pintura;3 Aguarrás mineral 1 lt - quimica Universal;3;EA
1077241-38-COT25;42132203;Guantes médicos de examen o para usos no quirúrgicos;10 GUANTES DE LÁTEX MULTIPROPÓSITO FULLGEN;10;EA
1077241-38-COT25;31162003;Clavos de acabado;"1  Bolsa de Clavo de 2 pulgadas, Clavo corriente 2"" x 12mm bolsa 1kg";1;BG
1077241-38-COT25;27111602;Martillos;1 Martillo carpintero 0,45kg;1;EA
1077241-38-COT25;86131502;Pintura;1 esmalte al agua 1 galon blanco;1;EA
1077241-38-COT25;27112002;Azadones;1 Gualato;1;EA
1077241-38-COT25;44121624;Tijeras;3 Tijera bypass de sacero inoxidable;3;EA
1077241-38-COT25;27112003;Rastrillos;1 Rastrillo mango de fibra de vidrio,  Ancho 8cm, alto 33 cm;1;EA
1077241-38-COT25;40142008;Mangueras para agua;1 Mangera retractil 30 mts, Manguera Retráctil 30mts Jardín Verde;1;EA
1077241-38-COT25;40142008;Mangueras para agua;1 Manguera jardin 100 mts, Manguera 1/2 Reforzada Con Malla , 100 Metros;1;EA
1057532-488-COT25;41116011;Reactivos de analizadores microbiológicos;Tabletas de Buffer fosfato pH 6.8 para preparación de solución tampón según WEISE. Concentración Na2HPO4 x 2 H2O 0,47 g/l y KH2PO4 0,47 g/l.  10 frascos en presentación de 100 tabletas. De acuerdo a bases técnicas adjuntas (imagen referencial).;10;VI
1057532-488-COT25;41116105;Reactivos o soluciones químicos;Ácido clorhídrico fumante 37% de 1 L en envase de vidrio (requisitos obligatorios). De acuerdo a bases técnicas adjuntas (imagen referencial).;1;LTR
1057532-488-COT25;41116105;Reactivos o soluciones químicos;Tiras indicadoras de pH, incluye la medida 6,8 dentro de su escala colorimétrica (requisito obligatorio). Ideal que cuente con más de un color de medición. 2 cajas de 100 unidades. (200 tiras reactivas requeridas) De acuerdo a bases técnicas adjuntas (imagen referencial).;2;BX
1057922-73-COT25;23151803;Máquinas encapsuladoras;ENCAPSULADORA N° 3 / SEGUN ESPECIFICACIONES ADJUNTAS;1;EA
1057532-486-COT25;42231901;Sacaleches o sus accesorios;Extractor de Leche Eléctrico Doble recargable, según especificaciones técnicas adjuntas.;6;EA
1077241-69-COT25;14111703;Toallas de papel;8 unidades de toalla de papel de 150mt cada uno De acuerdo a bases técnicas adjuntas (imagen referencial);8;EA
1057532-414-COT25;24111503;Bolsas de plástico;BOLSAS PLASTICAS.;10000;BG
1077241-75-COT25;26121630;Accesorios de cable;50 Modulo RJ45 Cat6, Hembra;50;EA
1077241-75-COT25;26121630;Accesorios de cable;20 Patchcord UTP cat6 0.5 metros;20;EA
1077241-75-COT25;26121630;Accesorios de cable;20 Faceplate 2 módulo para RJ45 Cat 6;20;EA
1077241-75-COT25;26121630;Accesorios de cable;Cable de red UTP Categoría 6A, 4 pares 24AWG, LSZH, con chaqueta, 8 conductores cobre desnudo sólido, 305 metros;1;EA
1077241-75-COT25;26121630;Accesorios de cable;100 Conector RJ45 Macho UTP CAT 6 23 AWG 100 unidades (bolsa);100;EA
1077241-75-COT25;26121630;Accesorios de cable;20 User Cord UTP Cat 6 2metros;20;EA
1077241-75-COT25;26121630;Accesorios de cable;"100 Caja tornillo 6x1-1/4"" 100 unid";100;EA
1077241-75-COT25;26121630;Accesorios de cable;100	Caja Tarugo de nylon 6 mm 100 unidades;100;EA
1077241-75-COT25;26121630;Accesorios de cable;20	Caja Chuqui Plástica Sobrepuesta;20;EA
1077241-75-COT25;26121630;Accesorios de cable;3 Switch 5 x Puertos 10/100Mbps RJ45;3;EA
1057532-478-COT25;82101901;Avisos en radio;Avisos radiales de vacunación escolar, según características técnicas adjuntas.;1;EA
1057922-75-COT25;46171612;Monitores de vídeo;-04 Monitor PC De acuerdo a Especificaciones Técnicas Adjuntas;4;EA
1057532-409-COT25;40101808;Estufas de la calefacción;2 Equipos con paneles de calefacción a través de placas, segun EE.TT.;2;EA
1057532-489-COT25;52152007;Pocillos;Pocillo de polietileno para pesaje: Pocillo de polietileno blanco, maleable y flexible para pesaje en balanza. Resistente a ácidos débiles, bases y soluciones acuosas. Tamaño: 89x89x24 cm.;500;EA
1057532-489-COT25;41122105;Frascos rotativos;Frascos vidrio de 25 ml: Frascos de vidrio transparentes graduados de 25 ml con tapa rosca azul y con boquilla antiderrames (obligatorio);100;EA
1057532-489-COT25;41122105;Frascos rotativos;Frascos vidrio de 100 ml: Frascos de vidrio transparentes graduados de 100 ml con tapa rosca azul y con boquilla antiderrames (obligatorio);200;EA
1057532-489-COT25;41122105;Frascos rotativos;Frascos vidrio de 500 ml: Frascos de vidrio transparentes graduados de 500 ml con tapa rosca azul y con boquilla antiderrames (obligatorio);2;EA
1057532-489-COT25;41122105;Frascos rotativos;Frascos vidrio de 1000 ml: Frascos de vidrio transparentes graduados de 1000 ml con tapa rosca azul y con boquilla antiderrames (obligatorio);2;EA
1057532-489-COT25;41121514;Pipeteros;Micropipeta multicanal de 30 a 300 ul: Micropipeta multicanal de 8 canales de 30 a 300 ul con ajuste seguro. Ocho canales es requisito obligatorio.;1;EA
1057532-489-COT25;41101702;Martinetes o morteros;Mortero de porcelana de 12 a 15 cm de diámetro con pistilo, también de porcelana. Cantidad;10;EA
1057532-489-COT25;41122411;Cronómetros o relojes de laboratorio;Temporizador digital de 4 tiempos. Conteo regresivo hasta 99 horas, 59 minutos y 59 segundos. 4 tiempos programables. Con función reloj. Con soporte en la parte trasera para ponerlo en una base e imán para ponerlo en superficies metálicas.;4;EA
1057532-489-COT25;41122802;Soportes para portaobjetos;Gradilla para tubos de 50 ml: Gradilla para de tubos falcon de 50 ml (diámetro 30mm). Capacidad de la gradilla entre 8 a 24 tubos de 50 ml. Material deseable: acero inoxidable.;2;EA
1057532-489-COT25;41122802;Soportes para portaobjetos;Bandejas de eppendorf: Bandejas para guardar eppendorf de 1.5 ml, con o sin tapa, de 96 pocillos. Cantidad;4;EA
1057532-489-COT25;41121514;Pipeteros;Micropipeta multicanal de 10 a 100 ul: Micropipeta multicanal de 8 canales de 10 a 100 ul con ajuste seguro. Ocho canales es requisito obligatorio.;1;EA
1057532-502-COT25;44103105;Cartuchos de tinta;2 CARTULOS DE TINTA COLOR ZEBRA.;2;CQ
1057532-479-COT25;41112411;Controladores de presión;2 Brazalete Toma de Presión Arterial adulto con un tubo para monitor de presión digital, según EE.TT;2;EA
1057532-479-COT25;53121501;Bolsos;1 Bolso medianopara visitas domiciliarias, según EE.TT;1;EA
1057532-479-COT25;53121603;Mochilas;1 Mochila para visitas domiciliarias, según EE.TT;1;EA
1057532-479-COT25;42212203;Pastillero para recordar las píldoras para discapacitados físicos;80 Pastillero semanal, según EE.TT;80;EA
1057532-479-COT25;42212203;Pastillero para recordar las píldoras para discapacitados físicos;80 Corta Pastillas, según EE.TT;80;EA
1057532-490-COT25;44121707;Lápices de colores;100 Cajas - Lapices Colores 12 Cortos;100;BX
1057532-490-COT25;44121701;Lápiz pasta;3 Caja de lapices pasta  azul 50 unid.;3;BX
1057532-490-COT25;60124317;Masa de modelado;10 Masa Moldear blanca 1 kilo;10;EA
1057532-490-COT25;60121148;Papel lustre;6 Estuche Papel Lustre  14 Colores;6;EA
1057532-490-COT25;60123201;Cintas de papel;10 Masking Tape 18mm x 40 Mts;10;EA
1057532-490-COT25;14111528;Papel magnético;10 Papel Inkjet Magnetico Carta Mate;10;EA
1057532-490-COT25;14111525;Papel multiuso;3 Resmas CARTULINA - OPALINA LISA BLANCA - Tamaño Carta 220 grs 100 hojas;3;EA
1057532-490-COT25;44102001;Lámina para plastificar;5 estuches - Laminas Termolaminado 125 Micr. Carta;5;EA
1057532-490-COT25;60121604;Accesorios de material de estudio;10 set - Limpiapipa 12  Colores surtidos;10;EA
1057532-490-COT25;60124102;Productos de artesanía multicultural;150 paquetes -  Set Palos Helados Color 50 unidades;150;EA
1057532-490-COT25;27112904;Pistola de resina;5  Pistola Silicona 12 mm 110-220V 25W;5;EA
1057532-490-COT25;12352310;Siliconas;10 Set Barras de  silicona 12 mm;10;EA
1057532-490-COT25;60123001;Figuras de goma Eva;5 Carpeta de 6 pliegos de goma eva glitter con adhesivo de 34x33cm;5;EA
1057532-490-COT25;14111507;Papel para fotocopiadora o impresora;40 Resma hoja tamaño carta;40;RM
1057532-490-COT25;41111604;Reglas;6	Regla de 30 cms material acrílico;6;EA
1057532-490-COT25;44102907;Fundas para proteger del polvo al equipamiento;10 set Fundas Plásticas Borde Azul Oficio 10 Unds.;10;EA
1057532-490-COT25;60105704;Barras de pegamento libres de ácido;10 unid. Adhesivo en Barra 36 grs.;10;EA
1057922-74-COT25;42191807;Camas de cuidado del paciente o accesorios de uso general;-04 Unidades de Elevador de Pacientes: Debe incluir accesorios, de acuerdo a documento adjunto las ofertas deberán adjuntar certificados, catálogos, fichas técnicas u otros, a modo de comprobar la veracidad de lo indicado en el formulario adjunto.  Según Especificaciones Técnicas Adjuntas.;4;EA
1057922-76-COT25;27112014;Segadora de césped;-Cortadora de Pasto De acuerdo a Especificaciones Técnicas Adjuntas;1;EA
1077241-73-COT25;39111702;Lámparas portátiles;2 LINTERNA MANO (LINTERNA LED RECARGABLE USB IMPERMEABLE);2;EA
1077241-73-COT25;39111702;Lámparas portátiles;2 LINTERNA DE MANO CON FOCO (LINTERNA DE MANO CON FOCO RECARGABLE IMPERMEABLE);2;EA
1077241-73-COT25;26111702;Pilas alcalinas;12 UNIDADES PILAS AA;12;EA
1077241-73-COT25;26111702;Pilas alcalinas;12 UNIDADES PILAS AAA;12;EA
1077241-73-COT25;26111702;Pilas alcalinas;10 UNIDADES PILAS PARA GLUCOMETRO 3 VOLTS;10;EA
1077241-72-COT25;44102801;Plastificadoras;1 Termolaminadora - añadir EETT;1;EA
1057532-494-COT25;41116011;Reactivos de analizadores microbiológicos;Tabletas de Buffer fosfato pH 6.8 para preparación de solución tampón según WEISE. Concentración Na2HPO4 x 2 H2O 0,47 g/l y KH2PO4 0,47 g/l. 10 frascos en presentación de 100 tabletas. De acuerdo a bases técnicas adjuntas (imagen referencial).;10;VI
1057532-494-COT25;41116105;Reactivos o soluciones químicos;Ácido clorhídrico fumante 37% de 1 L en envase de vidrio (requisitos obligatorios). De acuerdo a bases técnicas adjuntas (imagen referencial).;1;LTR
1057532-494-COT25;41116105;Reactivos o soluciones químicos;Tiras indicadoras de pH, incluye la medida 6,8 dentro de su escala colorimétrica (requisito obligatorio). Ideal que cuente con más de un color de medición. Unidades requeridas: 150 a 200 unidades. De acuerdo a bases técnicas adjuntas (imagen referencial).;2;BX
1057532-473-COT25;53131628;Shampoo;Shampoo, en envase de 750 ml;120;EA
1057532-473-COT25;53131602;Bálsamos y otros;Acondicionador, en envase de 750 ml;120;EA
1057532-473-COT25;53131503;Cepillos de dientes;Cepillo de dientes, medio/ pack de 3 unidades;120;PACK
1057532-473-COT25;53131502;Pasta de dientes;Pasta de dientes, envase de 150 ml;120;EA
1057532-480-COT25;80111504;Formación, capacitación y entrenamiento de personal;CURSO GESTOR(A) DE INCLUSIÓN LABORAL C/CERTIFICACIÓN INCLUIDA EN PLATAFORMA CHILE VALORA, PARA 2 CUPOS, DE ACUERDO A LA ESPECIFICACIONES TÉCNICAS ADJUNTAS.;1;EA
1057532-481-COT25;80111504;Formación, capacitación y entrenamiento de personal;CURSO BÁSICO PARA LA IMPLEMENTACIÓN DE MÓDELO DE ATENCIÓN CENTRADO EN LA PERSONA C/MORBILIDAD CRÓNICA, DE ACUERDO A LAS ESPECIFICACIONES TÉCNICAS ADJUNTAS.;1;EA
1057532-491-COT25;53141627;Agujas de ganchillo;20 Crochet;20;EA
1057532-491-COT25;11151710;Tejido de yute;Vellón color crudo	4 kilos;4;KGM
1057532-491-COT25;11151701;Hilo de lana;4 kilos Lana Color rojo, verde, amarillo , azul;4;EA
1057532-491-COT25;53141627;Agujas de ganchillo;3 Paquete Aguja fieltro;3;EA
1057532-491-COT25;82151507;hiladoras o Tejedoras;20 Marco para Telares;20;EA
1057532-491-COT25;11151701;Hilo de lana;20 Hilo de colores rojo, verde, amarillo , azul;20;EA
1057532-496-COT25;26121630;Accesorios de cable;50 Modulo RJ45 Cat6, Hembra;50;EA
1057532-496-COT25;26121630;Accesorios de cable;20 User Cord UTP Cat 6 2metros;20;EA
1057532-496-COT25;26121630;Accesorios de cable;20 Patchcord UTP cat6 0.5 metros;20;EA
1057532-496-COT25;26121630;Accesorios de cable;20 Faceplate 2 módulo para RJ45 Cat 6;20;EA
1057532-496-COT25;26121630;Accesorios de cable;"100 Caja tornillo 6x1-1/4"" 100 unid";100;EA
1057532-496-COT25;26121630;Accesorios de cable;100 Caja Tarugo de nylon 6 mm 100 unidades;100;EA
1057532-496-COT25;26121630;Accesorios de cable;20 Caja Chuqui Plástica Sobrepuesta;20;EA
1057532-496-COT25;26121630;Accesorios de cable;3 Switch 5 x Puertos 10/100Mbps RJ45;3;EA
1057532-496-COT25;26121630;Accesorios de cable;Cable de red UTP Categoría 6A, 4 pares 24AWG, LSZH, con chaqueta, 8 conductores cobre desnudo sólido, 305 metros;1;EA
1057532-496-COT25;26121630;Accesorios de cable;100 Conector RJ45 Macho UTP CAT 6 23 AWG 100 unidades (bolsa);100;EA
1057532-503-COT25;90101701;Gestión de cafetería;334 RACIONES.;334;EA
1077241-74-COT25;14111703;Toallas de papel;6 unidades de toalla de papel de 150mt cada uno. De acuerdo a bases técnicas adjuntas (imagen referencial).;6;EA
1077241-71-COT25;44102001;Lámina para plastificar;3 Resmas 100 unidades, Micas termolaminadoras A4;3;RM
1077241-71-COT25;44122001;Archivadores de fichas;6 Archivador Tamaño carta (tapa dura);6;EA
1077241-71-COT25;44121701;Lápiz pasta;50 LÁPIZ BIC PUNTA FINA AZUL;50;EA
1077241-71-COT25;44121701;Lápiz pasta;25 LÁPIZ BIC PUNTA FINA ROJO;25;EA
1077241-71-COT25;14111507;Papel para fotocopiadora o impresora;5 RESMA HOJA TAMAÑO CARTA;5;EA
1077241-71-COT25;44122003;Tablas para sujetar;5 Tabla apoya papeles de madera con apretador OFICIO;5;EA
1057532-511-COT25;78121601;Servicios de flete;Servicio de Mudanza para el dia 24.07.2025 Direccion de Origen: Jeronimo de Molina #4616, Vitacura, Santiago. Direccion de Destino: Lago Llanquihue #353, Dpto. 308A, Pto Varas;1;EA
1057532-429-COT25;53131503;Cepillos de dientes;Cabezal de Repuesto para Cepillo Dental Eléctrico Adulto / Según Especificaciones Adjuntas;70;PACK
1057532-429-COT25;52141701;Cepillos de dientes eléctricos domésticos;Cepillo Dental Eléctrico Recargable Adulto / Según Especificaciones Adjuntas;120;EA
1077241-70-COT25;14111703;Toallas de papel;8 unidades de toalla de papel de 150mt cada uno De acuerdo a bases técnicas adjuntas (imagen referencial);8;EA
1057532-492-COT25;44121611;Perforadoras;1 Set de perforadora + 36 diseños, segun ee.tt.;1;KIT
1057532-492-COT25;60141111;Accesorios de juegos;5 set Set de posavasos pintura en diamante (8 cm);5;KIT
1057532-492-COT25;60141111;Accesorios de juegos;5 Set de llaveros pintura en diamante: navidad, búhos, mariposas, unicornios, flores;5;KIT
1057532-316-COT25;44121701;Lápiz pasta;100 Lapiz Pasta Azul, según EETT;100;EA
1057532-316-COT25;44121708;Marcadores;24 plumones ( Rojos- Negro-Verde ), según EETT;24;EA
1057532-316-COT25;14111509;Artículos de papelería;100 Hojas de Opalina Carta, según EETT;100;EA
1057532-316-COT25;44103502;Cubiertas de encuadernación;100 Mica Termolaminadora, según EETT;100;EA
1057532-316-COT25;55121606;Etiquetas autoadhesivas;5 etiqueta rectangular manual 35x70 mm (Sobre con 30 etiquetas);5;EA
1057532-284-COT25;53121602;Bolsas de lona;100 Bolsas Ecologicas 40cmx60cm indicar, color o colores;100;EA
1057532-40-COT25;51141704;Risperidona;Risperidona 37,5 mg, polvo para suspensión inyectable. Se adjunta formulario para datos de proveedor, adjuntar registro ISP.;65;EA
1057532-95-COT25;60121108;Croqueras;10 Block acuarela 21 X 29;10;EA
1057532-95-COT25;44121708;Marcadores;3 Set lápices sharpie 30 colores;3;KIT
1057532-95-COT25;31211508;Pinturas acrílicas;3 Set de acrílicos 24 colores;3;KIT
1057532-95-COT25;53141626;Bastidores de bordado;10  Bastidor tela 30x30 cm;10;EA
1057532-95-COT25;23121614;Máquinas de coser;2 Maquina manual para hacer pulseras de macramé;2;EA
1057532-95-COT25;60124323;Moldes para dar forma a los compuestos de modelado;10 Molde de silicona para llaveros;10;EA
1057532-95-COT25;42291606;Cincel o gubia quirúrgico;2 Juego de gubias sakura para xilografía;2;EA
1057532-95-COT25;31201602;Pastas;10 Pasta para modelar Das 500 grs.;10;EA
1057532-95-COT25;60121109;Blocs de dibujo;10 Block de dibujo médium 99 Artel;10;EA
1057532-95-COT25;60124317;Masa de modelado;10 Porcelana en frío 250 grs. Artel;10;EA
1057532-95-COT25;27113201;Conjuntos generales de herramientas;1 Kit para mosaico cortador, alicate, tenaza, limas;1;EA
1057532-95-COT25;44121902;Tinta china;6 Tinta speedball para xilografía soluble en agua color: 1 negro, 1 azul, 1 rojo, 1 amarillo, 1verde, 1 violeta.;6;EA
1057532-95-COT25;44121624;Tijeras;10 Tijeras multiuso foska   18 cm mango de goma;10;EA
1057532-95-COT25;13111037;Resina compuesta;10 Pack Resina + Catalizador;10;PACK
1057532-95-COT25;46101504;Pistolas;2 Pistolas silicona 7mm/10 w;2;EA
1057532-95-COT25;30131704;Azulejos o baldosas de cerámica;50 Azulejos para mosaicos variedad de colores de 15 x15 3 mm;50;EA
1057532-95-COT25;31211906;Rodillos de pintar;2 Rodillo 15 cm goma blanda Speedball para xilografía;2;EA
1057532-95-COT25;60121221;Pintura de acuarela de platillo;5 Set acuarela Giotto 36 colores 30 mm;5;EA
1057532-95-COT25;44121709;Lápices de cera;3 Set lápices pastel 36 colores;3;KIT
1057532-95-COT25;31211508;Pinturas acrílicas;Set pintura óleo 20 pcs;3;KIT
1057532-99-COT25;30131704;Azulejos o baldosas de cerámica;50 Azulejos para mosaicos variedad de colores de 15 x15 3 mm, Segun EETT;50;EA
1057532-99-COT25;27113201;Conjuntos generales de herramientas;1 Kit para mosaico cortador, alicate, tenaza, limas, Segun EETT;1;EA
1057532-99-COT25;13111037;Resina compuesta;10 Resina + catalizador, Segun EETT;10;KIT
1057532-140-COT25;26111722;Adaptador de batería o accesorios;1 Adaptador de batería o accesorios, compatible con dron DJI Air 3, según especificaciones técnicas;1;EA
1057532-177-COT25;30151901;Toldos;4 Toldos Azules 3x3mts según EETT;4;EA
1077241-76-COT25;81141604;Servicios de transporte;Servicio de movilización de 01 vehículo tipo minibús (Van – Furgón), habilitado para transporte privado remunerado de pasajeros, con capacidad igual o superior a 7 asientos e igual o inferior a 17 incluido el conductor. Debe adjuntar la documentación obligatoria indicada en los términos de referencia de lo contrario la oferta será inadmisible.;1;EA
1057532-512-COT25;53141627;Agujas de ganchillo;20 Crochet;20;EA
1057532-512-COT25;11151710;Tejido de yute;Vellón color crudo 4 kilos;4;KGM
1057532-512-COT25;11151701;Hilo de lana;4 kilos Lana Color rojo, verde, amarillo , azul;4;EA
1057532-512-COT25;53141627;Agujas de ganchillo;3 Paquete Aguja fieltro;3;EA
1057532-512-COT25;82151507;hiladoras o Tejedoras;20 Marco para Telares;20;EA
1057532-512-COT25;11151701;Hilo de lana;20 Hilo de colores rojo, verde, amarillo , azul;20;EA
1057532-501-COT25;23153001;Artículo de calibración;Adquisición de servicio de calibración y certificación para: 01 Balanza electrónica SHIMADZU, UX4200H / 01 Balanza de precisión estándar RADWAG, PS 1000.R2 / 01 Balanza de pesaje sobre piso con pedestal LP7516 / 01 Masa patrón 1 kg de Sala de Decomiso. - Debe ser realizada por laboratorio de calibración acreditado en el Sistema Nacional de Acreditación del INN. De acuerdo a especificaciones técnicas adjuntas.;1;EA
1057532-514-COT25;53131628;Shampoo;Shampoo, en envase de 750 ml;120;EA
1057532-514-COT25;53131602;Bálsamos y otros;Acondicionador, en envase de 750 ml;120;EA
1057532-514-COT25;53131503;Cepillos de dientes;Cepillo de dientes, medio/ pack de 3 unidades;120;PACK
1057532-514-COT25;53131502;Pasta de dientes;Pasta de dientes, envase de 150 ml;120;EA
1057532-514-COT25;47131803;Desinfectantes domésticos;Desinfectante de ambientes/ Envase Spray 450 ml;120;EA
1057532-514-COT25;47131803;Desinfectantes domésticos;Limpiador de pisos desinfectante botella/ con aroma/Envase de 900 ml;240;EA
1057532-514-COT25;53131608;Jabones;Jabón líquido / envase 900 ml;120;EA
1057532-514-COT25;53131626;Limpiador higiénico para las manos;Paño absorbente/Paquete 3 unidades;120;EA
1057532-514-COT25;47131502;Paños de limpieza;Lavalozas / envase de 750 ml;240;EA
1057532-514-COT25;47121701;Bolsas de basura;Bolsa de basura pequeña 50x70/ 10 unidades;240;PK
1057532-517-COT25;39121310;Cajas de uso general;CAJA DE ARCHIVO MEGABOX. MEDIDAS: 45 X 36 X 29,5 cm;100;BX
1057922-77-COT25;23151803;Máquinas encapsuladoras;ENCAPSULADORA N° 3 / SEGUN ESPECIFICACIONES ADJUNTAS;1;EA
1057532-515-COT25;47131829;Productos de limpieza del baño;PASTILLA WC AZUL 48 GRS UNIDAD;1200;EA
1057532-515-COT25;47131602;Paños de limpieza absorbente;TRAPERO MICROFIBRA 50X70 UNITARIO C/ OJAL;300;EA
1057532-515-COT25;47131806;Barniz o ceras de muebles;LUSTRA MUEBLE 250 CC;60;EA
1057532-515-COT25;47131501;Frazadas o mopas para limpieza del suelo;MOPA PARA CARRO ESTRUJADOR;72;EA
1057532-515-COT25;47131828;Productos de limpieza para automóviles;SILICONA VEHICULOS SPRAY LAVANDA X 420 CC;72;EA
1057532-515-COT25;47131828;Productos de limpieza para automóviles;AROMATIZANTE PARA AUTO AUTOSPORT 14 ML;144;EA
1057532-515-COT25;47131502;Paños de limpieza;PAÑO MICROFIBRA VERDE;180;EA
1057532-515-COT25;47131816;Desodorantes;DESODORANTE AMBIENTAL ELECTRICO/ como preferencia aroma frutos secos./ pack de 3/ se adjunta imagen de referencia;24;EA
1057532-515-COT25;47131828;Productos de limpieza para automóviles;RENOVADOR DE  GOMA PARA VEHICULO;72;EA
1057532-515-COT25;47131828;Productos de limpieza para automóviles;SHAMPOO PARA VEHICULO envase de litro;120;EA
1057532-515-COT25;47131703;Recipientes para residuos sanitarios;HISOPO DE LIMPIEZA PARA BAÑO;60;EA
1057532-515-COT25;47131501;Frazadas o mopas para limpieza del suelo;MOPA AVION DE 60 CM / CON HORQUILLA;60;EA
1057532-497-COT25;76111505;Servicios de limpieza de telas, género y muebles;INTALACION DE 2 CUBIERTAS DE MUEBLES EN ( García Hurtado de Mendoza N°945,Osorno) . VER ARCHIVO ADJUNTO.;2;EA
1057922-79-COT25;27112014;Segadora de césped;Cortadora de Pasto De acuerdo a Especificaciones Técnicas Adjuntas;1;EA
1057532-509-COT25;56101532;Mobiliario;"2 RACK TV  32 - 55"" MOVIL";2;EA
1057532-499-COT25;23153001;Artículo de calibración;Se requiere contratar un servicio técnico especializado de calibración interna para el ventilador mecánico de transporte Dräger Oxylog 3000 plus, perteneciente a Base SAMU Osorno. El equipo no ha sido calibrado desde el año 2022, lo que podría estar afectando su rendimiento y precisión. Además, se necesita reemplazar el regulador de presión del equipo. Esta solicitud se fundamenta en que el regulador actual no proporciona un flujo de oxígeno adecuado bajo ciertas condiciones de demanda.;1;EA
1057532-508-COT25;41115805;Analizadores de gases sanguíneos;ARRIENDO DE 1 EQUIPO ANALIZADOR DE GASES SANGUINEOS / SEGÚN ESPECIFICACIONES ADJUNTAS;1;EA
1057532-500-COT25;24112404;Caja;100 CAJA DE ARCHIVO.;100;BX
1057532-506-COT25;24112404;Caja;CAJA DE ARCHIVO MEGABOX. MEDIDAS: 45 X 36 X 29,5 cm;10;BX
1057532-498-COT25;42222002;Bombas de infusión intravenosa con jeringa;Servicio de Mantención Preventiva Bombas de Infusión Base SAMU Osorno/Según Especificaciones adjuntas/Adjuntar y Completar Archivos Adjuntos.;2;EA
1057532-495-COT25;82101901;Avisos en radio;Avisos radiales de vacunación escolar, según características técnicas adjuntas.;1;EA
1057532-529-COT25;90101701;Gestión de cafetería;SERVICIO DE CAFETERIA.;70;EA
1057727-1-COT25;80141607;Producción de eventos;1 contratación de una productora para la realización de un evento Full Day aniversario del Servicio de Salud Osorno. Debe contemplar recinto en Osorno para 300 personas, implementación técnica, alimentación, animación, actividades recreativas y deportivas, premiación, decoración y registro fotográfico de cada jornada.;1;EA
1057532-519-COT25;55121727;Letreros;•	 letreros de doble acrílico 3mm espesor cada cara de 80 x 53 cms, con impresión digital por interior, 6 distanciadores de acero inoxidable y que incluya instalación ( SUR San Pablo:);1;EA
1057532-519-COT25;55121727;Letreros;•	 letreros de doble acrílico 3mm espesor cada cara de 80 x 53 cms, con impresión digital por interior, 6 distanciadores de acero inoxidable y que incluya instalación ( SUR BAHIA MANSA);1;EA
1057532-519-COT25;55121727;Letreros;•	 letreros de doble acrílico 3mm espesor cada cara de 80 x 53 cms, con impresión digital por interior, 6 distanciadores de acero inoxidable y que incluya instalación (PUAUCHO ).;1;EA
1057532-527-COT25;26121630;Accesorios de cable;Cable de red UTP Categoría 6A, 4 pares 24AWG, LSZH, con chaqueta, 8 conductores cobre desnudo sólido, 305 metros;1;EA
1057532-527-COT25;26121630;Accesorios de cable;100 Conector RJ45 Macho UTP CAT 6 23 AWG 100 unidades (bolsa);100;EA
1057532-527-COT25;26121630;Accesorios de cable;50 Modulo RJ45 Cat6, Hembra;50;EA
1057532-527-COT25;26121630;Accesorios de cable;20 User Cord UTP Cat 6 2metros;20;EA
1057532-527-COT25;26121630;Accesorios de cable;20 Patchcord UTP cat6 0.5 metros;20;EA
1057532-527-COT25;26121630;Accesorios de cable;20 Faceplate simple 1 módulo para RJ45 Cat 6;20;EA
1057532-527-COT25;26121630;Accesorios de cable;"100 Caja tornillo 6x1-1/4"" 100 unid";100;EA
1057532-527-COT25;26121630;Accesorios de cable;100 Caja Tarugo de nylon 6 mm 100 unidades;100;EA
1057532-527-COT25;26121630;Accesorios de cable;20 Caja Chuqui Plástica Sobrepuesta;20;EA
1057532-527-COT25;26121630;Accesorios de cable;3 Switch 5 x Puertos 10/100Mbps RJ45;3;EA
1057532-521-COT25;24131504;Contenedores refrigerados;Contenedor Isotérmico pasivo (CIP) con capacidad útil de 15 litros, para transporte y conservación de vacunas, mediante configuración calificada, a temperaturas ambientales hasta 30°C, asegura el mantenimiento de la cadena de frío (2°C a 8°C) por al menos 24 horas. debe tener las siguientes características: material de plumavit. Utilizar para su preparación unidades refrigerantes autorizadas por la Organización Panamericana de la Salud (UR rellenas de agua con capacidad de 0.6 litros cada una).;16;EA
1057532-461-COT25;60141107;Bingo;1 Bingo flora fauna y pueblos originarios de chile, segun EE.TT;1;EA
1057532-461-COT25;60141114;Juegos de memoria;2 Memorice de prendas de vestir, segun EE.TT;2;EA
1057532-461-COT25;60121605;Modelos anatómicos;1 Modelo de Corazón desarmable, segun EE.TT;1;EA
1057532-520-COT25;26121630;Accesorios de cable;Cable de red UTP Categoría 6A, 4 pares 24AWG, LSZH, con chaqueta, 8 conductores cobre desnudo sólido, 305 metros;1;EA
1057532-520-COT25;26121630;Accesorios de cable;50 Modulo RJ45 Cat6, Hembra;50;EA
1057532-520-COT25;26121630;Accesorios de cable;20 User Cord UTP Cat 6 2metros;20;EA
1057532-520-COT25;26121630;Accesorios de cable;20 Patchcord UTP cat6 0.5 metros;20;EA
1057532-520-COT25;26121630;Accesorios de cable;20 Faceplate simple 1 módulo para RJ45 Cat 6;20;EA
1057532-520-COT25;26121630;Accesorios de cable;"100 Caja tornillo 6x1-1/4"" 100 unid";100;EA
1057532-520-COT25;26121630;Accesorios de cable;100 Caja Tarugo de nylon 6 mm 100 unidades;100;EA
1057532-520-COT25;26121630;Accesorios de cable;20 Caja Chuqui Plástica Sobrepuesta;20;EA
1057532-520-COT25;26121630;Accesorios de cable;3 Switch 5 x Puertos 10/100Mbps RJ45;3;EA
1057532-520-COT25;26121630;Accesorios de cable;100 Conector RJ45 Macho UTP CAT 6 23 AWG 100 unidades (bolsa);100;EA
1057532-510-COT25;26121630;Accesorios de cable;Cable de red UTP Categoría 6A, 4 pares 24AWG, LSZH, con chaqueta, 8 conductores cobre desnudo sólido, 305 metros;1;EA
1057532-510-COT25;26121630;Accesorios de cable;100 Conector RJ45 Macho UTP CAT 6 23 AWG 100 unidades (bolsa);100;EA
1057532-510-COT25;26121630;Accesorios de cable;50 Modulo RJ45 Cat6, Hembra;50;EA
1057532-510-COT25;26121630;Accesorios de cable;20 User Cord UTP Cat 6 2metros;20;EA
1057532-510-COT25;26121630;Accesorios de cable;20 Patchcord UTP cat6 0.5 metros;20;EA
1057532-510-COT25;26121630;Accesorios de cable;20 Faceplate simple 1 módulo para RJ45 Cat 6;20;EA
1057532-510-COT25;26121630;Accesorios de cable;"100 Caja tornillo 6x1-1/4"" 100 unid";100;EA
1057532-510-COT25;26121630;Accesorios de cable;100 Caja Tarugo de nylon 6 mm 100 unidades;100;EA
1057532-510-COT25;26121630;Accesorios de cable;20 Caja Chuqui Plástica Sobrepuesta;20;EA
1057532-510-COT25;26121630;Accesorios de cable;3 Switch 5 x Puertos 10/100Mbps RJ45;3;EA
1057532-430-COT25;53131503;Cepillos de dientes;Cepillo Dental Adulto Medio / Según Especificaciones Adjuntas;104;EA
1057532-430-COT25;53131503;Cepillos de dientes;Cepillo para Limpieza de Prótesis Dental / Según Especificaciones Adjuntas;104;EA
1057532-430-COT25;53131503;Cepillos de dientes;Cepillo Interdental / Según Especificaciones Adjuntas;53;PACK
1057532-430-COT25;53131503;Cepillos de dientes;Cepillo Dental Eléctrico Recargable Adulto / Según especificaciones adjuntas;100;EA
1057532-430-COT25;53131503;Cepillos de dientes;Cabezal de Repuesto para Cepillo Dental Eléctrico / Según especificaciones adjuntas;50;KIT
1057532-430-COT25;53131503;Cepillos de dientes;Pasta Dental Triple / Según Especificaciones Adjuntas;104;EA
1057532-525-COT25;53131609;Protector solar;PROTECTORES SOLARES / SEGÚN DETALLE ADJUNTO.;2;EA
1057532-513-COT25;85122201;Exámenes médicos;2 Kit de Quantiferon TB Gold PLus: kit de ELISA, para detectar interferon gamma contra Mycobacterium tuberculosis por la técnica Quantiferon TB Gold Plus. DE ACUERDO A ESPECIFICACIONES TÉCNICAS ADJUNTAS Debe adjuntar ficha técnica de lo ofertado e indicar fecha de vencimiento.;2;KIT
1057532-513-COT25;41104107;Tubos o contenedores de almacenamiento de sangre en vacío;1 Kit de tubos para toma de muestra para 50 determinaciones de Quantiferon TB Gold Plus DE ACUERDO A ESPECIFICACIONES TÉCNICAS ADJUNTAS Debe adjuntar ficha técnica de lo ofertado e indicar fecha de vencimiento.;1;KIT
1057532-533-COT25;41115805;Analizadores de gases sanguíneos;ARRIENDO DE 1 EQUIPO ANALIZADOR DE GASES SANGUINEOS X 3 MESES / SEGÚN ESPECIFICACIONES ADJUNTAS;1;EA
1057532-465-COT25;44122109;Sujetadores de velcro;2 KIT VELCRO KST (PAR - INCLUYE 1 HOOK ADHESIVO Y 1 LOOP NO ADHESIVO), segun EETT.;2;EA
1057532-465-COT25;44122109;Sujetadores de velcro;2 ROLLOS VELCRO ADHESIVO BLANCO 2.0CM, segun EETT.;2;RO
1057532-465-COT25;30102216;Plancha de caucho;2 PLANCHAS Moltopren 15 cms de espesor (densidad 16), SEGUN EETT;2;EA
1057532-465-COT25;11151702;Hilo de algodón;1 Hilo de 200 GRS Tubiplast N°40, blanco, SEGUN EETT;1;EA
1057532-465-COT25;13101723;Termoplástico;1 Plastazote adhesivo, SEGUN EETT;1;EA
1057532-524-COT25;23153001;Artículo de calibración;Adquisición de servicio de calibración y certificación para: 01 Balanza electrónica SHIMADZU, UX4200H / 01 Balanza de precisión estándar RADWAG, PS 1000.R2 / 01 Balanza de pesaje sobre piso con pedestal LP7516 / 01 Masa patrón 1 kg de Sala de Decomiso. - Debe ser realizada por laboratorio de calibración acreditado en el Sistema Nacional de Acreditación del INN.  De acuerdo a especificaciones técnicas adjuntas.;1;EA
1057532-531-COT25;46181700;Calzado protector contra materias peligrosas;2 PARES DE CALZADO.;2;PR
1057532-531-COT25;46181700;Calzado protector contra materias peligrosas;1 PAR DE ZAPATOS.;1;PR
1057532-531-COT25;46181700;Calzado protector contra materias peligrosas;1 PAR DE ZAPATOS.;1;PR
1057532-531-COT25;53111501;Botas de hombre;1 PAR DE BOTAS.;1;PR
1180747-43-COT25;47121702;Envases para residuos o forros rígidos;SET DE CONTENEDORES / SEGÚN ESPECIFICACIONES ADJUNTAS;1;KIT
1057532-536-COT25;24131504;Contenedores refrigerados;Contenedores isotérmicos pasivos precalificado  para transporte de vacunas 15 lts de capacidad útil. SEGUN ESPECIFICACIONES TECNICAS ADJUNTAS.;20;EA
1057922-86-COT25;44111901;Tableros de planificación y accesorios;Tablero AVD / Según Especificaciones Adjuntas;1;EA
1057532-532-COT25;53102102;Overol y sobretodo para hombre;2 overoles;2;EA
1057532-532-COT25;46181517;Trajes aislados o para flotar en el agua;4 trajes impermeables amarillo;4;EA
1057532-532-COT25;39121719;Protectores;3 pack de barboquejo;3;PACK
1057532-532-COT25;31241501;Lentes;3 lentes;3;EA
1057532-532-COT25;46181504;Guantes protectores;4 par de guantes;4;PR
1057532-532-COT25;39121719;Protectores;3 par de protectores;3;PR
1057532-532-COT25;31261601;Cascos y envolturas de plástico;2 cascos;2;EA
1057532-532-COT25;53111501;Botas de hombre;1 par de botas;1;PR
1057532-532-COT25;46181504;Guantes protectores;1 par de guantes;1;PR
1057532-526-COT25;10161707;Arreglo de flores cortadas;ADQUISICION DE 2 ARREGLOS FLORALES.;2;EA
1057532-516-COT25;50192401;Mermeladas, gelatinas, conservas de fruta;Fruta en conserva Piñas en trocitos s/sellos, tarro 565 grs//con fecha de vencimiento por lo menos 6 meses, desde la fecha de entrega del producto.;120;JR
1057532-516-COT25;50101544;Arvejas en conserva;Verdura Conserva Arvejas, tarro 300 grs/con fecha de vencimiento por lo menos 6 meses, desde la fecha de entrega del producto.;120;JR
1057532-516-COT25;50202303;Jugos y néctar concentrados;Jugo liquido 0% azucar variedades, caja de 200 cc/con fecha de vencimiento por lo menos 6 meses, desde la fecha de entrega del producto.;5400;EA
1057922-84-COT25;42251610;Pelotas o accesorios terapéuticos;Set balón medicinal / Según Especificaciones Adjuntas;4;KIT
1057922-82-COT25;27111516;Alicates de perforación;Alicate corte termoplástico / Según Especificaciones Adjuntas;1;EA
1057922-82-COT25;42311537;Tijeras para vendajes o sus accesorios;Tijeras para moldear termoplástico / Según Especificaciones Adjuntas;1;EA
1057922-83-COT25;27112717;Pistolas de calor;Pistola aire caliente / Según Especificaciones Adjuntas;1;EA
1057922-83-COT25;52141532;Sartenes eléctricas de uso doméstico;Sartén eléctrico para órtesis / Según Especificaciones Adjuntas;1;EA
1057922-81-COT25;42251607;Poleas o accesorios para rehabilitación o terapia;Máquina de poleas / Según Especificaciones Adjuntas;1;EA
1057922-81-COT25;42251613;Aparatos de cinta rodante para ejercicios de rehabilitación o terapia;Rueda de hombros / Según Especificaciones Adjuntas;1;EA
1057922-81-COT25;42251612;Pesas, accesorios o sets para rehabilitación o terapia;Set de mancuernas extremidades superiores con soporte / Según Especificaciones Adjuntas;1;KIT
1057922-81-COT25;42251612;Pesas, accesorios o sets para rehabilitación o terapia;Set de pesas extremidades inferiores / Según Especificaciones Adjuntas;1;KIT
1057922-80-COT25;42251705;Barras paralelas para rehabilitación o terapia;Barras paralelas / Según Especificaciones Adjuntas;1;EA
1057922-80-COT25;42251703;Escaleras de entrenamiento para rehabilitación o terapia;Escalera de esquina / Según Especificaciones Adjuntas;1;EA
1057922-80-COT25;42242106;Suministros de tracción de la espalda o la pelvis;Espaldera / Según Especificaciones Adjuntas;2;EA
1057922-80-COT25;42211805;Espejo de inspección para personas con discapacidad física;Espejo de corrección móvil / Según Especificaciones Adjuntas;1;EA
1057922-80-COT25;42192207;Camillas de paciente o accesorios de camilla;Camastro / Según Especificaciones Adjuntas;1;EA
1057922-85-COT25;27111710;Llaves Allen;Set de llaves Allen / Según Especificaciones Adjuntas;1;KIT
1057532-530-COT25;39111609;Linternas de queroseno, propano o butano;3 LINTERNAS.;3;EA
1057532-530-COT25;39111609;Linternas de queroseno, propano o butano;1 LINTERNA.;1;EA
1057922-87-COT25;56101532;Mobiliario;Velador clínico / Según Especificaciones Adjuntas;2;EA
1057922-90-COT25;49221506;Colchonetas;Colchonetas Alta Densidad / Según Especificaciones Adjuntas;14;EA
1057922-88-COT25;27111515;Taladro de mano o empuje;Herramienta Multifuncional / Según Especificaciones adjuntas.;1;EA
1077241-77-COT25;23153140;Brazos articulados;BRAZOS HIDRAULICOS.;3;EA
1057532-535-COT25;24112404;Caja;15 CAJAS SENSORIALES.;15;BX
1057922-91-COT25;42142108;Almohadillas o compresas de calentar o de refrescar;SET DE COMPRESAS FRIAS / SEGÚN ESPECIFICACIONES ADJUNTAS;1;EA
1057922-91-COT25;49201609;Bandas de resistencia;SET DE BANDAS ELASTICAS / SEGÚN ESPECIFICACIONES ADJUNTAS;1;KIT
1057922-91-COT25;42251610;Pelotas o accesorios terapéuticos;SET BALONES TERAPEUTICOS DE CUERPO / SEGÚN ESPECIFICACIONES ADJUNTAS;1;KIT
1057922-91-COT25;42251610;Pelotas o accesorios terapéuticos;SET BALONES TERAPEUTICOS DE MANO / SEGÚN ESPECIFICACIONES ADJUNTAS;1;KIT
1057922-91-COT25;49201513;Camas elásticas para ejercicios;PLATAFORMA ELASTICA PEQUEÑA / SEGÚN ESPECIFICACIONES ADJUNTAS;1;EA
1057922-91-COT25;42141705;Almohadillas, cojines o almohadas para posicionar el enfermo;CUÑAS DE POSICIONAMIENTO / SEGÚN ESPECIFICACIONES ADJUNTAS;3;EA
1057922-89-COT25;60141303;Alfombras de juegos;SET DE GOMA EVA PISO / SEGÚN ESPECIFICACIONES ADJUNTAS;1;KIT
1057922-89-COT25;60141115;Kits de juegos;MATERIAL PSICOMOTRIZ / SEGÚN ESPECIFICACIONES ADJUNTAS;1;KIT
1057922-92-COT25;42204002;Cortinas o máscaras o delantales médicos de resguardo radiológico;Protector Gonadal / Según Especificaciones Adjuntas;1;EA
1057922-92-COT25;42204002;Cortinas o máscaras o delantales médicos de resguardo radiológico;Protector Tiroideo Adulto / Según Especificaciones Adjuntas;2;EA
1057922-92-COT25;42204002;Cortinas o máscaras o delantales médicos de resguardo radiológico;Protector Tiroideo Pediátrico / Según Especificaciones Adjuntas;2;EA
1057922-92-COT25;42204002;Cortinas o máscaras o delantales médicos de resguardo radiológico;Set Delantal Plomado / Según Especificaciones Adjuntas;1;KIT
1057922-92-COT25;46181802;Lentes de protección;Lentes Plomados / Según Especificaciones Adjuntas;1;EA
1057922-92-COT25;44111910;Colgadores;Colgador Delantal Plomado / Según Especificaciones Adjuntas;1;EA
1057922-92-COT25;42204005;Guantes médicos de resguardo radiológico;Guantes Plomados / Según Especificaciones Adjuntas;1;PR
1057922-92-COT25;42204002;Cortinas o máscaras o delantales médicos de resguardo radiológico;Kit de Protección Radiológica / Según Especificaciones Adjuntas;1;KIT
1057532-477-COT25;51191905;Suplementos vitamínicos;Suplemento Nutricional de acuerdo a las especificaciones técnicas descritas en Formulario N°2 adjunto.;24;EA
1077241-29-COT25;31261501;Cubiertas y cajas de plástico;4 caja organizadora 61litros 66x40x31 (referencia wenbox );4;EA
1077241-29-COT25;31261501;Cubiertas y cajas de plástico;2 Caja organizadora 6 litros 32x21x14 cm transparente tipo wenco (referencia wenbox );2;EA
1057922-95-COT25;42143101;Catéteres o kits intrauterinos;SET INSERCION DIU / SEGÚN ESPECIFICACIONES ADJUNTAS;6;KIT
1057532-539-COT25;23153001;Artículo de calibración;Adquisición de servicio de calibración y certificación para: 01 Balanza electrónica SHIMADZU, UX4200H / 01 Balanza de precisión estándar RADWAG, PS 1000.R2 / 01 Balanza de pesaje sobre piso con pedestal LP7516 / 01 Masa patrón 1 kg de Sala de Decomiso. - Debe ser realizada por laboratorio de calibración acreditado en el Sistema Nacional de Acreditación del INN. De acuerdo a especificaciones técnicas adjuntas.;1;EA
1057532-528-COT25;56101904;Bases, patas o extensiones de patas de muebles;MEJORAMIENTO DE CUBIERTA MUEBLE.;2;EA
1057922-93-COT25;44111901;Tableros de planificación y accesorios;Tablero AVD / Según Especificaciones Adjuntas;1;EA
1057922-94-COT25;42293303;Espéculos quirúrgicos;SET DE ESPECULOS / SEGÚN ESPECIFICACIONES ADJUNTAS;8;KIT
1057532-534-COT25;53131503;Cepillos de dientes;Cepillo Dental Adulto Medio / Según Especificaciones Adjuntas;65;EA
1057532-534-COT25;53131503;Cepillos de dientes;Cepillo para Limpieza de Prótesis Dental / Según Especificaciones Adjuntas;40;EA
1057532-534-COT25;53131503;Cepillos de dientes;Cepillo Interdental / Según Especificaciones Adjuntas;53;PACK
1057532-534-COT25;53131503;Cepillos de dientes;Cepillo Dental Eléctrico Recargable Adulto / Según especificaciones adjuntas;70;EA
1057532-534-COT25;53131503;Cepillos de dientes;Cabezal de Repuesto para Cepillo Dental Eléctrico / Según especificaciones adjuntas;40;EA
1057532-534-COT25;53131502;Pasta de dientes;Pasta Dental Triple / Según Especificaciones Adjuntas;104;EA
1057532-518-COT25;51241201;Ácido salicílico;Ácido salicílico 16,7% + Ácido Láctico 15% en colodión frasco 20 ml, adjuntar Resolución Sanitaria de distribución medicamentos y indicar fecha de vencimiento igual o superior a 12 meses. Las ofertas que no cumplan con lo solicitado, se declararan inadmisible.;10;VI
1057532-518-COT25;73101701;Servicios de producción de medicamentos o medicinas;Adapaleno 0,1% gel tópico tubo 15-20 gr.,adjuntar Resolución Sanitaria de distribución medicamentos y indicar fecha de vencimiento igual o superior a 12 meses. Las ofertas que no cumplan con lo solicitado, se declararan inadmisible.;10;TUBO
1057532-518-COT25;73101701;Servicios de producción de medicamentos o medicinas;Adapaleno 0,1%+peroxido de benzoilo 2,5% gel tópico  tubo 15-20 gr., adjuntar Resolución Sanitaria de distribución medicamentos y indicar fecha de vencimiento igual o superior a 12 meses. Las ofertas que no cumplan con lo solicitado, se declararan inadmisible.;20;TUBO
1057532-518-COT25;73101701;Servicios de producción de medicamentos o medicinas;Adapaleno 0,3% gel tópico tubo 15-20 gr., adjuntar Resolución Sanitaria de distribución medicamentos y indicar fecha de vencimiento igual o superior a 12 meses. Las ofertas que no cumplan con lo solicitado, se declararan inadmisible.;10;TUBO
1057532-518-COT25;73101701;Servicios de producción de medicamentos o medicinas;Ciclopiroxolamina 1% crema dérmica tubo 15-20 gr., adjuntar Resolución Sanitaria de distribución medicamentos y indicar fecha de vencimiento igual o superior a 12 meses. Las ofertas que no cumplan con lo solicitado, se declararan inadmisible.;10;TUBO
1057532-518-COT25;73101701;Servicios de producción de medicamentos o medicinas;Crema hidratante urea 10% 100 - 200 ml, adjuntar Resolución Sanitaria de distribución medicamentos y indicar fecha de vencimiento igual o superior a 12 meses. Las ofertas que no cumplan con lo solicitado, se declararan inadmisible.;10;VI
1057532-518-COT25;73101701;Servicios de producción de medicamentos o medicinas;Crema hidratante urea 5%  100 - 200 ml, adjuntar Resolución Sanitaria de distribución medicamentos y indicar fecha de vencimiento igual o superior a 12 meses. Las ofertas que no cumplan con lo solicitado, se declararan inadmisible.;10;VI
1057532-518-COT25;73101701;Servicios de producción de medicamentos o medicinas;Crema liquida humectante 200 ml, adjuntar Resolución Sanitaria de distribución y indicar fecha de vencimiento igual o superior a 12 meses. Las ofertas que no cumplan con lo solicitado, se declararan inadmisible.;10;VI
1057532-518-COT25;73101701;Servicios de producción de medicamentos o medicinas;Doxiciclina 100 mg comprimido, adjuntar Resolución Sanitaria de distribución medicamentos y indicar fecha de vencimiento igual o superior a 12 meses. Las ofertas que no cumplan con lo solicitado, se declararan inadmisible.;300;CMP
1057532-518-COT25;53131609;Protector solar;Filtro solar Factor 50+  fco 50 - 100 ml, adjuntar Resolución Sanitaria de distribución y indicar fecha de vencimiento igual o superior a 12 meses. Las ofertas que no cumplan con lo solicitado, se declararan inadmisible.;30;VI
1057532-518-COT25;73101701;Servicios de producción de medicamentos o medicinas;Hidrocortisona 1% loción  100-120 ml, adjuntar Resolución Sanitaria de distribución de medicamentos y indicar fecha de vencimiento igual o superior a 12 meses. Las ofertas que no cumplan con lo solicitado, se declararan inadmisible.;10;VI
1057532-518-COT25;73101701;Servicios de producción de medicamentos o medicinas;Hidroxicina 20 mg comprimido, adjuntar Resolución Sanitaria de distribución de medicamentos y indicar fecha de vencimiento igual o superior a 12 meses. Las ofertas que no cumplan con lo solicitado, se declararan inadmisible.;120;CMP
1057532-518-COT25;73101701;Servicios de producción de medicamentos o medicinas;Ivermectina 1% crema tubo 15-20 gr, adjuntar Resolución Sanitaria de distribución de medicamentos y indicar fecha de vencimiento igual o superior a 12 meses. Las ofertas que no cumplan con lo solicitado, se declararan inadmisible.;20;TUBO
1057532-518-COT25;51101811;Ketoconazol;ketoconazol 2% Shampoo 100 -200 ml, adjuntar Resolución Sanitaria de distribución de medicamentos y indicar fecha de vencimiento igual o superior a 12 meses. Las ofertas que no cumplan con lo solicitado, se declararan inadmisible.;20;VI
1057532-518-COT25;73101701;Servicios de producción de medicamentos o medicinas;Levocetirizina 5 mg comprimido, adjuntar Resolución Sanitaria de distribución de medicamentos y indicar fecha de vencimiento igual o superior a 12 meses. Las ofertas que no cumplan con lo solicitado, se declararan inadmisible.;30;CMP
1057532-518-COT25;73101701;Servicios de producción de medicamentos o medicinas;Metronidazol 0,75% Gel o crema dérmica tubo 15-20 gr., adjuntar Resolución Sanitaria de distribución de medicamentos y indicar fecha de vencimiento igual o superior a 12 meses. Las ofertas que no cumplan con lo solicitado, se declararan inadmisible.;20;TUBO
1057532-518-COT25;73101701;Servicios de producción de medicamentos o medicinas;Novobase II  envase de 1 Kg, adjuntar Resolución Sanitaria de distribución de medicamentos y indicar fecha de vencimiento igual o superior a 12 meses. Las ofertas que no cumplan con lo solicitado, se declararan inadmisible.;100;KGM
1057532-518-COT25;73101701;Servicios de producción de medicamentos o medicinas;Tacrolimus 0,03% crema o ungüento tubo 15-20 gr., adjuntar Resolución Sanitaria de distribución de medicamentos y indicar fecha de vencimiento igual o superior a 12 meses. Las ofertas que no cumplan con lo solicitado, se declararan inadmisible.;10;TUBO
1057532-518-COT25;73101701;Servicios de producción de medicamentos o medicinas;Tacrolimus 0,1% crema o ungüento tubo 15-20 gr, adjuntar Resolución Sanitaria de distribución de medicamentos y indicar fecha de vencimiento igual o superior a 12 meses. Las ofertas que no cumplan con lo solicitado, se declararan inadmisible.;10;TUBO
1057532-518-COT25;51101818;Hidrocloruro de terbinafina;Terbinafina 1% crema tubo 15-30 gr, adjuntar Resolución Sanitaria de distribución de medicamentos y indicar fecha de vencimiento igual o superior a 12 meses. Las ofertas que no cumplan con lo solicitado, se declararan inadmisible.;20;TUBO
1057532-518-COT25;51241201;Ácido salicílico;Vaselina salicilada 5% (Ac. Salicílico )frasco 20-50 gr., adjuntar Resolución Sanitaria de distribución de medicamentos y indicar fecha de vencimiento igual o superior a 12 meses. Las ofertas que no cumplan con lo solicitado, se declararan inadmisible.;20;TUBO
1077241-78-COT25;42312313;Soluciones para la limpieza de heridas;Espuma de limpieza de piel de 400 ml igual o simiar a Molicare, según EETT adjunta;3;VI
1077241-78-COT25;42312313;Soluciones para la limpieza de heridas;Espuma hidratante con urea 10% , 125 ml igual o similar CUTIMED, según EETT adjunta.;5;VI
1077241-78-COT25;42181515;Bandejas de examen;Riñón desechable 500 ml o de 700 ml., SEGUN EETT adjunta.;500;EA
1077241-78-COT25;42171701;Mantas de rescate o de urgencia;MANTA TÉRMICA DE EMERGENCIA.  PROTECCIÓN ISOTÉRMICA QUE MANTIENE EL CALOR CORPORAL Medidas 210-130 cm. Medidas manta doblada 12-7 cm. Material aluminio fino. Reutilizable a prueba de agua y fuego.;100;EA
1077241-79-COT25;31261501;Cubiertas y cajas de plástico;Cajas igual o similar a wenco baul organizador 100/130 litros ver EETT adjuntas.;3;EA
1077241-79-COT25;42212203;Pastillero para recordar las píldoras para discapacitados físicos;Pastilleros con 21 compartimentos (3 tomas semanales)ver EETT adjuntas.;50;EA
1077241-80-COT25;53121501;Bolsos;Bolso mochila paramédico igual o similar I KEMP 10-122-RED-PRE.Cubierta impermeable, de 45,72 cm x 30.48 cm x 33.02 cm, 3,10 kg., 32,70 litros, color rojo.;1;EA
1057922-110-COT25;56121701;Estantes;Estantería Alta De Acuerdo a Especificaciones Técnicas Adjuntas;1;EA
1057922-110-COT25;56111501;Recepciones modulares;Mesón Recepción Secretaría De Acuerdo a Especificaciones Técnicas Adjuntas;1;EA
1057922-111-COT25;56112102;Sillas para trabajar;Sillas Ergonómicas Operativas De acuerdo a Especificaciones Técnicas Adjuntas;2;EA
1057922-102-COT25;52161505;Televisores convencionales, de plasma y LCD;"Televisor SMART TV de 50"" Debe incluir accesorios De Acuerdo a Especificaciones Técnicas Adjuntas";3;EA
1057922-101-COT25;43211903;Monitores de pantalla táctil;"Pantalla interactiva 75""  Debe incluir accesorios De Acuerdo a Especificaciones Técnicas Adjuntas";1;EA
1057532-548-COT25;44103105;Cartuchos de tinta;2 CARTUCHOS DE TINTA.;2;CQ
1057532-548-COT25;55121802;Pulseras o tarjetas de identificación o productos similares;200 TARJETAS DE PVC BLANCO.;200;EA
1057532-548-COT25;55121802;Pulseras o tarjetas de identificación o productos similares;3 CINTAS PORTA CREDENCIAL.;30;EA
1057532-548-COT25;55121802;Pulseras o tarjetas de identificación o productos similares;50 PORTA CREDENCIAL.;50;EA
1057532-543-COT25;60102301;Libros de actividades de lectura;2 ESTATUTO ADMINISTRATIVOS INTERPRETADOS  NUEVA EDICION DEL ESTATUTO ADMINISTRATIVO INTERPRETADO CON DICTAMENES EMITIDOS POR LA CONTRALORIA GENERAL DE LA REPUBLICA, DE LA EDITORIAL,CIRCULO LEGAL EDITORES (DECIMO CUARTA EDICION 2024 referencia);2;EA
1057532-546-COT25;50201709;Café instantáneo;480 BOLSAS DE CAFE;480;BG
1057532-546-COT25;50161814;Dulces con azúcar o sustitutos;5 BOTELLAS DE ENDULSANTE LIQUIDO;5;BO
1057532-546-COT25;50202304;Jugos y néctar envasados;210 CAJITAS DE JUGOS;210;EA
1057532-546-COT25;50201713;Bolsitas de te;200 BOLSAS DE TE;200;BG
1057532-546-COT25;50201713;Bolsitas de te;100 BOLSAS DE;100;BG
1057532-546-COT25;50181905;Galletas dulces o pastelitos;20 KUCHEN;20;EA
1057532-546-COT25;50181905;Galletas dulces o pastelitos;15 PAQUETE DE GALLETAS;15;PK
1057532-546-COT25;50181905;Galletas dulces o pastelitos;132 BROWNIE;132;EA
1057532-546-COT25;50181905;Galletas dulces o pastelitos;10 PAQUETES DE GALLETA;10;PK
1057532-546-COT25;50181905;Galletas dulces o pastelitos;40 PAQUETES DE GALLETAS;40;PK
1057532-546-COT25;50181905;Galletas dulces o pastelitos;15 PAQUETE DE GALLETA;15;PK
1057532-545-COT25;52121602;Servilletas;10 PAQUETES DE SERVILLETAS.;10;PK
1057532-545-COT25;52151504;Tazas o vasos desechables domésticos;375 VASOS DE POLIPAPEL;375;EA
1057532-545-COT25;52151502;Platos desechables domésticos;300 PLATOS DE CARTON;300;EA
1057532-545-COT25;52151705;Portas cubiertos o cucharas;500 CUCHARAS DESECHABLE DE MADERA;500;EA
1057532-542-COT25;78121601;Servicios de flete;Mudanza desde Santiago hasta Osorno para Funcionario Cristóbal Alfonso Alarcón Correa. Dirección Origen: Irarrázaval #2150, Dpto. 1018, Comuna Ñuñoa, Santiago. Dirección de Destino: Cabo de Horno #2045, dpto. 203, Torre 1, Condominio alto las Quemas, Osorno Fecha 13.08.2025;1;EA
1057532-542-COT25;78121601;Servicios de flete;Mudanza desde Santiago hasta Osorno para Funcionario Magdalena Jasmen Espinoza. Dirección Origen: Santa Blanca #1448, Comuna Lo Barnechea, Santiago. Dirección de Destino: Dr. Guillermo Buhler #2140 Dpto. 540-1, Osorno. Fecha 14.08.2025;1;EA
1057532-556-COT25;42132203;Guantes médicos de examen o para usos no quirúrgicos;Guantes Nitrilo 4G Hospitalia Examiniación-Procedimientos S/Polvo 100 Cajas  (100 Unidades)	- Talla S;100;BX
1057532-556-COT25;42132203;Guantes médicos de examen o para usos no quirúrgicos;Guantes Nitrilo 4G Hospitalia Examiniación-Procedimientos S/Polvo 230 Cajas  (100 Unidades)	Talla M;230;BX
1057532-556-COT25;42132203;Guantes médicos de examen o para usos no quirúrgicos;Guantes Nitrilo 4G Hospitalia Examiniación-Procedimientos S/Polvo Talla S Caja 100 Unidades 170 Cajas (100 Unidades) - Talla L;170;BX
1057532-561-COT25;50101634;Fruta fresca;Platanos amarillos, que esten sin manchas cafes (que no esten demaciado maduros), que tengan buena presentacion;120;EA
1057532-561-COT25;50202310;Agua mineral;Botella desechabe de 600 ml, sin gas;120;EA
1057532-493-COT25;42291607;Gasas o curetas quirúrgicas;GASAS HEMOSTATICAS CELOX, SEGUN ESPECIFICACIONES ADJUNTAS.;40;EA
1057532-493-COT25;42272401;Agujas de toracentesis;AGUJAS DE DESCOMPRESIÓN TORÁXICAS, SEGUN ESPECIFICACIONES ADJUNTAS.;6;EA
1057532-493-COT25;42142601;Jeringas médicas de aspiración o irrigación;JERINGAS DE NEBULIZACION NASAL, SEGUN ESPECIFICACIONES ADJUNTAS.;20;EA
1057532-493-COT25;42272010;Bombas de succión;BOMBA DE ASPIRACION MANUAL, SEGUN ESPECIFICACIONES ADJUNTAS.;10;EA
1057532-493-COT25;41104104;Torniquetes;TORNIQUETE PELVICO, SEGUN ESPECIFICACIONES ADJUNTAS.;6;EA
1057532-493-COT25;42172201;Torniquetes o abrazaderas de servicios médicos de emergencia;TORNIQUETE TIPO CAT, SEGUN ESPECIFICACIONES ADJUNTAS.;20;EA
1057532-493-COT25;42294701;Máquinas de corazón y pulmón o accesorios;PULMON PRUEBA VENTILACION MECANICA, SEGUN ESPECIFICACIONES ADJUNTAS.;2;EA
1057532-493-COT25;42271708;Mascarillas de oxígeno médicas o piezas;MASCARILLA FACIAL DE SILICONA AZUL NÚMERO 5 PARA BOLSA DE RESUCITACIÓN, SEGUN ESPECIFICACIONES ADJUNTAS.;6;EA
1057532-549-COT25;44122011;Carpetas para archivos;400 CARPETA COLGANTE OFICIO SLIDE CARTÓN METAL COLOR KRAFT;400;EA
1057532-549-COT25;14111606;Papel artístico o papel Kraft;10 CARPETAS  CARTULINA  COLORES ENTRETENIDA;10;EA
1057532-549-COT25;14111606;Papel artístico o papel Kraft;10 SOBRE  DE  GOMA  EVA;10;EA
1057922-103-COT25;52161505;Televisores convencionales, de plasma y LCD;"TELEVISOR 43"" / SEGÚN ESPECIFICACIONES ADJUNTAS";11;EA
1057922-104-COT25;52141502;Hornos microondas domésticos;Microondas / Según Especificaciones Adjuntas;3;EA
1057922-104-COT25;52141501;Refrigeradores domésticos;Refrigerador Domestico / Según Especificaciones Adjuntas;1;EA
1057922-104-COT25;52141523;Hervidores y teteras;Termo hervidor / Según Especificaciones Adjuntas;2;EA
1057922-105-COT25;52161512;Parlantes;Parlante con USB / Según Especificaciones Adjuntas;2;EA
1057922-107-COT25;42172101;Desfibriladores externos automatizados (AED) o paletas rígidas;Desfibrilador Externo Automático (DEA) / Según Especificaciones Adjuntas;1;EA
1057922-108-COT25;41103011;Refrigeradores o congeladores de uso general;Refrigerador Clínico / Según Especificaciones Adjuntas;1;EA
1057922-109-COT25;45111704;Consolas de mezcla de sonidos;Sistema de Audio Sala de Espejo / Según Especificaciones Adjuntas;1;EA
1057922-100-COT25;42192404;Carros médicos o accesorios;CARRO DE PARO COMPLETO / SEGÚN ESPECIFICACIONES ADJUNTAS;1;EA
1057922-98-COT25;42192404;Carros médicos o accesorios;CARRO ROPA LIMPIA / SEGÚN ESPECIFICACIONES ADJUNTAS;1;EA
1057922-98-COT25;56101532;Mobiliario;VELADOR CLINICO / SEGÚN ESPECIFICACIONES ADJUNTAS;3;EA
1077241-81-COT25;50181905;Galletas dulces o pastelitos;GALLETAS;7;PK
1077241-81-COT25;50202304;Jugos y néctar envasados;JUGOS.;2;EA
1077241-81-COT25;50181905;Galletas dulces o pastelitos;PIE DE LIMON;1;EA
1077241-81-COT25;50181905;Galletas dulces o pastelitos;KUCHEN;1;EA
1077241-81-COT25;50161509;Productos de edulcorantes o azúcares naturales;AZUCAR;1;KGM
1057532-555-COT25;14111805;Talones o talonarios;TALONARIOS.;80;TALO
1057922-96-COT25;42192207;Camillas de paciente o accesorios de camilla;CAMILLA GINECOLOGICA / SEGÚN ESPECIFICACIONES ADJUNTAS;3;EA
1057922-112-COT25;56121701;Estantes;Estantería Alta  De Acuerdo a Especificaciones Técnicas Adjuntas;1;EA
1057922-112-COT25;56111501;Recepciones modulares;Mesón Recepción Secretaría  De Acuerdo a Especificaciones Técnicas Adjuntas;1;EA
1057922-112-COT25;56112102;Sillas para trabajar;Sillas Ergonómicas Operativas De acuerdo a Especificaciones Técnicas Adjuntas;2;EA
1057532-550-COT25;41104801;Unidades de frascos o retortas;100 Frascos vidrio de 25 ml - Frascos de vidrio transparentes graduados de 25 ml con tapa rosca azul y con boquilla antiderrames (obligatorio);100;EA
1057532-550-COT25;41104801;Unidades de frascos o retortas;200 Frascos vidrio de 100 ml - Frascos de vidrio transparentes graduados de 100 ml con tapa rosca azul y con boquilla antiderrames (obligatorio);200;EA
1057532-550-COT25;41104801;Unidades de frascos o retortas;2 Frascos de vidrio transparentes graduados de 500 ml con tapa rosca azul y con boquilla antiderrames (obligatorio);2;EA
1057532-550-COT25;41104801;Unidades de frascos o retortas;2 Frascos de vidrio transparentes graduados de 1000 ml con tapa rosca azul y con boquilla antiderrames (obligatorio);2;EA
1057532-551-COT25;41121514;Pipeteros;1 Micropipeta multicanal de 8 canales de 30 a 300 ul con ajuste seguro. Ocho canales es requisito obligatorio. + adjuntar ficha tecnica;1;EA
1057532-551-COT25;41121514;Pipeteros;1 Micropipeta multicanal de 8 canales de 10 a 100 ul con ajuste seguro. Ocho canales es requisito obligatorio.+ adjuntar ficha tecnica;1;EA
1057532-562-COT25;80141903;Tiempo libre y recreación;Instructor de Zumba o Baile Entretenido;2;EA
1057532-538-COT25;24131504;Contenedores refrigerados;Contenedores isotérmicos pasivos precalificado para transporte de vacunas 15 lts de capacidad útil. SEGUN ESPECIFICACIONES TECNICAS ADJUNTAS.;20;EA
1057532-544-COT25;23153001;Artículo de calibración;Adquisición de servicio de calibración y certificación para: 01 Balanza electrónica SHIMADZU, UX4200H / 01 Balanza de precisión estándar RADWAG, PS 1000.R2 / 01 Balanza de pesaje sobre piso con pedestal LP7516 / 01 Masa patrón 1 kg de Sala de Decomiso. - Debe ser realizada por laboratorio de calibración acreditado en el Sistema Nacional de Acreditación del INN. De acuerdo a especificaciones técnicas adjuntas.;1;EA
1057532-563-COT25;45111704;Consolas de mezcla de sonidos;Arriendo de amplificación por 2 hrs, para el día Viernes 22 de Agosto 2025, 17:30 hrs. en el Gimnasio Pedro Aguirre Cerda, Osorno. Amplificación para Gimnasio, con 2 cajas 300 rms, cada una, 1 power 600 rms, 1 controlador, 2 micrófonos inalámbricos , 1 encargado de amplificación;2;HUR
1057532-564-COT25;50101634;Fruta fresca;Platanos amarillos, que esten sin manchas cafes (que no esten demaciado maduros), que tengan buena presentacion;120;EA
1057532-564-COT25;50202310;Agua mineral;Botella desechabe de 600 ml, sin gas;120;EA
1077241-85-COT25;90101701;Gestión de cafetería;Servicio de Cafeteria para 20 raciones para el dia 20.08.2025 en horario de 11:00 hrs. lugar de la atividad sera confirmada;20;EA
1057532-566-COT25;90111501;Hoteles;servicio de alojamiento en la ciudad de Osorno, para docente (1), en habitación Single, que incluya desayuno y cena, Check in 24/08/25 y Check out 26/08/25.;1;EA
1057532-541-COT25;80111504;Formación, capacitación y entrenamiento de personal;CAPACITACIÓN CUIDADOS COMUNITARIOS EN CONTEXTO UNIVERSALIZACIÓN DE ATENCIÓN PRIMARIA DE SALUD, PARA 70 CUPOS EN MODALIDAD PRESENCIAL, DE ACUERDO A ESPECIFICACIONES DE CURSO ADJUNTOS.;1;EA
1057532-572-COT25;90101701;Gestión de cafetería;Servicio de Cafeteria con 30 raciones, para el dia 22 de Agosto 2025, en horario 17.30 A 18.00 hrs. en Lord Cochrane 1245, Dispositivo PRAIS;30;EA
1057532-573-COT25;90101701;Gestión de cafetería;Servicio de Cafetería para 65 raciones para el días 25.08.2025 y 65 raciones para el día 26.08.2025, jornada AM - 10:00 hrs, auditorio HBO. total 130 raciones;130;EA
1057532-557-COT25;49101609;Ornamentos y decoraciones;globo/Color Rojo metalizados;200;EA
1057532-557-COT25;24111502;Bolsas de papel;Bolsas de regalo tamaño grande,  con asa, fuelle de 13.5 cm y medidas de la bolsa 26 por 32 cm. colores pasteles variados.;10;EA
1057532-557-COT25;49201512;Cuerdas para saltar;Cuerdas para saltar profesional de 3 metros, mangos ajustables, cable de acero trenzado ligero con forro de poliuretano;10;EA
1057532-557-COT25;31201509;Cinta adhesiva de nilon;cintas para armar arco de globos largo 5 metros;2;EA
1057532-547-COT25;42211503;Dispositivos de posicionar;Cuña de posicionamiento cilindro 91,5 cm largo x 25,5 cm diámetro  Especificaciones técnicas adjuntas.;1;EA
1057532-547-COT25;42211503;Dispositivos de posicionar;Cuña codo-muñeca-tobillo 20 x 10 x 10 cm. Materiales: algodón + espuma alta calidad Especificaciones técnicas adjuntas.;2;EA
1057532-547-COT25;42211503;Dispositivos de posicionar;Cuña de posicionamiento semi-cilíndrica 76 cm de largo x 25,5 cm ancho x 20 cm alto Especificaciones técnicas adjuntas.;1;EA
1057532-547-COT25;42211503;Dispositivos de posicionar;Cuña de posicionamiento triangular 60 cm ancho x 80 cm largo x 30 cm alto  Especificaciones técnicas adjuntas.;1;EA
1057532-547-COT25;42211503;Dispositivos de posicionar;Cuña de posicionamiento triangular 50 cm ancho x 50 cm largo x 15 cm alto  Especificaciones técnicas adjuntas.;1;EA
1057532-547-COT25;42211503;Dispositivos de posicionar;Cuña elevadora de pierna, dimensiones 70 x 20 x 15 cm Especificaciones técnicas adjuntas.;1;EA
1057532-547-COT25;42211503;Dispositivos de posicionar;Cuña soporte lateral de tronco, dimensiones 60 x 25 x 20 cm Especificaciones técnicas adjuntas.;1;EA
1057532-547-COT25;53121603;Mochilas;Bolso para terreno 40 litros  Especificaciones técnicas adjuntas.;1;EA
1057532-537-COT25;60141107;Bingo;1 Bingo flora fauna y pueblos originarios de chile, segun EE.TT;1;EA
1057532-537-COT25;60141114;Juegos de memoria;2 Memorice de prendas de vestir, segun EE.TT;2;EA
1057532-537-COT25;60121605;Modelos anatómicos;1 Modelo de Corazón desarmable, segun EE.TT;1;EA
1057532-567-COT25;80141903;Tiempo libre y recreación;Instructor de Zumba o Baile Entretenido, para el día viernes 22 de Agosto 2025;2;EA
1077241-86-COT25;90101701;Gestión de cafetería;Servicio de Cafetería para 20 raciones para el día 20.08.2025 en horario de 11:00 hrs. lugar de la actividad será confirmada;20;EA
1057532-580-COT25;78121601;Servicios de flete;Mudanza desde Santiago hasta Osorno para Funcionario Camila Catalán Concha.  Dirección Origen: El Director #5813, Departamento 77, Comuna Las Condes, Santiago.  Dirección de Destino: Eduardo Meyer Eggers #2813, Osorno Fecha 22.08.2025;1;EA
1077241-87-COT25;60101103;Globos terráqueos electrónicos;50 GLOBOS DIVERSOS COLORES;50;EA
1057532-576-COT25;60121402;Marcos de secciones de madera;73 Marco de Fotografias Segun EETT  Especificaciones: Marcos simples tamaño carta. Material: madera de pino insigne (no finger). Uniones: V-Nails de 15 mm. Grosor de moldura: 2,5 cm (cara superior) y 2 cm (costado). Tapa trasera: MDF de 3 mm. Vidrio incoloro de 2 mm. Puntas flexibles: 6 unidades. Con gancho dentado color negro. Terminación: color madera alerce.;73;EA
1057532-504-COT25;52152007;Pocillos;Pocillo de polietileno para pesaje: Pocillo de polietileno blanco, maleable y flexible para pesaje en balanza. Resistente a ácidos débiles, bases y soluciones acuosas. Tamaño: 89x89x24 cm.;500;EA
1057532-504-COT25;41122105;Frascos rotativos;Frascos vidrio de 25 ml: Frascos de vidrio transparentes graduados de 25 ml con tapa rosca azul y con boquilla antiderrames (obligatorio);100;EA
1057532-504-COT25;41122105;Frascos rotativos;Frascos vidrio de 100 ml: Frascos de vidrio transparentes graduados de 100 ml con tapa rosca azul y con boquilla antiderrames (obligatorio);200;EA
1057532-504-COT25;41122105;Frascos rotativos;Frascos vidrio de 500 ml: Frascos de vidrio transparentes graduados de 500 ml con tapa rosca azul y con boquilla antiderrames (obligatorio);2;EA
1057532-504-COT25;41122105;Frascos rotativos;Frascos vidrio de 1000 ml: Frascos de vidrio transparentes graduados de 1000 ml con tapa rosca azul y con boquilla antiderrames (obligatorio);2;EA
1057532-504-COT25;41121514;Pipeteros;Micropipeta multicanal de 30 a 300 ul: Micropipeta multicanal de 8 canales de 30 a 300 ul con ajuste seguro. Ocho canales es requisito obligatorio.;1;EA
1057532-504-COT25;41121514;Pipeteros;Micropipeta multicanal de 10 a 100 ul: Micropipeta multicanal de 8 canales de 10 a 100 ul con ajuste seguro. Ocho canales es requisito obligatorio.;1;EA
1057532-504-COT25;41101702;Martinetes o morteros;Mortero de porcelana de 12 a 15 cm de diámetro con pistilo, también de porcelana.;10;EA
1057532-504-COT25;41122411;Cronómetros o relojes de laboratorio;Temporizador digital de 4 tiempos. Conteo regresivo hasta 99 horas, 59 minutos y 59 segundos. 4 tiempos programables. Con función reloj. Con soporte en la parte trasera para ponerlo en una base e imán para ponerlo en superficies metálicas.;4;EA
1057532-504-COT25;41122802;Soportes para portaobjetos;Bandejas de eppendorf: Bandejas para guardar eppendorf de 1.5 ml, con o sin tapa, de 96 pocillos.;4;EA
1057532-504-COT25;41122802;Soportes para portaobjetos;Gradilla para tubos de 50 ml: Gradilla para de tubos falcon de 50 ml (diámetro 30mm). Capacidad de la gradilla entre 8 a 24 tubos de 50 ml. Material deseable: acero inoxidable.;2;EA
1057532-583-COT25;50181905;Galletas dulces o pastelitos;Kutchen de 26 cm, relleno de fruta con crema o miga.;2;EA
1057532-583-COT25;50181905;Galletas dulces o pastelitos;paquetes Galletas surtidas dulces, paquetes de 120 gramos y 160 gramos.;15;PK
1057532-583-COT25;50182002;Tartas, empanadas o pastas congeladas;Empanadas de coctel, de carne y queso de horno.;60;EA
1057532-583-COT25;50201706;Café;Cafe Tarro de 170 grs.;1;EA
1057532-583-COT25;50131701;Leche o productos de mantequilla;Leche de litro descremeda;1;LTR
1057532-583-COT25;50201713;Bolsitas de te;TE en caja de 100 bolsitas;1;BX
1057532-583-COT25;52121602;Servilletas;Servilletas de Mesa, para coctel de 300 unidades;1;PK
1057532-583-COT25;52151502;Platos desechables domésticos;Paquete de Platos de Cartón Blanco 15 cm (100 Unidades);1;PK
1057532-583-COT25;52151504;Tazas o vasos desechables domésticos;Vasos desechables de polipapel Hot;100;EA
1057532-583-COT25;52151703;Tenedores domésticos;100 unidades de Tenedor desechable plastico;1;PK
1057532-583-COT25;50202304;Jugos y néctar envasados;Jugos botella de 1,5 lt sabores surtidos, cero azucar;4;EA
1057532-583-COT25;52151704;Cucharas domésticas;Cucharas Desechables plasticas paquete de 100 unidades;1;PK
1057532-560-COT25;52161533;Megáfono;Megáfono , recargable y con puerto USB.  Posee funciones de amplificación y grabación y una potencia de 30W con volumen ajustable, la cual le otorga un rango de alcance de hasta 500 metros de distancia. Su alimentación es por medio de una batería de 7.4V recargable con conexión directa a 220V. El megáfono Sogno Seguridad tiene un peso aproximado de 850 gramos y es resistente a la intemperie gracias a su resistente estructura. Incluye además un micrófono de mano y conexiones SD,USB y AUX.;1;EA
1057532-559-COT25;44111512;Organizador de folletos;6 Portafolletos de acrilico. Dimensiones: 12 cm ancho x 24,5 cm alto x 12,3 cm fondo. Fabricado en acrílico clear de 3 mm. Espacio interior permite hojas plastificadas. Especificaciones técnicas adjuntas, imágenes referenciales.;6;EA
1057532-559-COT25;44111512;Organizador de folletos;1 Portafolletos Plegable. Estructura plegable de aluminio y cubierta acrílico. 155 cms de alto, espacio de exhibición por ambos lados, incluye bolso de transporte. Especificaciones técnicas adjuntas, imágenes referenciales.;1;EA
1057532-559-COT25;31201513;Cintas de seguridad no-resbalón;1 Cinta antideslizante, Medidas: 50mm x 5 mts Negra Especificaciones técnicas adjuntas, imágenes referenciales.;1;EA
1057532-558-COT25;26111702;Pilas alcalinas;3 kit de 4 pilas recargables AA;3;KIT
1057532-558-COT25;26111702;Pilas alcalinas;3 kit de 4 pilas recargables AAA;3;KIT
1057532-558-COT25;26111704;Cargadores de baterías;Cargador con capacidad para cuatro pilas AA/AAA/9V;1;EA
1057532-568-COT25;44122109;Sujetadores de velcro;2 KIT VELCRO KST (PAR - INCLUYE 1 HOOK ADHESIVO Y 1 LOOP NO ADHESIVO), segun EETT;2;EA
1057532-568-COT25;44122109;Sujetadores de velcro;2 ROLLOS VELCRO ADHESIVO BLANCO 2.0CM, segun EETT.;2;EA
1057532-568-COT25;30102216;Plancha de caucho;2 PLANCHAS Moltopren 15 cms de espesor (densidad 16), SEGUN EETT;2;EA
1057532-568-COT25;11151702;Hilo de algodón;1 Hilo de 200 GRS Tubiplast N°40, blanco, SEGUN EETT;1;EA
1057532-568-COT25;13101723;Termoplástico;1 Plastazote adhesivo, SEGUN EETT;1;EA
1057532-581-COT25;43201803;Discos duros;02 disco duro externos con capacidad 4T. Especificaciones técnicas adjuntas.;2;EA
1077241-88-COT25;60101103;Globos terráqueos electrónicos;50 GLOBOS DE DIVERSOS COLORES;50;EA
1077241-84-COT25;52152101;Tazas de café o té domésticas;Tazón 	4 -color blanco, con diseño de logo de COSAM Oriente, y frase “LOS LOGROS NO SON PRODUCTO DE LA CASUALIDAD, SINO DEL TRABAJO CONSTANTE”	Letras color negro, con letra times new roman, cursiva y negrita, segun EETT;4;EA
1077241-84-COT25;80141605;Regalos publicitarios;Lapiz	4 -Lapiz de metal tinta color azul o negra	En su caja para regalo - SEGUN EETT;4;EA
1077241-84-COT25;80141605;Regalos publicitarios;4 Set de regalo 	 SET DE VELA, JABON EN BARRA Y AROMATIZANTE EN PRESENTACIÓN DE CAJA DECORADA CON FONDO DE PAPEL, O VIRUTA DE PAPEL EN BOLSA DE REGALO DE CARTON (	En su respectiva bolsa de regalo de carton) SEGUN EETT;4;EA
1077241-90-COT25;50161814;Dulces con azúcar o sustitutos;20 BOLSAS DE GOMITA DULCES ( TIPO FRUGELE);20;BG
1077241-90-COT25;50192109;Papas fritas o galletas tostadas;2 BOLSAS DE PAPAS FRITAS TIPO LAYS DE 380 GRAMOS.;2;BG
1077241-90-COT25;50181905;Galletas dulces o pastelitos;10 PAQUETES DE GALLETA TIPO TRITON CHOCOLATE;10;PK
1077241-90-COT25;50202304;Jugos y néctar envasados;30 CAJAS DE JUGO INDIVIDUAL DE 200 ML SABORES SURTIDO.;30;BX
1057922-78-COT25;56121701;Estantes;Estantería Alta / Según Especificaciones Adjuntas.;1;EA
1077241-89-COT25;60121236;Pinceles;5 KIT DE LAPICES PINTA CARA DE 6 COLORES ( TIPO ARTEL);5;KIT
1057532-579-COT25;42251617;Cojines de asiento terapéuticos o accesorios;Cuña de posicionamiento cilindro 91,5 cm largo x 25,5 cm diámetro  Especificaciones técnicas adjuntas.;1;EA
1057532-579-COT25;42251617;Cojines de asiento terapéuticos o accesorios;Cuña de posicionamiento triangular 50 cm ancho x 50 cm largo x 15 cm alto  Especificaciones técnicas adjuntas.;1;EA
1057532-579-COT25;42251617;Cojines de asiento terapéuticos o accesorios;Cuña codo-muñeca-tobillo 20 x 10 x 10 cm. Materiales: algodón + espuma alta calidad  Especificaciones técnicas adjuntas.;2;EA
1057532-579-COT25;42251617;Cojines de asiento terapéuticos o accesorios;Cuña de posicionamiento semi-cilíndrica 76 cm de largo x 25,5 cm ancho x 20 cm alto  Especificaciones técnicas adjuntas.;1;EA
1057532-579-COT25;42251617;Cojines de asiento terapéuticos o accesorios;Cuña elevadora de pierna, dimensiones 70 x 20 x 15 cm  Especificaciones técnicas adjuntas.;1;EA
1057532-579-COT25;42251617;Cojines de asiento terapéuticos o accesorios;Cuña soporte lateral de tronco, dimensiones 60 x 25 x 20 cm  Especificaciones técnicas adjuntas.;1;EA
1057532-579-COT25;53121603;Mochilas;Bolso para terreno 40 litros  Especificaciones técnicas adjuntas.;2;EA
1057532-579-COT25;42251617;Cojines de asiento terapéuticos o accesorios;Cuña de posicionamiento triangular 60 cm ancho x 80 cm largo x 30 cm alto  Especificaciones técnicas adjuntas.;1;EA
1057532-552-COT25;41115808;Accesorios o suministros de analizadores químicos;500 Pocillo de polietileno blanco, maleable y flexible para pesaje en balanza. Resistente a ácidos débiles, bases y soluciones acuosas.  Tamaño: 89x89x24. Bolsa de 500 uds;500;EA
1057532-552-COT25;41115808;Accesorios o suministros de analizadores químicos;10 Mortero de porcelana de 12 a 15 cm de diámetro con pistilo, también de porcelana.;10;EA
1057532-552-COT25;41115304;Contadores, temporizadores o divisores de frecuencia;4 Temporizador digital de 4 tiempos. Conteo regresivo hasta 99 horas, 59 minutos y 59 segundos. 4 tiempos programables. Con función reloj. Con soporte en la parte trasera para ponerlo en una base e imán para ponerlo en superficies metálicas.;4;EA
1057532-565-COT25;78111802;Servicios de autobuses regulares, recorridos fijos o servicios programados;Servicio de movilización de un (01) vehículo, habilitado para transporte privado remunerado de pasajeros, con capacidad igual o superior a 5 pasajeros incluido el conductor. Debe adjuntar toda la documentación obligatoria indicada en los términos de referencia de lo contrario la oferta será inadmisible. SE ADJUNTAN TERMINOS DE REFERENCIA Y FORMULARIOS.;1;EA
1057532-570-COT25;41104104;Torniquetes;TORNIQUETE PELVICO, SEGUN ESPECIFICACIONES ADJUNTAS.;6;EA
1057532-570-COT25;42172201;Torniquetes o abrazaderas de servicios médicos de emergencia;TORNIQUETE TIPO CAT, SEGUN ESPECIFICACIONES ADJUNTAS.;20;EA
1057532-574-COT25;23153001;Artículo de calibración;Adquisición de servicio de calibración y certificación para: 01 Balanza electrónica SHIMADZU, UX4200H / 01 Balanza de precisión estándar RADWAG, PS 1000.R2 / 01 Balanza de pesaje sobre piso con pedestal LP7516 / 01 Masa patrón 1 kg de Sala de Decomiso. - Debe ser realizada por laboratorio de calibración acreditado en el Sistema Nacional de Acreditación del INN. De acuerdo a especificaciones técnicas adjuntas.;1;EA
1057532-569-COT25;42291607;Gasas o curetas quirúrgicas;GASAS HEMOSTATICAS CELOX, SEGUN ESPECIFICACIONES ADJUNTAS.;40;EA
1057532-569-COT25;42272401;Agujas de toracentesis;AGUJAS DE DESCOMPRESIÓN TORÁXICAS, SEGUN ESPECIFICACIONES ADJUNTAS.;6;EA
1057532-569-COT25;42142601;Jeringas médicas de aspiración o irrigación;JERINGAS DE NEBULIZACION NASAL, SEGUN ESPECIFICACIONES ADJUNTAS.;20;EA
1057532-569-COT25;42272010;Bombas de succión;BOMBA DE ASPIRACION MANUAL, SEGUN ESPECIFICACIONES ADJUNTAS.;10;EA
1057532-569-COT25;42294701;Máquinas de corazón y pulmón o accesorios;PULMON PRUEBA VENTILACION MECANICA, SEGUN ESPECIFICACIONES ADJUNTAS.;2;EA
1057532-585-COT25;40101808;Estufas de la calefacción;EQUIPOS DE CALEFACCIÓN DE BAJO CONSUMO / SEGÚN ESPECIFICACIONES ADJUNTAS;2;EA
1057532-571-COT25;42271708;Mascarillas de oxígeno médicas o piezas;MASCARILLA FACIAL DE SILICONA AZUL NÚMERO 5 PARA BOLSA DE RESUCITACIÓN, SEGUN ESPECIFICACIONES ADJUNTAS.;6;EA
1057532-522-COT25;80111504;Formación, capacitación y entrenamiento de personal;Curso de gestor en inclusión laboral con certificación incluida en plataforma chile valora, para 2 cupos, de acuerdo a especificaciones técnicas adjuntas.;1;EA
1057532-587-COT25;90101701;Gestión de cafetería;Servicio de cafeteria en jornada AM por 54 raciones para 2 dias (2 y 3 de Septiembre)se debe contar con la siguiente alimentación: -	1 café de grano percolado -	1 té -	1 vaso de jugo -	1 sándwich de pan  amasado casero decorado con sésamo, con aliado de pasta pollo-morrón, pasta con atún, pasta con jamón u otra pasta, servir frío -	1 selladito jamón-queso, servir caliente -	1 tajada producto de pastelería (pie de limón, torta artesanal, kuchen de nuez, de miga o de fruta) -	3 galletas caseras.;54;EA
1057532-587-COT25;90101701;Gestión de cafetería;Servicio de cafeteria en jornada PM por 54 raciones para 2 dias (2 y 3 de Septiembre)se debe contar con la siguiente alimentación: -	1 café de grano percolado -	1 té -	1 jugo en caja 200 ml -	1 bolsa con mix de frutos secos (35 grs) -	5 galletas caseras distinto sabor -	Endulzante natural y artificial para uso general de las/os participantes;54;EA
1057532-609-COT25;52151617;Cucharas de madera de uso doméstico;1.000 UNIDADES DE REVOLVEDORES DE MADERA DE 18 CM.;1000;EA
1057532-592-COT25;14111525;Papel multiuso;100 OPALINA LISA BLANCA.;100;EA
1057532-589-COT25;50221202;Cereales en barra;100 BARRITAS DE CEREAL BAR CHOCO CEREAL X 400 GRAMOS;100;BAR
1057532-589-COT25;50181905;Galletas dulces o pastelitos;5 PAQUETES DE GALLETA DE AVENA BERRIES Y CACAO X 180 GRAMOS;5;PK
1057532-589-COT25;50181905;Galletas dulces o pastelitos;5 PAQUETES DE GALLETA DE AVENA MANZANA X 180 GRAMOS.;5;PK
1057532-589-COT25;50192110;Nueces o frutos secos;10 PAQUETES DE MANI TOSTADO DE 100 GRAMOS C/U.;10;PK
1057532-589-COT25;50192110;Nueces o frutos secos;10 PAQUETES DE MANI SIN SAL X 140 GRAMOS.;10;PK
1057532-589-COT25;50181905;Galletas dulces o pastelitos;10 PAQUETES DE GALLETAS DE CHUÑO LIGH 20X125 GRAMOS;10;PK
1057532-589-COT25;50181905;Galletas dulces o pastelitos;6 PAQUETES DE Galletas de soda light x 180 gramos cada uno.;6;PK
1057532-589-COT25;50181905;Galletas dulces o pastelitos;6 paquetes de galletas de arroz con chocolate de 150 gramos c/u.;6;PK
1057532-589-COT25;50181905;Galletas dulces o pastelitos;6 paquetes de galleta de limón de 120 gramos c/u.;6;PK
1057532-589-COT25;50181905;Galletas dulces o pastelitos;6 paquetes de galletas dulces de mantequilla de 105 gramos.;6;PK
1057532-589-COT25;50201709;Café instantáneo;4 tarros de café de 420 gramos c/u.;4;JR
1057532-589-COT25;50161509;Productos de edulcorantes o azúcares naturales;5 bolsas de azúcar de 1 kg. c/u.;5;KGM
1057532-589-COT25;50201713;Bolsitas de te;500 bolsitas de te, cajas de 100 unidades c/u.( cada bolsa en sobre);500;BG
1057532-589-COT25;50161509;Productos de edulcorantes o azúcares naturales;3 frascos de endulzante liquido Stevia de 180 ml c/u.;3;VI
1057532-588-COT25;52151504;Tazas o vasos desechables domésticos;200 VASOS DE POLI PAPEL GENERICO HOT 120 CC.;200;EA
1057532-588-COT25;52151617;Cucharas de madera de uso doméstico;1 BOLSA DE 1.000 REVOLVEDORES DE MADERA DE 18 CM.;1000;EA
1057532-590-COT25;52151504;Tazas o vasos desechables domésticos;100 VASOS DE POLI PAPEL MEDIANO PARA CAFE.;100;EA
1057532-590-COT25;52151502;Platos desechables domésticos;50 PLATOS BANDEJAS DE POLI PAPEL MEDIANO.;50;EA
1057532-590-COT25;14111705;Servilletas de papel;5 PAQUETES DE SERVILLETAS BLANCAS;5;PK
1057532-590-COT25;52151617;Cucharas de madera de uso doméstico;100 CUCHARAS DE MADERA PARA CAFE.;100;EA
1057532-591-COT25;50161509;Productos de edulcorantes o azúcares naturales;200 SACHETS DE AZUCAR;200;SACH
1057532-591-COT25;50201709;Café instantáneo;100 SACHET DE CAFE TIPO NESCAFE;100;SACH
1057532-591-COT25;50181905;Galletas dulces o pastelitos;40 PAQUETES DE GALLETAS DISTINTAS VARIEDADES;40;PK
1057532-591-COT25;50161509;Productos de edulcorantes o azúcares naturales;2 BOTELLAS DE ENDULZANTE.;2;BO
1057532-591-COT25;50192110;Nueces o frutos secos;3 KILOS DE FRUTOS SECOS  ( PASA,NUECES,MANI);3;KGM
1057532-591-COT25;50202310;Agua mineral;70 BOTELLAS DE AGUA MINERAL  DE 500 CC. GASIFICADA.;70;BO
1057532-591-COT25;50161813;Dulces de chocolate o sustitutos;4 CAJAS DE BOM BOM DE CHOCOLATE;4;BX
1077241-83-COT25;53121603;Mochilas;6 MOCHILAS notebook, impermeable, apta para lluvia, de 20 - 30 Litros, con logo equipo ruta médica Servicio Salud Osorno. SEGUN EETT ADJUNTAS, ENVIAR FOTOGRAFIA DISEÑO;6;EA
1057922-97-COT25;42192207;Camillas de paciente o accesorios de camilla;CAMILLA DE REANIMACION / SEGÚN ESPECIFICACIONES ADJUNTAS;1;EA
1057532-597-COT25;53131503;Cepillos de dientes;CEPILLO DENTAL ELECTRICO RECARGABLE / SEGÚN ESPECIFICACIONES ADJUNTAS;56;EA
1057532-599-COT25;10161707;Arreglo de flores cortadas;ARREGLO FLORAL;1;EA
1057532-595-COT25;90101701;Gestión de cafetería;Servicio de cafeteria en jornada AM por 54 raciones para 2 dias (2 y 3 de Septiembre)se debe contar con la siguiente alimentación: - 1 café de grano percolado - 1 té - 1 vaso de jugo - 1 sándwich de pan amasado casero decorado con sésamo, con aliado de pasta pollo-morrón, pasta con atún, pasta con jamón u otra pasta, servir frío - 1 tajada producto de pastelería (pie de limón, torta artesanal, kuchen de nuez, de miga o de fruta) - 3 galletas caseras.;54;EA
1057532-595-COT25;90101701;Gestión de cafetería;Servicio de cafeteria en jornada PM por 54 raciones para 2 dias (2 y 3 de Septiembre)se debe contar con la siguiente alimentación: - 1 café de grano percolado - 1 té  - Endulzante natural y artificial para uso general de las/os participantes - 5 galletas caseras distinto sabor - Endulzante natural y artificial para uso general de las/os participantes;54;EA
1057532-603-COT25;44103107;Suministros de limpieza para impresoras, fax o fotocopiadoras;2 KIT de Limpieza 2 PARA IMPRESORA ZEBRA, segun eett;2;KIT
1057532-600-COT25;49101704;Galvanos;GALVANOS;10;EA
1057532-600-COT25;60101603;Marcos para certificados;MARCOS;20;EA
1057532-615-COT25;82101501;Letreros publicitarios;2 PENDONES TIPO ROLLER.;2;EA
1057532-614-COT25;60121402;Marcos de secciones de madera;20 MARCOS DE MADERA;20;EA
1057532-593-COT25;55121727;Letreros;5 LETREROS EN TROVICEL 3 MM. DE ESPESOR CON TEXTO Y LOGOS IMPRESOS FOTOLUMISCENTES 45X60 CMS.;5;EA
1057532-612-COT25;49101704;Galvanos;10 GALVANOS DE CRISTAL, TAMAÑO PEQUEÑO MEDIDAS APROX, 13X12X1.5 CMS,CON GRABADO EN LASER.;10;EA
1057532-616-COT25;90101701;Gestión de cafetería;Servicio de cafeteria en jornada AM por 88 raciones para 4 dias (9 y 10 de Septiembre)(24 y 25 de Septiembre) se debe contar con la siguiente alimentación: - 1 café de grano percolado - 1 té - 1 vaso de jugo - 1 sándwich de pan amasado casero decorado con sésamo, con aliado de pasta pollo-morrón, pasta con atún, pasta con jamón u otra pasta, servir frío - 1 tajada producto de pastelería (pie de limón, torta artesanal, kuchen de nuez, de miga o de fruta) - 3 galletas caseras.;88;EA
1057532-616-COT25;90101701;Gestión de cafetería;Servicio de cafeteria en jornada PM por 88 raciones para 4 dias (9 y 10 de Septiembre)(24 y 25 de Septiembre) se debe contar con la siguiente alimentación: - 1 café de grano percolado - 1 té - Endulzante natural y artificial para uso general de las/os participantes - 5 galletas caseras distinto sabor.;88;EA
1077241-82-COT25;52121508;Mantas o frazadas;6 CAPAS DE AGUA, SEGUN EETT  6 Capa de agua para la lluvia 100% impermeable, con gorro ajustable, reflectantes, bolsillo delantero, bolso de guardado y logo que diga Equipo Ruta Médica Servicio de Salud Osorno.  Color azul oscuro,;6;EA
1057532-628-COT25;90101701;Gestión de cafetería;SERVICIO DE CAFETERIA.;210;EA
1057532-617-COT25;78121601;Servicios de flete;Servicio de mudanza completa de enseres puerta a puerta desde Santiago a Osorno, disponibilidad para el dia 22 de Septiembre 2025, de acuerdo con requerimientos. (Inventario);1;EA
1057532-610-COT25;14111533;Cuadernillos o formularios para exámenes;50 talonarios x 100 recetas papel bond color blanco de 75g/m2 tamaño receta: 13.5cm x 21.5 cm n° folios: en blanco n° receta: correlativo (desde el 6001 en adelante) impresa por ambos lados, logos a color. se adjunta diseño.;50;TALO
1057532-611-COT25;53101804;Abrigos y chaquetas para mujer;Cortavientos según características técnicas adjuntas.;2;EA
1057727-4-COT25;50192802;Empanadas, tartas y pies congelados;Empanadas de horno carne picada de 15 cm diámetro aproximadamente.Todo listo para servir a temperatura organoléptica (temperatura, sabor, color y olor). Exigidas por el reglamento sanitaria;120;EA
1057727-4-COT25;50192802;Empanadas, tartas y pies congelados;Empanadas de pastel de choclo de 15 cm diámetro aproximadamente.Todo listo para servir a temperatura organoléptica (temperatura, sabor, color y olor). Exigidas por el reglamento sanitaria;120;EA
1057727-4-COT25;50192802;Empanadas, tartas y pies congelados;Empanadas fritas carne de 10 cm diámetro aproximadamente.Todo listo para servir a temperatura organoléptica (temperatura, sabor, color y olor). Exigidas por el reglamento sanitaria;120;EA
1057727-4-COT25;50112001;Carnes frescas procesadas y preparadas;Mini brochetas de carne de 12 cm aprox que contenga 2 trozo de pollo- 2 trozo cerdo- 2 trozo vacuno- 2 trozo longaniza. Todo listo para servir a temperatura organoléptica (temperatura, sabor, color y olor). Exigidas por el reglamento sanitaria;120;EA
1057727-4-COT25;50112001;Carnes frescas procesadas y preparadas;Mini choripanes, Todo listo para servir a temperatura organoléptica (temperatura, sabor, color y olor). Exigidas por el reglamento sanitaria;120;EA
1057727-4-COT25;50192801;Empanadas, tartas y pies frescos;Mini sopaipillas con pebre, Todo listo para servir a temperatura organoléptica (temperatura, sabor, color y olor). Exigidas por el reglamento sanitaria;120;EA
1057727-4-COT25;50192801;Empanadas, tartas y pies frescos;Alfajores rellenos con manjar casero,Todo listo para servir a temperatura organoléptica (temperatura, sabor, color y olor). Exigidas por el reglamento sanitaria;120;EA
1057727-4-COT25;50202303;Jugos y néctar concentrados;Mini shot mote con huesillo 100ml aprox. Todo listo para servir a temperatura organoléptica (temperatura, sabor, color y olor). Exigidas por el reglamento sanitaria;120;EA
1057727-4-COT25;50202304;Jugos y néctar envasados;Jugos nectar de diferentes sabores en botella de 1.5 litros servidos en vasos de vidrio.;30;LTR
1057727-4-COT25;50202304;Jugos y néctar envasados;Bebidas diferente sabor en botella de 2 litros servidos en vaso de vidrio;15;LTR
1057727-4-COT25;50202304;Jugos y néctar envasados;Agua mineral con gas y sin gas en botella de 1.6 litros servidos en vasos de vidrio;15;EA
1057727-4-COT25;30221003;Cafetería;stand de cafe, te, hierbas servidos en vaso de polipapel para 120 personas.;1;EA
1057532-523-COT25;42291607;Gasas o curetas quirúrgicas;GASAS HEMOSTATICAS CELOX, SEGUN ESPECIFICACIONES ADJUNTAS.;40;EA
1057532-523-COT25;42272401;Agujas de toracentesis;AGUJAS DE DESCOMPRESIÓN TORÁXICAS, SEGUN ESPECIFICACIONES ADJUNTAS.;6;EA
1057532-523-COT25;42142601;Jeringas médicas de aspiración o irrigación;JERINGAS DE NEBULIZACION NASAL, SEGUN ESPECIFICACIONES ADJUNTAS.;20;EA
1057532-523-COT25;42272010;Bombas de succión;BOMBA DE ASPIRACION MANUAL, SEGUN ESPECIFICACIONES ADJUNTAS.;10;EA
1057532-523-COT25;41104104;Torniquetes;TORNIQUETE PELVICO, SEGUN ESPECIFICACIONES ADJUNTAS.;6;EA
1057532-523-COT25;42172201;Torniquetes o abrazaderas de servicios médicos de emergencia;TORNIQUETE TIPO CAT, SEGUN ESPECIFICACIONES ADJUNTAS.;20;EA
1057532-523-COT25;42294701;Máquinas de corazón y pulmón o accesorios;PULMON PRUEBA VENTILACION MECANICA, SEGUN ESPECIFICACIONES ADJUNTAS.;2;EA
1057532-523-COT25;42271708;Mascarillas de oxígeno médicas o piezas;MASCARILLA FACIAL DE SILICONA AZUL NÚMERO 5 PARA BOLSA DE RESUCITACIÓN, SEGUN ESPECIFICACIONES ADJUNTAS.;6;EA
1057727-3-COT25;80141607;Producción de eventos;1 contratación de una productora para la realización de evento Gala Folclorica 2025 del Servicio de Salud Osorno. Debe contemplar recinto en Osorno para 200 personas sentadas, implementación técnica, alimentación, animación, decoración, según especificaciones técnicas adjuntas.;1;EA
1057532-631-COT25;90101701;Gestión de cafetería;SERVICIO DE CAFETERIA.;210;EA
1077241-92-COT25;82101901;Avisos en radio;Adquisición de espacios radiales entrevistas de 30 minutos cada uno, en vivo para difusión del Programa de Prevención del Cáncer en Mujeres de la Provincia de Osorno, según requerimientos técnicos en formulario adjunto, el cual debe ser firmado y adjuntarlo junto a su oferta de forma OBLIGATORIA.;1;EA
1057532-622-COT25;60141102;Juegos de mesa;Juego de Mesa DIXIT;1;EA
1057532-622-COT25;60141102;Juegos de mesa;Juego de Mesa BURGER ¡YA!;1;EA
1057532-622-COT25;60141102;Juegos de mesa;Naipes YO Y MIS GRANDES IDEAS ADOLESCENTES;1;EA
1057532-622-COT25;60141102;Juegos de mesa;Juego de Cartas SANANDO AL NIÑO INTERNO;1;EA
1057532-622-COT25;60141101;Juegos educativos;Juego Terapeutico CONSIENTEMENTE;1;EA
1077241-94-COT25;46181525;Ropa impermeable protectora o ropa para ambiente húmedo;6 CAPAS DE AGUA, SEGUN EETT 6 Capa de agua para la lluvia 100% impermeable, con gorro ajustable, reflectantes, bolsillo delantero, bolso de guardado y logo que diga Equipo Ruta Médica Servicio de Salud Osorno. Color azul oscuro,;6;EA
1057727-5-COT25;50192801;Empanadas, tartas y pies frescos;Empanadas de pino de carne picada, sin pasas, con huevo duro y aceitunas. Horneadas con un peso mínimo de 250 gr. FAVOR COMPLETAR ANEXO CON INFORMACION DE PROVEEDOR.;110;EA
1057532-620-COT25;44102001;Lámina para plastificar;Lamina Para Termolaminar, Oficio 228 X 340 Mm, 125 Micrones;500;OA
1057532-620-COT25;14111525;Papel multiuso;Cartulina Opalina 180 Gr Lisa Extra Blanca Carta;200;HOJ
1057532-620-COT25;44121801;Cinta correctora;Corrector en Cinta 5 m 5 mm;12;EA
1057532-620-COT25;44122106;Chinches y tachuelas;Chinches Toperol Colores Surtidos. Caja de 30 unidades;5;BX
1057532-620-COT25;31201515;Cintas de papel;Cinta Maskin gruesa color crema 24mm, 40 Mts.;3;EA
1057532-620-COT25;44121701;Lápiz pasta;Lapiz pasta azul, punta gruesa.;100;EA
1057922-106-COT25;42201901;Fuentes de iluminación puntuales para película radiográfica médica;Negatoscopio / Según Especificaciones Adjuntas;1;EA
1057922-113-COT25;42192401;Carros de resucitación de emergencia;Carro de Paro Completo (Incluido Accesorios) De Acuerdo a Especificaciones Técnicas Adjuntas;1;EA
1057532-594-COT25;40101808;Estufas de la calefacción;EQUIPOS DE CALEFACCIÓN DE BAJO CONSUMO / SEGÚN ESPECIFICACIONES ADJUNTAS;2;EA
1057532-621-COT25;60105609;Materiales educativos sobre los desórdenes de la alimentación;"Set de láminas ""Arma tu comida"", según especificaciones técnicas adjuntas.";23;EA
1057532-621-COT25;60105609;Materiales educativos sobre los desórdenes de la alimentación;"Set de laminas de ""Medidas caseras"", según especificaciones técnicas adjuntas.";23;EA
1057532-621-COT25;60105609;Materiales educativos sobre los desórdenes de la alimentación;"Set de láminas de ""sellos de advertencia"", según especificaciones técnicas.";23;EA
1057532-621-COT25;60105609;Materiales educativos sobre los desórdenes de la alimentación;"Replica de alimentos ""conoce tus alimentos"", según especificaciones técnicas adjuntas.";23;EA
1057532-621-COT25;60105609;Materiales educativos sobre los desórdenes de la alimentación;Juegos memorice y clasifique alimentos, según características técnicas adjuntas.;23;EA
1057532-621-COT25;60105609;Materiales educativos sobre los desórdenes de la alimentación;Tablero didáctico de juegos con preguntas de nutrición, según características técnicas adjuntas.;23;EA
1057532-621-COT25;60105609;Materiales educativos sobre los desórdenes de la alimentación;"Juego clasifica grupos de alimentos ""UNO"", según características técnicas adjuntas.";23;EA
1057532-618-COT25;39121011;Fuentes de alimentación continua;1 BATERIA 12 VOLT 35 AMP. CICLO PROFUNDO, SEGUN EE.TT;1;EA
1057532-602-COT25;30201902;Unidades de laboratorio;4 Bandejas de eppendorf para guardar eppendorf de 1.5 ml, con o sin tapa, de 96 pocillos - Mínimo 24 pocillos , segun EETT adjuntas;4;EA
1057532-602-COT25;30201902;Unidades de laboratorio;2 Gradilla para de tubos falcon de 50 ml (diámetro 30mm). Capacidad de la gradilla entre 8 a 24 tubos de 50 ml. Material deseable: acero inoxidable, segun EETT adjuntas;2;EA
1057532-604-COT25;50201709;Café instantáneo;Café instantáneo 400 gramos.;3;JR
1057532-604-COT25;50201710;Té de hierbas;Té de hierbas surtidas / 50 bolsas por caja.;2;BX
1057532-604-COT25;50161509;Productos de edulcorantes o azúcares naturales;Bolsa de azúcar formato 1 kilo.;4;EA
1057532-604-COT25;50161509;Productos de edulcorantes o azúcares naturales;Endulzante liquido de 400 ml.;2;EA
1057532-604-COT25;50181905;Galletas dulces o pastelitos;Galleta de cereal de fibra de cacao / 135 gramos. (Referencia Gran Cereal);24;PK
1057532-604-COT25;50181905;Galletas dulces o pastelitos;Galleta de chocolate rellena / 126 gramos. (Referencia Tritón);30;PK
1057532-604-COT25;50181905;Galletas dulces o pastelitos;Galleta con chips sabor chocolate / 125 gramos. (Referencia Choco Chips);16;PK
1057532-604-COT25;50181903;Galletas simples saladas;Galleta salada / 85 gramos. (Referencia Crackelet);35;PK
1057532-607-COT25;52151504;Tazas o vasos desechables domésticos;Vaso de polipapel kraft / 118 ml;200;EA
1057532-607-COT25;52151617;Cucharas de madera de uso doméstico;Revolvedor de madera 14 cm, 6 mm.;2000;EA
1077241-96-COT25;73101701;Servicios de producción de medicamentos o medicinas;Permetrina crema 5%, pote de 200 gr. con vencimiento superior a 6 meses. resolución sanitaria vigente.;6;TUBO
1057532-648-COT25;60141006;Juguetes didácticos;Memorice de frutas El Memorice contiene 20 piezas realizadas en cartón grueso termolaminado e impresas en imagen real con medidas aproximadas de 5x5cm van incluidas en una caja del mismo material.  Bases técnicas adjuntas, imágenes referenciales.;1;EA
1057532-648-COT25;60141006;Juguetes didácticos;Dominó de alimentos saludables Favorecer la adquisición de hábitos para obtener una alimentación saludable en los participantes, distinguiendo aquellos alimentos que aportan mayores beneficios para la salud, adquiriendo consciencia de las características que estos deben tener para consumirlos. Contiene 27 piezas realizadas en cartón termolaminado con medidas aproximadas de 9x5x0.3cms Bases técnicas adjuntas, imágenes referenciales.;1;EA
1057532-648-COT25;60141006;Juguetes didácticos;Memorice de verduras El Memorice contiene 20 piezas realizadas en cartón grueso termolaminado e impresas en imagen real con medidas aproximadas de 5x5cm van incluidas en una caja del mismo material, 10 pares de frutas con imagen real. Bases técnicas adjuntas, imágenes referenciales.;1;EA
1057532-648-COT25;60141006;Juguetes didácticos;Memorice platos típicos de Chile El Memorice contiene 20 piezas realizadas en cartón grueso termolaminado e impresas en imagen real de platos típicos de Chile con medidas aproximadas de 5x5cm van incluidas en una caja del mismo material, 10 pares de frutas con imagen real. Bases técnicas adjuntas, imágenes referenciales.;1;EA
1057532-648-COT25;60141006;Juguetes didácticos;Memorice de alimentos saludables El Memorice contiene 20 piezas realizadas en cartón grueso termolaminado e impresas en imagen real con medidas aproximadas de 5x5cm van incluidas en una caja del mismo material.  Bases técnicas adjuntas, imágenes referenciales.;1;EA
1057532-642-COT25;52161512;Parlantes;1  PARLANTE BLUETOOTH CON MICROFONO segun eett;1;EA
1057532-641-COT25;31162313;Kits de montaje;1  kit de regulador  de gas flexibles  t  conectores;1;EA
1057532-625-COT25;53101804;Abrigos y chaquetas para mujer;Cortavientos según características técnicas adjuntas;2;EA
1057532-623-COT25;46171609;Espejos de seguridad convexos;Espejo Convexo Panorámico para uso exterior. Dimensión 100 cm de diámetro, peso 7,5 kg. Tipo de anclaje tubular con 4 tornillos.;2;EA
1057532-627-COT25;31261501;Cubiertas y cajas de plástico;-Material: Plástico -Color: Transparente, COLOR DE TAPA SEGÚN DISPONIBILIDAD -Ancho: 27 cm -Largo : 42 cm -Alto : 20 cm;8;EA
1057532-626-COT25;60141101;Juegos educativos;"""Soy y siento"" El juego contiene 36 cartas diseñadas para ayudar a los niños a identificar, expresar y procesar una amplia variedad de emociones y sentimientos. Promueven el fortalecimiento del sentido de sí mismo y facilitan la comunicación entre el niño y el adulto. Bases técnicas adjuntas, imágenes referenciales.";8;EA
1057532-626-COT25;60141006;Juguetes didácticos;"""Familia trapo"" El tamaño de los muñecos es de 20cms. los padres y abuelos, 14cms los hijos y 8cms el bebé. Poseen medidas adecuadas para ser usadas en casas de muñecas. Manipulando los muñecos, el niño puede proyectar la visión que tiene de su familia, y cómo se siente él dentro de ella. Es una herramienta apta para abordar amplias temáticas familiares, dinámicas y roles.  Bases técnicas adjuntas, imágenes referenciales.";8;EA
1057532-626-COT25;60141101;Juegos educativos;"""Yo y mis relaciones sociales"" Un novedoso juego de cartas de completación de oraciones que facilita la expresión de pensamientos y sentimientos del niño sobre su familia, sus amigos y comportamiento social. Herramienta ideal para padres y profesionales que trabajan con menores. El juego contiene 32 cartas que abarcan una variedad de temas relacionados con las habilidades sociales. Bases técnicas adjuntas, imágenes referenciales.";8;EA
1057532-626-COT25;60141101;Juegos educativos;"""Yo y mi autoestima"" Un novedoso juego de cartas en español e inglés de completación de oraciones que facilita la expresión de pensamientos y sentimientos del niño sobre sí mismo, su imagen y su autoestima. Herramienta ideal para padres y profesionales que trabajan con menores. El juego contiene 32 cartas que abarcan variadas temáticas relacionadas con el autoestima. Bases técnicas adjuntas, imágenes referenciales.";8;EA
1057532-626-COT25;60124507;Arena de juegos;Balde arena mágica.  Pote de arena mágica de 500grs. Color intenso y suave textura. Estimula la creatividad y las habilidades motoras. Bases técnicas adjuntas, imágenes referenciales.;8;EA
1057532-626-COT25;44121707;Lápices de colores;Caja de lápices de 12 colores de madera. Bases técnicas adjuntas, imágenes referenciales.;8;BX
1057532-626-COT25;60141101;Juegos educativos;Ruleta alternativa La ruleta alternativa está diseñada para ayudar y abordar problemas de conducta e impulsividad en los niños. El juego ayuda a desarrollar habilidades emocionales, de toma de decisiones y de solución de problemas que permiten al niño tener comportamientos más positivos, prudentes y menos problemáticos.  Bases técnicas adjuntas, imágenes referenciales.;8;EA
1057532-578-COT25;42181801;Unidades de oxímetros de pulso;Diseño Ligero y Compacto, Proporciona resultados precisos en pocos segundos, facilitando la monitorización de la salud de manera eficiente. Manejo sencillo con solo un botón y diseño portátil para llevarlo a cualquier lugar. BASES TÉCNICAS ADJUNTAS;2;EA
1057532-578-COT25;41114509;Tensiómetros;Tipo de Tensiómetro: Digital de Brazo. Brazalete Universal HEM-RML31-B (22-42 cm).Circunferencia Mínima del Brazalete: 22 cm Circunferencia Máxima del Brazalete: 42 cm. Cantidad Total de Memorias: 14. Tipos de Mediciones: Presión Sistólica, Presión Diastólica. BASES TÉCNICAS ADJUNTAS;1;EA
1057532-577-COT25;53121603;Mochilas;Debe ser de material impermeable y resistente que  proporcione una protección confiable para los suministros en condiciones adversas.  Equipada con material reflectante en la parte frontal para una mayor visibilidad y seguridad. Dimensiones Óptimas 9x44x34 cm, que sea lo suficientemente compacta para la movilidad y espaciosa para llevar todos los suministros necesarios de manera organizada. BASES TÉCNICAS ADJUNTAS;1;EA
1057532-577-COT25;53121501;Bolsos;Material Resistente e Impermeable que proteja los suministros en diversas condiciones climáticas. Diseño Compacto y Acolchado que ofrezca seguridad durante el transporte. Dotado con reflectantes laterales que mejoran la visibilidad del bolso en condiciones de poca luz 3 Bolsillos Exteriores y 1 con Subdivisiones:  3 Divisiones Ajustables y Removibles Diseñado para un transporte cómodo y fácil, asas resistentes y su tamaño compacto. Dimensiones Bolso de 23 × 30 × 44 cm BASES TÉCNICAS ADJUNTAS;2;EA
1057532-643-COT25;50101634;Fruta fresca;3 Kilos Frutas mixtas de temporada;3;KGM
1057532-643-COT25;50161814;Dulces con azúcar o sustitutos;2 Bolsas Gomitas Frugele;2;BG
1057532-643-COT25;50202304;Jugos y néctar envasados;Jugo Watts 1,5	diferentes sabores;4;EA
1057532-640-COT25;51142618;Clorhidrato de metilfenidato;Metilfenidato 20 mg,  comprimidos de liberación prolongada según EETT adjuntas y además debe adjuntar resolución sanitaria de distribución de medicamentos. Las ofertas que no cumplan con lo solicitado se declararan inadmisible.;1300;CMP
1077241-97-COT25;50192801;Empanadas, tartas y pies frescos;100 empanadas de horno con carne picada;100;EA
1077241-97-COT25;50181901;Pan fresco;400 hojarascas;400;EA
1077241-97-COT25;50131702;Productos de mantequilla o leche en conserva;6 kilos de manjar (nestlé receta casera o equivalente);6;KGM
1077241-97-COT25;50202303;Jugos y néctar concentrados;10 jugos de 1,5 litros, variedad de sabores;10;EA
1057532-646-COT25;50192801;Empanadas, tartas y pies frescos;20 EMPANADAS DE HORNO ( DE CARNE PICADA/HUEVO DURO Y ACEITUNA) SE REQUIEREN PARA 17/09/2025 A LAS 12:00 HORAS ENTREGAR EN AMADOR BARRIENTOS 2360, BASE SAMU.;20;EA
1057532-596-COT25;78111802;Servicios de autobuses regulares, recorridos fijos o servicios programados;Servicio de movilización de un (01) vehículo, habilitado para transporte privado remunerado de pasajeros, con capacidad igual o superior a 5 pasajeros incluido el conductor. Debe adjuntar toda la documentación obligatoria indicada en los términos de referencia de lo contrario la oferta será inadmisible.  SE ADJUNTAN TERMINOS DE REFERENCIA Y FORMULARIOS.;1;EA
1057922-116-COT25;42192207;Camillas de paciente o accesorios de camilla;Camilla Rodable Regulable Hidráulica / Según Especificaciones Adjuntas;1;EA
1057922-114-COT25;42192207;Camillas de paciente o accesorios de camilla;CAMILLA DE REANIMACION / SEGÚN ESPECIFICACIONES ADJUNTAS;1;EA
1057532-644-COT25;50202304;Jugos y néctar envasados;7 BOTELLAS DE JUGO DE 1,5 CC.;7;BO
1057532-644-COT25;50181905;Galletas dulces o pastelitos;3 PAQUETES DE HOJARASCAS PARA ALFAJORES DE MANJAR. X 100 UNIDADES CADA PAQUETE.;300;EA
1057532-644-COT25;50161814;Dulces con azúcar o sustitutos;3 BOLSAS DE MANJAR DE 1 KILO C/U.;3;BG
1057922-99-COT25;42192207;Camillas de paciente o accesorios de camilla;Camilla Altura Regulable con Ruedas / Según Especificaciones Adjuntas;1;EA
1057727-7-COT25;50111510;Carne de ave o carne fresca;Compra de Carne (Lomo liso fileteado 300 gr) para Gala Folclórica HPO 2025, para el 15 de septiembre del 2025. Proveedor local comuna de Osorno, carne nacional y certificada BRC AA (British Retail Consortium). Adjuntar certificado.;48;KGM
1057532-624-COT25;50201709;Café instantáneo;CAJA DE NESCAFE O SIMILAR DE SACHET DE 96 UNIDADES.;3;BX
1057532-624-COT25;50161509;Productos de edulcorantes o azúcares naturales;CAJA DE AZUCAR EN SACHET DE 100 UNIDADES.;3;BX
1057532-624-COT25;50161509;Productos de edulcorantes o azúcares naturales;CAJA DE ENDULZANTE EN SACHET DE 100 UNIDADES.;2;BX
1057532-624-COT25;50192110;Nueces o frutos secos;FRUTOS SECOS EN VARIEDADES.;7;KGM
1057532-624-COT25;50161813;Dulces de chocolate o sustitutos;CAJA DE BOMBONES DE CHOCOLATE DE 30 UNIDADES. REFERENCIA BON O BON.;3;BX
1057532-624-COT25;50181905;Galletas dulces o pastelitos;GALLETAS DE CHOCOLATE CON RELLENO DE DIFERENTES SABORES. REFERENCIA TRITON SABOR VAINILLA, CHOCOLATE, ETC.;14;EA
1057532-624-COT25;50181905;Galletas dulces o pastelitos;GALLETA DULCE CON RELLENO DE CREMA DIFERENTES SABORES (CHOCOLATE, VAINILLA, ETC). REFERENCIA GRETEL SABORES.;12;EA
1057532-624-COT25;50181905;Galletas dulces o pastelitos;GALLETAS DE DIFERENTES SABORES MANTEQUILLA, LIMON, NIZA.;10;EA
1057532-624-COT25;50181909;Galletas saladas;GALLETAS SALADAS 140 GRS. REFERENCIA GRILL CLASICAS.;4;EA
1057532-624-COT25;52151504;Tazas o vasos desechables domésticos;VASOS POLIPAPEL DE 240 CC.;500;EA
1057532-624-COT25;50201710;Té de hierbas;TE DE 8 HIERBAS / 20 BOLSITAS POR CAJA.;2;BX
1057532-624-COT25;50201713;Bolsitas de te;CAJA DE TÉ DE 100 BOLSITAS.;2;BX
1057532-624-COT25;50161814;Dulces con azúcar o sustitutos;GOMITAS DIFERENTES SABORES DE 100 UNIDADES. REFERENCIA FRUGELE.;2;BG
1057532-624-COT25;50202310;Agua mineral;AGUA MINERAL CON GAS DE 1,5 LTS.;6;BO
1057532-624-COT25;52151617;Cucharas de madera de uso doméstico;CUCHARA DE MADERA DESECHABLE.;500;EA
1057532-624-COT25;52151502;Platos desechables domésticos;PLATOS DESECHABLES DE 18 CMS.;40;EA
1057532-658-COT25;60105609;Materiales educativos sobre los desórdenes de la alimentación;"Set de láminas ""Arma tu comida"", según especificaciones técnicas adjuntas.";23;EA
1057532-658-COT25;60105609;Materiales educativos sobre los desórdenes de la alimentación;"Set de láminas de ""Medidas caseras"", según especificaciones técnicas adjuntas.";23;EA
1057532-658-COT25;60105609;Materiales educativos sobre los desórdenes de la alimentación;"Replica de alimentos ""conoce tus alimentos"", según especificaciones técnicas adjuntas.";23;EA
1057532-658-COT25;60105609;Materiales educativos sobre los desórdenes de la alimentación;Juegos memorice y clasifique alimentos, según características técnicas adjuntas.;23;EA
1057532-658-COT25;60105609;Materiales educativos sobre los desórdenes de la alimentación;Tablero didáctico de juegos con preguntas de nutrición, según características técnicas;23;EA
1057532-650-COT25;51241201;Ácido salicílico;Ácido salicílico 16,7% + Ácido Láctico 15% en colodión frasco 14-20 ml, vencimiento igual o superior a 12 meses. Las ofertas que no cumplan con lo solicitado, se declararan inadmisible.;12;VI
1057532-650-COT25;73101701;Servicios de producción de medicamentos o medicinas;Adapaleno 0,1% gel tópico tubo 15-30 g, vencimiento igual o superior a 12 meses. Las ofertas que no cumplan con lo solicitado, se declararan inadmisible.;10;TUBO
1057532-650-COT25;73101701;Servicios de producción de medicamentos o medicinas;Adapaleno 0,1%+peroxido de benzoilo 2,5% gel tópico  tubo 15-30 g, vencimiento igual o superior a 12 meses. Las ofertas que no cumplan con lo solicitado, se declararan inadmisible.;20;TUBO
1057532-650-COT25;73101701;Servicios de producción de medicamentos o medicinas;Adapaleno 0,3% gel tópico tubo 15-30 g, vencimiento igual o superior a 12 meses. Las ofertas que no cumplan con lo solicitado, se declararan inadmisible.;10;TUBO
1057532-650-COT25;73101701;Servicios de producción de medicamentos o medicinas;Ciclopiroxolamina 1% crema dérmica tubo 15-30 g, vencimiento igual o superior a 12 meses. Las ofertas que no cumplan con lo solicitado, se declararan inadmisible.;10;TUBO
1057532-650-COT25;73101701;Servicios de producción de medicamentos o medicinas;Crema hidratante urea 10% 100 - 400 ml, vencimiento igual o superior a 12 meses. Las ofertas que no cumplan con lo solicitado, se declararan inadmisible.;20;VI
1057532-650-COT25;73101701;Servicios de producción de medicamentos o medicinas;Crema hidratante urea 5%  100 - 200 ml, vencimiento igual o superior a 12 meses. Las ofertas que no cumplan con lo solicitado, se declararan inadmisible.;10;VI
1057532-650-COT25;73101701;Servicios de producción de medicamentos o medicinas;Crema liquida humectante 250 ml, vencimiento igual o superior a 12 meses. Las ofertas que no cumplan con lo solicitado, se declararan inadmisible.;10;VI
1057532-650-COT25;73101701;Servicios de producción de medicamentos o medicinas;Doxiciclina 100 mg comprimido, vencimiento igual o superior a 12 meses. Las ofertas que no cumplan con lo solicitado, se declararan inadmisible.;300;CMP
1057532-650-COT25;53131609;Protector solar;Filtro solar Factor 50+  fco 50 - 100 ml, vencimiento igual o superior a 12 meses. Las ofertas que no cumplan con lo solicitado, se declararan inadmisible.;30;VI
1057532-650-COT25;73101701;Servicios de producción de medicamentos o medicinas;Hidrocortisona 1% loción  100-120 ml, vencimiento igual o superior a 12 meses. Las ofertas que no cumplan con lo solicitado, se declararan inadmisible.;10;VI
1057532-650-COT25;73101701;Servicios de producción de medicamentos o medicinas;Hidroxicina20 mg comprimido, vencimiento igual o superior a 12 meses. Las ofertas que no cumplan con lo solicitado, se declararan inadmisible.;120;CMP
1057532-650-COT25;73101701;Servicios de producción de medicamentos o medicinas;Ivermectina 1% crema tubo 15-30 g, vencimiento igual o superior a 12 meses. Las ofertas que no cumplan con lo solicitado, se declararan inadmisible.;20;TUBO
1057532-650-COT25;51101811;Ketoconazol;ketoconazol 2% Shampoo, vencimiento igual o superior a 12 meses. Las ofertas que no cumplan con lo solicitado, se declararan inadmisible.;20;VI
1057532-650-COT25;73101701;Servicios de producción de medicamentos o medicinas;Levocetirizina 5 mg comprimido, vencimiento igual o superior a 12 meses. Las ofertas que no cumplan con lo solicitado, se declararan inadmisible.;300;CMP
1057532-650-COT25;73101701;Servicios de producción de medicamentos o medicinas;Metronidazol 0,75% Gel o crema dérmica tubo 15-30 g, vencimiento igual o superior a 12 meses. Las ofertas que no cumplan con lo solicitado, se declararan inadmisible.;20;TUBO
1057532-650-COT25;73101701;Servicios de producción de medicamentos o medicinas;Tacrolimus 0,03% crema o ungüento tubo 15-20 g, vencimiento igual o superior a 12 meses. Las ofertas que no cumplan con lo solicitado, se declararan inadmisible.;10;TUBO
1057532-650-COT25;73101701;Servicios de producción de medicamentos o medicinas;Tacrolimus 0,1% crema o ungüento tubo 15-20 g, vencimiento igual o superior a 12 meses. Las ofertas que no cumplan con lo solicitado, se declararan inadmisible.;10;TUBO
1057532-650-COT25;51101818;Hidrocloruro de terbinafina;Terbinafina 1% crema tubo 15-30 g, vencimiento igual o superior a 12 meses. Las ofertas que no cumplan con lo solicitado, se declararan inadmisible.;20;TUBO
1057922-117-COT25;39121011;Fuentes de alimentación continua;UPS TRIFASICA De acuerdo a Especificaciones Técnicas Adjuntas;1;EA
1057532-554-COT25;60102301;Libros de actividades de lectura;2 ESTATUTO ADMINISTRATIVOS INTERPRETADOS NUEVA EDICION DEL ESTATUTO ADMINISTRATIVO INTERPRETADO CON DICTAMENES EMITIDOS POR LA CONTRALORIA GENERAL DE LA REPUBLICA, DE LA EDITORIAL,CIRCULO LEGAL EDITORES (DECIMO CUARTA EDICION 2024 referencia);2;EA
1057532-540-COT25;80111504;Formación, capacitación y entrenamiento de personal;CURSO ULTRASONIDO EN EMERGENCIAS Y CUIDADOS CRÍTICOS PARA 5 CUPOS MODALIDAD PRESENCIAL O VIRTUAL, DE ACUERDO A LAS ESPECIFICACIONES ADJUNTAS.;1;EA
1077241-98-COT25;73101701;Servicios de producción de medicamentos o medicinas;Permetrina crema 5%, pote de 200 gr. con vencimiento superior a 6 meses. resolución sanitaria de distribución de medicamentos.;6;TUBO
1057532-608-COT25;42251617;Cojines de asiento terapéuticos o accesorios;Cuña de posicionamiento semi-cilíndrica  Dimensiones 76 cm largo x 25.5 cm ancho x 20 alto cm;1;EA
1057532-608-COT25;42251617;Cojines de asiento terapéuticos o accesorios;Cuña de posicionamiento cilindro Dimensiones 91.5 cm largo x 25.5 cm diámetro;1;EA
1057532-608-COT25;42251617;Cojines de asiento terapéuticos o accesorios;Cuña de posicionamiento triangular Dimensiones 60 cm ancho x 80 cm largo x 30 cm alto;1;EA
1057532-608-COT25;42251617;Cojines de asiento terapéuticos o accesorios;Cuña de posicionamiento triangular Dimensiones 50 cm ancho x 50 cm x 15 cm alto;1;EA
1057532-608-COT25;42251617;Cojines de asiento terapéuticos o accesorios;Cuña elevadora de pierna Dimensiones 70 x 20 x 15 cm;1;EA
1057532-608-COT25;42251617;Cojines de asiento terapéuticos o accesorios;Cuña soporte lateral de tronco Dimensiones 60 x 25 x 20 cm;1;EA
1057532-608-COT25;42251617;Cojines de asiento terapéuticos o accesorios;Cuñas codo-muñeca-tobillo 20 x 10 x 10 cm;2;EA
1057532-608-COT25;53121603;Mochilas;BOLSO PARA TERRENO, 40 L;1;EA
1057532-660-COT25;82101507;Folletos y catálogos publicitarios, servicios de publicidad y distribución;CARNET DE CONTROL.;2800;EA
1057727-13-COT25;49181510;Taca-Taca o futbolines;TACA-TACA.;1;EA
1057727-10-COT25;90101603;Servicios de catering;SERVICIO DE ALIMENTACIÓN INTERCULTURAL PARA EL HOSPITAL FÜTA SRÜKA LAWENCHE DE SAN JUAN DE LA COSTA, debe adjuntar: 1.- cotización formal, 2.- documento que acredite residencia en la Comuna de San Juan de la Costa. (Se adjunta especificaciones técnicas de lo requerido);1;EA
1057532-659-COT25;50182003;Masa de repostería congelada;Cientos de Hojarascas Horneadas (100 hojarascas por bolsa);5;BG
1057532-659-COT25;50161814;Dulces con azúcar o sustitutos;Manjar por kilo.;5;KGM
1057532-659-COT25;50202304;Jugos y néctar envasados;Jugo nectar 200 ml. 6 unidades por pack.;24;PACK
1057532-659-COT25;50181905;Galletas dulces o pastelitos;Cuchufli rellenos de manjar. 80 unidades por caja.;2;BX
1057532-659-COT25;14111705;Servilletas de papel;Servilletas con diseño de Fiestas Patrias. 20 servilletas por paquete.;5;PK
1057532-659-COT25;52151504;Tazas o vasos desechables domésticos;Vaso desechable, plástico, transparente / 300 ml.;100;EA
1057532-659-COT25;60141012;Juguetes inflables;Bolsas de Globos colores  blanco, azul y rojo.;60;BG
1057532-659-COT25;49101609;Ornamentos y decoraciones;Set de 6 adornos de papel de Fiestas Patrias, según imagen adjunta en especificaciones.;4;PACK
1057532-659-COT25;49101609;Ornamentos y decoraciones;Adorno de papel (tipo Sol) de Fiestas Patrias / 59 cm. Según imagen adjunta en especificaciones.;4;EA
1057532-659-COT25;49101609;Ornamentos y decoraciones;Guirnalda de Banderas Chilenas, según imagen adjunta en especificaciones.;10;EA
1057532-645-COT25;51141528;Topiramato;Adquisición Topiramato comprimidos de 50 mg. Según EETT adjuntas//Vencimiento igual o superior a 12 meses.;3000;CMP
1077241-105-COT25;53101804;Abrigos y chaquetas para mujer;safdsfghgfjhgn;1;EA
1057532-655-COT25;53131622;Condones;preservativos masculino resistente y con lubricante, largo 16 cm, diámetro 4,4 – 5,6 cm con lubricante acuoso o siliconado.  Fecha Vencimiento > 12 meses. Adjunta ficha técnica de lo ofertado. Las ofertas que no adjunten la ficha técnica será declarada inadmisible y cumplir con el vencimiento y plazo de entrega.;48000;EA
1057532-606-COT25;39121311;Accesorios eléctricos;Huincha aisladora engomada ¾ x 3 metros (3M o equivalente);1;EA
1057532-606-COT25;39121311;Accesorios eléctricos;Barra soldadura estaño 50/50;1;EA
1057532-606-COT25;39121311;Accesorios eléctricos;Terminal ferrule para cable 2.5 mm²;100;EA
1057532-606-COT25;39121311;Accesorios eléctricos;Cajas CHUQUI plásticas;4;EA
1057532-606-COT25;39121311;Accesorios eléctricos;Tubería plástica blanca LIBRE HALOGENO 20 mm x 3mt;2;SR
1057532-606-COT25;39121311;Accesorios eléctricos;Abrazaderas CLIP plásticas LIBRE HALOGENO 20 mm;20;EA
1057532-606-COT25;39121311;Accesorios eléctricos;Curva 90° PVC LIBRE HALOGENO 20 mm;2;EA
1057532-606-COT25;39121311;Accesorios eléctricos;Cable E.V.A 2.5 mm² ROJO;20;MTR
1057532-606-COT25;39121311;Accesorios eléctricos;Cable E.V.A 2.5 mm² VERDE;20;MTR
1057532-606-COT25;39121311;Accesorios eléctricos;Cable E.V.A 2.5 mm² BLANCO;20;MTR
1057532-606-COT25;39121311;Accesorios eléctricos;Huincha aisladora plástica super +33 ¾ x 20 metros (3M o equivalente);1;EA
1057532-606-COT25;39121311;Accesorios eléctricos;Terminal salida de caja LIBRE HALOGENO IP67;8;EA
1057532-606-COT25;39121311;Accesorios eléctricos;Tubería flexible (corrugado) LIBRE HALOGENO 20mm;2;MTR
1057532-606-COT25;39121311;Accesorios eléctricos;Módulo de enchufe embutido triple 10 ampres (puentes internos);2;EA
1057532-606-COT25;39121311;Accesorios eléctricos;Módulo de enchufe embutido doble 10 ampres (puentes internos);1;EA
1057922-122-COT25;42181510;Medidores transcutáneos de ictericia;CALIPER PLIEGUES CUTÁNEOS SEGÚN ESPECIFICACIONES TÉCNICAS ADJUNTAS;1;EA
1077241-93-COT25;82101603;Publicidad en Internet;"1 Servicio Difusión Prensa páginas  digitales para   Programa PREVEC OSORNO - Cáncer Colorrectal"", segun EETT";1;EA
1057532-639-COT25;85122201;Exámenes médicos;INFORMES RADIOLÓGICOS DE MAMOGRAFÍA DIGITAL 2D Y TOMO-SINTESIS DE MAMA 3D De acuerdo a términos de referencia adjuntos;400;EA
1057532-630-COT25;30201706;Baños portátiles;Baño portátil Baño para personas con Discapacidad, entrega Comodidad y seguridad, Asiento de inodoro para baño con asas y rieles de seguridad. Los apoyabrazos del inodoro médico brindan comodidad adicional para pacientes, adultos, personas mayores y discapacitados. Adecuado para personas que realizan actividades incómodas o la fuerza de las piernas no es suficiente, puede bañarse, puede sentarse, adecuado para la movilidad de ancianos, mujeres embarazadas, pacientes lesionados.;20;EA
1057532-630-COT25;42132101;Protege sábanas de hospital;Alza ropa Estructura metálica esmaltada para elevación de la ropa de cama. Alivia la presión de las sabanas y frazadas sobre las extremidades inferiores u otra zona del cuerpo, ideal para usar después de cirugías de los pies o en personas con hipersensibilidad. Bases técnicas adjuntas, imágenes referenciales.;10;EA
1057532-630-COT25;41111614;Medidores de altura;Tallímetro Portátil Seca 213 ideal para aplicaciones móviles en entornos médicos como consultorios y hospitales pediátricos. Diseñado para montarse rápidamente sin necesidad de fijación a pared, ofrece una base sólida que garantiza estabilidad durante las mediciones. Con un diseño ligero y desmontable en varias piezas, es fácil de transportar y montar en cualquier ubicación requerida, asegurando una medición precisa con una escala de lectura clara y visible durante todo el proceso.;2;EA
1057532-630-COT25;30181506;Urinarios;Urinario masculino El Pato Urinario Masculino con Tapa de Cranberry es un dispositivo médico diseñado para brindar comodidad y solución a hombres que se encuentran postrados en cama y tienen dificultades para movilizarse rápidamente al baño. Este producto ofrece una serie de características esenciales para mejorar la calidad de vida y la atención de estos pacientes.;10;EA
1057532-630-COT25;42211616;Ayudas de higiene o estimulación de toilette para personas con discapacidad física;El lavapelo portátil es un producto versátil diseñado para uso ambulatorio y doméstico. Fabricado con PVC resistente y duradero, es inflable y acolchado para garantizar comodidad durante su uso. Ofrece la opción de drenaje propio para una evacuación fácil del agua residual. Práctico, cómodo y fácil de usar, es una solución conveniente para el lavado de cabello en cualquier lugar. Características: Diseñado para uso ambulatorio y doméstico. Inflable y acolchado para mayor comodidad durante su uso;30;EA
1057532-629-COT25;41114509;Tensiómetros;Toma de presión digital Tipo de tensiómetro: Digital de Brazo Incluye Brazalete Universal HEM-RML31-B (22-42 cm)  Circunferencia Mínima del Brazalete: 22 cm  Circunferencia Máxima del Brazalete: 42 cm  Cantidad Total de Memorias: 14  Tipos de Mediciones: Presión Sistólica, Presión Diastólica Bases técnicas adjuntas, imágenes referenciales.;6;EA
1057532-629-COT25;42181801;Unidades de oxímetros de pulso;Saturómetro Dispositivo médico de alta precisión que mide instantáneamente la saturación de oxígeno en sangre (SpO2) y la frecuencia cardíaca en tiempo real. Ideal para monitoreo doméstico, deportistas y control de condiciones espiratorias. Certificado internacionalmente y recomendado por profesionales de la salud. Bases técnicas adjuntas, imágenes referenciales.;4;EA
1057532-629-COT25;41116202;Monitores o medidores de colesterol;Dispositivo multifuncional diseñado para estudiar los niveles de glucosa en la sangre (glicemia), hemoglobina y colesterol. La medición de los valores de glucosa, hemoglobina y colesterol se basa en los cambios en el voltaje eléctrico causados por su reacción con el reactivo del electrodo en la tira reactiva. Características del medidor de glucosa, colesterol y hemoglobina digital: Diseñado para medir múltiples parámetros de salud, abarcando desde niveles de glucosa hasta hemoglobina y colester;2;EA
1057532-629-COT25;41115830;Analizadores de glucosa;Hemoglucotest Medidor de glucosa sin configuración, con un solo botón. Obtén resultados exactos en menos de 4 segundos Indicador de rango objetivo que entrega claridad instantánea Sólo un botón para una fácil navegación Cómoda sincronización. Incorpora medidor, aplicación y portal web. Bases técnicas adjuntas, imágenes referenciales.;1;EA
1057532-629-COT25;42182005;Oftalmoscopios o otoscopios o juegos de scopios;Otoscopio Es una herramienta médica de alta precisión, diseñada para ofrecer una visualización clara y sin reflejos del  conducto auditivo y la membrana timpánica. Fabricado en Alemania con los más altos estándares de calidad, este otoscopio es una opción ideal tanto para profesionales de la salud como para estudiantes de medicina que buscan fiabilidad y durabilidad en sus equipos de diagnóstico;1;EA
1057532-629-COT25;41112213;Termómetros de mano;Termómetro digital clínico MT3001. Medición en 60 segundos, resultados claros y precisos, señal acústica, apagado automático, memoria de la última lectura, libre de mercurio, auto-chequeo. Punta de Níquel (antialérgica). Permite medición Rectal, Oral y Axilar, Batería Reemplazable. El termómetro debe ser usado únicamente para medir la temperatura corporal. Debe respetarse el tiempo de medición, hasta que escuche la señal acústica. No exponer a mas de 60º. El termómetro nunca debe ser hervido.;4;EA
1057532-629-COT25;41111501;Balanzas electrónicas de carga superior;La Balanza Mecánica de Piso Seca 750 es una opción robusta y confiable para entornos profesionales como gimnasios y centros de salud. Con capacidad para hasta 150 kg y una división de 1 kg, ofrece resultados precisos sin necesidad de pilas. Su construcción de acero con barnizado cubierto en polvo garantiza resistencia a golpes y ralladuras, mientras que la plataforma plástica antideslizante facilita la limpieza y proporciona seguridad. Equipada con una pantalla tipo esfera para una lectura clara;4;EA
1057532-671-COT25;50202310;Agua mineral;100 AGUAS MINERAL CON GAS DE 500 CC.;100;EA
1057532-671-COT25;50202310;Agua mineral;100 AGUAS MINERAL SIN GAS DE 500 CC.;100;EA
1057532-671-COT25;50221202;Cereales en barra;150 BARRAS DE CEREAL.;150;EA
1057532-671-COT25;50192110;Nueces o frutos secos;150 SNACK SALADOS.;150;EA
1057532-671-COT25;50192110;Nueces o frutos secos;200 FRUTOS SECOS.;200;EA
1057532-666-COT25;50201709;Café instantáneo;Café en sachet de 3 en 1. (Leche, Azucar y Café). / 192 gramos por sachet.;400;SACH
1057532-666-COT25;50161509;Productos de edulcorantes o azúcares naturales;Azucar formato kilo.;5;KGM
1057532-666-COT25;50201713;Bolsitas de te;CAJA DE TÉ DE 100 BOLSITAS.;4;BX
1057532-666-COT25;50201709;Café instantáneo;Café. / 173 gramos por sachet.;600;SACH
1057532-666-COT25;50161509;Productos de edulcorantes o azúcares naturales;Endulzante liquito de 360 ml.;6;EA
1057532-666-COT25;52151504;Tazas o vasos desechables domésticos;Vasos de cartón o plumavit. / 240 ml.;800;EA
1057532-666-COT25;52151503;Cubertería desechable doméstica;Cuchara desechable, plástica / madera.;1200;EA
1057532-666-COT25;14111703;Toallas de papel;Toalla Nova Industrial de Papel. 150/250 metros. (Pack o individual);10;EA
1057532-649-COT25;40101808;Estufas de la calefacción;EQUIPOS DE CALEFACCIÓN DE BAJO CONSUMO / SEGÚN ESPECIFICACIONES ADJUNTAS;2;EA
1057532-657-COT25;53131624;Toallitas húmedas;Toallitas Húmedas Ultra Soft, de suave textura con Aceite de Emú, Aloe Vera y Vitamina E diseñadas para el cuidado e higiene. 2 paquetes de 80 u (160 unidades en total) (Parent´s Choice o similar) Bases técnicas adjuntas, imágenes referenciales.;50;EA
1057532-657-COT25;53131608;Jabones;Jabón Líquido en formato Doypack de 750 ml. Perfecto para el cuidado diario de toda la familia, este jabón combina calidad, frescura y practicidad. Cuidado suave: Limpia eficazmente sin resecar la piel, dejándola fresca y saludable. Fragancia agradable: Proporciona un aroma fresco y duradero que revitaliza tus sentidos. Fórmula dermatológicamente probada. Bases técnicas adjuntas, imágenes referenciales.;40;EA
1057532-637-COT25;44102001;Lámina para plastificar;Lamina Para Termolaminar, Oficio 228 X 340 Mm, 125 Micrones;500;OA
1057532-637-COT25;14111525;Papel multiuso;Cartulina Opalina 180 Gr Lisa Extra Blanca Carta;200;HOJ
1057532-637-COT25;44121801;Cinta correctora;Corrector en Cinta 5 m 5 mm;12;EA
1057532-637-COT25;44122106;Chinches y tachuelas;Chinches Toperol Colores Surtidos. Caja de 30 unidades.;5;BX
1057532-637-COT25;31201515;Cintas de papel;Cinta Maskin gruesa color crema 24mm, 40 Mts.;3;EA
1057532-637-COT25;44121701;Lápiz pasta;Lapiz pasta azul, punta gruesa.;50;EA
1057532-656-COT25;49201609;Bandas de resistencia;Las bandas tienen posibilidades de aplicación prácticamente ilimitada para aumentar la fuerza, la movilidad y flexibilidad. Su eficiencia en ejercicios están comprobados científicamente. Estas bandas son la máquina de fitness más sencilla, práctica y útil que se ha inventado. (Cando o similar) Set incluye  5 bandas: 1 banda amarilla 1 banda roja 1 banda verde 1 banda Azul 1 banda Negra Bases técnicas adjuntas, imágenes referenciales.;4;PACK
1057532-656-COT25;49201514;Pelotas de ejercicio;Set de 4 pelotas erizo en diferentes colores y tamaños. Ideal para trabajar el estímulo sensorial, los colores y tamaños Producto en goma dura de alta resistencia y durabilidad Diámetros de 5 a 11 cm la más grande. Los set vienen con 1 pelota roja, 1 azul, 1 verde y 1 amarilla.  Bases técnicas adjuntas, imágenes referenciales.;1;PACK
1057532-656-COT25;49201514;Pelotas de ejercicio;Ligero y fácil de tomar. Color según partida de importación. Su uso puede diferir de su nombre, si bien se utiliza para trabajos de rehabilitación, su uso también busca que este elemento sea útil para tonificar los músculos y mantener activo a los pacientes tanto en actividad física como para el desarrollo de lesiones en articulaciones. Idealmente usados en actividades de pilates y yoga. 0,5 KG Bases técnicas adjuntas, imágenes referenciales.;2;EA
1057532-651-COT25;53121501;Bolsos;06 bolsos paramédicos  Este bolso es una herramienta confiable y versátil, ideal para profesionales de la salud, equipos de rescate y aventureros que requieren un almacenamiento eficiente y organizado de suministros médicos y de emergencia. Ancho: 54 cm, Alto: 20 cm, Profundidad: 30 cm  Bases técnicas adjuntas, imagen referencial.;6;EA
1057532-633-COT25;42251612;Pesas, accesorios o sets para rehabilitación o terapia;Pesas tobillo Fabricada de tela sintética relleno con bolitas de perdigones o arena, que le dan el peso a esta. Sujeción a través de correas de velcro. Medida, 1 Kg. c/u (2 Kg. par). Bases técnicas adjuntas, imágenes referenciales.;4;EA
1057532-633-COT25;42251612;Pesas, accesorios o sets para rehabilitación o terapia;Pesas tobillo Fabricada de tela sintética relleno con bolitas de perdigones o arena, que le dan el peso a esta. Sujeción a través de correas de velcro. Medida, 2 Kg. c/u (4 Kg. par). Bases técnicas adjuntas, imágenes referenciales.;2;EA
1057532-633-COT25;46182102;Bandas taloneras;TALONERA ANTIESCARAS DE ESPUMA (PAR) Soporte de talón, confeccionado con un corte de espuma de polipropileno forrada en tejido tubular de algodón y corte de elástico libre de látex para su ajuste. Indicaciones: Prevención y tratamiento de ulceras por decúbito en el talón. Disminuye el dolor de úlceras ya existentes en el talón. Pacientes que deben permanecer en la misma postura durante un largo período de tiempo.  Bases técnicas adjuntas, imágenes referenciales.;40;PR
1057532-633-COT25;41114201;Cintas de medir;Cinta métrica 1.5 mt Huincha Útil y fácil de llevar. Cinta métrica retractable portable de centímetro/pulgada. Ayude a medir su tamaño y a comprobar su progreso si usted está en dieta. Simplemente la tracción de la cinta de medición mantendrá la medida trabada en el lugar. Contraiga la cinta de medición presionando el botón en el centro. Longitud: 150cm/60inch. Bases técnicas adjuntas, imágenes referenciales.;4;EA
1057532-636-COT25;60121124;Papel kraft;Papel Kraft.;150;PGL
1057532-636-COT25;14111610;Cartulina;Cartulinas, 5 de cada color (amarillas, verdes, rosadas, rojas, azul, celeste);30;PGL
1057532-636-COT25;60121523;Bolígrafos permanentes;Plumones permanentes diferentes colores. 1 caja roja - 1 caja negra - 1 caja verde - 1 caja azul.- (cada caja de 12 unidades);4;BX
1057532-636-COT25;14111530;Notas de papel autoadhesivo;Post It medianos / Pack Notas Adhesivas 76 X 76 Mm 100 Hojas Pop Up 5 Colores.;5;PACK
1057532-636-COT25;55121804;Distintivos o porta distintivos;Porta Credencial Transparente con Clip y Gancho.;200;EA
1057532-632-COT25;53131616;Cremas o lociones homeopáticas o naturales;Formato 1 litro. Hidratación express nueva fórmula con el exclusivo serum humectación profunda y minerales marinos tiene una combinación única de hidratantes que existen de forma natural en la piel, de lípidos que retienen la hidratación y de aceites nutritivos. Bases técnicas adjuntas, imágenes referenciales.;20;EA
1057532-672-COT25;52161520;Micrófonos;Micrófono Inalámbrico Doble Ultra Compacto y Portable 2.4GHz Conector Lightning Boya BY-V2 Bases técnicas adjuntas, imágenes referenciales.;1;EA
1057532-672-COT25;45121609;Soportes de la cámara;Estabilizador Profesional De Cardan para Celular Bases técnicas adjuntas, imágenes referenciales.;1;EA
1057532-586-COT25;39121311;Accesorios eléctricos;Cajas estancas lisa (sin salidas) 80 x 80 mm IP64;6;EA
1057532-586-COT25;39121311;Accesorios eléctricos;Tubería plástica blanca LIBRE HALOGENO 20 mm x 3mt;5;SR
1057532-586-COT25;39121311;Accesorios eléctricos;Abrazaderas CLIP plásticas LIBRE HALOGENO 20 mm;20;EA
1057532-586-COT25;39121311;Accesorios eléctricos;Terminal salida de caja LIBRE HALOGENO IP67;4;EA
1057532-586-COT25;39121311;Accesorios eléctricos;Curva 90° PVC LIBRE HALOGENO 20 mm;2;EA
1057532-586-COT25;39121311;Accesorios eléctricos;Tubería flexible (corrugado) LIBRE HALOGENO blanco 20 mm;2;MTR
1057532-586-COT25;39121311;Accesorios eléctricos;Foco reflector c/sensor IP65 30 watts 6500 K;1;EA
1057532-586-COT25;39121311;Accesorios eléctricos;Módulo de enchufe embutido triple 10 ampres (puentes internos);1;EA
1057532-586-COT25;39121311;Accesorios eléctricos;Foco reflector c/sensor 50 watts 6500 k;4;EA
1057532-586-COT25;39121311;Accesorios eléctricos;Equipo de iluminación sobrepuesto plafón circular 22 cm 18 watts 6500 k;2;EA
1057532-586-COT25;39121311;Accesorios eléctricos;Equipo de iluminación sobrepuesto cuadrado panel 60 x 60 cm 48 watts;2;EA
1057532-586-COT25;39121311;Accesorios eléctricos;Equipos iluminación doble horizontal (CIELO) para rosca GU-10;1;EA
1057532-586-COT25;39121311;Accesorios eléctricos;Equipos iluminación triple horizontal (CIELO) para rosca GU-10;1;EA
1057532-586-COT25;39121311;Accesorios eléctricos;Equipos iluminación doble aplique vertical para rosca GU-10;4;EA
1057532-586-COT25;39121311;Accesorios eléctricos;Ampolleta LED rosca GU-10;13;EA
1057532-586-COT25;39121311;Accesorios eléctricos;Cordón multiflex 3 x 1,5 mm2;5;MTR
1057532-586-COT25;39121311;Accesorios eléctricos;Huincha aisladora plástica super +33  3/4 x 20 metros;1;EA
1057532-586-COT25;39121311;Accesorios eléctricos;Huincha aisladora engomada 3/4 x 3 metros (3M o equivalente);1;EA
1057532-586-COT25;39121311;Accesorios eléctricos;Barra soldadura estaño 50/50;1;EA
1057532-586-COT25;39121311;Accesorios eléctricos;Terminal ferrule para cable 1,5 mm2;100;EA
1077241-104-COT25;82101603;Publicidad en Internet;SERVICIO DIFUSIÓN PRENSA PÁGINAS DIGITALES PARA PROGRAMA PREVEC OSORNO - CÁNCER COLORRECTAL SEGUN ESPECIFICACIONES TÉCNCIAS ADJUNTAS;1;EA
1057532-553-COT25;30201902;Unidades de laboratorio;4 Bandejas de eppendorf para guardar eppendorf de 1.5 ml, con o sin tapa, de 96 pocillos - Mínimo 24 pocillos , segun EETT adjuntas;4;EA
1057532-553-COT25;30201902;Unidades de laboratorio;2 Gradilla para de tubos falcon de 50 ml (diámetro 30mm). Capacidad de la gradilla entre 8 a 24 tubos de 50 ml. Material deseable: acero inoxidable, segun EETT adjuntas;2;EA
1057532-670-COT25;42251617;Cojines de asiento terapéuticos o accesorios;Cuña de posicionamiento semi-cilíndrica  Dimensiones 76 cm largo x 25.5 cm ancho x 20 alto cm Bases técnicas adjuntas, imágenes referenciales.;1;EA
1057532-670-COT25;42251617;Cojines de asiento terapéuticos o accesorios;Cuña de posicionamiento cilindro  Dimensiones 91.5 cm largo x 25.5 cm diámetro Bases técnicas adjuntas, imágenes referenciales.;1;EA
1057532-670-COT25;42251617;Cojines de asiento terapéuticos o accesorios;Cuña de posicionamiento triangular  Dimensiones 60 cm ancho x 80 cm largo x 30 cm alto Bases técnicas adjuntas, imágenes referenciales.;1;EA
1057532-670-COT25;42251617;Cojines de asiento terapéuticos o accesorios;Cuña de posicionamiento triangular  Dimensiones 50 cm ancho x 50 cm x 15 cm alto Bases técnicas adjuntas, imágenes referenciales.;1;EA
1057532-670-COT25;42251617;Cojines de asiento terapéuticos o accesorios;Cuña elevadora de pierna  Dimensiones 70 x 20 x 15 cm Bases técnicas adjuntas, imágenes referenciales.;1;EA
1057532-670-COT25;42251617;Cojines de asiento terapéuticos o accesorios;Cuña soporte lateral de tronco  Dimensiones 60 x 25 x 20 cm Bases técnicas adjuntas, imágenes referenciales.;1;EA
1057532-670-COT25;42251617;Cojines de asiento terapéuticos o accesorios;Cuñas codo-muñeca-tobillo 20 x 10 x 10 cm Bases técnicas adjuntas, imágenes referenciales.;2;EA
1057532-670-COT25;53121603;Mochilas;BOLSO PARA TERRENO, 40 L Bases técnicas adjuntas, imágenes referenciales.;1;EA
1057532-613-COT25;60121605;Modelos anatómicos;Fantoma mamario de silicona, relleno de gel u otro material similar, con forma de la mama, pezón y areola. Bases técnicas adjuntas, imágenes referenciales.;17;EA
1057532-613-COT25;60121605;Modelos anatómicos;Pecho de tela, con forma de la mama, pezón, areola y dibujo de senos lactíferos y conductos en la parte posterior. Bases técnicas adjuntas, imágenes referenciales.;17;EA
1057532-613-COT25;42231504;Contenedores o bolsas de nutrición enteral;Pack de 25 unidades de bolsas de almacenamiento de leche materna, reutilizables, resellables, transparentes, libres de BPA, cierre hermético y graduado en ml. Bases técnicas adjuntas, imágenes referenciales.;34;EA
1057532-613-COT25;42251503;Juegos terapéuticos;Set cuenta con 3 a 4 bolitas de madera de distintos tamaños, que ejemplifica el desarrollo y evolución de estómagos de los recién nacidos dentro de sus primeras semanas de vida.  Bases técnicas adjuntas, imágenes referenciales.;17;EA
1057532-613-COT25;42294710;Equipos y accesorios de calentador o enfriador de perfusión o calentador y enfriador dual;Bolso para el Transporte y conservación de la leche materna extraída. Con capacidad de hasta 4 biberones. Incluye unidad refrigerante. Peso: 800 g aprox. Dimensiones: 18.5 x 18.5 x 13.5 cm aprox. Bases técnicas adjuntas, imágenes referenciales.;5;EA
1057532-613-COT25;41123401;Vasos de dosificación;3 set de 10 unidades Vaso graduado de 30 a 50 ml para administración de leche, suplementos o medicamentos. Vaso graduado en ml, libre de bisfenol A, con borde para apoyar en labio inferior del bebé.  Bases técnicas adjuntas, imágenes referenciales.;3;KIT
1057532-613-COT25;42231902;Pezoneras o discos protectores mamarios;Par de pezoneras protector de pezón tallas M y L. Material  de silicona ultra delgada y suave, para protección del pezón. Libre de BPA y de Látex. Incluye una práctica caja de almacenamiento. Bases técnicas adjuntas, imágenes referenciales.;17;EA
1057532-613-COT25;42293603;Sondas quirúrgicas;Sonda de alimentación enteral N°5 French estéril, material biocompatible y libre de látex, superficie lisa, punta atraumática, graduación visible en el tubo y con conector universal de entrada. Bases técnicas adjuntas, imágenes referenciales.;100;EA
1057532-613-COT25;42251617;Cojines de asiento terapéuticos o accesorios;"Cojín de lactancia en forma de ""C"", de 40x30 cms aprox, ergonómico, tela suave en el exterior y antialérgico, lavable, relleno de algodón sintético. Funda exterior con cierre. Bases técnicas adjuntas, imágenes referenciales.";17;EA
1057532-613-COT25;42231903;Kits sacaleches;Extractor de leche, material plástico libre de BPA u otro de material similar, lavable y esterilizable por calor, piezas desarmables, con copa suave e intercambiables según tamaño de la mama, debe incluir: manual de uso,  frasco receptor de 150 ml, palanca ergonómica, tapa anti polvo, pétalo de copa de silicona, registro sanitario. Bases técnicas adjuntas, imágenes referenciales.;66;EA
1057532-613-COT25;42142609;Jeringas médicas con aguja;Jeringa de 20 ml, graduada, estéril, punta luer slip, con aguja 21G x 1 1/2, caja de 50 unidades. Bases técnicas adjuntas, imágenes referenciales.;7;BX
1057727-14-COT25;49101701;Medallas;MEDALLAS.;55;EA
1057532-676-COT25;60121401;Marcos de madera preensamblados;MARCO DE MADERA.;20;EA
1057532-665-COT25;14111805;Talones o talonarios;300 TALONARIO.;300;TALO
1057727-17-COT25;23153507;Taller de pintura variado;TALER DE PINTURA.;1;EA
1077241-101-COT25;53101804;Abrigos y chaquetas para mujer;Chaquetas según especificaciones técnicas estipuladas en formulario N°2;6;EA
1077241-101-COT25;53101804;Abrigos y chaquetas para mujer;Poleras según especificaciones técnicas estipuladas en formulario N°2;6;EA
1057727-18-COT25;86131502;Pintura;TALLER ARTISTICO.;1;EA
1057532-663-COT25;60121112;Cartón piedra;Cartón piedra gris 1,5 milímetros, tamaño carta Bases técnicas adjuntas, imágenes referenciales.;60;EA
1057532-663-COT25;60124317;Masa de modelado;Model pasta Masa para modelar Air Dry 250 gr color blanco Bases técnicas adjuntas, imágenes referenciales.;12;EA
1057532-663-COT25;60121226;Pinceles de acuarela;3 set de 5 pinceles para acuarela, contiene 4 pinceles redondos N° 0/5, 2, 4, 6 y un pincel plano N°12, mango color azul de madera  Bases técnicas adjuntas, imágenes referenciales.;3;PACK
1057532-663-COT25;60121120;Papel de manualidades autoadhesivo;Forro plástico autoadhesivo 33 x 150cm colores surtidos. Ideal para forrar cuadernos y libros. Contiene 1 rollo de 80 micrones de grosor aproximadamente. Colores: rojo, azul, verde, amarillo Bases técnicas adjuntas, imágenes referenciales.;10;EA
1057532-663-COT25;60121012;Adhesivos decorativos;117pcs kit de herramientas diy 5d de pintura de diamante  Bases técnicas adjuntas, imágenes referenciales.;25;EA
1057532-663-COT25;11151701;Hilo de lana;Ovillos de lana 100 gramos, tres hebras, 40 unidades, 3 rojo italiano, 3 amarillos patito, 3 amarillo fuerte, 3 negros, 3 azul rey, 3 celeste campana, 3 jacinto cielo, 3 verde lima, 3 morados (obispo), 3 blancos, 3 naranjos, 3 cafés, 3 malva. Bases técnicas adjuntas, imágenes referenciales.;40;EA
1057532-663-COT25;53141627;Agujas de ganchillo;Aguja lana plástica para telar, medida 7cm Bases técnicas adjuntas, imágenes referenciales.;30;EA
1057532-663-COT25;31211905;Mezcladores de pintura;Mezclador de 6 cavidades Bases técnicas adjuntas, imágenes referenciales.;6;EA
1057532-663-COT25;60121201;Pintura de témpera líquida tradicional;Témpera 250 grs. 11 unidades (1 rojo, 1 amarillo, 1 negro, 1 azul, 1 verde, 1 morado, 1 celeste, 1 blanco, 1 naranjo, 1 café, 1 rosado) Bases técnicas adjuntas, imágenes referenciales.;11;EA
1057532-663-COT25;12352310;Siliconas;50 set de 10 barras de silicona sólida, ideal para manualidades, decoración y trabajos escolares. Medidas de 25 x 0,7cm aproximadamente. Contiene 10 unidades Bases técnicas adjuntas, imágenes referenciales.;50;PACK
1057532-663-COT25;12352310;Siliconas;Coloridas barras de silicona de colores glitter surtidos  Bases técnicas adjuntas, imágenes referenciales.;25;EA
1057532-663-COT25;60121120;Papel de manualidades autoadhesivo;Forro autoadhesivo 45 x 150 cm transparente. Ideal para forrar cuadernos y libros. 80 micrones de grosor aproximadamente. Bases técnicas adjuntas, imágenes referenciales.;15;EA
1057532-663-COT25;11162111;Malla;Malla para bordar. Malla plástica para bordar. Permite desarrollar la coordinación óculomanual (ojo-mano) y la capacidad creadora mediante el diseño de figuras. Contiene 1 malla, más 8 figuras de plástico de hasta 14,5 x 8,5cm aproximadamente y 8 cordeles.  Bases técnicas adjuntas, imágenes referenciales.;20;EA
1057532-663-COT25;60124320;Compuestos de yeso;Figuras de yeso para pintar lindos maceteros de suculentas o porta velas de yeso, listos para pintar o decorar. 4 diferentes figuras.  Bases técnicas adjuntas, imágenes referenciales.;22;EA
1057727-19-COT25;49201604;Bancos de soporte de pesas;BANCA PLANA: Para Levantamiento de Pesas / Según Especificaciones adjuntas.;1;EA
1057727-19-COT25;42251612;Pesas, accesorios o sets para rehabilitación o terapia;PESA RUSA 6 KG / Según Especificaciones adjuntas.;2;EA
1057727-19-COT25;42251612;Pesas, accesorios o sets para rehabilitación o terapia;PESA RUSA 8 KG / Según Especificaciones adjuntas.;2;EA
1057727-19-COT25;42251612;Pesas, accesorios o sets para rehabilitación o terapia;PESA RUSA 10 KG / Según Especificaciones adjuntas.;1;EA
1057727-19-COT25;49201609;Bandas de resistencia;BANDA ELASTICA 6.4 MM / Según Especificaciones adjuntas.;1;EA
1057727-19-COT25;49201609;Bandas de resistencia;BANDA ELASTICA 13 MM / Según Especificaciones adjuntas.;1;EA
1057727-19-COT25;49201609;Bandas de resistencia;BANDA ELASTICA 21 MM / Según Especificaciones adjuntas.;1;EA
1057727-19-COT25;49201609;Bandas de resistencia;BANDA ELASTICA 32 MM / Según Especificaciones adjuntas.;1;EA
1057727-19-COT25;49201609;Bandas de resistencia;Bandas de Suspensión TRX / Según Especificaciones adjuntas.;1;EA
1057727-19-COT25;49201609;Bandas de resistencia;SET BANDAS TUBULARES / Según Especificaciones adjuntas.;1;EA
1057727-19-COT25;49201609;Bandas de resistencia;BANDA ABIERTA / Según Especificaciones adjuntas.;3;EA
1057727-19-COT25;49201512;Cuerdas para saltar;CUERDA SALTO / Según Especificaciones adjuntas.;2;EA
1057532-662-COT25;60141101;Juegos educativos;Geoplano plástico Contiene 1 pieza de plástico con 100 pines de 20x20cm aproximadamente, más 12 elásticos de colores surtidos, 5 cartillas con ejemplos y un instructivo.  Bases técnicas adjuntas, imágenes referenciales.;2;EA
1057532-662-COT25;60141101;Juegos educativos;Pelotas texturizadas Set de pelotas con texturas, en diferentes formas y colores. Permite a los niños desarrollar distintos sentidos. Tocando diversas texturas y mirando entretenidos colores. Contiene 13 piezas plásticas con textura de hasta 8 x 8 cm. aprox. Incluye estuche de PVC para guardar.  Bases técnicas adjuntas, imágenes referenciales.;1;PACK
1057532-662-COT25;60141101;Juegos educativos;Fun Express Juego Fun Express Stack It Peg Game con tablero Bases técnicas adjuntas, imágenes referenciales;1;EA
1057532-662-COT25;60141101;Juegos educativos;Rueda de la suerte Rueda de la suerte para lotería, borrable. Material: Hierro Carta del tamaño: Diametro: 50 cm/19,69 pulgadas, height 60 cm/23,62 inches, front width 15,5 cm/6,10 inches pulgadas Bases técnicas adjuntas, imágenes referenciales;1;EA
1057532-662-COT25;60141101;Juegos educativos;Domino Domino Gigante Xl, Madera 23x12cm Aprox Por Bloque 28uni. 28 piezas y cada pieza mide 23x12x2cm. Bases técnicas adjuntas, imágenes referenciales;1;EA
1057532-662-COT25;60141101;Juegos educativos;Gato Juego Gato Gigante De Madera Juego gato gigante madera de pino 2cm espesor, medida 65x65 cm y cada pieza de 12cm aprox Incluye 5 cruz y 5 círculos Y el gato plegable de 65x65cm Bases técnicas adjuntas, imágenes referenciales;1;EA
1057532-662-COT25;60141101;Juegos educativos;Yenga Yenga Gigante Xl 54 Piezas 75x20x20cm Con Bolso Bases técnicas adjuntas, imágenes referenciales;1;EA
1057532-662-COT25;60141101;Juegos educativos;Ring Toss  Ring Toss Juego De Madera. Apunta  Bases técnicas adjuntas, imágenes referenciales;3;EA
1057532-662-COT25;60141101;Juegos educativos;Basta, Juego De Mesa Basta en español.  Bases técnicas adjuntas, imágenes referenciales;2;EA
1057532-662-COT25;60141101;Juegos educativos;Dados de espuma Juguete De Dados De Espuma Gigante Grande Punto Colorido. Juego de espuma, grande, 5,9 pulgadas, juego colorido, 6 lados esponja y paño Tamaño: aprox. 15x15x15 cm/5,9x5,9 pulgadas Bases técnicas adjuntas, imágenes referenciales;2;EA
1057532-662-COT25;60141101;Juegos educativos;Laberinto de agujeros Laberinto De Agujeros Con Cuerda, Motricidad Juego Habilidad. Juego laberintos de agujeros, madera. De pie plegable 117cm alto x 42cm ancho. Marco y pata de apoyo de madera sólida de pino con fondo de placa de 6mm de espesor. Bases técnicas adjuntas, imágenes referenciales;1;EA
1057532-662-COT25;60141101;Juegos educativos;Bolos Juego Educativo De Bolos 10 Bolos Y 2 Bolas Fix. Color: Multicolor Material: Madera. Tamaño: aproximadamente 4x12cm/1,57x4,72 pulgadas. Contenido del paquete: 2 bolas, 10 bolos. Bases técnicas adjuntas, imágenes referenciales;1;EA
1057532-662-COT25;60141101;Juegos educativos;Destreza Juego de mesa destreza, trae 25 formas geométricas. Bases técnicas adjuntas, imágenes referenciales;2;EA
1057532-662-COT25;60141101;Juegos educativos;Memory Juego de mesa memory, acción y destreza bestoys, juego de memoria, con distintos niveles con luces y contador digital Bases técnicas adjuntas, imágenes referenciales;2;EA
1057532-662-COT25;60141101;Juegos educativos;Naipes Naipes Números Grandes. Set de dos mazos de cartas de 54 unidades cada uno con números de gran tamaño. Permite que todos reconozcamos los números de manera fácil y rápida, además de desarrollar el pensamiento logicomatemático y la concentración. Favorecer las habilidades sociales a través del juego grupal. Contiene 2 mazos de 54 piezas de cartón de 6,2 x 8,7 cm. aprox. c/u.;2;EA
1057532-662-COT25;60141101;Juegos educativos;Memorice de frutas  El Memorice contiene 20 piezas realizadas en cartón grueso termolaminado e impresas en imagen real con medidas aproximadas de 5x5cm van incluidas en una caja del mismo material.   Bases técnicas adjuntas, imágenes referenciales.;1;EA
1057532-662-COT25;60141101;Juegos educativos;Dominó de alimentos saludables  Favorecer la adquisición de hábitos para obtener una alimentación saludable en los participantes, distinguiendo aquellos alimentos que aportan mayores beneficios para la salud, adquiriendo consciencia de las características que estos deben tener para consumirlos. Contiene 27 piezas realizadas en cartón termolaminado con medidas aproximadas de 9x5x0.3cms  Bases técnicas adjuntas, imágenes referenciales.;1;EA
1057532-662-COT25;60141101;Juegos educativos;Memorice de verduras  El Memorice contiene 20 piezas realizadas en cartón grueso termolaminado e impresas en imagen real con medidas aproximadas de 5x5cm van incluidas en una caja del mismo material, 10 pares de frutas con imagen real.  Bases técnicas adjuntas, imágenes referenciales.;1;EA
1057532-662-COT25;60141101;Juegos educativos;Memorice platos típicos de Chile  El Memorice contiene 20 piezas realizadas en cartón grueso termolaminado e impresas en imagen real de platos típicos de Chile con medidas aproximadas de 5x5cm van incluidas en una caja del mismo material, 10 pares de frutas con imagen real.  Bases técnicas adjuntas, imágenes referenciales.;1;EA
1057532-662-COT25;60141101;Juegos educativos;Memorice de alimentos saludables  El Memorice contiene 20 piezas realizadas en cartón grueso termolaminado e impresas en imagen real con medidas aproximadas de 5x5cm van incluidas en una caja del mismo material.  Bases técnicas adjuntas, imágenes referenciales.;1;EA
1057532-662-COT25;60141101;Juegos educativos;Dixit Idioma español - Formato físico - Tipo de juego: deducción - Componentes: reglamento, 84 cartas, 8 peones de madera, 8 diales de votación - Material de componentes: madera y cartón. Bases técnicas adjuntas, imágenes referenciales.;1;EA
1057532-662-COT25;60141101;Juegos educativos;Dixit Expansion Idioma español - Formato físico - Tipo de juego: deducción - Componentes: 84 cartas - Material de componentes: cartón. Bases técnicas adjuntas, imágenes referenciales.;2;EA
1077241-100-COT25;48101714;Dispensadores de agua caliente o termos;Termo sifón agua caliente de acero inoxidable, capacidad de 3 a 3,5 litros.;1;EA
1077241-103-COT25;42171701;Mantas de rescate o de urgencia;Manta Térmica de emergencia para protección Isotérmica de 130 x 210 aprox., material de aluminio fino, reutilizable a prueba de agua y fuego.;150;EA
1057532-674-COT25;82101507;Folletos y catálogos publicitarios, servicios de publicidad y distribución;volantes.;4000;EA
1057532-674-COT25;82101507;Folletos y catálogos publicitarios, servicios de publicidad y distribución;stickers;2500;EA
1057532-674-COT25;82101507;Folletos y catálogos publicitarios, servicios de publicidad y distribución;chapitas;500;EA
1057532-674-COT25;82101507;Folletos y catálogos publicitarios, servicios de publicidad y distribución;libros;2000;EA
1057532-674-COT25;82101507;Folletos y catálogos publicitarios, servicios de publicidad y distribución;dípticos;3500;EA
1057532-674-COT25;82101507;Folletos y catálogos publicitarios, servicios de publicidad y distribución;volantes;2000;EA
1057532-674-COT25;82101507;Folletos y catálogos publicitarios, servicios de publicidad y distribución;afiches.;600;EA
1057727-16-COT25;49181510;Taca-Taca o futbolines;MESA DE TACA-TACA.;1;EA
1057922-124-COT25;56101504;Sillas;SILLA DE VISITA SEGUN ESPECIFICACIONES TÉCNICAS ADJUNTAS;14;EA
1057922-123-COT25;42181510;Medidores transcutáneos de ictericia;CALIPER PLIEGUES CUTANEOS SEGUN ESPECIFICACIONES TÉCNICAS ADJUNTAS;1;EA
1057922-115-COT25;42201901;Fuentes de iluminación puntuales para película radiográfica médica;Negatoscopio / Según Especificaciones Adjuntas;1;EA
1057532-675-COT25;14111533;Cuadernillos o formularios para exámenes;cuaderno tamaño oficio con bolígrafo.;500;EA
1057727-15-COT25;31211508;Pinturas acrílicas;PINTURA ACRILICA.;3;KIT
1057727-15-COT25;31211508;Pinturas acrílicas;ACRILICO.;5;EA
1057727-15-COT25;60121231;Espátulas de paleta;PALETA.;13;EA
1057532-679-COT25;50202310;Agua mineral;AGUA MINERAL CON GAS;75;BO
1057532-679-COT25;50202310;Agua mineral;AGUA  MINERAL SIN GAS;75;BO
1057532-679-COT25;50221202;Cereales en barra;BARRAS DE CEREAL;100;BAR
1057532-679-COT25;50192110;Nueces o frutos secos;FRUTOS SECOS;200;PK
1057532-679-COT25;50192110;Nueces o frutos secos;CHIPS VEGETALES;100;EA
1057532-668-COT25;52152016;Vajilla de uso doméstico;Juego De Loza 16 Piezas Porcelana Blanco, incluye: *4 Plato fondo: 25cm *4 Plato postre: 20cm *4 Bowl sopa: 18cm *4 Taza : 250ml2 Bases técnicas adjuntas, imágenes referenciales.;2;SET
1057532-668-COT25;52151803;Cacerolas domésticas;Batería de Cocina 7 Piezas Bateríaac Acero Inoxidable Plateado Bases técnicas adjuntas, imágenes referenciales.;1;EA
1057532-668-COT25;52152006;Bandejas o fuentes domésticas;1 set de 3 unidades Bowl 30cm Acero Inoxidable Repostería Pocillo Fuente 6000ml Bases técnicas adjuntas, imágenes referenciales.;1;KIT
1057532-668-COT25;52151802;Sartenes domésticas;Juego de Sartenes 20 - 26 Cm + Paila Every Day Aluminio Reciclado Gris Bases técnicas adjuntas, imágenes referenciales.;1;SET
1057532-668-COT25;52151606;Tabla para cortar o picar;Juego De 4 Tablas De Cortar Para Cocina Con Organizador Bases técnicas adjuntas, imágenes referenciales.;1;SET
1057532-668-COT25;49121509;Cocinilla de camping;Cocinilla Portátil De Camping Con Maletín De Trasporte Negro Bases técnicas adjuntas, imágenes referenciales.;1;EA
1057532-668-COT25;52141511;Licuadoras domésticas;Licuadora Optimix Negra 2V 500W Bases técnicas adjuntas, imágenes referenciales.;1;EA
1057532-668-COT25;52151709;Set de cubiertos;Utensilio de Cocina kit 10 utensilios de cocina set cucharones utensilios madera silicona Bases técnicas adjuntas, imágenes referenciales.;1;KIT
1057532-668-COT25;60121242;Delantales;Delantal de Cocina, material de algodón  Bases técnicas adjuntas, imágenes referenciales.;2;EA
1057532-668-COT25;52151705;Portas cubiertos o cucharas;Seca Platos  Secador Escurridor De Loza Platos Inoxidable 2 Niveles Bases técnicas adjuntas, imágenes referenciales.;1;EA
1057532-668-COT25;52121601;Paños de cocina;2 set Paño de cocina, 2 unidades c/u multicolor con diseño, 45x60 cm Bases técnicas adjuntas, imágenes referenciales.;2;KIT
1057532-668-COT25;52121604;Mantel de mesa;Mantel Impermeable Antimanchas 140x220 cm m30 Bases técnicas adjuntas, imágenes referenciales.;2;EA
1057727-25-COT25;60141404;Platos de comida de juguete o accesorios;Conjunto de cocinas para niños y niñas todos los implementos de madera debe incluir: 1 cocina con medidas de 33x37x53.5 cm se debe adjuntar ficha e imagen de lo ofertado. 1 refrigerador de medidas 33x35x75cm se debe adjuntar ficha e imagen de lo ofertado. 1 lavaplatos de medidas 33x50x75 cm se debe adjuntar ficha e imagen de lo ofertado.;1;KIT
1057727-23-COT25;53102301;Camisetas;16 Camisetas color rosado con negro de material poliester con escote cuello V, enumeradas, que incluya 3 logos ( numero, logo deportivo, y logo hpu): Camiseta N°1 Arquero talla M Camiseta N° 2 AL 8 talla M  Camiseta N° 9 AL 16 talla L  se debe adjuntar ficha tecnica e imagen . SE ADJUNTAN IMAGENES DE REFERENCIAS;16;EA
1057727-23-COT25;53101504;Pantalones y short para mujer;16 Short con elastico estampado kis numeros correspondientes en cada short color rosado con negro material poliester.  Tallas de los short: 8 talla M Y 8 Talla L. se debe adjuntar ficha tecnica e imagen .SE ADJUNTAN IMAGENES DE REFERENCIAS;16;EA
1057727-23-COT25;53102401;Medias;16 par de medias standars femeninas del 35 al 39 color negro material 50% algodon y 50% poliester , se debe adjuntar ficha tecnica e imagen.;16;PR
1057727-23-COT25;49161505;Balones de fútbol;Balon de futbol profesional N°5 igual o similar a kelme, se debe adjuntar ficha tecnica e imagen de lo ofertado.SE ADJUNTAN IMAGENES DE REFERENCIAS;1;EA
1057727-23-COT25;49161505;Balones de fútbol;Balon de voleibol N° 5 igual o similar a molten, se debe adjuntar ficha tecnica e imagen de lo ofertado.SE ADJUNTAN IMAGENES DE REFERENCIAS;1;EA
1057532-678-COT25;73152102;Servicio de reparación de equipo de fabricación;Mantención de Plotter Canon IPF 770 / Según Especificaciones Adjuntas;1;EA
1057532-681-COT25;41114509;Tensiómetros;Toma presión digital igual o similar a HEM7154E – Omron, según especificaciones técnicas: Modelo Inflado automático de manguito/brazalete, debe incluir brazalete de mínimo de 42 cms de circunferencia, indicador de error de movimiento, debe incluir estuche, medición de frecuencia cardiaca, presión diastólica y sistólica. Debe incluir pilas.;7;EA
1057532-682-COT25;53121501;Bolsos;02 bolsos paramédicos de 40 litros;2;EA
1057532-677-COT25;42271602;Espirómetros, accesorios o suministros;Boquillas espiratorias desechables para flujometría;1000;EA
1057532-683-COT25;90101701;Gestión de cafetería;360 COFFEE BREAK.;360;EA
1057727-12-COT25;91101503;Servicios de masajes;Se requiere la compra de servicios para la realizacion de masajes con aromaterapia para 24 personas integrantes del comite intercultural del Hospital Purranque, a realizarse el 10 de octubre en horario a coordinar con referente tecnico.;1;EA
1057727-26-COT25;91101503;Servicios de masajes;Se requiere servicio de masajes individual para 14 personas que sean descontracturante relajacion y/o mixto con una duracion de 45 minutos por personas. El servicio debe incluir ambientacion adecuada del espacio camilla,musica,y aromas. Ademas todos los insumos necesarios y los profesionales capacitados en tecnicas terapeuticas y de relajacion. Se debe adjuntar experiencia. El dia y horario previa coordinacion con encargado del proyecto.;1;EA
1057727-28-COT25;60121236;Pinceles;PINCEL;3;EA
1057727-28-COT25;60121236;Pinceles;PINCEL;3;EA
1057727-28-COT25;44111517;Atriles;ATRIL;5;EA
1057727-28-COT25;53141626;Bastidores de bordado;BASTIDOR;13;EA
1057532-669-COT25;82101507;Folletos y catálogos publicitarios, servicios de publicidad y distribución;FOLLETOS.;3400;EA
1057727-24-COT25;53102503;Sombreros;Sombreros de huaso semi finos lana o pelo de conejo color negro, se debe adjuntar ficha tecnica e imagen de lo ofertado.;2;EA
1057727-24-COT25;11162307;Cuero sintético o de imitación;3 juegos de pierneras para varon color negra sintetica media pierna, se debe adjuntar ficha tecnica e imagen de lo ofertado.;3;PR
1057727-24-COT25;11162307;Cuero sintético o de imitación;Juego de espuela con taloneras y piales numero 5 color gris, se debe adjuntar ficha tecnica e imagen de lo ofertado.;1;EA
1057727-27-COT25;86141501;Asesorías educativas;TALLER DE PINTURA ACRILICA;1;EA
1057532-575-COT25;39121311;Accesorios eléctricos;Gabinete metálico con contratapa 2 puertas 400x300x200mm;1;EA
1057532-575-COT25;39121311;Accesorios eléctricos;Cañería galvanizada 20mm x 3mt;2;EA
1057532-575-COT25;39121311;Accesorios eléctricos;Terminal HUB 20mm;6;EA
1057532-575-COT25;39121311;Accesorios eléctricos;Abrazaderas caddy con perno/tuerca 20mm;5;EA
1057532-575-COT25;39121311;Accesorios eléctricos;Cañería galvanizada 25mm x 3mt;1;EA
1057532-575-COT25;39121311;Accesorios eléctricos;Abrazaderas caddy con perno/tuerca 25mm;5;EA
1057532-575-COT25;39121311;Accesorios eléctricos;Terminal HUB 25mm;2;EA
1057532-575-COT25;39121311;Accesorios eléctricos;Luz piloto roja con voltímetro digital L.E.D 220 Volts;1;EA
1057532-575-COT25;39121311;Accesorios eléctricos;Bases autoadhesivas 30x30mm;20;EA
1057532-575-COT25;39121311;Accesorios eléctricos;Amarra plástica 200 x 3,5mm;50;EA
1057532-575-COT25;39121311;Accesorios eléctricos;Cajas estanco lisa 80x80mm IP64;5;EA
1057532-575-COT25;39121311;Accesorios eléctricos;Caja estanco lisa 150x150mm IP64;1;EA
1057532-575-COT25;39121311;Accesorios eléctricos;Flexible metálico 20mm;5;MTR
1057532-575-COT25;39121311;Accesorios eléctricos;Terminal recto para flexible metálico 20mm;4;EA
1057532-575-COT25;39121311;Accesorios eléctricos;Flexible metálico 25mm;2;MTR
1057532-575-COT25;39121311;Accesorios eléctricos;Terminal recto para flexible metálico de 25mm;4;EA
1057532-575-COT25;39121311;Accesorios eléctricos;Fotocelda 220 Vac;1;EA
1057532-575-COT25;39121311;Accesorios eléctricos;Soporte fotocelda;1;EA
1057532-575-COT25;39121311;Accesorios eléctricos;Cordón multiflex 3 x 0.75mm;15;MTR
1057532-575-COT25;39121311;Accesorios eléctricos;Prensa estopa PG 11;1;EA
1057532-575-COT25;39121311;Accesorios eléctricos;Regleta conexión tipo H;1;EA
1057532-575-COT25;39121311;Accesorios eléctricos;Interruptor diferencial 40 A 30 mA;1;EA
1057532-575-COT25;39121311;Accesorios eléctricos;Interruptor termomagnético bifásico 25 amperes curva C;1;EA
1057532-575-COT25;39121311;Accesorios eléctricos;Interruptor termomagnético bifásico 16 amperes curva C;1;EA
1057532-575-COT25;39121311;Accesorios eléctricos;Repartidor bipolar 7 conexiones;1;EA
1057532-575-COT25;39121311;Accesorios eléctricos;Porta fusible riel din;2;EA
1057532-575-COT25;39121311;Accesorios eléctricos;Fusible 2 A;2;EA
1057532-575-COT25;39121311;Accesorios eléctricos;Bornes de conexiones 10mm con tornillo;12;EA
1057532-575-COT25;39121311;Accesorios eléctricos;Tope final para bornes de conexión;8;EA
1057532-575-COT25;39121311;Accesorios eléctricos;Tapa para borne de conexión 10mm;2;EA
1057532-575-COT25;39121311;Accesorios eléctricos;Bornera aislada para conexión a tierra;1;EA
1057532-575-COT25;39121311;Accesorios eléctricos;Cable T.A.G (control) color rojo 1mm²;5;MTR
1057532-575-COT25;39121311;Accesorios eléctricos;Cable T.A.G (control) color blanco 1mm²;5;MTR
1057532-575-COT25;39121311;Accesorios eléctricos;Huincha aisladora plástica super +33 3/4 x 20 metros (3M o equivalente);1;EA
1057532-575-COT25;39121311;Accesorios eléctricos;Huincha aisladora engomada 3/4 x 3 metros (3M o equivalente);1;EA
1057532-575-COT25;39121311;Accesorios eléctricos;Equipos iluminación tipo panel L.E.D. 48 W 60X60CM;2;EA
1057532-575-COT25;39121311;Accesorios eléctricos;Equipo reflector de área L.E.D 200 watts 6500K IP 65 (para exterior);3;EA
1057532-582-COT25;39121311;Accesorios eléctricos;Gabinete metálico con contratapa 2 puertas 400x300x200mm;1;EA
1057532-582-COT25;39121311;Accesorios eléctricos;Cañería galvanizada 20mm x 3mt;2;EA
1057532-582-COT25;39121311;Accesorios eléctricos;Terminal HUB 20mm;6;EA
1057532-582-COT25;39121311;Accesorios eléctricos;Abrazaderas caddy con perno/tuerca 20mm;5;EA
1057532-582-COT25;39121311;Accesorios eléctricos;Cañería galvanizada 25mm x 3mt;1;EA
1057532-582-COT25;39121311;Accesorios eléctricos;Abrazaderas caddy con perno/tuerca 25mm;5;EA
1057532-582-COT25;39121311;Accesorios eléctricos;Terminal HUB 25mm;2;EA
1057532-582-COT25;39121311;Accesorios eléctricos;Luz piloto roja con voltímetro digital L.E.D 220 Volts;1;EA
1057532-582-COT25;39121311;Accesorios eléctricos;Bases autoadhesivas 30x30mm;20;EA
1057532-582-COT25;39121311;Accesorios eléctricos;Amarra plástica 200 x 3,5mm;50;EA
1057532-582-COT25;39121311;Accesorios eléctricos;Cajas estanco lisa 80x80mm IP64;5;EA
1057532-582-COT25;39121311;Accesorios eléctricos;Caja estanco lisa 150x150mm IP64;1;EA
1057532-582-COT25;39121311;Accesorios eléctricos;Flexible metálico 20mm;5;MTR
1057532-582-COT25;39121311;Accesorios eléctricos;Terminal recto para flexible metálico 20mm;4;EA
1057532-582-COT25;39121311;Accesorios eléctricos;Flexible metálico 25mm;2;MTR
1057532-582-COT25;39121311;Accesorios eléctricos;Terminal recto para flexible metálico de 25mm;4;EA
1057532-582-COT25;39121311;Accesorios eléctricos;Fotocelda 220 Vac;1;EA
1057532-582-COT25;39121311;Accesorios eléctricos;Soporte fotocelda;1;EA
1057532-582-COT25;39121311;Accesorios eléctricos;Cordón multiflex 3 x 0.75mm;15;MTR
1057532-582-COT25;39121311;Accesorios eléctricos;Prensa estopa PG 11;1;EA
1057532-582-COT25;39121311;Accesorios eléctricos;Regleta conexión tipo H;1;EA
1057532-582-COT25;39121311;Accesorios eléctricos;Interruptor diferencial 40 A 30 mA;1;EA
1057532-582-COT25;39121311;Accesorios eléctricos;Interruptor termomagnético bifásico 25 amperes curva C;1;EA
1057532-582-COT25;39121311;Accesorios eléctricos;Interruptor termomagnético bifásico 16 amperes curva C;1;EA
1057532-582-COT25;39121311;Accesorios eléctricos;Repartidor bipolar 7 conexiones;1;EA
1057532-582-COT25;39121311;Accesorios eléctricos;Porta fusible riel din;2;EA
1057532-582-COT25;39121311;Accesorios eléctricos;Fusible 2 A;2;EA
1057532-582-COT25;39121311;Accesorios eléctricos;Bornes de conexiones 10mm con tornillo;12;EA
1057532-582-COT25;39121311;Accesorios eléctricos;Tope final para bornes de conexión;8;EA
1057532-582-COT25;39121311;Accesorios eléctricos;Tapa para borne de conexión 10mm;2;EA
1057532-582-COT25;39121311;Accesorios eléctricos;Bornera aislada para conexión a tierra;1;EA
1057532-582-COT25;39121311;Accesorios eléctricos;Cable T.A.G (control) color rojo 1mm²;5;MTR
1057532-582-COT25;39121311;Accesorios eléctricos;Cable T.A.G (control) color blanco 1mm²;5;MTR
1057532-582-COT25;39121311;Accesorios eléctricos;Huincha aisladora plástica super +33 3/4 x 20 metros (3M o equivalente);1;EA
1057532-582-COT25;39121311;Accesorios eléctricos;Huincha aisladora engomada 3/4 x 3 metros (3M o equivalente);1;EA
1057532-582-COT25;39121311;Accesorios eléctricos;Equipos iluminación tipo panel L.E.D. 48 W 60X60CM;2;EA
1057532-582-COT25;39121311;Accesorios eléctricos;Equipo reflector de área L.E.D 200 watts 6500K IP 65 (para exterior);3;EA
1057727-29-COT25;49181508;Paletas de ping-pong;Paleta Profesional 9 Estrellas Ebano-Carbono, similar Camewin Mk Serie 9 Estrellas, debe incluye funda original, Tipo De Mango:FL (Cóncavo). (Adjuntar cotización formal);5;EA
1057727-29-COT25;49181508;Paletas de ping-pong;Paleta Profesional 9 Estrellas Ebano-Carbono, similar Camewin Mk Serie 9 Estrellas, debe incluye funda original, Tipo de mango Lapicero. (Adjuntar cotización formal);1;EA
1057727-29-COT25;49181509;Pelotas de ping-pong;"Pelota de tenis de mesa 3 estrellas, calidad poly 40+, caja de 3 piezas, Blanca"", para el jugador avanzado y Profesional, similar Butterfly. (Adjuntar cotización formal)";4;BX
1057727-29-COT25;49181509;Pelotas de ping-pong;El Pack Pelotas 60 Unid Naranja. Con un diámetro de 40 mm y 3 estrellas de calidad, similar a Sensei® 3 Estrellas - Frasco 60 Unidades. (Adjuntar cotización formal);2;VI
1057727-29-COT25;49181509;Pelotas de ping-pong;Kit de limpiador de paleta de Ping Pong + esponja similar Butterfly Spin Refresh , botella de 150 ml. (Adjuntar cotización formal);6;KIT
1057532-673-COT25;53101804;Abrigos y chaquetas para mujer;Cortavientos para mujer, según características técnicas adjuntas;2;EA
1057727-11-COT25;52161512;Parlantes;Parlante Inalámbrico con micrófono: Características: Es manos libres, Tipo de parlante: activo, Apto para uso en exteriores, Con conectividad bluetooth, Tiene luces led, Función de karaoke incorporada, Batería recargable, Potencia de 60W, Viene con un micrófono de accesorio, Conector de entrada: Auxiliar, Dimensiones: 25cm de ancho, 56cm de alto y 26cm de profundidad. Cuenta con micrófono interno. Con sintonizador de radio.Tiempo de carga de la batería: 4h. SE DEBE ADJUNTAR FICHA TECNICA;1;EA
1057727-11-COT25;55121706;Banderas;Bandera Mapuche Huilliche de 1 metro x 1.5 metros con bordado( hojas, luna, sol deben incluir bordado), Se adjunta modelo de bandera.;1;EA
1057727-11-COT25;60101405;Cintas o escarapelas de clase;Chapitas con alfiler de 6cm de diametro distintivos alusivos a interculturalidad con logo mapuche y logo HPU, se adjunta diseño a realizar.;40;EA
1057727-11-COT25;52152007;Pocillos;Pocillos de greda de tamaño mediano 17 cms de diametro ondo , se debe adjuntar imagen de lo ofertado.;6;EA
1057727-11-COT25;52152007;Pocillos;Pocillos de greda de tamaño pequeño de 9  cms de diametro ondo , se debe adjuntar imagen de lo ofertado.;8;EA
1057922-121-COT25;42192401;Carros de resucitación de emergencia;CARRO DE PARO  SEGUN ESPECIFICACIONES TÉCNICAS ADJUNTAS;1;EA
1057727-33-COT25;80141607;Producción de eventos;Se requiere productora de eventos para la realización de full Day. La actividad se realizará el viernes 03 de octubre de 2025 en horario de 09:00 a 15:00 de la tarde en Hospital Futa Sruka Lawenche Kunko Mapu Mo. Se adjunta Ficha Técnica de lo requerido. (Debe Adjuntar cotización formal detallada de todo lo requerido);1;EA
1077241-107-COT25;82121506;Impresión de publicaciones;VOLANTE;2000;EA
1077241-107-COT25;82121506;Impresión de publicaciones;VOLANTES;2000;EA
1057532-647-COT25;50221102;Harina de trigo;Harina 25kg;6;EA
1057532-647-COT25;50221101;Granos de Cereales;Arroz grado 1 largo ancho, 1 kg;6;KGM
1057532-647-COT25;50192901;Pasta o tallarines naturales frescos;Fideos n°87, 400 grs;18;EA
1057532-647-COT25;50151513;Aceites de plantas y verduras comestibles;Aceite maravilla, 1 lt;6;LTR
1057532-647-COT25;50201711;Té instantáneo;Te negro, cajas de 100 unidades;6;BX
1057532-647-COT25;50201706;Café;Café 400 grs;6;EA
1057532-647-COT25;50201710;Té de hierbas;Yerba mate palo, 1 kg;6;KGM
1057532-647-COT25;50161509;Productos de edulcorantes o azúcares naturales;Azúcar 5kg;6;EA
1057532-647-COT25;50221001;Granos de Legumbres;Lentejas 5mm , 1 kg;6;KGM
1057532-647-COT25;50221001;Granos de Legumbres;Porotos negros, 1 kg;6;KGM
1057532-647-COT25;50221001;Granos de Legumbres;Porotos torola, 1 kg;6;KGM
1057532-647-COT25;50171551;Sal de cocina o de mesa;Sal mesa, 1 kg;12;KGM
1057532-647-COT25;50221001;Granos de Legumbres;Garbanzos sin piel, 1 kg;6;KGM
1057532-647-COT25;50121539;Pescado fresco;Atún lomitos al agua drenado, 104grs;12;EA
1057532-647-COT25;50101716;Semillas o frutos secos con cáscara;Quinoa 250grs;6;EA
1057532-647-COT25;50171831;Salsas para cocinar;Salsa de tomate 200grs, 6 unidades cada pack;6;PACK
1057532-647-COT25;50221102;Harina de trigo;Polvos de hornear 200g (imperial o similar);6;EA
1057532-647-COT25;50181709;Suministros para el horno;Levadura en polvo 250g (lefersa doypack o similar);6;EA
1057532-647-COT25;50221001;Granos de Legumbres;Arvejas partidas, 1 kg;6;EA
1057532-664-COT25;42251608;Bandas para ejercicios de resistencia, masilla o tubos para rehabilitación o terapia;PowerWeb Rejilla de ejercicios para manos Trabajar los movimientos de “pinza” y “oposición del pulgar”.  2 tamaños de diámetro 17,8 cm y 35,5 cm. Bases técnicas adjuntas, imágenes referenciales.;6;EA
1057532-664-COT25;49211802;Aro o hula-hula;• Especificaciones: - Nombre: Anillo de Pilates - Material: EVA - Tamaño: 38*3,5 cm - Peso: 280g Bases técnicas adjuntas, imágenes referenciales.;3;EA
1057727-21-COT25;45111615;Lentes de proyección;LENTES DE REALIDAD VIRTUAL / SEGUN ESPECIFICACIONES ADJUNTAS;1;EA
1057532-680-COT25;14121812;Papel fotográfico;Papel Fotografico, Tamaño A4 de 180 gramos, cada Pack debe contener 100 hojas;15;PACK
1057532-680-COT25;14111528;Papel magnético;Papel magnetico tamaño carta para imprimir, cada sobre debe contener 5 hojas, a impresión inkjet.;15;PACK
1057532-680-COT25;14111507;Papel para fotocopiadora o impresora;4 cajas Caja de resmas de papel blanco, tamaño carta, cada caja debe contener 10 resma de 500 hojas blancas de 75 de gramatura.;40;BX
1057532-680-COT25;55101520;Hojas o Folletos de Instrucciones;Papel cocuhe Mate, de 130 grs, resma tamaño carta, cada resma debe contener 100 hojas.;10;RM
1057532-680-COT25;14111525;Papel multiuso;Papel Opalina Blanca, Lisa, Tamaño Carta, 200 grs, cada pack debe contener 100 hojas.;15;PACK
1057532-680-COT25;44102001;Lámina para plastificar;Laminas para termolaminar, tamaño oficio, espesor delgado de 75-80 micrones.;200;EA
1057922-125-COT25;42201901;Fuentes de iluminación puntuales para película radiográfica médica;Negatoscopio / Según Especificaciones Adjuntas;1;EA
1057922-119-COT25;27131502;Pistola de aire comprimido;PISTOLA DE AIRE COMPRIMIDO  DE ACUERDO A ESPECIFICACIONES TECNICAS ADJUNTAS;1;EA
1057922-119-COT25;41122410;Película selladora de laboratorio;SELLADORA CONTINUA  DE ACUERDO A ESPECIFICACIONES TÉCNICAS ADJUNTAS;1;EA
1057532-684-COT25;93141702;Servicios de promoción cultural;Narración Oral e Intercambio de Saberes en Derechos Humanos, de acuerdo a lo indicado en el formulario de requisitos técnicos adjunto.;1;EA
1057532-667-COT25;45101702;Guillotinas de imprenta;Guillotina corta papel, Metálica o de madera. A4. Largo de 30 cm., ancho 25 cm., peso 2 kg. aproximado.;1;EA
1057532-667-COT25;11111606;Pizarra;Pizarra blanca acrilica 20x30 cm. Armazon de aluminio. Con soporte para la pared.;1;EA
1057532-667-COT25;44121801;Cinta correctora;Corrector de cinta BIC, de 6 u 8 metros. Envase tipo rueda cinta;20;EA
1057532-667-COT25;44122011;Carpetas para archivos;Carpetas plastificadas con acoclip. Tamaño oficio. 25x25 cm. Diferentes colores;40;EA
1057532-667-COT25;24141607;Separadores de cartón;Separadores vinilico, tamaño oficio 6 posiciones;10;PACK
1057532-667-COT25;14111525;Papel multiuso;Opalina en resma, lisa blanca, de 180/220 gr. A4, de 50 hojas.;4;RM
1057532-667-COT25;14111530;Notas de papel autoadhesivo;Nota adhesiva memo post It de 4 colores fluor 76x76 cm. cuadrada. 400 Hojas;4;EA
1057532-667-COT25;14111509;Artículos de papelería;Pack 3 cajas apretador doble clip 12 unidades de 19 mm. Color negro, metal.;4;PACK
1057532-667-COT25;44102001;Lámina para plastificar;Micas para termolaminado. Tamaño A4. Pack x 100 laminas.;5;RM
1057532-667-COT25;44111604;Envolturas de monedas o fajas para billetes;Elastico Hand blanco bolsa 500 gr., 22 cm x 14 cm. de 2 mm de espesor.;4;BG
1057727-34-COT25;90101603;Servicios de catering;Se solicita que la tarjeta de alimentación pueda ser usada en el máximo de supermercados posibles (ejemplo: Lider, Lider Express, SuperBodega aCuenta, Unimarc, Mayorista 10, Jumbo, Santa Isabel, OK Market) (Adjuntar cotización formal);1;EA
1057727-37-COT25;86101712;Formación profesional en artesanía;20 HORAS DE CLASE TEORICO-PRACTICO DE TEJIDO PARA CESTERIA Y BALAI MAPUCHE EN MIMBRE, EN DEPENDENCIAS DEL ESTABLECIMIENTO. 2 HORAS FRAGMENTADAS EN 10 DIAS A CONVENIR CON OFERENTE EN UN PERIODO DE 2 MESES ( OCTUBRE-NOVIEMBRE). MOVILIZACION DE TUTOR POR SUS PROPIOS MEDIOS. ADJUNTAR IMAGENES DE TRABAJOS ANTERIORES. DE NO PRESENTAR LO REQUERIDO, OFERTA QUEDARA INADMISIBLE.;20;HUR
1057727-36-COT25;73111507;Servicios de elaboración de caña o mimbre;10 METROS DE VARAS DE MIMBRES, CORTADAS, PELADAS Y PARTIDAS EN 4, LISTAS PARA SU USO. ENTREGADAS EN ESTABLECIMIENTO EL DIA LUNES 29.09.25 ADJUNTAR IMAGEN DE REFERENCIA. DE NO PRESENTAR LO REQUERIDO , OFERTA QUEDARA INAMISIBLE;10;MTR
1077241-110-COT25;90101802;Reparto de comidas a domicilio;20 COLACIONES TIPO DESAYUNO;20;EA
1077241-110-COT25;90101802;Reparto de comidas a domicilio;20 COLACIONES TIPO ALMUERZO.;20;EA
1057727-39-COT25;45111615;Lentes de proyección;LENTES DE REALIDAD VIRTUAL / SEGUN ESPECIFICACIONES ADJUNTAS;1;EA
1057532-701-COT25;60121401;Marcos de madera preensamblados;MARCO DE MADERA;1;EA
1057532-505-COT25;24102004;Estanterías para almacenaje;Mantención Correctiva Estanterías FullSpace / Según Especificaciones Adjuntas;1;EA
1057727-6-COT25;49101701;Medallas;Ver Fig 1. MEDALLA METÁLICA COLORES. Medalla metálica color oro, plata y bronce. Tamaño 5CM. Debe Incluir grabado en cara posterior y cinta color a elección. Obligación Revisar Anexo Adjunto. Considerar entrega en Hospital de Río Negro de la comuna de Rio Negro.;25;EA
1057727-6-COT25;49101702;Trofeos;Ver Fig 2. TROFEO COPA METÁLICA COLOR ORO. Copa metálica color tipo oro. Tamaño 40CM. Base plástica color. Debe Incluir placa grabada en láser con textos y/o logo. Obligación Revisar Anexo Adjunto. Considerar entrega en Hospital de Río Negro de la comuna de Rio Negro.;2;EA
1057727-6-COT25;49161505;Balones de fútbol;Ver Fig 3. BALÓN DE FUTBOL O BABYFUTBOL. Capellada de cuero, 32 paneles/cascos. De preferencia costura a mano. De preferencia hecho artesanal, para ser usado en superficies complejas: pasto,tierra, cemento, etc. Obligación Revisar Anexo Adjunto. Considerar entrega en Hospital de Río Negro de la comuna de Rio Negro.;1;EA
1057727-6-COT25;49101702;Trofeos;Ver Fig 4. TROFEO EN RESINA MEJOR JUGADOR FUTBOL. Tamaño 17CM Alto. Base plástica color. Debe Incluir placa grabada en láser. Obligación Revisar Anexo Adjunto. Considerar entrega en Hospital de Río Negro de la comuna de Rio Negro.;1;EA
1057727-6-COT25;49101702;Trofeos;Ver Fig 5. TROFEO BOTIN / BALON. Color oro viejo, altura 20CM. Base plástica color. Debe Incluir placa grabada en láser. Obligación Revisar Anexo Adjunto. Considerar entrega en Hospital de Río Negro de la comuna de Rio Negro.;1;EA
1057727-6-COT25;49101702;Trofeos;TROFEO Fig 6. TROFEO EN RESINA MEJOR ARQUERO FUTBOL. Trofeo resina mejor arquero. Tamaño: altura 19 cm. Base plástica color. Obligación Revisar Anexo Adjunto. Debe Incluir placa grabada en láser. Considerar entrega en Hospital de Río Negro de la comuna de Rio Negro.;1;EA
1057727-6-COT25;49101702;Trofeos;TROFEO Fig 7. GALVANO FAIR PLAY EN CRISTAL TIPO GOTA 18CM. Trofeo de cristal. Tamaño: 18,5CM x 11CM x 1,5 mm. Obligación Revisar Anexo Adjunto. Debe Incluir grabado en laser y caja de presentación. Considerar entrega en Hospital de Río Negro de la comuna de Rio Negro.;1;EA
1077241-91-COT25;52121508;Mantas o frazadas;6 CAPAS DE AGUA, SEGUN EETT 6 Capa de agua para la lluvia 100% impermeable, con gorro ajustable, reflectantes, bolsillo delantero, bolso de guardado y logo que diga Equipo Ruta Médica Servicio de Salud Osorno. Color azul oscuro,;6;EA
1057532-691-COT25;73152102;Servicio de reparación de equipo de fabricación;Mantención de Plotter Canon IPF 770 / Según Especificaciones Adjuntas;1;EA
1057727-42-COT25;80141607;Producción de eventos;Contratar servicio producción de eventos para actividad HRN, de acuerdo a Anexo N°2 EETT, ha realizarse el día 10 de octubre de 2025, en horario Full Day. Adjuntar Anexos completados solicitados. Obligación adjuntar propuesta detallada, considerar realización actividad en comuna Rio Negro. SOLO SE VALIDA OFERTAS CON VALORES INGRESADOS EN FORMULARIO DE COMPRA AGIL, No se aceptan valores $1. Revisar anexos adjuntos y completarlos. No superar Monto presupuesto descrito.;1;EA
1057727-8-COT25;50221202;Cereales en barra;Ver Fig 2. BARRAS DE PROTEINA CHOCOLATES. (presentación 15gr cajas x 5 unidades). Sabor chocolate, para actividad deportiva. OBLIGACIÓN Revisar Anexo Adjunto. Considerar entrega en Hospital de Rio Negro de la comuna de Rio Negro.;10;BX
1057727-8-COT25;50202311;Bebidas;Ver Fig 1. BEBIDA ISOTONICA COOL BLUE. Individuales de 1 LT, TIPO GATORADE, para actividad deportiva. OBLIGACIÓN Revisar Anexo Adjunto. Considerar entrega en Hospital de Rio Negro de la comuna de Rio Negro.;80;BO
1057727-8-COT25;50202310;Agua mineral;Ver Fig 3. AGUA MINERAL BOTELLA DE 1,6 LT. (presentación 1,6 LT). Con gas, ligth, para actividad deportiva. OBLIGACIÓN Revisar Anexo Adjunto. Considerar entrega en Hospital de Rio Negro de la comuna de Rio Negro.;45;BO
1057727-8-COT25;50221202;Cereales en barra;Ver Fig 4. BARRAS DE CEREAL FRUTOS ROJO. (presentación 21gr cajas x 8 unidades). Sabor Frutos Rojos, para actividad deportiva. OBLIGACIÓN Revisar Anexo Adjunto. Considerar entrega en Hospital de Rio Negro de la comuna de Rio Negro.;10;BX
1057727-8-COT25;50202311;Bebidas;Ver Fig 5. BEBIDA ENERGETICA 250ML EQUIVALENTE A RED BULL. (presentación 250ML X LATA). Sabor Regular - ligth, para actividad deportiva. OBLIGACIÓN Revisar Anexo Adjunto. Considerar entrega en Hospital de Rio Negro de la comuna de Rio Negro.;50;CA
1057727-38-COT25;93131608;Servicios de suministro de alimentos;SERVICIO DE CARGA POR DINERO EN PLATAFORMA VIRTUAL PARA LA COMPRA EN CUALQUIER SUPERMERCADO. OPCION DE DISTRIBUCION A TERCEROS POR FRACCIONES DE DINERO CON APLICACION EN CELULAR . ALIMENTACION TALLERES DE CESTERIA Y BALAI MAPUCHE;1;EA
1057727-41-COT25;86111604;Capacitación a empleados;JORNADA AUTOCUIDADO FUNCIONARIOS, actividad a realizarse el día 17.10.2025, en horario de 09:00 a 16:00 horas de la tarde, lugar a definir en Osorno, para 125 funcionarios. Para la dictación de Taller, Se requiere de un Profesional Psicólogo con conocimiento y experiencia en Taller Ley Gestalt, con apoyo de profesional Kinesiólogo, según corresponda a la temática. debe rellenar y firmar adjunto y debe Adjuntar Formularios, propuesta de jornada junto a oferta y antecedentes profesionales;1;EA
1057532-685-COT25;73101701;Servicios de producción de medicamentos o medicinas;Crema  emulsionada neutra, hipoalergénico, formato de 600 a 1000 ml. indicar autorización sanitaria del Instituto de Salud Pública de Chile (ISP). Lo solicitado es obligatorio el que no cumpla se declarara inadmisible.;10;VI
1057532-685-COT25;51102710;Antisépticos basados en alcohol o acetona;Alcohol Desnaturalizado 95%  500 ml, adjunta registro sanitario vigente.Lo solicitado es obligatorio el que no cumpla se declarara inadmisible.;10;VI
1077241-111-COT25;90101701;Gestión de cafetería;Servicio de cafetería/ jornada AM // 60 raciones  características para la solicitud adjuntas, deben ser firmadas aceptando la totalidad del requerimiento.;60;EA
1057532-706-COT25;60101603;Marcos para certificados;marco de madera;1;EA
1057532-605-COT25;52151504;Tazas o vasos desechables domésticos;Vaso desechable de papel para café de 50 unidades cada paquete.;2;PK
1057532-605-COT25;52151617;Cucharas de madera de uso doméstico;Bolsa de 100 unidades de cucharas de madera para café un paquete 100 unidades;1;PK
1057532-605-COT25;14111705;Servilletas de papel;Bolsa de Servilletas elite Cocktail 200 unidades;1;PK
1057532-605-COT25;52151502;Platos desechables domésticos;Bolsa de Platos Plásticos Mediano Unimarc de 6 unidades.;8;PK
1057532-605-COT25;52151703;Tenedores domésticos;Bolsa de 100 tenedores de madera para postre;1;PK
1057532-601-COT25;50201706;Café;Cafe Tarro Nescafé (Referencia) Tradición 170g;1;JR
1057532-601-COT25;50201713;Bolsitas de te;Te Caja Té Supremo 50 unidades (Referencial);1;BX
1057532-601-COT25;50131701;Leche o productos de mantequilla;Leche Descremada Colun 200 ml (Referencial);2;EA
1057532-601-COT25;50161814;Dulces con azúcar o sustitutos;Azúcar blanca Iansa (Referencial) 1 Kilo;1;KGM
1057532-601-COT25;50161814;Dulces con azúcar o sustitutos;Endulzante liquido Daily 180 ml (Referencial);1;EA
1057532-601-COT25;50181905;Galletas dulces o pastelitos;Galletas Criollitas Mckay 175g (Referencial);4;PK
1057532-601-COT25;50181905;Galletas dulces o pastelitos;küchen de crema y fruta;2;EA
1057532-601-COT25;50101634;Fruta fresca;Mandarinas;100;EA
1057532-601-COT25;50192110;Nueces o frutos secos;Mix Frutisa coctail trail doypack 700g (Referencial);6;EA
1057727-47-COT25;90101603;Servicios de catering;REQUERIMIENTO DE SERVICIO DE PRODUCTORA DE EVENTOS. OFERENTE DEBE CUMPLIR CON LO SOLICITADO EN ARCHIVO ADJUNTO. AJDUNTAR COTIZACION. DE NO PRESENTAR LO REQUERIDO, OFERTA QUEDARA INADMISIBLE;1;EA
1057727-48-COT25;93131608;Servicios de suministro de alimentos;SERVICIO DE CARGA POR DINERO EN PLATAFORMA VIRTUAL PARA LA COMPRA EN CUALQUIER SUPERMERCADO. OPCION DE DISTRIBUCION A TERCEROS POR FRACCIONES DE DINERO CON APLICACION EN CELULAR. NO POR TARJETA ACTIVIDAD FULL DAY BIENESTAR;1;EA
1057922-126-COT25;41104423;Incubadoras refrigeradas;INCUBADORA LECTURA RAPIDA SEGUN ESPECIFICACIONES TÉCNICAS ADJUNTAS;1;EA
1057727-35-COT25;49181508;Paletas de ping-pong;Paleta Profesional 9 Estrellas Ebano-Carbono, similar Camewin Mk Serie 9 Estrellas, debe incluye funda original, Tipo De Mango:FL (Cóncavo). (Adjuntar cotización formal);5;EA
1057727-35-COT25;49181508;Paletas de ping-pong;Paleta Profesional 9 Estrellas Ebano-Carbono, similar Camewin Mk Serie 9 Estrellas, debe incluye funda original, Tipo de mango Lapicero. (Adjuntar cotización formal);1;EA
1057727-35-COT25;49181508;Paletas de ping-pong;"Pelota de tenis de mesa 3 estrellas, calidad poly 40+, caja de 3 piezas, Blanca"", para el jugador avanzado y Profesional, similar Butterfly. (Adjuntar cotización formal)";4;PACK
1057727-35-COT25;49181508;Paletas de ping-pong;El Pack Pelotas 60 Unid Naranja. Con un diámetro de 40 mm y 3 estrellas de calidad, similar a Sensei® 3 Estrellas - Frasco 60 Unidades. (Adjuntar cotización formal);1;PACK
1057727-35-COT25;49181508;Paletas de ping-pong;Kit de limpiador de paleta de Ping Pong + esponja similar Butterfly Spin Refresh , botella de 150 ml. (Adjuntar cotización formal);5;KIT
1057727-45-COT25;80111715;Profesionales;MONITOR/A CON EXPERIENCIA COMPROBABLE EN COACHING ORGANIZACIONAL Y/O INTERVENCIONES DE LIDERAZGO Y TRABAJO EN EQUIPO, PARA REALIZAR UNA ACTIVIDAD DIRIGIDA A GRUPO DE TRABAJO EN EL HOSPITAL QUILACAHUIN. FECHAS 01 Y 02 DE OCTUBRE- HORARIO DE 14:30 A 16:30 HORAS, AMBOS DIAS EN EL ESTABLECIMIENTO HPMQ (2 HORAS POR DIA) CON MOVILIZACION PROPIA;4;HUR
1077241-109-COT25;48101714;Dispensadores de agua caliente o termos;Termo sifón agua caliente de acero inoxidable, capacidad de 3 a 3,5 litros.;1;EA
1057532-708-COT25;50101634;Fruta fresca;PLATANOS.;15;KGM
1057532-708-COT25;50101634;Fruta fresca;NARANJAS.;10;KGM
1057532-708-COT25;50101634;Fruta fresca;MANZANA VERDE.;5;KGM
1057532-708-COT25;50101634;Fruta fresca;MANZANA FUJI.;5;KGM
1057532-709-COT25;50202310;Agua mineral;60 BOTELLAS DE AGUA MINERAL DE 500 CC SIN GAS.;60;EA
1057532-696-COT25;78111808;Arriendo de vehículos;Arriendo por 2 meses de camioneta doble cabina 4x4 para traslado de funcionarios y equipos nuevos. Especificaciones técnicas adjuntas, de no cumplir con todos los criterios obligatorios, la oferta será declarada inadmisible.;1;EA
1077241-112-COT25;55121727;Letreros;PENDON;2;EA
1057532-697-COT25;60141101;Juegos educativos;"Kit de set ""Arma Tu Comida"" Bases técnicas adjuntas, imágenes referenciales.";7;KIT
1057532-697-COT25;60141101;Juegos educativos;Kit láminas con réplicas de alimentos Bases técnicas adjuntas, imágenes referenciales.;14;KIT
1057532-697-COT25;60141101;Juegos educativos;"Kit láminas con sellos ""Alto en"" Bases técnicas adjuntas, imágenes referenciales.";14;KIT
1057532-697-COT25;60141101;Juegos educativos;"Juego didáctico ""Memorice: grupos de alimentos"" Bases técnicas adjuntas, imágenes referenciales.";21;EA
1057532-697-COT25;60141101;Juegos educativos;"Juego didáctico ""Aprenda a elegir en el supermercado"" Bases técnicas adjuntas, imágenes referenciales.";10;EA
1057532-697-COT25;60141101;Juegos educativos;Juego didáctico UNO para reconocer alimentos saludables Bases técnicas adjuntas, imágenes referenciales.;20;EA
1057532-693-COT25;25172504;Neumáticos para camionetas o automóviles;NEUMÁTICOS 235/60 R18 / SEGUN ESPECIFICACIONES ADJUNTAS;4;EA
1057727-52-COT25;86101712;Formación profesional en artesanía;20 HORAS DE CLASE TEORICO-PRACTICO DE TEJIDO PARA CESTERIA Y BALAI MAPUCHE EN MIMBRE, EN DEPENDENCIAS DEL ESTABLECIMIENTO. 2 HORAS FRAGMENTADAS EN 10 DIAS A CONVENIR CON OFERENTE EN UN PERIODO DE 2 MESES ( OCTUBRE-NOVIEMBRE). MOVILIZACION DE TUTOR POR SUS PROPIOS MEDIOS.;20;HUR
1057727-54-COT25;86101712;Formación profesional en artesanía;20 HORAS DE CLASE TEORICO-PRACTICO DE TEJIDO PARA CESTERIA Y BALAI MAPUCHE EN MIMBRE, EN DEPENDENCIAS DEL ESTABLECIMIENTO. 2 HORAS FRAGMENTADAS EN 10 DIAS A CONVENIR CON OFERENTE EN UN PERIODO DE 2 MESES ( OCTUBRE-NOVIEMBRE). MOVILIZACION DE TUTOR POR SUS PROPIOS MEDIOS.;20;HUR
1057532-695-COT25;42251608;Bandas para ejercicios de resistencia, masilla o tubos para rehabilitación o terapia;PowerWeb Rejilla de ejercicios para manos Trabajar los movimientos de “pinza” y “oposición del pulgar”. 2 tamaños de diámetro 17,8 cm y 35,5 cm. Bases técnicas adjuntas, imágenes referenciales.;6;EA
1057532-695-COT25;49211802;Aro o hula-hula;Especificaciones: - Nombre: Anillo de Pilates - Material: EVA - Tamaño: 38*3,5 cm - Peso: 280g  Bases técnicas adjuntas, imágenes referenciales.;3;EA
1057532-704-COT25;26111711;Baterías de litio;Baterías de litio 3V CR2032;40;EA
1057727-55-COT25;90111604;Salones;Servicio de arriendo de local que incluya cocktail , cena y entretenimiento el día 3 de Octubre 2025. Debe adjuntar resolución sanitaria, proveedor debe se local, según especificaciones técnicas obligatorias.;1;EA
1057532-688-COT25;42182702;Cintas métricas médicas;Cinta métrica antropométrica. 10 cms. de margen sin numeración. Resolución de medida: ± 1 mm. Dimensiones: 2,2 m de longitud y 6 mm de ancho. Peso: 24g Calibrada en centímetros con graduación milimétrica.Material inextensible. Adjunta ficha técnica de lo ofertado.;7;EA
1057727-56-COT25;90101603;Servicios de catering;REQUERIMIENTO DE SERVICIO DE PRODUCTORA DE EVENTOS. OFERENTE DEBE CUMPLIR CON LO SOLICITADO EN ARCHIVO ADJUNTO. AJDUNTAR COTIZACION. DE NO PRESENTAR LO REQUERIDO, OFERTA QUEDARA INADMISIBLE;2;DAY
1057532-710-COT25;44103105;Cartuchos de tinta;Cartucho de Tinta HP 664 Tricolor Original;3;EA
1057532-710-COT25;44103105;Cartuchos de tinta;Cartucho de Tinta HP 664 Negro Original;3;EA
1057727-46-COT25;86111604;Capacitación a empleados;JORNADA AUTOCUIDADO FUNCIONARIOS, actividad a realizarse el día 17.10.2025, en horario de 09:00 a 16:00 horas de la tarde, lugar a definir en Osorno, para 125 funcionarios del SSO. Para la dictación de Taller, Se requiere de un Profesional Psicólogo con conocimiento y experiencia en Taller Ley Gestalt, con apoyo de profesional Kinesiólogo, según corresponda a la temática. debe rellenar y firmar hoja 1-2-3 obligatorio, debe Adjuntar la totalidad de los documentos solicitados.;1;EA
1057532-692-COT25;53101804;Abrigos y chaquetas para mujer;Cortavientos para mujer, según características técnicas adjuntas;2;EA
1057532-714-COT25;26111711;Baterías de litio;Baterías de litio 3V CR2032;40;EA
1057532-703-COT25;41112207;Termógrafos;Termógrafos con sonda. Debe cumplir en su totalidad con las especificaciones técnicas adjuntas, imágenes referenciales.;20;EA
1057727-51-COT25;86101712;Formación profesional en artesanía;20 HORAS DE CLASE TEORICO-PRACTICO DE TEJIDO PARA CESTERIA Y BALAI MAPUCHE EN MIMBRE, EN DEPENDENCIAS DEL ESTABLECIMIENTO. 2 HORAS FRAGMENTADAS EN 10 DIAS A CONVENIR CON OFERENTE EN UN PERIODO DE 2 MESES ( OCTUBRE-NOVIEMBRE). MOVILIZACION DE TUTOR POR SUS PROPIOS MEDIOS.;20;HUR
1057532-687-COT25;42142609;Jeringas médicas con aguja;JERINGA 20 ML C/AG. 21GX 1,5 LUER LOCK (12 CAJAS DE 50 UNIDADES)adjunta ficha técnica.;12;BX
1057532-687-COT25;42142507;Agujas mariposa;EQ.INFUSION SCALP-VEIN I.V. 23GX18A20MM (6 CAJAS DE 100 UNIDADES) Dispositivo médico desechable scalp vein o mariposa. Adjuntar ficha técnica.;6;BX
1057532-687-COT25;42142507;Agujas mariposa;SCALP VEIN 25G X3/4 (5 CAJAS DE 50 UNIDADES). Scalp vein (mariposa) 25G X 3/4. Adjuntar ficha técnica.;5;BX
1057532-687-COT25;42142507;Agujas mariposa;SCALP VEIN 23G X3/4 (5 CAJAS DE 100 UNIDADES). Scalp vein (mariposa) 23G X 3/4. Adjunta ficha técnica.;5;BX
1057922-118-COT25;41104423;Incubadoras refrigeradas;INCUBADORA LECTURA RAPIDA SEGUN ESPECIFICACIONES TÉCNICAS ADJUNTAS;1;EA
1077241-115-COT25;60121602;Espejos o paneles acrílicos transparentes;500 ESPEJOS DE BOLSILLOS;500;EA
1077241-115-COT25;42212203;Pastillero para recordar las píldoras para discapacitados físicos;500 PASTILLEROS;500;EA
1077241-115-COT25;60105409;Materiales educativos de publicidad y marketing de marca;500 CHAPITAS;500;EA
1077241-115-COT25;60101316;Tarjetas en blanco;500 LANYART;500;EA
1077241-115-COT25;60105409;Materiales educativos de publicidad y marketing de marca;300 CALENDARIOS;300;EA
1057727-43-COT25;52161512;Parlantes;Parlante Inalámbrico con micrófono: Características: Es manos libres, Tipo de parlante: activo, Apto para uso en exteriores, Con conectividad bluetooth, Tiene luces led, Función de karaoke incorporada, Batería recargable, Potencia de 60W, Viene con un micrófono de accesorio, Conector de entrada: Auxiliar, Dimensiones: 25cm de ancho, 56cm de alto y 26cm de profundidad. Cuenta con micrófono interno. Con sintonizador de radio.Tiempo de carga de la batería: 4h. SE DEBE ADJUNTAR FICHA TECNICA;1;EA
1057727-43-COT25;52152007;Pocillos;Pocillos de greda de tamaño mediano 17 cms de diametro hondo , se debe adjuntar imagen de lo ofertado.;6;EA
1057727-43-COT25;52152007;Pocillos;Pocillos de greda de tamaño pequeño de 9 cms de diametro hondo, se debe adjuntar imagen de lo ofertado.;8;EA
1057922-127-COT25;42192401;Carros de resucitación de emergencia;CARRO DE PARO  SEGUN ESPECIFICACIONES TÉCNICAS ADJUNTAS;1;EA
1057532-707-COT25;44122001;Archivadores de fichas;ARCHIVADOR PALANCA TAMAÑO OFICIO LOMO ANGOSTO.;15;EA
1057532-707-COT25;44103105;Cartuchos de tinta;TINTA IMPRESORA TIPO EPSON EMPAQUE ECONOMICO 544 ECOTANK.;6;EA
1057532-707-COT25;44101801;Calculadoras o accesorios;CALCULADORA DE ESCRITORIO 12 DIGITOS.;5;EA
1057532-707-COT25;44121615;Corcheteras;CORCHETERA GRANDE TIPO TORRE 50 HOJAS.;5;EA
1057532-707-COT25;44121801;Cinta correctora;CORRECTOR DE CINTA GRANDE RETRACTIL.;24;EA
1057532-707-COT25;44121635;Portarrollos de cinta adhesiva;DISPENSADOR CINTA ADHESIVA MEDIANO;5;EA
1057532-707-COT25;44102001;Lámina para plastificar;LAMINAS TERMOLAMINADORAS TAMAÑO CARTA.;600;OA
1057532-707-COT25;44102001;Lámina para plastificar;LAMINAS TERMOLAMINADORAS TAMAÑO OFICIO.;600;OA
1057532-707-COT25;11101501;Mica;MICA LISA TAMAÑO CARTA.;300;OA
1057532-707-COT25;11101501;Mica;MICA LISA TAMAÑO OFICIO.;300;OA
1057532-707-COT25;14121812;Papel fotográfico;PAPEL FOTOGRAFICO. SET DE 20 HOJAS.;6;PK
1057532-707-COT25;14111525;Papel multiuso;OPALINA LISA TAMAÑO CARTA.;600;HOJ
1057532-707-COT25;14111525;Papel multiuso;OPALINA LISA TAMAÑO OFICIO.;600;HOJ
1057532-707-COT25;44121611;Perforadoras;PERFORADORA MEDIANA TIPO TORRE 30 HOJAS.;5;EA
1057532-707-COT25;60121109;Blocs de dibujo;BLOCK DE DIBIJO GRANDE 99-1/4;30;EA
1057532-707-COT25;44121618;Tijeras;TIJERA MULTIPROPOSITO 20 CM.;5;EA
1057532-707-COT25;44121618;Tijeras;TIJERA PUNTA REDONDA 12 CM.;20;EA
1077241-116-COT25;60121008;Posters;3 POSTER INFORMATIVO.;3;EA
1077241-114-COT25;48101714;Dispensadores de agua caliente o termos;Termo sifón agua caliente de acero inoxidable, capacidad de 3 a 3,5 litros.;1;EA
1057727-50-COT25;93131608;Servicios de suministro de alimentos;SERVICIO DE CARGA POR DINERO EN PLATAFORMA VIRTUAL PARA LA COMPRA DE ALIMENTACION SIN LA NECESITAD DE UTILIZAR TARJETA EN CAJA DE SUPERMADO O RESTAURANTE,MODO DE PAGO CODIGO QR O CLAVE DINAMICA.SIN MONTO MINIMO NI MAXIMO DE COMPRAS DIARIAS. CARGA DEL SUMINISTRO PARA COMPRAR MAXIMO 1 DIA ENVIADA OC.;1;EA
1057532-690-COT25;85121810;Test de detección de drogas o alcohol;Test multidrogas de orina para toma de muestras de personas en tratamiento de la comunidad, para Detección de 6 drogas (cocaína – marihuana – metanfetamina – benzodiacepina – opiáceos – anfetaminas). Segun especificaciones tecnicas adjunta ficha de lo ofertado, las ofertas que no adjuntes la ficha de lo ofertado, no seran evaluadas por lo que se declaran inadmisibles.;100;EA
1057532-634-COT25;82121507;Impresión de papelería o formularios comerciales;IMPRESIONES;1500;EA
1057727-9-COT25;50101538;Verduras frescas;Pickles surtidos en bolsa de 1kl;1;BG
1057727-9-COT25;50131609;Mayonesa;Mayonesa tradicional 900 gr;3;EA
1057727-9-COT25;50171901;Conservas;Palmitos en tarro 400 gr;7;EA
1057727-9-COT25;50202304;Jugos y néctar envasados;Jugos envasados 1,5 lt variedad de sabores.;12;EA
1057727-9-COT25;50202311;Bebidas;Bebidas gaseosas 3 lt.;12;EA
1057727-9-COT25;15101601;Carbón;Saco de carbón vegetal 20 kl;1;EA
1057727-9-COT25;24111502;Bolsas de papel;Bolsa de papel kraft tipo saco 1kg;250;EA
1057727-9-COT25;52151504;Tazas o vasos desechables domésticos;Vasos ecológicos de 500 ml;400;EA
1057727-9-COT25;52151704;Cucharas domésticas;Cucharas ecológicas;150;EA
1057727-9-COT25;50181905;Galletas dulces o pastelitos;800 unidades de hojarascas, presentación bolsa o bandeja;800;EA
1057727-32-COT25;80111504;Formación, capacitación y entrenamiento de personal;Taller “Ambientes Laborales Saludables en la Subdirección de Gestión y Desarrollo de las Personas (DSSO)”. De acuerdo a especificaciones técnicas adjuntas.;1;EA
1057532-721-COT25;50112001;Carnes frescas procesadas y preparadas;5 kilos de carne de vacuno al vacio ( corte plateada);5;KGM
1057532-700-COT25;43201803;Discos duros;Unidad SSD 480GB Especificaciones técnicas adjuntas, imagen referencial.;1;EA
1057532-711-COT25;93141702;Servicios de promoción cultural;Taller de fotografía según formulario de especificaciones técnicas adjuntas.;1;EA
1057532-718-COT25;14111525;Papel multiuso;CAJA DE OPALINA BLANCA LISA, TAMAÑO CARTA 200 GRS. 100 UNIDADES POR CAJA.;5;BX
1057532-718-COT25;11101501;Mica;CAJA DE MICA TERMOLAMINAR OFICIO 75 MIC. 100 UNIDADES POR CAJA.;1;BX
1057532-718-COT25;60123001;Figuras de goma Eva;SET DE GOMA EVA SURTIDO COLORES, DE 20X30 CMS.;5;PK
1057532-718-COT25;60105704;Barras de pegamento libres de ácido;BARRA DE PEGAMENTO STICK FIX DE 36 GRS.;2;EA
1057532-718-COT25;60121124;Papel kraft;PAPEL KRAFT.;40;PGL
1057532-718-COT25;55121606;Etiquetas autoadhesivas;SOBRE ETIQUETA AUTOADHESIVAS BLANCAS 10 HOJAS 101X51MM;4;SOBR
1057532-718-COT25;31201605;Masillas;SOBRE PEGAMENTO MACILLA, COLOR BLANCO.;2;SOBR
1057532-718-COT25;44122011;Carpetas para archivos;CARPETAS PLASTIFICADAS SIN ARCHIVADOR, COLOR LILA OBISPO.;300;EA
1057532-715-COT25;60141101;Juegos educativos;"Kit de set ""Arma Tu Comida""  Bases técnicas adjuntas, imágenes referenciales.";7;KIT
1057532-715-COT25;60141101;Juegos educativos;Kit láminas con réplicas de alimentos  Bases técnicas adjuntas, imágenes referenciales.;7;KIT
1057532-715-COT25;60141101;Juegos educativos;"Kit láminas con sellos ""Alto en""  Bases técnicas adjuntas, imágenes referenciales.";7;KIT
1057532-715-COT25;60141101;Juegos educativos;"Juego didáctico ""Memorice: grupos de alimentos""  Bases técnicas adjuntas, imágenes referenciales.";7;EA
1057532-715-COT25;60141101;Juegos educativos;"Juego didáctico ""Aprenda a elegir en el supermercado""  Bases técnicas adjuntas, imágenes referenciales.";7;EA
1057532-715-COT25;60141101;Juegos educativos;Juego didáctico UNO para reconocer alimentos saludables  Bases técnicas adjuntas, imágenes referenciales.;7;EA
1057532-731-COT25;78101801;Servicios de transporte local en camión;Servicio de traslado de mobiliario consistente en la disposición de un (01) camión, para el traslado de mobiliario desde la Unidad de Bienestar desde el Hospital Base San José de Osorno hacia Edificio ubicado en Manuel Rodríguez #759. TERMINOS DE REFERENCIA ADJUNTOS.;1;EA
1057727-58-COT25;91101503;Servicios de masajes;Implementar un programa de terapias complementarias dirigido a los funcionarios del Hospital de Puerto Octay con el fin de promover el bienestar físico, emocional y mental, contribuyendo a mejorar su calidad de vida y desempeño laboral. ADJUNTAR CERTIFICADOS DE ESPECIALISTAS EN TERAPIAS.;1;EA
1057532-699-COT25;52151503;Cubertería desechable doméstica;revolvedor madera 18 cm;1000;EA
1057532-699-COT25;52151503;Cubertería desechable doméstica;vaso polipapel para café genérico hot 120cc;500;EA
1057532-699-COT25;52151503;Cubertería desechable doméstica;cucharas desechables plásticas (pequeñas, de café);200;EA
1057532-722-COT25;52161520;Micrófonos;1 Micrófono tipo Boundary Shure. CVBB/ O Micrófono de límites omnidireccional Negro para captura de voz.;1;EA
1077241-119-COT25;50192110;Nueces o frutos secos;300 BOLSAS DE FRUTOS SECOS.;300;BG
1077241-119-COT25;50202310;Agua mineral;150 BOTELLAS DE  DE AGUA MINERAL CON GAS DE 500 CC.;150;BO
1077241-119-COT25;50192301;Postres preparados;300 COMPOTAS SIN AZUCAR SABORES DE FRUTA;300;EA
1077241-119-COT25;50202310;Agua mineral;150 BOTELLAS DE AGUA MINERAL SIN GAS DE 500 CC.;150;BO
1057532-689-COT25;41112207;Termógrafos;Termógrafos con sonda, para medición continua de temperaturas de vacunas;40;EA
1057532-689-COT25;42181803;Sondas o sensores de oxímetros de pulso;Sensor oximetría pediátrico reutilizable;1;EA
1057532-689-COT25;42181803;Sondas o sensores de oxímetros de pulso;Sensores flexibles para oximetría pediátrica (pack de 15 sensores);2;PACK
1057532-689-COT25;42181802;Cables de oximetros de pulso;Cable adaptador para conexión de sensores flexibles;1;EA
1077241-123-COT25;60101401;Insignias;350 PINES;350;EA
1077241-122-COT25;31241702;Espejos metálicos;500 espejos de bolsillos.;500;EA
1077241-122-COT25;42212203;Pastillero para recordar las píldoras para discapacitados físicos;500 pastilleros.;500;EA
1077241-121-COT25;60123202;Cintas de seda;500 LANYARD;500;EA
1077241-120-COT25;44112002;Calendarios;300 CALENDARIOS.;300;EA
1077241-120-COT25;60105409;Materiales educativos de publicidad y marketing de marca;500 CHAPITAS.;500;EA
1057532-729-COT25;55121727;Letreros;2 LETREROS.;2;EA
1057727-59-COT25;52161512;Parlantes;Parlante Inalámbrico con micrófono: Características: Es manos libres, Tipo de parlante: activo, Apto para uso en exteriores, Con conectividad bluetooth, Tiene luces led, Función de karaoke incorporada, Batería recargable, Potencia de 60W, Viene con un micrófono de accesorio, Conector de entrada: Auxiliar, Dimensiones: 25cm de ancho, 56cm de alto y 26cm de profundidad. Cuenta con micrófono interno. Con sintonizador de radio.Tiempo de carga de la batería: 4h. SE DEBE ADJUNTAR FICHA TECNICA;1;EA
1057532-736-COT25;50161509;Productos de edulcorantes o azúcares naturales;6 Bolsa de azúcar blanca 1 kg;6;EA
1057532-736-COT25;50201706;Café;6 Tarro de Café 400 gramos;6;EA
1057532-736-COT25;50181905;Galletas dulces o pastelitos;- 48 unidades Galleta cereal fibra (135 g) - 30 unidades Galleta de chocolate rellena (126 gr. Caja contiene 30 unidades aprox). - 48 unidades Galleta Mantequilla 140 g (Caja contiene 24 unidades aprox.)  - 70 unidades Galleta Saladas Crackelet 70g.(Cada caja contiene 35 paquetes aprox.);196;EA
1057532-736-COT25;50202310;Agua mineral;3 Pack Agua Mineral  Sin Gas Botella 1.6 Lts. (6 unidades);3;PACK
1057532-736-COT25;50202310;Agua mineral;3 Pack Agua Mineral  con Gas Botella 1.6 Lts. (6 unidades);3;PACK
1057727-49-COT25;49181508;Paletas de ping-pong;Paleta Profesional 9 Estrellas Ebano-Carbono, similar Camewin Mk Serie 9 Estrellas, debe incluye funda original, Tipo De Mango:FL (Cóncavo). (Adjuntar cotización formal);5;EA
1057727-49-COT25;49181508;Paletas de ping-pong;Paleta Profesional 7 Estrellas Ebano-Carbono, similar Camewin Mk Serie 9 Estrellas, debe incluye funda original, Tipo de mango Lapicero. (Adjuntar cotización formal);1;EA
1057727-49-COT25;49181508;Paletas de ping-pong;"Pelota de tenis de mesa 3 estrellas, calidad poly 40+, caja de 3 piezas, Blanca"", para el jugador avanzado y Profesional, similar Butterfly. (Adjuntar cotización formal)";3;KIT
1057727-49-COT25;49181508;Paletas de ping-pong;El Pack Pelotas 60 Unid Naranja. Con un diámetro de 40 mm y 3 estrellas de calidad, similar a Sensei® 3 Estrellas - Frasco 60 Unidades. (Adjuntar cotización formal);2;KIT
1057727-49-COT25;49181508;Paletas de ping-pong;Kit de limpiador de paleta de Ping Pong + esponja similar Butterfly Spin Refresh , botella de 150 ml. (Adjuntar cotización formal);6;EA
1057727-30-COT25;60104813;Cuadros o muestras de colores;Set (o kit) para pintar por números, incluye al menos un pincel, un set de pintura con todos los colores que necesitas para completar la imagen (generalmente pinturas acrílicas, al óleo, acuarelas e incluso lápices) y un lienzo con la imagen impresa, tamaño de 40 x 50 cm. (Adjuntar cotización formal, indicando la temática de los cuadros);20;KIT
1077241-113-COT25;80111504;Formación, capacitación y entrenamiento de personal;Servicio de capacitación presencial “Jornada de Autocuidado para funcionarias/os PRAIS – SSO”, 24 horas pedagógicas (4 medias jornadas en PRAIS Osorno + 1 jornada externa), 13 participantes. Incluye facilitación/relatoría, materiales, arriendo de salón externo, metodología participativa (mindfulness, dinámicas y coaching), registro de asistencia y memoria de cierre. Enmarcado en Norma General Técnica N°88. Traslados PRAIS no incluidos. Ejecución: oct–nov 2025. Según Especificaciones Técnicas.;1;EA
1057727-2-COT25;50192801;Empanadas, tartas y pies frescos;EMPANADAS DE HORNO APROX 200 GR SIN ACEITUNA. Obligación Revisar Anexo Adjunto. FIG.2, adjuntar propuesta oferta con fotos de productos en formato PDF. Monto Total de Oferta no debe superar el Monto presupuesto informado. Considerar presentar Resol sanitaria en aquellos productos que desconozca su procedencia y Considerar entrega con plazo máximo el 15-09-2024, antes de 08:30 hrs., en Hospital de Río Negro de la comuna de Río Negro.;120;EA
1057727-2-COT25;50181901;Pan fresco;PANES DE COMPLETO. Obligación Revisar Anexo Adjunto. FIG.3, adjuntar propuesta oferta con fotos de productos en formato PDF. Monto Total de Oferta no debe superar el Monto presupuesto informado. Considerar presentar Resol sanitaria en aquellos productos que desconozca su procedencia y Considerar entrega con plazo máximo el 15-09-2024, antes de 08:30 hrs., en Hospital de Río Negro de la comuna de Río Negro.;120;EA
1057727-2-COT25;50171830;Salsas para pringar o condimentos o para untar o marinar;MOSTAZA. Obligación Revisar Anexo Adjunto. FIG.7, adjuntar propuesta oferta con fotos de productos en formato PDF. Monto Total de Oferta no debe superar el Monto presupuesto informado. Considerar presentar Resol sanitaria en aquellos productos que desconozca su procedencia y Considerar entrega con plazo máximo el 15-09-2024, antes de 08:30 hrs., en Hospital de Río Negro de la comuna de Río Negro.;2;KGM
1057727-2-COT25;50171830;Salsas para pringar o condimentos o para untar o marinar;AJI PASTA. Obligación Revisar Anexo Adjunto. FIG.8, adjuntar propuesta oferta con fotos de productos en formato PDF. Monto Total de Oferta no debe superar el Monto presupuesto informado. Considerar presentar Resol sanitaria en aquellos productos que desconozca su procedencia y Considerar entrega con plazo máximo el 15-09-2024, antes de 08:30 hrs., en Hospital de Río Negro de la comuna de Río Negro.;1;KGM
1057727-2-COT25;55121706;Banderas;BANDERA CHILENA GENERO 1MT X 1.5MT. Obligación Revisar Anexo Adjunto. FIG.14, adjuntar propuesta oferta con fotos de productos en formato PDF. Monto Total de Oferta no debe superar el Monto presupuesto informado. Considerar presentar Resol sanitaria en aquellos productos que desconozca su procedencia y Considerar entrega con plazo máximo el 15-09-2024, antes de 08:30 hrs., en Hospital de Río Negro de la comuna de Río Negro.;2;EA
1057727-2-COT25;60111408;Ondas o cintas decorativas;GUIRNALDA PLÁSTICO DE BANDERA CHILENA (ROLLO X 3 MTS APROX). Obligación Revisar Anexo Adjunto. FIG.15, adjuntar propuesta oferta con fotos de productos en formato PDF. Monto Total de Oferta no debe superar el Monto presupuesto informado. Considerar presentar Resol sanitaria en aquellos productos que desconozca su procedencia y Considerar entrega con plazo máximo el 15-09-2024, antes de 08:30 hrs., en Hospital de Río Negro de la comuna de Río Negro.;3;RO
1057727-2-COT25;50202311;Bebidas;BEBIDA LATA 350 CC TIPO CCU VARIOS SABORES. Obligación Revisar Anexo Adjunto. FIG.1, adjuntar propuesta oferta con fotos de productos en formato PDF. Monto Total de Oferta no debe superar el Monto presupuesto informado. Considerar presentar Resol sanitaria en aquellos productos que desconozca su procedencia y Considerar entrega con plazo máximo el 15-09-2024, antes de 08:30 hrs., en Hospital de Río Negro de la comuna de Río Negro.;120;EA
1057727-2-COT25;50101538;Verduras frescas;CEBOLLA. Obligación Revisar Anexo Adjunto. FIG.4, adjuntar propuesta oferta con fotos de productos en formato PDF. Monto Total de Oferta no debe superar el Monto presupuesto informado. Considerar presentar Resol sanitaria en aquellos productos que desconozca su procedencia y Considerar entrega con plazo máximo el 15-09-2024, antes de 08:30 hrs., en Hospital de Río Negro de la comuna de Río Negro.;2;KGM
1057727-2-COT25;50101538;Verduras frescas;TOMATE. Obligación Revisar Anexo Adjunto. FIG.5, adjuntar propuesta oferta con fotos de productos en formato PDF. Monto Total de Oferta no debe superar el Monto presupuesto informado. Considerar presentar Resol sanitaria en aquellos productos que desconozca su procedencia y Considerar entrega con plazo máximo el 15-09-2024, antes de 08:30 hrs., en Hospital de Río Negro de la comuna de Río Negro.;3;KGM
1057727-2-COT25;50131609;Mayonesa;MAYONESA. Obligación Revisar Anexo Adjunto. FIG.6, adjuntar propuesta oferta con fotos de productos en formato PDF. Monto Total de Oferta no debe superar el Monto presupuesto informado. Considerar presentar Resol sanitaria en aquellos productos que desconozca su procedencia y Considerar entrega con plazo máximo el 15-09-2024, antes de 08:30 hrs., en Hospital de Río Negro de la comuna de Río Negro.;2;KGM
1057727-2-COT25;50112002;Carnes congeladas procesadas y preparadas;LONGANISA PARRILLERA 80 GR. Obligación Revisar Anexo Adjunto. FIG.9, adjuntar propuesta oferta con fotos de productos en formato PDF. Monto Total de Oferta no debe superar el Monto presupuesto informado. Considerar presentar Resol sanitaria en aquellos productos que desconozca su procedencia y Considerar entrega con plazo máximo el 15-09-2024, antes de 08:30 hrs., en Hospital de Río Negro de la comuna de Río Negro.;120;EA
1057727-2-COT25;50161813;Dulces de chocolate o sustitutos;ALFAJORES RELLENOS CON MANJAR (50 ALFAJORES X BOLSAS)-(100 GR APROX POR CADA ALFAJOR). Obligación Revisar Anexo Adjunto. FIG.10, adjuntar propuesta oferta con fotos de productos en formato PDF. Monto Total de Oferta no debe superar el Monto presupuesto informado. Considerar presentar Resol sanitaria en aquellos productos que desconozca su procedencia y Considerar entrega con plazo máximo el 15-09-2024, antes de 08:30 hrs., en Hospital de Río Negro de la comuna de Río Negro.;13;BG
1057727-2-COT25;52131503;ropaje;PONCHO DE ALPACA ADULTO TALLA UNICA. Obligación Revisar Anexo Adjunto. FIG.11, adjuntar propuesta oferta con fotos de productos en formato PDF. Monto Total de Oferta no debe superar el Monto presupuesto informado. Considerar presentar Resol sanitaria en aquellos productos que desconozca su procedencia y Considerar entrega con plazo máximo el 15-09-2024, antes de 08:30 hrs., en Hospital de Río Negro de la comuna de Río Negro.;9;EA
1057727-2-COT25;60141108;Juegos clásicos;TROMPOS CHILENOS CON LIENZA. Obligación Revisar Anexo Adjunto. FIG.12, adjuntar propuesta oferta con fotos de productos en formato PDF. Monto Total de Oferta no debe superar el Monto presupuesto informado. Considerar presentar Resol sanitaria en aquellos productos que desconozca su procedencia y Considerar entrega con plazo máximo el 15-09-2024, antes de 08:30 hrs., en Hospital de Río Negro de la comuna de Río Negro.;4;EA
1057727-2-COT25;60141108;Juegos clásicos;EMBOQUES CHILENOS. Obligación Revisar Anexo Adjunto. FIG.13, adjuntar propuesta oferta con fotos de productos en formato PDF. Monto Total de Oferta no debe superar el Monto presupuesto informado. Considerar presentar Resol sanitaria en aquellos productos que desconozca su procedencia y Considerar entrega con plazo máximo el 15-09-2024, antes de 08:30 hrs., en Hospital de Río Negro de la comuna de Río Negro.;4;EA
1057532-702-COT25;39121311;Accesorios eléctricos;Gabinete metálico con contratapa 2 puertas 400x300x200mm;1;EA
1057532-702-COT25;39121311;Accesorios eléctricos;Cañería galvanizada 20mm x 3mt;2;EA
1057532-702-COT25;39121311;Accesorios eléctricos;Terminal HUB 20mm;6;EA
1057532-702-COT25;39121311;Accesorios eléctricos;Abrazaderas caddy con perno/tuerca 20mm;5;EA
1057532-702-COT25;39121311;Accesorios eléctricos;Cañería galvanizada 25mm x 3mt;1;EA
1057532-702-COT25;39121311;Accesorios eléctricos;Abrazaderas caddy con perno/tuerca 25mm;5;EA
1057532-702-COT25;39121311;Accesorios eléctricos;Terminal HUB 25mm;2;EA
1057532-702-COT25;39121311;Accesorios eléctricos;Luz piloto roja con voltímetro digital L.E.D 220 Volts;1;EA
1057532-702-COT25;39121311;Accesorios eléctricos;Bases autoadhesivas 30x30mm;20;EA
1057532-702-COT25;39121311;Accesorios eléctricos;Amarra plástica 200 x 3,5mm;50;EA
1057532-702-COT25;39121311;Accesorios eléctricos;Cajas estanco lisa 80x80mm IP64;5;EA
1057532-702-COT25;39121311;Accesorios eléctricos;Caja estanco lisa 150x150mm IP64;1;EA
1057532-702-COT25;39121311;Accesorios eléctricos;Flexible metálico 20mm;5;MTR
1057532-702-COT25;39121311;Accesorios eléctricos;Terminal recto para flexible metálico 20mm;4;EA
1057532-702-COT25;39121311;Accesorios eléctricos;Flexible metálico 25mm;2;MTR
1057532-702-COT25;39121311;Accesorios eléctricos;Terminal recto para flexible metálico de 25mm;4;EA
1057532-702-COT25;39121311;Accesorios eléctricos;Fotocelda 220 Vac;1;EA
1057532-702-COT25;39121311;Accesorios eléctricos;Soporte fotocelda;1;EA
1057532-702-COT25;39121311;Accesorios eléctricos;Cordón multiflex 3 x 0.75mm;15;MTR
1057532-702-COT25;39121311;Accesorios eléctricos;Prensa estopa PG 11;1;EA
1057532-702-COT25;39121311;Accesorios eléctricos;Regleta conexión tipo H;1;EA
1057532-702-COT25;39121311;Accesorios eléctricos;Interruptor diferencial 40 A 30 mA;1;EA
1057532-702-COT25;39121311;Accesorios eléctricos;Interruptor termomagnético bifásico 25 amperes curva C;1;EA
1057532-702-COT25;39121311;Accesorios eléctricos;Interruptor termomagnético bifásico 16 amperes curva C;1;EA
1057532-702-COT25;39121311;Accesorios eléctricos;Repartidor bipolar 7 conexiones;1;EA
1057532-702-COT25;39121311;Accesorios eléctricos;Porta fusible riel din;2;EA
1057532-702-COT25;39121311;Accesorios eléctricos;Fusible 2 A;2;EA
1057532-702-COT25;39121311;Accesorios eléctricos;Bornes de conexiones 10mm con tornillo;12;EA
1057532-702-COT25;39121311;Accesorios eléctricos;Tope final para bornes de conexión;8;EA
1057532-702-COT25;39121311;Accesorios eléctricos;Tapa para borne de conexión 10mm;2;EA
1057532-702-COT25;39121311;Accesorios eléctricos;Bornera aislada para conexión a tierra;1;EA
1057532-702-COT25;39121311;Accesorios eléctricos;Cable T.A.G (control) color rojo 1mm²;5;MTR
1057532-702-COT25;39121311;Accesorios eléctricos;Cable T.A.G (control) color blanco 1mm²;5;MTR
1057532-702-COT25;39121311;Accesorios eléctricos;Huincha aisladora plástica super +33 3/4 x 20 metros (3M o equivalente);1;EA
1057532-702-COT25;39121311;Accesorios eléctricos;Huincha aisladora engomada 3/4 x 3 metros (3M o equivalente);1;EA
1057532-702-COT25;39121311;Accesorios eléctricos;Equipos iluminación tipo panel L.E.D. 48 W 60X60CM;2;EA
1057532-702-COT25;39121311;Accesorios eléctricos;Equipo reflector de área L.E.D 200 watts 6500K IP 65 (para exterior);3;EA
1057532-712-COT25;14111531;Libros o cuadernos de registro;7 Pack Cuderno College - Cuaderno College 7mm 80 Hojas Pack 10 Uni.  (70 Cuadernos Total);7;EA
1057532-712-COT25;55121616;Banderitas autoadhesivas;10 Set Separador alfabetico, Separador Cartulina Alfabético Oficio;10;EA
1057532-712-COT25;44111502;Organizadores para cajones de escritorio;6 Organizadores De Escritorio metalico De 2 Niveles, Revistero.;6;EA
1057532-712-COT25;44121801;Cinta correctora;2 Pack Cinta correctora (10 Unidades c/u);2;PACK
1057532-712-COT25;55121616;Banderitas autoadhesivas;1 Caja de Pos IT (12 uni. Notas Adhesivas 76x76 );1;EA
1077241-118-COT25;42201815;Unidades radiográficas médicas para uso diagnóstico general;• 8 Cajas de 125 Unidades de Placas de Impresora 8x10  • Paquete con 125 Unidades de Películas para radiografía • Base Azul 8X10  • Compatible con Impresora Láser Drypro Signas KONICA  • Películas térmicamente procesadas para grabaciones lineales de áreas de baja a alta densidad • Paquete Resellable;8;BX
1057532-734-COT25;11151701;Hilo de lana;150 Lana 100% de oveja hilado simple colores surtidos indicar medida;150;OVI
1057532-734-COT25;53141626;Bastidores de bordado;13 Bastidores  telar cuadrado 30 x30;13;EA
1057532-734-COT25;53141627;Agujas de ganchillo;10 Crochet de 2,5 mm;10;EA
1057532-734-COT25;53141627;Agujas de ganchillo;10 Crochet de 3,5 mm;10;EA
1057532-734-COT25;53141627;Agujas de ganchillo;20 Agujas para lana;20;EA
1057532-734-COT25;44121618;Tijeras;10 Tijeras multiuso con mango de goma, 14 cms aprox.;10;EA
1057532-713-COT25;25172504;Neumáticos para camionetas o automóviles;NEUMATICOS 225-75 R16 / SEGUN ESPECIFICACIONES ADJUNTAS;4;EA
1057727-57-COT25;73111507;Servicios de elaboración de caña o mimbre;10 METROS DE VARAS DE MIMBRES, CORTADAS, PELADAS Y PARTIDAS EN 4, LISTAS PARA SU USO. ENTREGADAS EN ESTABLECIMIENTO.;10;MTR
1057922-128-COT25;42182005;Oftalmoscopios o otoscopios o juegos de scopios;Oto oftalmoscopio portátil;2;EA
1077241-117-COT25;50221102;Harina de trigo;1 Harina 25 kg - Fecha vencimiento mayor a 1 año;1;EA
1077241-117-COT25;50192603;Papas, arroz, pastas u otros acompañamientos preparados estables sin refrigerar;2 Arroz Grado 1 largo ancho, 1 kl- Fecha vencimiento mayor a 1 año;2;EA
1077241-117-COT25;50192603;Papas, arroz, pastas u otros acompañamientos preparados estables sin refrigerar;3 Fideos N°87, 400 grs - Fecha vencimiento mayor a 1 año;3;EA
1077241-117-COT25;50151513;Aceites de plantas y verduras comestibles;5 Aceite maravilla 1 lt - Fecha vencimiento mayor a 1 año;5;EA
1077241-117-COT25;50201706;Café;1 Café 400 grs - Fecha vencimiento mayor a 1 año;1;EA
1077241-117-COT25;50221001;Granos de Legumbres;1 Porotos torola 1 kg - Fecha vencimiento mayor a 1 año;1;EA
1077241-117-COT25;50161509;Productos de edulcorantes o azúcares naturales;1 Azucar 5 kg - Fecha vencimiento mayor a 1 año;1;EA
1057532-730-COT25;50112003;Carnes estables sin refrigerar procesadas y preparadas;5 KILOS DE CARNE ROJA. ENTREGA EN LORD COCHRANE 1245 OSORNO, el dia 13/10/2025 ente 08:00 a 09:00 AM. sin perder la cadena de frio., Osorno, Región de los Lagos;5;KGM
1057727-40-COT25;80111504;Formación, capacitación y entrenamiento de personal;Contratación de empresa con trayectoria en dinámicas lúdicas para ejecutar una jornada de autocuidado y cohesión dirigida a funcionarias/os de la Subdirección de Gestión Asistencial del Servicio de Salud Osorno.  •	Cupos estimados: hasta 100 funcionarias/os (aprox.). •	Ubicación: Osorno. •	Lugar: espacio autogestionado por el encargado del proyecto Subdirección de Gestión Asistencial •	Periodo de ejecución: diciembre de 2025, entre las 10:00 hasta las 13:00 hrs  Debe cumplir el 100% de las EETT.;1;EA
1077241-99-COT25;42171701;Mantas de rescate o de urgencia;Manta Térmica de emergencia para protección Isotérmica  de 130 x 210 aprox., material de aluminio fino, reutilizable a prueba de agua y fuego.;150;EA
1057532-732-COT25;50201710;Té de hierbas;4 Yerba Mate 500gms;4;EA
1057532-732-COT25;50201706;Café;2 Tarros grandes tipo nescafé, 400 grs.;2;EA
1057532-732-COT25;50201713;Bolsitas de te;1 Cajas grandes de 100 bolsas tipo lipton;1;EA
1057532-732-COT25;50161509;Productos de edulcorantes o azúcares naturales;5 KG azucar;5;EA
1057532-732-COT25;50181905;Galletas dulces o pastelitos;8 Queques envasados  tipo ideal 200 grs;8;EA
1057532-732-COT25;50181905;Galletas dulces o pastelitos;10 paquetes de galletas surtidas, 140 grs, tipo costa;10;EA
1057532-732-COT25;50202303;Jugos y néctar concentrados;10 botellas de agua saborizadas 1.5 lts sin gas sabores surtidos;10;EA
1057532-732-COT25;50182003;Masa de repostería congelada;6 cajas de 8 unidades de Masa de Sopaipillas congeladas tipo cuisine & CO.;6;BX
1057532-732-COT25;50192110;Nueces o frutos secos;5  Mix Frutos secos surtidos 700grs;5;EA
1057532-732-COT25;50181901;Pan fresco;3 Paquete de pan de molde tipo ideal 600 grs;3;EA
1057532-732-COT25;52121602;Servilletas;5 paquetes de Servilletas, tipo Nova, de 150 unidades.;5;EA
1057532-732-COT25;50192109;Papas fritas o galletas tostadas;6 tarro de papas fritas tipo lays, 134 grs.;6;EA
1057532-723-COT25;43221721;Equipo de comunicación de datos de radiofrecuencia;36 Juego de Perillas plásticas volumen y canales Motorola Dgp5050/Dgp8050/Dgp8550;36;SET
1057532-723-COT25;43221721;Equipo de comunicación de datos de radiofrecuencia;2 MIC RADIO DGM 8500;2;EA
1057532-723-COT25;43221721;Equipo de comunicación de datos de radiofrecuencia;1 BATERIA PARA RADIO DGP 8550;1;EA
1057532-741-COT25;50192503;Rellenos de sándwich frescos;120 Sándwich: tomate - queso fresco - pepinillo	envuelto en alusa y con servilleta;120;EA
1057532-741-COT25;50192303;Postres, helados o yogurt congelado;120 Yogurt batido;120;EA
1057532-741-COT25;50101636;Fruta estable sin refrigerar;60 Naranjas  buen calibre y no machucadas;60;EA
1057532-741-COT25;50161509;Productos de edulcorantes o azúcares naturales;3 Kg de Azucar;3;EA
1057532-741-COT25;52151504;Tazas o vasos desechables domésticos;30 Vasos Polipapel, 250 cc;300;EA
1057532-741-COT25;50181905;Galletas dulces o pastelitos;20 Galletas surtidas;20;EA
1057532-741-COT25;50131701;Leche o productos de mantequilla;5 Leche de Litro;5;EA
1057532-741-COT25;50101636;Fruta estable sin refrigerar;60 Manzanas, buen calibre y no machucadas;60;EA
1057532-741-COT25;14111703;Toallas de papel;5 Toalla de Papel. de 100 mts c/u;5;EA
1057532-741-COT25;50201706;Café;2 Tarros de  Cafe 400 gr;2;EA
1057532-740-COT25;11151701;Hilo de lana;350 Lana 100% de oveja hilado simple colores surtidos indicar medida de 50 gr;350;EA
1057532-740-COT25;53141626;Bastidores de bordado;13 Bastidores  telar cuadrado 30 x30;13;EA
1057532-740-COT25;53141627;Agujas de ganchillo;10 Crochet de 2,5 mm;10;EA
1057532-740-COT25;53141627;Agujas de ganchillo;10 Crochet de 3,5 mm;10;EA
1057532-740-COT25;53141627;Agujas de ganchillo;20 Agujas para lana;20;EA
1057532-740-COT25;44121618;Tijeras;10 Tijeras multiuso con mango de goma, 14 cms aprox.;10;EA
1057727-62-COT25;53102901;Prendas de deporte y buzos de mujer;Juego de 24 Camisetas y Short para basquetbol, según EE.TT. adjuntas;1;SET
1057727-62-COT25;53102901;Prendas de deporte y buzos de mujer;Juego de 24 camisetas para voleibol, según EE.TT adjuntas;1;SET
1057532-654-COT25;53101804;Abrigos y chaquetas para mujer;Cortavientos para mujer, según características técnicas adjuntas;2;EA
1057532-720-COT25;44122011;Carpetas para archivos;CARPETA PLASTIFICADA C/ACCOCLIP OFICIO// cantidad a entregar mensual 300 unidades;1200;EA
1057532-720-COT25;44122011;Carpetas para archivos;CARPETA VINILICA TAMAÑO CARTA (T/TRANSPARENTE)//cantidad a entregar mensual 10 unidades;120;EA
1057532-720-COT25;44122011;Carpetas para archivos;CARPETA VINILICA TAMAÑO OFICIO (T/TRANSPARENTE)//cantidad a entregar mensual 10 unidades;120;EA
1057532-720-COT25;44122103;Corchetes;CORCHETES 23/8 CAJA X 1000 UNIDADES//cantidad a entregar mensual 3 cajas;36;BX
1057532-720-COT25;44121626;Dedales;DEDALES DE GOMA Nº 12, Nº11/ caja de 12 unidades//cantidad a entregar mensual 10 cajas;120;BX
1057532-720-COT25;44122101;Gomas elásticas;ELASTICOS EN BOLSA /60x1,6mm/Bolsa de 250 grs.//cantidad entregar 50 bolsas mesuales.;600;BG
1057532-720-COT25;14111530;Notas de papel autoadhesivo;LOMO ARCHIVADOR AUTOADHESIVO ANCHO (DISTINTOS COLORES)//cantidad entregar 10 Sobres mesuales.;120;SOBR
1057532-720-COT25;44121506;Sobres estándar;SOBRES CARTA PEQUEÑO (PARA CARTAS)// 1 paquete de 25 unidades, entrega mensual;12;PK
1057532-720-COT25;44121506;Sobres estándar;SOBRE TAMAÑO REVISTERO // 1 paquete de 25 unidades, entrega mensual;12;PK
1057532-720-COT25;44121506;Sobres estándar;SOBRE EXTRA SACO BLANCO 30.5 X 39.5//1 paquete de 25 unidades, entrega mensual;12;PK
1057532-720-COT25;60121702;Tinta para timbres;TINTA TAMPON X 40 CC COLOR NEGRO// entrega de 5 frascos mensuales;60;EA
1057532-720-COT25;60121702;Tinta para timbres;TINTA TAMPON X 40 CC COLOR VIOLETA//entrega de 5 frascos mensuales;60;EA
1057532-743-COT25;50161509;Productos de edulcorantes o azúcares naturales;AZUCAR;3;KGM
1057532-743-COT25;50201706;Café;CAFE DE 400 GRAMOS;1;JR
1057532-743-COT25;50161509;Productos de edulcorantes o azúcares naturales;ENDULZANTE;1;VI
1057532-743-COT25;50101634;Fruta fresca;MANZANAS;40;EA
1057532-743-COT25;50101634;Fruta fresca;NARANJAS;40;EA
1057532-743-COT25;50131701;Leche o productos de mantequilla;LECHE POR CAJA DE LITRO. SIN LACTOSA Y DESCREMADA;2;LTR
1057532-743-COT25;50192501;Sandwiches y canapés con relleno frescos;SANDWICH;40;EA
1057532-743-COT25;50192501;Sandwiches y canapés con relleno frescos;SANDWICH;40;EA
1057532-743-COT25;50201712;Bebidas de Té;BOLSITA DE TE;100;BG
1057532-743-COT25;50202310;Agua mineral;AGUA MINERAL;5;EA
1057532-743-COT25;50181905;Galletas dulces o pastelitos;GALLETAS;10;PK
1057532-742-COT25;52152010;Termos domésticos;1 TERMO.;1;EA
1057532-746-COT25;41104801;Unidades de frascos o retortas;100 Frasco de vidrio roll on ambar 5cc;100;EA
1057532-746-COT25;41104801;Unidades de frascos o retortas;100 Frasco gotario vidrio ambar 30 cc;100;EA
1057532-746-COT25;42312312;Bandejas de cuidado o limpieza cutáneos;Kit Curación (40): • 1 unidad Bandeja médica dos divisiones (17 x 11 cm). • 3 unidades Gasa no tejida 7,5 x 7,5 cm. • 1 unidad Tijera quirúrgica de punta 4,5” metálica desechable. • 1 unidad Pinza anatómica 5” metálica desechable. • 1 unidad Pinza quirúrgica 5” metálica desechable. • 1 unidad Regla de papel no termolaminada 2 X 30 cm. • 3 unidades Tórulas no gauze 3 cm. • 1 unidad Campo para envolver (SMS) azul 40 x 40 cm. • 1 Manga para esterilización 20 x 29 cm.;40;KIT
1057532-746-COT25;48101611;Balanzas de uso comercial;5 Modelo soporta hasta 10kg., baterías incluidas;5;EA
1057532-746-COT25;51102710;Antisépticos basados en alcohol o acetona;5 botellas de 1 lts (Alcohol 70);5;EA
1077241-124-COT25;82101601;Publicidad en radio;6 Entrevistas:  EETT: - Espacio de entrevista de 20 a 30 minutos, en vivo.                                                                        - Periodicidad: 1 entrevista cada 15 días. - Entre días lunes a viernes. - Horario: Entre 08:00 a 12:00 AM.                                                          - Duración: por 3 meses. - Emisora radial, señal AM - FM. - Alcance a la provincia de Osorno  (SAN JUAN DE LA COSTA, SAN PABLO, RIO NEGRO, PURRANQUE, PUERTO OCTAY, PUYEHUE).;6;EA
1077241-126-COT25;82101507;Folletos y catálogos publicitarios, servicios de publicidad y distribución;folleteria.;42500;EA
1077241-125-COT25;50221102;Harina de trigo;1 Harina 25 kg - Fecha vencimiento mayor a 1 año;1;EA
1077241-125-COT25;50192603;Papas, arroz, pastas u otros acompañamientos preparados estables sin refrigerar;2 Arroz Grado 1 largo ancho, 1 kl- Fecha vencimiento mayor a 1 año;2;EA
1077241-125-COT25;50192603;Papas, arroz, pastas u otros acompañamientos preparados estables sin refrigerar;3 Fideos N°87, 400 grs - Fecha vencimiento mayor a 1 año;3;EA
1077241-125-COT25;50151513;Aceites de plantas y verduras comestibles;5 Aceite maravilla 1 lt - Fecha vencimiento mayor a 1 año;5;EA
1077241-125-COT25;50201706;Café;1 Café 400 grs - Fecha vencimiento mayor a 1 año;1;EA
1077241-125-COT25;50221001;Granos de Legumbres;1 Porotos torola 1 kg - Fecha vencimiento mayor a 1 año;1;EA
1077241-125-COT25;50161509;Productos de edulcorantes o azúcares naturales;1 Azucar 5 kg - Fecha vencimiento mayor a 1 año;1;EA
1057532-727-COT25;52161505;Televisores convencionales, de plasma y LCD;Samsung 43 FHD T5203 Smart TV 2024//debe disponer obligatoriamente dirección del servicio técnico dentro de la ciudad de Osorno,;3;EA
1057532-744-COT25;50202304;Jugos y néctar envasados;50 Jugo Líquido piña 200 cc formato de 200 cc. Sabor piña, segun eett;50;EA
1057532-744-COT25;50202304;Jugos y néctar envasados;50 Jugo Líquido naranja 200 cc formato de 200 cc. Sabor naranja, segun eett;50;EA
1057532-744-COT25;50202310;Agua mineral;100 Agua mineral con gas formato 500 ml, segun eett;100;EA
1057532-744-COT25;50202310;Agua mineral;100 Agua mineral sin gas formato 500 ml, segun eett;100;EA
1057532-744-COT25;50181901;Pan fresco;250 Pan hallulla unidades , segun eett;250;EA
1057532-744-COT25;50161814;Dulces con azúcar o sustitutos;100 Alfajores formato 40 grs, segun eett;100;EA
1057532-744-COT25;50161814;Dulces con azúcar o sustitutos;50 Barritas de Cereal, chocolate Sabor Chocolate, segun eett;50;EA
1057532-744-COT25;50161814;Dulces con azúcar o sustitutos;50 Barritas de Cereal, frutos rojos Sabor Frutos Rojos, segun eett;50;EA
1057532-744-COT25;50112001;Carnes frescas procesadas y preparadas;Pechuga Asada laminada, Sachet de 200 grs., segun eett;25;EA
1057532-744-COT25;50131801;Queso natural;5 Queso laminado, bolsa de 1 kg., segun eett;5;KGM
1057532-661-COT25;60105609;Materiales educativos sobre los desórdenes de la alimentación;"Set de láminas ""Arma tu comida"", según especificaciones técnicas adjuntas.";23;EA
1057532-661-COT25;60105609;Materiales educativos sobre los desórdenes de la alimentación;"Set de láminas de ""Medidas caseras"", según especificaciones técnicas adjuntas.";23;EA
1057532-661-COT25;60105609;Materiales educativos sobre los desórdenes de la alimentación;"Replica de alimentos ""conoce tus alimentos"", según especificaciones técnicas adjuntas.";23;EA
1057532-661-COT25;60105609;Materiales educativos sobre los desórdenes de la alimentación;Juegos memorice y clasifique alimentos, según características técnicas adjuntas.;23;EA
1057532-661-COT25;60105609;Materiales educativos sobre los desórdenes de la alimentación;Tablero didáctico de juegos con preguntas de nutrición, según características técnicas;23;EA
1057532-756-COT25;50201712;Bebidas de Té;1 CAJA DE TE LIPTON O SIMILAR EN BOLSITA DE 100 UNIDADES;1;BX
1057532-756-COT25;50161509;Productos de edulcorantes o azúcares naturales;300 UNIDADES DE AZUCAR EN SACHET (3 CAJAS DE 100 UNI);300;EA
1057532-756-COT25;50161509;Productos de edulcorantes o azúcares naturales;1 BOTELLA ENDULZANTE 180 ML. ALULOSA;1;EA
1057532-756-COT25;52151504;Tazas o vasos desechables domésticos;120 VASOS POLI PAPEL, BEBIDA CALIENTE, 240 CC/8 OZ;120;EA
1057532-756-COT25;52151504;Tazas o vasos desechables domésticos;100 CUCHARAS DE MADERA PARA CAFÉ, TAMAÑO PEQUEÑO;100;EA
1057532-756-COT25;52151617;Cucharas de madera de uso doméstico;50 UNIDADES DE PLATOS ECOLOGICOS BIODEGRADABLES, 18 CMS. DIAMETRO APROX.;50;EA
1057532-756-COT25;50181905;Galletas dulces o pastelitos;5 GALLETAS, DONOUTS CHOCOLATE, BLANCO, NARANJA ETC;5;EA
1057532-756-COT25;50181905;Galletas dulces o pastelitos;10 GALLETAS CRIOLLITAS 100 GRS.;10;EA
1057532-756-COT25;50181905;Galletas dulces o pastelitos;5 GALLETAS GRETEL, CHOCOLATE BLANCO, MCKAY Ó SIMILAR;5;EA
1057532-756-COT25;50181905;Galletas dulces o pastelitos;10 GALLETAS NIZA, MCKAY Ó SIMILAR;10;EA
1057532-756-COT25;50181905;Galletas dulces o pastelitos;5 GALLETAS SELZ CLASICA SALADAS DE 140 GRS.;5;EA
1057532-756-COT25;50201706;Café;1 Cafe Nescafe Stick Sachet 108 Unidades de 1.8 Gr (Referencia);1;BX
1057532-756-COT25;50181905;Galletas dulces o pastelitos;5 MINI TOSTATIDAS TWISTOS SABOR QUESO 110 GRS.;5;EA
1057532-745-COT25;82101507;Folletos y catálogos publicitarios, servicios de publicidad y distribución;CUADERNILLOS.;4000;EA
1057532-757-COT25;81112101;Proveedores de servicio de Internet (ISP);- Servicio de Internet, TV y Telefonía por 12 meses  - Contratación desde Enero a Diciembre 2026.  - TV con DECO.  - Fibra 940 Megas.  - Servicio de Instalación de los equipos para su correcto funcionamiento. - (Enviar cotización);1;EA
1057532-747-COT25;52151503;Cubertería desechable doméstica;20 Set 100 Vasos poli papel Kraft 4 OZ 118ml (2.000 UNIDADES);20;PK
1057532-747-COT25;52151504;Tazas o vasos desechables domésticos;4 CAJA DE Revolvedores de Madera 14 cm, 6mm. Caja de 1.000 unidades (4.000 UNIDADES);4;PK
1057532-747-COT25;52151502;Platos desechables domésticos;4 PAQUETE DE CUCHARA DE MADERA 11 cm (paquete de 100 Unidades) (400 UNIDADES);4;PK
1057532-747-COT25;52151503;Cubertería desechable doméstica;4 PAQUETE DE PLATO DE PLÁSTICO BLANCO (paquete de 50 Unidades). diámetro 22 cm. (200 UNIDADES);4;PK
1057727-65-COT25;60122002;Accesorios de tejido;Set Palillos de crochet. El set incluye: - 9 crochet con mango de silicona suave - 12 crochet finos de metal - 5 ovillos del lana de 25gramos cada uno - marcadores de puntada - agujas de plástico - medidor de palillos - tijera cortahilachas - huincha de medir - bolsito para transporte. (Adjuntar cotización formal indicando lo que contiene el Kit);3;KIT
1057727-65-COT25;60122002;Accesorios de tejido;Lana Bicolor diferentes tonos, Hilados Hipoalérgenico y Sedificado • Composición: 100% Acrílico • Hebras: 2 • Liso • Gramaje: 100 grs. aprox. • Metros: 100 mts. aprox. • Grosor: 4 Medio • Palillo: Nº 8 • Crochet: Nº 8 • Especial para Telar (Adjuntar cotización);55;OVI
1057727-65-COT25;60122002;Accesorios de tejido;PALILLOS N° 3, Palillos Rectos Bambu 36 cm (Adjuntar cotización);15;EA
1057727-65-COT25;60122002;Accesorios de tejido;PALILLOS N° 6, Palillos Rectos Bambu 36 cm (Adjuntar cotización);10;EA
1057727-65-COT25;60122002;Accesorios de tejido;PALILLOS N° 7, Palillos Rectos Bambu 36 cm (Adjuntar cotización);5;EA
1057727-65-COT25;60122002;Accesorios de tejido;80 OVILLOS LANA UN COLOR (DISTINTOS TONOS) Hilados Hipoalérgenico • Composición: 100% Algodón Premium • Gramaje: 100 grs. aprox. Metros: 250 mts. aprox. • Muestra de 10x10: 22 P - 28 C • Grosor: 1 Súper Fino • Palillo: Nº 3 • Crochet: Nº 3 • Título: 10.1/4 • Talla 42: 500 grs. aprox. • Hebras: 4 Hebras (Adjuntar cotización);60;OVI
1077241-132-COT25;60121402;Marcos de secciones de madera;MARCO;1;EA
1057532-724-COT25;52141501;Refrigeradores domésticos;Refrigerador Bottom Freezer Mademsa MED 165 / Frío Directo / 166 Litros / A+//Se debe considerar servicio técnico dentro de la ciudad de Osorno;2;EA
1057532-724-COT25;52141501;Refrigeradores domésticos;Visicooler 100Lts Sobremesa 1 Puerta VC-100 Ventus//Se debe considerar servicio técnico dentro de la ciudad de Osorno;2;EA
1057532-725-COT25;52141502;Hornos microondas domésticos;Microondas Comercial 25 lts./1000 W frigas//debe considerar dirección del servicio técnico dentro de la ciudad de Osorno;1;EA
1057532-725-COT25;52141502;Hornos microondas domésticos;Horno Eléctrico 100 Lt H PRO-I Ursus Trotter//debe considerar dirección del servicio técnico dentro de la ciudad de Osorno;1;EA
1057532-725-COT25;52141526;Cafeteras domésticas;Cafetera Oster® PrimaLatte™ Touch BVSTEM6801M//debe considerar dirección del servicio técnico dentro de la ciudad de Osorno;1;EA
1057532-726-COT25;52141802;Estufas domésticas;Estufa Eléctrica Infrarroja 1500W Thor Green 1500W Wifi//debe disponer obligatoriamente dirección del servicio técnico dentro de la ciudad de Osorno,;1;EA
1057532-726-COT25;40101706;Persianas de aire acondicionado;Adquisición e instalación quipo de aire acondicionado Split muro frio/calor de 12000BTU con soporte, unidad externa, bomba de condensado e instalación eléctrica//debe disponer obligatoriamente dirección del servicio técnico dentro de la ciudad de Osorno,;1;EA
1057532-759-COT25;60121108;Croqueras;CROQUERAS.;4;EA
1057532-759-COT25;60121512;Lápices de acuarela;LAPICES;4;KIT
1057532-759-COT25;44121702;Juegos de bolígrafos y lápices;LAPICES.;4;KIT
1057532-759-COT25;60121108;Croqueras;CROQUERA.;16;EA
1057532-759-COT25;44121708;Marcadores;MARCADORES;16;KIT
1057532-765-COT25;49101609;Ornamentos y decoraciones;300 Globos personalizados para Programa de Prevención, Promoción y Diagnósticos precoz de cánceres más prevalentes en mujeres en la Provincia de Osorno. Especificaciones Técnicas adjuntas.;300;EA
1057532-761-COT25;31161903;Resortes espirales;1 BOLSA DE COLOR BLANCO / 1 BOLSA COLOR NEGRO ESPIRALES PLASTICOS 68 PASOS 10 MM100 UNIDADES;2;BG
1057532-761-COT25;30102015;Lámina de plástico;LAMINA PARA TERMOLAMINAR.;2;KIT
1057532-761-COT25;60121301;Guillotinas;GUILLOTINA.;1;EA
1057532-761-COT25;23121606;Máquinas plegadoras o recanilladoras;ANILLADORA.;1;EA
1057532-761-COT25;31161903;Resortes espirales;BOLSAS  COLOR NEGRO 2 / COLOR BLANCO 1 ESPIRALES PLASTICOS 68 PASOS 8 MM 10 UNIDADES;3;BG
1057532-761-COT25;11101501;Mica;MICAS;3;KIT
1057532-753-COT25;90101701;Gestión de cafetería;Servicio de Cafetería para dos días 17 y 18 de Noviembre 2025, para 31 raciones por día en jornada AM, lugar de la actividad será confirmada, esto se realizara en la ciudad de Puerto Octay;62;EA
1077241-133-COT25;60124318;Papel maché;1 CAJA DE OPALINA X 100 UNIDADES COLOR BLANCO.;1;BX
1057532-758-COT25;44121604;Timbres y sellos;TIMBRE AUTOMATICO.;1;EA
1077241-135-COT25;82101507;Folletos y catálogos publicitarios, servicios de publicidad y distribución;TRIPTICOS.;1000;EA
1077241-135-COT25;82101507;Folletos y catálogos publicitarios, servicios de publicidad y distribución;DIPTICOS.;2000;EA
1077241-135-COT25;82101507;Folletos y catálogos publicitarios, servicios de publicidad y distribución;VOLANTES.;1000;EA
1057532-754-COT25;90101701;Gestión de cafetería;Servicio de Cafetería para dos días 16 y 17 de octubre 2025, para 31 raciones por día en jornada AM, lugar de la actividad será confirmada, esto se realizara en la ciudad de Rio Negro;62;EA
1077241-130-COT25;60124317;Masa de modelado;MASITAS MOLDEABLES.;10;EA
1077241-130-COT25;60124317;Masa de modelado;MASAS TERAPEUTICAS;3;EA
1077241-130-COT25;42251502;Productos de evaluación, ensayos sensoriales, perceptuales, de desteridad y cognitivos;1 PAX DE 18 TUBOS SENSORIALES;1;EA
1077241-130-COT25;42251502;Productos de evaluación, ensayos sensoriales, perceptuales, de desteridad y cognitivos;FIDGET TOYS;1;EA
1077241-130-COT25;42251619;Arcillas de cerámica terapéuticas o accesorios;MASAS MAGICAS;5;EA
1077241-130-COT25;60124515;Juguetes cognitivos;JUGUETES ANTIESTRES;3;EA
1077241-130-COT25;60124515;Juguetes cognitivos;JUGUETE.;1;EA
1057532-760-COT25;46171506;Cajas fuertes;CAJA FUERTE SEGÚN ESPECIFICACIONES ADJUNTAS;1;EA
1057532-760-COT25;46171503;Juegos de cerraduras;CERRADURA PARA CAJONES 22 MM (PACK DE 2 UNID.);1;PACK
1057727-64-COT25;80141607;Producción de eventos;1 contratación de una productora para la realización de un evento Full Day aniversario del Hospital Purranque. Debe contemplar recinto en Purranque para el dia 24 de octubre para 150 personas aprox., implementación técnica, alimentación, animación, actividades recreativas y premiación, decoración y registro fotográfico de cada jornada.;1;EA
1077241-106-COT25;48101714;Dispensadores de agua caliente o termos;Termo sifón agua caliente de acero inoxidable, capacidad de 3 a 3,5 litros.;1;EA
1057922-120-COT25;42182602;Lámparas o luces instaladas de examen médico;LUPA CON LUZ DE ACUERDO A ESPECIFICACIONES TÉCNICAS ADJUNTAS;1;EA
1057727-31-COT25;60122002;Accesorios de tejido;Set Palillos de crochet. El set incluye: - 9 crochet con mango de silicona suave - 12 crochet finos de metal - 5 ovillos del lana de 25gramos cada uno - marcadores de puntada - agujas de plástico - medidor de palillos - tijera cortahilachas - huincha de medir - bolsito para transporte. (Adjuntar cotización formal indicando lo que contiene el Kit);3;KIT
1077241-128-COT25;82101902;Avisos en televisión;Servicio de difusión en TV con alcance regional X Región de los Lagos, según Especificaciones Técnicas adjuntas;1;EA
1057532-763-COT25;45111603;Pantallas de proyección;Arriendo de pantalla Led con Atril y Operador, se debe adjuntar obligatoriamente Formulario N°2 firmado;1;EA
1057532-775-COT25;44121708;Marcadores;10 plumones de pizarra color negro;10;EA
1057532-775-COT25;44121708;Marcadores;10 plumones de pizarra color azul;10;EA
1057532-775-COT25;44121708;Marcadores;10 plumones de pizarra color rojo;10;EA
1057532-775-COT25;44121701;Lápiz pasta;2 caja de 50 lápices pasta azul.;2;BX
1057532-775-COT25;44121701;Lápiz pasta;2 caja de 50 lápices pasta rojo;2;BX
1057532-775-COT25;44121701;Lápiz pasta;2 caja de 50 lápices pasta negro;2;BX
1057532-775-COT25;60121124;Papel kraft;40 pliegos de papel kraft;40;EA
1057532-775-COT25;44121708;Marcadores;30 lápices desatacadores de diferentes colores.;30;EA
1057532-775-COT25;44122011;Carpetas para archivos;20 Carpetas con acoclip;20;EA
1057532-775-COT25;55121616;Banderitas autoadhesivas;20 Notas Adhesivas diferentes colores 76x76mm de 100;20;EA
1057532-764-COT25;23121606;Máquinas plegadoras o recanilladoras;1 anilladora;1;EA
1057532-764-COT25;31161903;Resortes espirales;2 bolsas de color negro  / 1 bolsa de color blanco  8 mm.;3;BG
1057532-764-COT25;31161903;Resortes espirales;1 bolsa de color negro / 1 bolsa de color blanco 10 mm.;2;BG
1057532-764-COT25;11101501;Mica;3 paquetes de 100 unidades ( 2 cajas de color natural / 1 caja de color humo );3;PK
1057532-764-COT25;30102015;Lámina de plástico;2 paquetes de 100 unidades c/u;2;PK
1057532-764-COT25;60121301;Guillotinas;guillotina.;1;EA
1057532-767-COT25;60121108;Croqueras;4 CROQUERA;4;EA
1057532-767-COT25;44121702;Juegos de bolígrafos y lápices;4 KIT DE LAPICES ACUARELABLES;4;KIT
1057532-767-COT25;44121702;Juegos de bolígrafos y lápices;4 KIT DE LAPICES GEL;4;KIT
1057532-767-COT25;60121108;Croqueras;4 CROQUERA;4;EA
1057532-767-COT25;44121708;Marcadores;16 KIT DE 36 COLORES;16;KIT
1057532-749-COT25;39111702;Lámparas portátiles;Adquisición Lámpara Emergencia Dos Focos Especificaciones técnicas adjuntas.;1;EA
1057532-739-COT25;14111509;Artículos de papelería;Pack goma eva colores glitter autoadhesiva Tamaño de cada hoja20x30cm, colores surtidos, 1 pack de 6 pliegos;1;PACK
1057532-739-COT25;14111509;Artículos de papelería;Pack 100 opalina color pastel Tamaño Carta, gramaje 250 g/m2 acabado mate;1;PACK
1057532-739-COT25;14111509;Artículos de papelería;Pack 100 opalina lisa blanca Tamaño Carta gramaje 250 g/m2 acabado mate;1;PACK
1057532-739-COT25;44121615;Corcheteras;Corchetera mediana 25 hojas Corchetes 24/6 - 26/6 plástica;8;EA
1057532-739-COT25;44121605;Dispensador de cinta;Dispensador cinta adhesiva mediano Material plástico, cinta adhesiva de escritorio 30mts, 18mm;8;EA
1057532-739-COT25;44111512;Organizador de folletos;Bandeja organizadora escritorio 2 niveles Material metal, con separadores;8;EA
1057532-739-COT25;44111515;Organizadores o cajas de almacenamiento de archivos;Organizador de escritorio malla porta lápiz altura x ancho: 10x20cm, material metal, multipropósito;8;EA
1057532-739-COT25;45101702;Guillotinas de imprenta;Guillotina papel corte recto A4 Capacidad de hojas por corte: 8. Largo máximo de corte: 32cm. Para hojas tamaño: A4. Con guía de corte.;1;EA
1057532-739-COT25;44102801;Plastificadoras;Laminadora térmica para plastificar documentos y fotos. Tamaño de papel: a4 ancho de entrada: 230 mm grosor mínimo de la bolsa:160(2x80) micras;1;EA
1057532-739-COT25;44111802;Láminas de dibujo;Pack 100 láminas para termolaminar tamaño oficio mica 100 láminas 125 micrones;3;PACK
1057532-739-COT25;44122019;Cajas de archivo o accesorios;Caja Organizadora 15 Lt. Alto :16 cm. Ancho : 32cm. Largo : 42 cm. Con tapa;1;EA
1057532-739-COT25;12352310;Siliconas;Silicona líquida fría 100 ml.;10;EA
1057532-739-COT25;14121503;Cartulina;cartulina 10 sobres de 18 pliegos Pliegos 26.5 x 37.5 cm colores surtidos;10;SOBR
1057532-739-COT25;44121618;Tijeras;Tijera mediana 17 cm;8;EA
1057532-739-COT25;24111502;Bolsas de papel;Bolsa con manilla papel kraft o similar de distintos colores de 21cm*15cm*8cm, mediana. Colores surtidos.;50;EA
1057532-739-COT25;44111802;Láminas de dibujo;Pack 100 láminas para termolaminar tamaño carta mica 100 láminas  125 micrones;3;PACK
1057532-737-COT25;73152101;Servicio de mantenimiento de equipo de fabricación;Mantención Preventiva y Correctiva Camillas de Transporte Base Samu / Según Especificaciones Adjuntas.;6;EA
1077241-137-COT25;73131506;Servicios de elaboración de infusiones;MANZANILLA;2;KGM
1077241-137-COT25;73131506;Servicios de elaboración de infusiones;MELISA;2;KGM
1077241-137-COT25;73131506;Servicios de elaboración de infusiones;LAVANDA;2;KGM
1077241-137-COT25;73131506;Servicios de elaboración de infusiones;DIENTE DE LEON;2;KGM
1077241-137-COT25;73131506;Servicios de elaboración de infusiones;PASIFLORA;2;KGM
1077241-137-COT25;73131506;Servicios de elaboración de infusiones;VALERIANA;2;KGM
1077241-137-COT25;73131506;Servicios de elaboración de infusiones;HIERBA DE SAN JUAN;2;KGM
1057727-61-COT25;91101503;Servicios de masajes;Implementar un programa de terapias complementarias dirigido a los funcionarios del Hospital de Puerto Octay con el fin de promover el bienestar físico, emocional y mental, contribuyendo a mejorar su calidad de vida y desempeño laboral. ADJUNTAR CERTIFICADOS DE ESPECIALISTAS EN TERAPIAS.;25;EA
1077241-134-COT25;73131506;Servicios de elaboración de infusiones;MANZANILLA;2;KGM
1077241-134-COT25;73131506;Servicios de elaboración de infusiones;MELISA;2;KGM
1077241-134-COT25;73131506;Servicios de elaboración de infusiones;LAVANDA;2;KGM
1077241-134-COT25;73131506;Servicios de elaboración de infusiones;DIENTE DE LEON;2;KGM
1077241-134-COT25;73131506;Servicios de elaboración de infusiones;PASIFLORA;2;KGM
1077241-134-COT25;73131506;Servicios de elaboración de infusiones;VALERIANA;2;KGM
1077241-134-COT25;73131506;Servicios de elaboración de infusiones;HIERBA DE SAN JUAN.;2;KGM
1057532-755-COT25;30151901;Toldos;TOLDO;1;EA
1057532-750-COT25;90101701;Gestión de cafetería;Servicio de Cafeteria para dos dias 16 y 17 de octubre 2025, para 31 raciones por dia en jornada AM, lugar de la actividad sera coordinada, esto se realizara en la ciudad de San Pablo;62;EA
1057532-752-COT25;90101701;Gestión de cafetería;Servicio de Cafeteria para dos dias 06 y 07 de noviembre 2025, para 38 raciones por dia en jornada AM, lugar de la actividad sera confirmada, esto se realizara en la ciudad de Comuna Purranque.;76;EA
1057532-751-COT25;90101701;Gestión de cafetería;Servicio de Cafeteria para dos dias 22,23 y 24 de octubre 2025, para 38 raciones por dia en jornada AM, lugar de la actividad sera confirmada, esto se realizara en la ciudad de Comuna Rio Negro;114;EA
1057532-777-COT25;52151504;Tazas o vasos desechables domésticos;300 VASOS PLASTICOS TRANSPARENTE.;300;EA
1057532-777-COT25;50161509;Productos de edulcorantes o azúcares naturales;5 KILOS DE AZUCAR.;5;KGM
1057532-777-COT25;50202304;Jugos y néctar envasados;150 JUGOS CAJA INDIVIDUAL DE 200 CC.;150;EA
1180747-46-COT25;52141502;Hornos microondas domésticos;Microondas;1;EA
1180747-46-COT25;52141519;Hornos de convección domésticos;Horno eléctrico;1;EA
1180747-46-COT25;52141501;Refrigeradores domésticos;Refrigerador 250 litros;1;EA
1180747-46-COT25;52161505;Televisores convencionales, de plasma y LCD;Televisor 50 pulgadas;1;EA
1057532-787-COT25;42182805;Básculas de piso de paciente;01 balanza digital con monitor corporal Especificaciones técnicas adjuntas;1;EA
1057532-771-COT25;52141501;Refrigeradores domésticos;Refrigerador Bottom Freezer MED 165 / Frío Directo / 166 Litros / A+;2;EA
1057532-771-COT25;52141501;Refrigeradores domésticos;Visicooler 100Lts Sobremesa 1 Puerta VC-100;2;EA
1077241-136-COT25;49201611;Máquinas de ejercicios múltiples;01 trotadora. Especificaciones técnicas adjuntas.;1;EA
1057532-770-COT25;52141502;Hornos microondas domésticos;Microondas Comercial 25 lts./1000W;1;EA
1057532-770-COT25;52141502;Hornos microondas domésticos;Horno Eléctrico 100 Lt H PRO-I;1;EA
1057532-770-COT25;52141526;Cafeteras domésticas;Cafetera PrimaLatte™ Touch BVSTEM6801M;1;EA
1057727-66-COT25;55121715;Banderas o accesorios;Bandera Mapuche Huilliche de 1 metro x 1.5 metros con bordado( hojas, luna, sol deben incluir bordado), Se adjunta modelo de bandera.;1;EA
1057727-66-COT25;53141502;Alfileres de gancho;Chapitas con alfiler de 6cm de diametro distintivos alusivos a interculturalidad con logo mapuche y logo HPU, se adjunta diseño a realizar.;40;EA
1057922-130-COT25;41103022;Transporte o almacenamiento refrigerado;Caja transporte refrigerados;2;EA
1057532-781-COT25;31201512;Cinta Transparente;CINTA DE TELA SATINADA;15;RO
1057532-781-COT25;53141502;Alfileres de gancho;500 ALFILERES;500;EA
1057532-781-COT25;13101708;Silicona VMQ y PMQ y PVMQ;200 BARRAS DE SILICONA.;200;BAR
1077241-141-COT25;73131506;Servicios de elaboración de infusiones;manzanilla ( infusiones medicinales);500;GR
1077241-141-COT25;73131506;Servicios de elaboración de infusiones;melisa ( infusiones medicinales);500;GR
1077241-141-COT25;73131506;Servicios de elaboración de infusiones;lavanda ( infusiones medicinales);500;GR
1077241-141-COT25;73131506;Servicios de elaboración de infusiones;diente de leon ( infusiones medicinales);500;GR
1077241-141-COT25;73131506;Servicios de elaboración de infusiones;pasiflora ( infusiones medicinales);500;GR
1077241-141-COT25;73131506;Servicios de elaboración de infusiones;valeriana ( infusiones medicinales);500;GR
1077241-141-COT25;73131506;Servicios de elaboración de infusiones;hierba de san juan ( infusiones medicinales);500;GR
1057532-780-COT25;60101906;Afiches del alfabeto;200 AFICHES;200;EA
1057532-780-COT25;60101906;Afiches del alfabeto;200 AFICHES;200;EA
1057532-766-COT25;80111504;Formación, capacitación y entrenamiento de personal;Jornada de Sensibilización Intercultural para funcionarios del dispositivo Kümelen;1;EA
1057532-789-COT25;42182805;Básculas de piso de paciente;01 balanza digital con medidor corporal. Especificaciones técnicas adjuntas;1;EA
1180747-45-COT25;47121702;Envases para residuos o forros rígidos;Contenedor 120L gris;2;EA
1180747-45-COT25;47121804;Cubos o baldes para limpieza;Carro de aseo;1;EA
1180747-45-COT25;47121702;Envases para residuos o forros rígidos;2 Contenedor gris con pedal 20L y 6 Contenedor gris con pedal 10L;8;EA
1057532-790-COT25;82101903;Avisos en Internet;"Publicación de aviso concurso ""Consultores de Llamada año 2026"" en diario digital o impreso, de Circulación Regional (Décima Región de los Lagos) o nacional, el día viernes 03 de noviembre 2025. (se adjunta aviso) Serán declaradas inadmisibles las ofertas que no adjunten lo siguiente: -FORMULARIO Nº 1 “IDENTIFICACIÓN DEL OFERENTE"", FORMULARIO N°2 “ESPECIFICACIONES TÉCNICAS”";1;EA
1077241-108-COT25;80111504;Formación, capacitación y entrenamiento de personal;Servicio de capacitación presencial “Jornada de Autocuidado para funcionarias/os PRAIS – SSO”, 24 horas pedagógicas (4 medias jornadas en PRAIS Osorno + 1 jornada externa), 13 participantes. Incluye facilitación/relatoría, materiales, arriendo de salón externo, metodología participativa (mindfulness, dinámicas y coaching), registro de asistencia y memoria de cierre. Enmarcado en Norma General Técnica N°88. Traslados PRAIS no incluidos. Ejecución: oct–nov 2025. Según Especificaciones Técnicas.;1;EA
1057532-698-COT25;93141702;Servicios de promoción cultural;Taller de fotografía según formulario de especificaciones técnicas adjuntas.;1;EA
1057532-768-COT25;52141802;Estufas domésticas;Estufa Eléctrica Infrarroja 1500W, 1500W Wifi, Adjuntar ficha Tecnica.;1;EA
1057532-768-COT25;40101706;Persianas de aire acondicionado;Adquisición e instalación equipo de aire acondicionado a muro frio/calor de 12000BTU con soporte, unidad externa, bomba de condensado e instalación eléctrica en la ciudad de Osorno,;1;EA
1057922-129-COT25;56112106;Banquetas;Banqueta 3 Cuerpos De acuerdo a Especificaciones Técnicas Adjuntas.;4;EA
1057922-129-COT25;56112102;Sillas para trabajar;Silla Ergonómica Ecocuero De acuerdo a Especificaciones Técnicas Adjuntas.;8;EA
1057922-129-COT25;56101504;Sillas;Silla Visita De acuerdo a Especificaciones Técnicas Adjuntas;27;EA
1057532-738-COT25;60141101;Juegos educativos;"Kit de set ""Arma Tu Comida""  Bases técnicas adjuntas, imágenes referenciales.";7;KIT
1057532-738-COT25;60141101;Juegos educativos;Kit láminas con réplicas de alimentos  Bases técnicas adjuntas, imágenes referenciales.;7;KIT
1057532-738-COT25;60141101;Juegos educativos;"Kit láminas con sellos ""Alto en""  Bases técnicas adjuntas, imágenes referenciales.";7;KIT
1057532-738-COT25;60141101;Juegos educativos;"Juego didáctico ""Memorice: grupos de alimentos""  Bases técnicas adjuntas, imágenes referenciales.";7;EA
1057532-738-COT25;60141101;Juegos educativos;"Juego didáctico ""Aprenda a elegir en el supermercado""  Bases técnicas adjuntas, imágenes referenciales.";7;EA
1057532-738-COT25;60141101;Juegos educativos;Juego didáctico UNO para reconocer alimentos saludables  Bases técnicas adjuntas, imágenes referenciales.;7;EA
1057532-786-COT25;42311532;Apósitos secos;Apósito RTD: Espuma de poliuretano de calidad médica hidrófilo con plata iónica, azul de metileno y violeta de genciana, hipoalergénico, libre de látex, estéril, recortable.Medidas Aprox: 10*10 cm., de acuerdo a requerimientos técnicos adjuntos. Serán declaradas inadmisibles las ofertas que no adjunten lo siguiente: -FORMULARIO Nº 1 “IDENTIFICACION DEL OFERENTE -Ficha Técnica/Catálogo/Folleto para revisión de cumplimiento de especificaciones. -FORMULARIO N°2 “REQUERIMIENTOS TÉCNICOS”.;3;BX
1057532-784-COT25;80111504;Formación, capacitación y entrenamiento de personal;Capacitación para Atención inclusiva y humanizada en salud para población LGBTIQA+ en contexto de Atención Primaria, para 50 cupos en modalidad presencial, de acuerdo a las especificaciones del curso adjunto.;1;EA
1057532-800-COT25;50201706;Café;3 TARRO DE CAFE DE 420  GRAMOS TIPO NESCAFE TRADICIONAL;3;JR
1057532-793-COT25;85122201;Exámenes médicos;holter de arritmia;1;EA
1057532-793-COT25;85122201;Exámenes médicos;ecocardiograma transtoracico;1;EA
1057532-799-COT25;45121602;Trípodes;40 BASTIDORES;40;EA
1057532-799-COT25;11162126;Tela acolchada;TELA LINO CREA 10 METROS DE CADA UNA ( NEGRO/BLANCO/BEIGE);30;MTR
1057532-799-COT25;24111503;Bolsas de plástico;PLASTICO MOLDEABLE;3;EA
1057532-799-COT25;44121702;Juegos de bolígrafos y lápices;LAPICES;6;KIT
1057532-799-COT25;11111606;Pizarra;PIZARRA;6;EA
1057532-799-COT25;60123001;Figuras de goma Eva;GOMA EVA;60;PGL
1057532-799-COT25;13101708;Silicona VMQ y PMQ y PVMQ;BARRA SILICONA TRANSPARNTE;25;BAR
1057532-799-COT25;13101708;Silicona VMQ y PMQ y PVMQ;BARRA SILICONA GLITTER;25;BAR
1057532-799-COT25;60121109;Blocs de dibujo;BLOCK DE PAPEL;3;BLO
1057532-799-COT25;42241504;Forros o tela de punto para yeso o tablilla;FORRO;10;EA
1057532-799-COT25;42241504;Forros o tela de punto para yeso o tablilla;FORRO;15;EA
1057532-799-COT25;42241504;Forros o tela de punto para yeso o tablilla;FUNDA PLASTICA;4;EA
1057532-799-COT25;60123001;Figuras de goma Eva;GOMA EVA;65;PGL
1057532-799-COT25;32101523;Mezcladores;MEZCLADOR;20;EA
1057532-799-COT25;24121504;Envases cardados;PISTOLA SILICONA;6;EA
1057532-799-COT25;44121710;Tiza para escribir o accesorios;TIZA BLANCA;1;BX
1057532-799-COT25;44121710;Tiza para escribir o accesorios;TIZA;1;BX
1057532-799-COT25;44121710;Tiza para escribir o accesorios;TIZA COLORES;1;BX
1057532-799-COT25;10161904;Flores secas;SET FLORES GOMA EVA;4;KIT
1057532-799-COT25;44122109;Sujetadores de velcro;VELCRO ADHESIVO;6;EA
1057532-799-COT25;44122109;Sujetadores de velcro;VELCRO;6;EA
1057532-799-COT25;44121701;Lápiz pasta;LAPIZ PASTA;40;EA
1057532-799-COT25;31201512;Cinta Transparente;CINTA DOBLE;10;EA
1057532-799-COT25;31201512;Cinta Transparente;CINTA MASKINGTAPE;10;EA
1057532-799-COT25;31201512;Cinta Transparente;CINTA MAS KINGTAPE;24;EA
1057532-799-COT25;60131802;Palos de ritmo;PALOS BAJALENGUA;10;BX
1057532-799-COT25;60121508;Marcadores de pintura;SET MARCADORES;3;KIT
1057532-799-COT25;52121602;Servilletas;SERVILLETA;60;PK
1057532-799-COT25;52121602;Servilletas;SERVILLETA;6;PK
1057532-799-COT25;31201602;Pastas;BETUN DE JUDEA;10;EA
1057532-799-COT25;60121108;Croqueras;CRAQUELADOR;15;EA
1057532-799-COT25;13111037;Resina compuesta;RESINA;6;EA
1057532-799-COT25;60121150;Papel Crepé;PAPEL CREPE;150;PGL
1057532-799-COT25;11141604;Papel usado;PAPEL VOLANTIN;150;PGL
1057532-799-COT25;60121109;Blocs de dibujo;BLOCK PAPEL ENTRETENIDO;40;BLO
1057532-799-COT25;11151610;Hilo de caucho o látex;HILO SILICONA;10;EA
1057532-799-COT25;53141507;Broches;BROCHE;15;BX
1057532-799-COT25;30161906;Moldeado;MOLDE SILICONA;8;KIT
1057532-799-COT25;41104303;Vasos anaeróbicos o accesorios;VASOS;20;EA
1057532-799-COT25;44101722;Ampliaciones de potencia de bandejas de varios depósitos;POTES MEZCLADO;20;EA
1057532-799-COT25;31201521;Cinta metálica;VALIER METAL;5;KIT
1057532-799-COT25;52171001;Organizador de baño colgante;BASE METAL COLGANTE;100;EA
1057532-801-COT25;23121606;Máquinas plegadoras o recanilladoras;ANILLADORA ESPIRALERA REDONDA;1;EA
1057532-801-COT25;31161903;Resortes espirales;BOLSA DE ESPIRALES DE COLOR NEGRO X 8 MM;1;BG
1057532-801-COT25;31161903;Resortes espirales;BOLSAS ESPIRALES DE ENCUADERNACION X 10MM  ( 1 COLOR BLANCO / 1 COLOR NEGRO);2;BG
1057532-801-COT25;11101501;Mica;2 MICA PARA ANILLADO DE COLOR NATURAL DE CARTA LISA PP X 100 UNIDADES 200 MICRONES;2;BG
1057532-801-COT25;30102015;Lámina de plástico;LAMINA PARA TERMO LAMINAR  TAMAÑO CARTA  125 MIC X 100;1;BG
1057532-801-COT25;60121301;Guillotinas;GUILLOTINA;1;EA
1057532-728-COT25;46181704;Cascos de protección;Casco de Seguridad / Segun especificaciones técnicas OBLIGATORIAS.;2;EA
1057532-728-COT25;46181602;Calzado protector contra materias peligrosas;Calzado de Seguridad - Talla 35 / Segun especificaciones técnicas OBLIGATORIAS.;1;PR
1057532-728-COT25;46181504;Guantes protectores;Guantes de Seguridad - 10 Talla 7 y 10 Talla 8 / Segun especificaciones técnicas OBLIGATORIAS.;20;PR
1057532-806-COT25;78121601;Servicios de flete;Servicio de mudanza completa de enseres puerta a puerta desde Santiago a Osorno, disponibilidad para el dia 30 de Octubre 2025, de acuerdo con requerimientos. (Inventario);1;EA
1077241-138-COT25;49101609;Ornamentos y decoraciones;300 Globos personalizados para Programa de Prevención, Promoción y Diagnósticos precoz de cánceres más prevalentes en mujeres en la Provincia de Osorno. Especificaciones Técnicas adjuntas.;300;EA
1077241-139-COT25;82101902;Avisos en televisión;Servicio de Difusión televisiva de acuerdo a características técnicas adjunta en formulario N°2;1;EA
1057727-67-COT25;82111705;Redacción de discursos;TALLER DE ELABORACIÓN DE JABONES AROMÁTICOS;1;000
1057727-73-COT25;82111705;Redacción de discursos;BIENESTAR Y EQUILIBRIO PARA LA SALUD;1;000
1057532-814-COT25;44121615;Corcheteras;Corchetera mediana: “corchetes estándar de medidas 26/6, Grapa hasta 20 hojas a la vez”;3;EA
1057532-788-COT25;14111533;Cuadernillos o formularios para exámenes;CPS. Cuestionario de Personalidad Situacional. Kit corrección (25 Hojas de respuestas, Pin 25 usos);9;KIT
1057532-788-COT25;14111533;Cuadernillos o formularios para exámenes;CompeTEA. Evaluación de Competencias. Kit corrección (25 Hojas de respuestas, Pin 25 usos);20;KIT
1057532-785-COT25;23121606;Máquinas plegadoras o recanilladoras;1 ANILLADORA.;1;EA
1057532-785-COT25;31161903;Resortes espirales;1 BOLSA DE ESPIRALES;1;BG
1057532-785-COT25;31161903;Resortes espirales;2 BOLSAS DE ESPIRALES;2;BG
1057532-785-COT25;11101501;Mica;2 BOLSAS DE MICA;2;BG
1057532-785-COT25;44102001;Lámina para plastificar;2 BOLSAS DE LAMINAS;2;BG
1057532-785-COT25;60121301;Guillotinas;1 GUILOTINA.;1;EA
1057532-717-COT25;43201803;Discos duros;"Disco SSD 480GB Sata3 2.5"" A400. Según especificación adjunta.";1;EA
1057532-716-COT25;42181801;Unidades de oxímetros de pulso;Tensiómetro digital de brazo.;1;EA
1057532-716-COT25;41114509;Tensiómetros;Oxímetro de pulso Saturómetro digital;1;EA
1057532-805-COT25;14111525;Papel multiuso;ROLLO DE PAPELOGRAFO 66 X 88 CM, 80 GRS, COLOR BLANCO X 10 UNIDADES;3;RO
1057532-805-COT25;31201605;Masillas;CAJA PEGAMENTO MASILLA PATAFIX COLOR BLANCO;3;BX
1057532-805-COT25;14111525;Papel multiuso;CAJA DE PAPEL MULTIUSO OPALINA LISA 200 GRS/100 UNIDADES / TAMAÑO CARTA;20;BX
1057532-805-COT25;44122011;Carpetas para archivos;CARPETAS OFICIO TRANSPARENTE CON ELASTICO;100;EA
1057532-782-COT25;31211502;Pinturas de base acuosa;"""2 Barniz a base de agua - frascos formato 80 ml transparente""";2;EA
1057532-782-COT25;24112404;Caja;"""30 Cajas trupan, con tapa, sin visagra - unid 20 x 10 x 8 cm con tapa sin visagra color""";30;EA
1057532-782-COT25;31201523;Cinta para de tela;"""20 Cinta dorada - mts material, tela ancho 4 cm largo 20 mts""";20;EA
1057532-782-COT25;31201523;Cinta para de tela;"""20 Cinta plateada - mts material, tela ancho 4 cm largo 20 mts""";20;EA
1057532-782-COT25;49101609;Ornamentos y decoraciones;- 3 bolsas 100 unidadescolor azul - 2 bolsas 100 unidades color blanco - 3 bolsas 100 unidades color celeste - 2 bolsas 100 unidades color dorado - 2 bolsas 100 unidades color plateado - 3 bolsas 100 unidades color rojo - 3 bolsas 100 unidades color verde - 3 bolsas 100 unidades surtido de colores;21;BG
1057532-782-COT25;60121236;Pinceles;6 Pincel angular	unid	N°16;6;EA
1057532-782-COT25;60121236;Pinceles;6	Pincel angular	unid	N°20;6;EA
1057532-782-COT25;60121236;Pinceles;10	Pincel plano	unid	N°8;10;EA
1057532-782-COT25;44121624;Tijeras;4	Tijeras zigzag	unid	varios diseños de corte;4;EA
1057532-782-COT25;39111517;Velas de Cera;"30	Velon	unid	""10 cm alto 5 cm diametro color verde""";30;EA
1057532-782-COT25;39111517;Velas de Cera;"36	Velas flotantes, 30 unid	pack	""pack 30 unidades color blanco""";36;PACK
1057532-782-COT25;60121112;Cartón piedra;"20	Cartón piedra	unid	""medida 77 x 110 cm espesor 1,5 mm""";20;EA
1057532-782-COT25;60121109;Blocs de dibujo;20	Block de dibujo	unid	block N°60;20;EA
1057532-782-COT25;44121624;Tijeras;"3 Tijera de costura mundial unid ""microdentada 690 9 1/2 hoja de acero punta recta 24 cm de largo""";3;EA
1057532-782-COT25;44102001;Lámina para plastificar;"40 Mica transparente unid ""transparente  tamaño carta 250 micro""";40;EA
1057532-782-COT25;12352310;Siliconas;500 Barras de silicona - unid 7 mm aprox;500;EA
1057532-782-COT25;31211508;Pinturas acrílicas;2 Pintura acrilica pastel - Celeste pastel 60 ml 2 Pintura acrilica pastel - lila pastel 60 ml 2 Pintura acrilica pastel - verde pastel 60 ml 2 Pintura acrilica pastel - Amarillo pastel 60 ml 2 Pintura acrilica pastel - Melocoton pastel 60 ml 2 Pintura acrilica pastel - Rosa Pastel 60 ml;12;EA
1057532-782-COT25;60121236;Pinceles;6	Pincel angular	unid	N°18;6;EA
1057532-782-COT25;46101504;Pistolas;"15	Pistola para silicona	unid	""con boton encendido y apagado apagado por control termico para barras de 7 mm""";15;EA
1057532-782-COT25;39111517;Velas de Cera;"15	Velon	unid	""20 cm alto 7,5 cm diametro color blanco""";15;EA
1057532-782-COT25;60121911;Tela de batik;"5 Tela tul mts	""1,50 x 5 mts color rojo"" 5 Tela tul mts	""1,50 x 5 mts color azul"" 5 Tela tul mts  ""1,50 x 5 mts color blanco""";15;EA
1057532-782-COT25;60121236;Pinceles;10	Pincel redondo	unid	N°8;10;EA
1057532-778-COT25;31162504;Soportes para accesorios de alumbrado;"5 bolsas- Amarracables plásticas 30 cm. Bolsa 100 und.	""30 cm de lago bolsa de 100 unid""";5;BG
1057532-778-COT25;31211904;Brochas;"20 unid-Brochas	""7,62 cm de ancho 3"""" espesor""";20;EA
1057532-778-COT25;31211506;Pinturas de látex;"3 baldes	Pintura para interior	""balde 15 lts color blanco pintura opaca lavable con antihongos""";3;EA
1057532-778-COT25;31211506;Pinturas de látex;"3 baldes	Pintura para exterior	""balde 15 lts color blanco pintura opaca lavable con antihongos""";3;EA
1057532-778-COT25;31211507;Pinturas en aerosol;"3	unid	Pintura spray	""color plateado 350 ml""";3;EA
1057532-778-COT25;31161509;Tornillos para muros en seco;"1	caja	tonillos en caja de 100 unid	""color negro rosca delgada 6 mm caja 100 unid""";4;EA
1057532-778-COT25;31161509;Tornillos para muros en seco;"1	caja	tonillos en caja de 100 unid	""color negro rosca delgada 3 mm caja 100 unid""";1;BX
1057532-778-COT25;42311504;Vendas o vendajes para el cuidado de quemaduras;"50	unid	Vendas de yeso	""venda gasa enyesada 20 cm x 4 m color blanco""";50;EA
1057532-778-COT25;31201517;Cinta para empaquetar;5	unid	Cinta para enmascarar	18 mm x 40 m;5;EA
1057532-778-COT25;31211507;Pinturas en aerosol;"3	unid	Pintura spray	""color dorado 350 ml""";3;EA
1057532-778-COT25;31211506;Pinturas de látex;"1	galon	Anticorrosivo	""color negro acabado brillante rendimiento 40 mt2""";1;EA
1057532-778-COT25;31211906;Rodillos de pintar;"4	unid	Rodillos	""material esponja 18 cm""";4;EA
1057727-60-COT25;80111504;Formación, capacitación y entrenamiento de personal;Taller “Ambientes Laborales Saludables en la Subdirección de Gestión y Desarrollo de las Personas (DSSO)”. De acuerdo a especificaciones técnicas adjuntas.;1;000
1057532-776-COT25;49201601;Pesas;2 -Barra semi olímpica- 2,2 mts aprox de largo;2;EA
1057532-776-COT25;49211806;Tienda de deporte;"8 -Bosu Ball -""material pvc base reforzada TPR peso max usuario 300 kg""";8;EA
1057532-776-COT25;49211806;Tienda de deporte;4 Discos de Levantamiento - 10 kilos;4;EA
1057532-776-COT25;49211806;Tienda de deporte;4 Discos de Levantamiento 20 kilos;4;EA
1057532-776-COT25;49211806;Tienda de deporte;5 - Pelotas de tenis pack - pack de 3 unidades;5;EA
1057532-776-COT25;49211806;Tienda de deporte;20	Pelotas de ping pong;20;EA
1057532-776-COT25;49211806;Tienda de deporte;4	Pesa rusa	10 kilos;4;EA
1057532-776-COT25;49211806;Tienda de deporte;8	Pesa rusa	8 kilos;8;EA
1057532-776-COT25;49211806;Tienda de deporte;"1	Bascula o pesa digital	""digital pantalla electronica soporte max 200 kilos""";1;EA
1057532-776-COT25;49211806;Tienda de deporte;"1 Tallimetro de pared	""para uso movil desarmable con placa de base 2 mts o 2,5 mts de altura""";1;EA
1057532-776-COT25;49201601;Pesas;Mancuernas par	5 kilos;1;PR
1057532-776-COT25;49201601;Pesas;Mancuernas par	10 kilos;1;PR
1057532-776-COT25;49201601;Pesas;Mancuernas par	15 kilos;1;PR
1057532-776-COT25;49201601;Pesas;"Conos con postes multiproposito	""10 conos de 9"""" 5 postes de 1m 6 clips rotatorios""";10;EA
1057532-774-COT25;53131615;Productos de higiene femenina;20 fantoma copita menstrual- Representa producto de higiene menstrual en 2 tamaños Tulipa tamaño 1 y 2;20;EA
1057532-774-COT25;60105901;Materiales educativos sobre educación sexual o enfermedades de transmisión sexual;20 orquidómetro de Prader - Representa desarrollo del volumen testicular - 12 volumenes;20;EA
1057532-774-COT25;60105901;Materiales educativos sobre educación sexual o enfermedades de transmisión sexual;3 orquidómetro de Prader - Representa desarrollo del volumen testicular 12 volumenes;3;EA
1057532-796-COT25;31201611;Adhesivos de láminas;Servicio de empavonado adhesivo sin diseño de vidrios, con instalación incluida en ventanales  edificio ( Calle Guatemala 1402 – Rahue alto – Osorno) Instalación por dentro del vidrio ( interior edificio) de acuerdo a especificaciones técnicas adjuntas. Serán declaradas inadmisibles las ofertas que no adjunten lo siguiente: -FORMULARIO Nº 1 “IDENTIFICACION DEL OFERENTE -Ficha Técnica/Catálogo/Folleto para revisión de cumplimiento de especificaciones. -FORMULARIO N°2 “REQUERIMIENTOS TÉCNICOS”.;1;EA
1057532-831-COT25;72102602;Instalación de ventanas, puertas o accesorios;Instalación de cerraduras digitales en COSAM Oriente en puertas de acceso a funcionarios, Farmacia y Bodega de Farmacia. Según ESPECIFICACION adjunta.;1;000
1057532-773-COT25;49221506;Colchonetas;Colchonetas de ejercicios, segun especificaciones adjuntas.;6;EA
1057532-773-COT25;42251608;Bandas para ejercicios de resistencia, masilla o tubos para rehabilitación o terapia;Foam Roller (Rodillo de masaje), según especificaciones adjuntas.;2;EA
1057532-773-COT25;42251608;Bandas para ejercicios de resistencia, masilla o tubos para rehabilitación o terapia;Rollo masajeador de pie, segun especificaciones adjuntas.;3;EA
1057532-773-COT25;42251608;Bandas para ejercicios de resistencia, masilla o tubos para rehabilitación o terapia;Bosu erizo 35 cm., según especificaciones adjuntas.;3;EA
1057532-773-COT25;42251610;Pelotas o accesorios terapéuticos;Rollo de estimulación terapeutico, según especificaciones adjuntas.;3;EA
1057532-773-COT25;31162102;Anclajes de cuña;Cuña impermeable, según especificaciones adjuntas.;2;EA
1057532-773-COT25;60105610;Materiales educativos sobre el ejercicio o el control del peso;Tobillera de 1.5 kg., según especificaciones adjuntas.;10;PR
1057532-773-COT25;60105610;Materiales educativos sobre el ejercicio o el control del peso;Tobillera de 2 kg., según especificaciones adjuntas.;10;PR
1057532-773-COT25;42251612;Pesas, accesorios o sets para rehabilitación o terapia;Set de Rack + 30 kg. de mancuernas de vinilo (desde 1 kg a 5 kg.), según especificaciones adjuntas.;1;KIT
1057532-773-COT25;49201601;Pesas;Pesa Rusa (Kettlebell) 6 kg., según especificaciones adjuntas.;1;EA
1057532-773-COT25;49201601;Pesas;Pesa Rusa (Kettlebell) 8 kg., según especificaciones adjuntas.;1;EA
1057532-773-COT25;49201611;Máquinas de ejercicios múltiples;Mini bicicleta - pedalera manos y pies con contador, según especificaciones adjuntas.;2;EA
1057532-773-COT25;49201514;Pelotas de ejercicio;Balón medicinal con rebote 3 kg., según especificaciones adjuntas.;1;EA
1057532-773-COT25;49201609;Bandas de resistencia;Rollo banda elástica resistencia azul, según especificaciones adjuntas.;2;EA
1057532-773-COT25;49201609;Bandas de resistencia;Rollo banda elástica resistencia verde, según especificaciones adjuntas.;2;EA
1057532-773-COT25;49201609;Bandas de resistencia;Rollo banda elástica resistencia amarillo, según especificaciones adjuntas.;2;EA
1057532-773-COT25;42251610;Pelotas o accesorios terapéuticos;Rollo terapeutico inflable, según especificaciones adjuntas.;1;EA
1057532-773-COT25;42251610;Pelotas o accesorios terapéuticos;Balón inflable de 65 cms erizo, según especificaciones adjuntas.;3;EA
1057532-773-COT25;56101519;Mesas;Mesa de madera con escotadura para silla de ruedas, según especificaciones adjuntas.;5;EA
1057532-773-COT25;46182306;Cinturones de seguridad;Cinturón de transferencia o de seguridad, según especificaciones adjuntas.;3;EA
1057532-773-COT25;42251608;Bandas para ejercicios de resistencia, masilla o tubos para rehabilitación o terapia;Pack de 3 extensores de dedos + 3 anillos flexionadores, según especificaciones adjuntas.;3;PACK
1057532-773-COT25;42251802;Cajas para levantar o accesorios para rehabilitación o terapia;Caja de terapia de espejo, según especificaciones adjuntas.;1;EA
1057532-773-COT25;42141705;Almohadillas, cojines o almohadas para posicionar el enfermo;Cojín para mover enfermos, según especificaciones adjuntas.;2;EA
1057532-773-COT25;49201606;Pesas de entrenamiento;Par de mancuerna 1 kg., según especificaciones adjuntas.;5;PR
1057532-773-COT25;11111606;Pizarra;Pizarra acrílica blanca 30 x 40, según especificaciones adjuntas.;6;EA
1057532-773-COT25;60101716;Materiales para pizarra magnética;Plumón de pizarra, según especificaciones adjuntas.;6;EA
1057532-773-COT25;60141102;Juegos de mesa;Juego de mesa: Dominó, según especificaciones adjuntas.;3;EA
1057532-773-COT25;60141108;Juegos clásicos;Naipe Español, según especificaciones adjuntas.;3;EA
1057532-773-COT25;60141101;Juegos educativos;Láminas objetos, según especificaciones adjuntas.;3;EA
1057532-773-COT25;60141101;Juegos educativos;Láminas animales, según especificaciones adjuntas.;3;EA
1057532-773-COT25;60141101;Juegos educativos;Lámina Dicho y Refrán Dactic, según especificaciones adjuntas.;3;EA
1057532-773-COT25;60102704;Sets de actividades o juegos de bloques de patrones;Juego torre de madera, según especificaciones adjuntas.;3;EA
1057532-773-COT25;60141115;Kits de juegos;Personas Clasificables con pinzas 47 piezas, didácticas, según especificaciones adjuntas.;3;EA
1057532-773-COT25;44102001;Lámina para plastificar;Láminas para plastificar, tamaño carta, 125 micas, según especificaciones adjuntas.;5;RM
1057532-773-COT25;44121707;Lápices de colores;Caja lápices 12 colores, según especificaciones adjuntas.;10;BX
1057532-773-COT25;42251610;Pelotas o accesorios terapéuticos;Balón terpautico 65 cm, según especificaciones adjuntas.;10;EA
1057532-773-COT25;49201514;Pelotas de ejercicio;Balón medicinal con rebote 2 kg., según especificaciones adjuntas.;1;EA
1057532-773-COT25;42251618;Aparatos para ejercicios de rehabilitación o terapia de muñeca;Set de 3 ejercitadores para mano y dedos, según especificaciones adjuntas.;2;KIT
1057532-773-COT25;42251608;Bandas para ejercicios de resistencia, masilla o tubos para rehabilitación o terapia;Set de tubos masticables para deglución, según especificaciones adjuntas.;1;KIT
1057532-773-COT25;39121436;Electrodos;Pack de 4 electrodos adhesivos para electroterapia, según especificaciones adjuntas.;20;PACK
1057532-773-COT25;49201611;Máquinas de ejercicios múltiples;Escala de angulos para trabajo de cuadriceps, según especificaciones adjuntas.;1;EA
1057532-773-COT25;42251610;Pelotas o accesorios terapéuticos;Balón inflable de 25 cms., según especificaciones adjuntas.;3;EA
1057532-773-COT25;49201608;Tensor de mano;Set de barras de flexión (Flexbars), según especificaciones adjuntas.;2;KIT
1057532-773-COT25;49201606;Pesas de entrenamiento;Par de mancuerna 2 kg., según especificaciones adjuntas.;5;PR
1057532-773-COT25;42251608;Bandas para ejercicios de resistencia, masilla o tubos para rehabilitación o terapia;Set de bandas elásticas de resistencia tubulares Pro con agarres, según especificaciones adjuntas.;5;KIT
1057532-773-COT25;31162306;Soportes colgantes de montaje;Soporte de pelota de ejercicios, red de almacenacimiento colgante, según especificaciones adjuntas.;2;EA
1057532-804-COT25;47131502;Paños de limpieza;Paño Multiuso Dimensiones 35 x 33 x 0.2 cm Material: 100% Microfibra. Pack de 4 UNIDADES;20;PACK
1057532-804-COT25;47131824;Productos de limpieza de ventanas;Limpiavidrios 25cm Con Mango Extensible 58-94cm;3;EA
1057532-804-COT25;27112007;Tijeras de podar;Tijeras De Podar Curva;1;EA
1057532-804-COT25;47131604;Escobas;Escoba Barre Hojas C/mango 22 Dientes 122cm;1;EA
1057532-804-COT25;44102905;Bolsitas o paños absorbentes;Caja X 12 Pote Toalla Húmeda Desinfectante;36;BX
1057532-804-COT25;27112007;Tijeras de podar;Tijera Corta Pasto Arbusto Jardín 710-860mm Telescópica;2;EA
1057532-804-COT25;52141515;Compactadores de basura domésticos;Basurero Metálico Circular 270×300 Medidas : 270 x 300 mm Material : metálico;3;EA
1077241-143-COT25;50181905;Galletas dulces o pastelitos;450 Paquete de galletas 120-150 grs. Tipo TRITON, TUAREG, LIMON, FRAC, OBLEA;450;EA
1077241-143-COT25;50202304;Jugos y néctar envasados;80 Botella jugo 1.5 lts surtidos;80;EA
1077241-143-COT25;50192109;Papas fritas o galletas tostadas;250 Variedad snack tipo twistos, Club social, Selz, Grill;250;EA
1077241-143-COT25;52151504;Tazas o vasos desechables domésticos;15 Vaso polipapel 8oz - 250cc, 50 unidades;15;PK
1077241-143-COT25;50161509;Productos de edulcorantes o azúcares naturales;2 Azucar en sachet 5 grs, caja de 800 unidades;2;BX
1077241-143-COT25;50201706;Café;15 Café instantaneo 170 grs (tipo nescafe);15;EA
1077241-143-COT25;50161509;Productos de edulcorantes o azúcares naturales;2 Azucar en sachet 5 grs, caja de 800 unidades;2;BX
1077241-143-COT25;52151504;Tazas o vasos desechables domésticos;25 Manga Vaso Café Blanco 8oz/ 250cc 100 Unidades;25;PK
1077241-143-COT25;52151617;Cucharas de madera de uso doméstico;10 paquete Cucharas Madera 100 Unidades;10;PK
1077241-143-COT25;52151502;Platos desechables domésticos;2 paquete de Platos cartón N°2, 18 cm, 100 un.;2;PK
1077241-143-COT25;50202310;Agua mineral;50 Agua Mineral con gas 1,5 lts;50;EA
1077241-143-COT25;52151617;Cucharas de madera de uso doméstico;8 paquetes Revolvedores De Café De Madera 14cm X 1000 Un;8;PK
1077241-143-COT25;52121602;Servilletas;20 Servilletas pq. 200 unidades 22,5x23 cm;20;PK
1077241-143-COT25;50201710;Té de hierbas;10 caja TE CEYLAN X 100 BOLSITAS;10;BX
1077241-140-COT25;50161511;Chocolate o sucedáneo de chocolate;15 Saborizante Para Leche similar a Milo Polvo Sachet, 20 Unidades (300 sachet total);15;BX
1077241-140-COT25;50131701;Leche o productos de mantequilla;15 Leche en polvo entera similar a Colun instantánea bolsa 900 GRS.;15;BG
1077241-140-COT25;50201709;Café instantáneo;15 Café instantáneo similar a Nescafe tradición 170 grs.;15;EA
1077241-140-COT25;50181905;Galletas dulces o pastelitos;100	Paquete de galletas 120-150 grs similar kuky, Triton, Oblea, Mantequilla, chocolate;100;EA
1077241-140-COT25;50202309;Bebida energética o deportiva;80	Bebida isotónica, 500 ml.;80;EA
1077241-140-COT25;42231805;Barras nutritivas, pudín u otros suplementos;40	Barra Proteína Chocolate 45 grs, 5 unidades;40;BX
1077241-140-COT25;42231805;Barras nutritivas, pudín u otros suplementos;40	Barra Proteína Chocolate Maní 45 grs, 5 un.;40;BX
1077241-140-COT25;42231805;Barras nutritivas, pudín u otros suplementos;25 Pack de 4 un. Alimento Nutricional similar Ensure Advance Chocolate 220 ml;25;PACK
1077241-140-COT25;50161509;Productos de edulcorantes o azúcares naturales;10 Bolsa azúcar blanca granulada 1kg.;10;EA
1077241-140-COT25;50201710;Té de hierbas;10	Té similar Ceylán Supremo Premium 200 g 100 un.;10;EA
1057532-803-COT25;52141501;Refrigeradores domésticos;Refrigerador Bottom Freezer MED 165 / Frío Directo / 166 Litros / A+;2;EA
1057532-803-COT25;52141501;Refrigeradores domésticos;Visicooler 100Lts Sobremesa 1 Puerta VC-100;2;EA
1180747-49-COT25;82121702;Servicios de copias a color;Ploteo de planos según EE.TT adjuntas.;105;EA
1180747-49-COT25;82121511;Impresión de manuales;Impresión de documentos según EE.TT adjuntas;3000;EA
1057727-74-COT25;82111705;Redacción de discursos;TALLER BIENESTAR Y EQUILIBRIO PARA LA SALUD;1;000
1057727-69-COT25;86111604;Capacitación a empleados;TALLER ESCRITURA VIVENCIAL;1;000
1057727-70-COT25;82111705;Redacción de discursos;TALLER CONECTANDO CON LA TIERRA, RECICLANDO RESIDUOS ORGANICOS Y HUERTO URBANO FAMILIAR PARA UNA VIDA MAS SALUDABLE.;1;000
1057727-72-COT25;82111705;Redacción de discursos;TALLERES KABAL POR EL BIENESTAR Y LA SALUD;1;000
1077241-127-COT25;44112002;Calendarios;300 CALEDARIOS.;300;EA
1077241-127-COT25;60105409;Materiales educativos de publicidad y marketing de marca;500 CHAPITAS;500;EA
1057532-797-COT25;42231805;Barras nutritivas, pudín u otros suplementos;Whey Protein (5 Lb) - Original Suplemento nutricional que contiene 100% proteína aislada de suero, es hidrolizada y posee una alta concentración de aminoácidos ramificados y glutamina. Además su formulación incorpora enzimas digestivas, lo que contribuye a mejorar su absorción. Según Especificaciones técnicas adjuntas.;24;EA
1057532-811-COT25;60121108;Croqueras;12 CROQUERAS ACUARELA A5 300 GRAMOS EQUIVALENTE A 14,8 X 21 CM.;12;EA
1057532-798-COT25;42142530;Agujas de tratamiento diagnóstico;"Aguja Múltiple con visor - 21G x 1 1/2 "", de TIPO ""greiner bio one"".  (50 unidades) adjunta ficha técnica de lo ofertado y vencimiento superior a 12 meses.";6;BX
1057532-798-COT25;42132203;Guantes médicos de examen o para usos no quirúrgicos;Guantes talla M de NITRILO (100 unidades). Con fecha de vencimiento mayor a 12 meses y adjunta ficha técnica de lo ofertado.;10;BX
1057532-798-COT25;42142609;Jeringas médicas con aguja;"Jeringa 3 cc con aguja 21Gx 1 1/2"" luer lock (100 unidades). Con fecha de vencimiento mayor a 12 meses y adjunta ficha técnica de lo ofertado.";4;BX
1057532-798-COT25;11121802;Algodón;Torulas de algodón 0.5 gr, (100 unidades cada bolsa). Con fecha de vencimiento mayor a 12 meses y adjunta ficha técnica de lo ofertado.;10;BG
1057532-812-COT25;46181704;Cascos de protección;Casco de Seguridad / Segun especificaciones técnicas OBLIGATORIAS.;2;EA
1057532-812-COT25;46181602;Calzado protector contra materias peligrosas;Calzado de Seguridad - Talla 35 / Segun especificaciones técnicas OBLIGATORIAS.;1;PR
1057532-812-COT25;46181504;Guantes protectores;Guantes de Seguridad - 10 Talla 7 y 10 Talla 8 / Segun especificaciones técnicas OBLIGATORIAS.;20;PR
1057532-819-COT25;82101507;Folletos y catálogos publicitarios, servicios de publicidad y distribución;TALONARIOS DE RECETAS;50;TALO
1057532-791-COT25;52161505;Televisores convencionales, de plasma y LCD;Televisor de 43 FHD T5203 Smart TV 2024;3;EA
1057532-807-COT25;10161707;Arreglo de flores cortadas;Ramos Florales (Adjuntar fotografía);6;EA
1057532-813-COT25;44121615;Corcheteras;Corcheteras 26/6 , para 25 hojas. de metal;3;EA
1057532-825-COT25;53131502;Pasta de dientes;Pasta Dental similar Pepsodent Triple 3 un. 90 grs.;30;PACK
1057532-825-COT25;53131503;Cepillos de dientes;Cepillo de Dientes similar Oral-B Indicator Color, pack 4 unidades.;15;PACK
1057532-825-COT25;53131628;Shampoo;Shampoo en sachet 10 ml, 24 unidades;9;PACK
1057532-825-COT25;53131606;Desodorantes;Desodorante Barra similar Men Invisible Dry 50 g;60;EA
1057532-825-COT25;53131603;Máquinas de afeitar;Máquina Afeitar pack de 12 unidades;20;PACK
1057532-825-COT25;53131614;Productos para el cuidado de los pies;Talco para pies 80 grs;20;EA
1057532-825-COT25;53131615;Productos de higiene femenina;Toallas higiénicas;40;EA
1057532-825-COT25;53131606;Desodorantes;Desodorante barra mujer, referencia Dove;6;EA
1057532-829-COT25;52161505;Televisores convencionales, de plasma y LCD;Televisor de 43 FHD T5203 Smart TV 2024;3;EA
1057532-762-COT25;44102304;Máquina de sellar;Selladora de impulso de pedal / Según especificaciones adjuntas;1;EA
1057532-817-COT25;42271803;Sets de transferencia para terapia respiratoria;Turbina desechable compatible con Espirómetro Modelo Spirolab III, Modelo New. Con sensor utilizable tanto en pacientes adultos como en niños. No sufre variaciones por las condiciones ambientales, como: temperatura, humedad o presión. Que venga en Empaque en envase aséptico. Empaquetada individualmente.;1300;EA
1057532-810-COT25;41116205;Kits de exámenes rápidos;Kit ELISA Quantiferon TB Gold Plus, según las especificaciones técnicas adjuntas y fecha de vigencia de 6 meses o más. Productos afines a la marca Qiagen por corresponder a la técnica implementada en el Laboratorio del Hospital Base San José Osorno desde marzo 2017. Adjunta ficha técnica de lo ofertado.;2;KIT
1057532-810-COT25;41104108;Tubos o contenedores de almacenamiento de sangre sin vacío;Kit de tubos para toma de muestra para 50 determinaciones de Quantiferon TB Gold Plus, según las especificaciones técnicas adjuntas y fecha de vigencia de 6 meses o más. Productos afines a la marca Qiagen por corresponder a la técnica implementada en el Laboratorio del Hospital Base San José Osorno desde marzo 2017. Adjuntar ficha técnica de lo ofertado.;1;KIT
1057532-820-COT25;14111533;Cuadernillos o formularios para exámenes;CPS. Cuestionario de Personalidad Situacional. Kit corrección (25 Hojas de respuestas, Pin 25 usos);9;KIT
1057532-820-COT25;14111533;Cuadernillos o formularios para exámenes;CompeTEA. Evaluación de Competencias. Kit corrección (25 Hojas de respuestas, Pin 25 usos);20;KIT
1057532-824-COT25;50101634;Fruta fresca;FRUTA;145;EA
1057532-824-COT25;50221202;Cereales en barra;BARRA DE CEREAL;145;BAR
1057532-824-COT25;50202310;Agua mineral;AGUA MINERAL SIN GAS 500 CC.;145;EA
1057532-824-COT25;24111502;Bolsas de papel;BOLSA DE PAPEL KRAFT;145;BG
1057532-821-COT25;44121618;Tijeras;Tijera mediana 17 cm;8;EA
1057532-821-COT25;44121615;Corcheteras;Corchetera mediana 25 hojas Corchetes 24/6 - 26/6 plástica;8;EA
1057532-821-COT25;44121605;Dispensador de cinta;Dispensador cinta adhesiva mediano Material plástico, cinta adhesiva de escritorio 30mts, 18mm;8;EA
1057532-821-COT25;44111515;Organizadores o cajas de almacenamiento de archivos;Bandeja organizadora escritorio 2 niveles Material metal, con separadores;8;EA
1057532-821-COT25;24111502;Bolsas de papel;Bolsa con manilla papel kraft o similar de distintos colores de 21cm*15cm*8cm, mediana. Colores surtidos.;50;EA
1057532-821-COT25;45101702;Guillotinas de imprenta;Guillotina papel corte recto A4 Capacidad de hojas por corte: 8. Largo máximo de corte: 32cm. Para hojas tamaño: A4. Con guía de corte.;1;EA
1057532-821-COT25;44102801;Plastificadoras;Laminadora térmica para plastificar documentos y fotos. Tamaño de papel: a4 ancho de entrada: 230 mm grosor mínimo de la bolsa:160(2x80) micras;1;EA
1057532-821-COT25;44111802;Láminas de dibujo;Pack 100 láminas para termolaminar tamaño oficio mica 100 láminas 125 micrones;1;PACK
1057532-821-COT25;44111802;Láminas de dibujo;Pack 100 láminas para termolaminar tamaño carta mica 100 láminas 125 micrones;1;PACK
1057532-821-COT25;12352310;Siliconas;Silicona líquida fría 100 ml.;5;EA
1057532-821-COT25;14121503;Cartulina;Cartulina 10 sobres de 18 pliegos Pliegos 26.5 x 37.5 cm colores surtidos;5;SOBR
1180747-48-COT25;56111906;Estantes, cajones o armarios industriales;Estante mecano;7;EA
1057532-809-COT25;93131704;Servicios de prevención o control de enfermedades;Servicio de Atención Espiritual a Usuarios PRAIS.;1;EA
1180747-47-COT25;56101519;Mesas;Mesa comedor;1;EA
1180747-47-COT25;56101504;Sillas;Sillas visita;6;EA
1180747-47-COT25;56101522;Sillón;Bergere;5;EA
1180747-47-COT25;24112406;Compartimentos de caja o estantería;Lockers;2;EA
1057922-137-COT25;42182304;Sets o kits de pruebas psicodiagnósticas;SET PSICOLÓGICOS;1;KIT
1057532-783-COT25;43221706;Antenas de radio;Antenas Yagi / Según Especificaciones Adjuntas;2;EA
1057532-816-COT25;11101501;Mica;Mica transparente Tamaño Carta/ caja de 100 unidades;2;BX
1057532-816-COT25;43201811;DVD de lectura y escritura;Pack de 50 DVD;2;PACK
1057532-816-COT25;44121505;Sobres especiales;Fundas para DVD;200;EA
1057532-816-COT25;14111531;Libros o cuadernos de registro;“Libro Manifold 50 Hojas Triplicado Foliado”;5;EA
1057532-816-COT25;44121615;Corcheteras;“Corchetes estándar de medidas 26/6, Grapa hasta 20 hojas a la vez”;5;EA
1057532-816-COT25;44101716;Perforadoras;Perforadora Mediana para 20 hojas mínimo”;5;EA
1057532-816-COT25;44121618;Tijeras;Tijera Mediana de 21 cm;5;EA
1057532-816-COT25;14111525;Papel multiuso;Rollos de Papel Bond Formato 24 de 50 mt;10;RO
1057532-816-COT25;12171703;Tintas;juegos para Tinta Plotter, PFI-107C (1)_ PFI-107M (2)_ PFI- 107Y (1)/ ORIGINAL;4;EA
1057532-816-COT25;12171703;Tintas;TINTA IMPRESORA EPSON, L380 COLOR NEGRO/ L380 COLOR AMARILLO/ L380 COLOR CIAN / L380 COLOR MAGENTA //ORIGINAL;1;EA
1057532-816-COT25;44103504;Espirales de encuadernación;Espirales para Encuadernacion Medida 12 mm (70 hojas);100;EA
1057532-816-COT25;14111531;Libros o cuadernos de registro;LIBRO DE ASISTENCIA 100 HOJAS;6;EA
1180747-44-COT25;47121805;Limpiadoras de presión o de vapor;Hidrolavadora;1;EA
1057532-826-COT25;39111702;Lámparas portátiles;Adquisición Lámpara Emergencia Dos Focos. Especificaciones Técnicas adjuntas.;1;EA
1057727-22-COT25;49171602;Bolsas de arena;SACO DE BOX / SEGÚN ESPECIFICACIONES ADJUNTAS;1;EA
1057532-836-COT25;50181905;Galletas dulces o pastelitos;300 BRAUNICHOC;300;EA
1057532-838-COT25;52151504;Tazas o vasos desechables domésticos;VASOS DE POLIPAPEL;300;EA
1057532-838-COT25;52151617;Cucharas de madera de uso doméstico;CUCHARAS DE MADERA;300;EA
1057922-142-COT25;46171506;Cajas fuertes;CAJA FUERTE MURAL (BASH) SEGUN ESPECIFICACIONES TECNICAS ADJUNTAS;1;EA
1057532-848-COT25;46171506;Cajas fuertes;CAJA FUERTE MURAL (BASH) SEGUN ESPECIFICACIONES TECNICAS ADJUNTAS;1;EA
1057532-837-COT25;44122011;Carpetas para archivos;CARPETA PLASTIFICADA SIN GUSANO UN COLOR;250;EA
1057532-837-COT25;14121503;Cartulina;BLOCK DE CARTULINA.;15;BLO
1057532-837-COT25;44121701;Lápiz pasta;LAPIZ PASTA AZUL.;250;EA
1057532-837-COT25;60121124;Papel kraft;PAPEL KRAFT.;30;PGL
1057532-846-COT25;93131704;Servicios de prevención o control de enfermedades;Servicio de Atención Espiritual a Usuarios PRAIS.;1;EA
1057727-77-COT25;82111705;Redacción de discursos;TALLER BIENESTAR Y EQUILIBRIO PARA LA SALUD;1;000
1057727-68-COT25;91101503;Servicios de masajes;Atenciones de diferentes disciplinas: 5 sesiones masajes de relajación, 5 sesiones cama de cuarzo y radiestesia, 5 sesiones reflexología y masaje craneal, 5 sesiones de flores de bach más détox iónico, 5 sesiones Gemoterapia mas piedras calientes.;25;EA
1057922-135-COT25;31261503;Cubiertas y cajas de acero;Caja Fuerte, Según especificaciones técnicas adjuntas;1;EA
1057922-134-COT25;47121804;Cubos o baldes para limpieza;Carro aseo con estrujamopas, Según especificaciones técnicas adjuntas;2;EA
1057922-134-COT25;41112509;Monitores de la velocidad y la temperatura del aire;Termohigrómetro, Según especificaciones técnicas adjuntas;4;EA
1057532-839-COT25;44121615;Corcheteras;Corcheteras 26/6 , para 25 hojas. metálica;3;EA
1057532-843-COT25;60102301;Libros de actividades de lectura;2 ESTATUTO ADMINISTRATIVOS INTERPRETADOS NUEVA EDICION DEL ESTATUTO ADMINISTRATIVO INTERPRETADO CON DICTAMENES EMITIDOS POR LA CONTRALORIA GENERAL DE LA REPUBLICA, DE LA EDITORIAL,CIRCULO LEGAL EDITORES (DECIMO CUARTA EDICION 2024 referencia;2;EA
1057532-835-COT25;42271803;Sets de transferencia para terapia respiratoria;Turbina desechable compatible con Espirómetro Modelo Spirolab III, Modelo New. Con sensor utilizable tanto en pacientes adultos como en niños. No sufre variaciones por las condiciones ambientales, como: temperatura, humedad o presión. Que venga en Empaque en envase aséptico. Empaquetada individualmente. Fecha de vencimiento debe ser superior a 12 meses. COMPLETAR Y FIRMAR FORMULARIOS ADJUNTOS.;1260;EA
1057532-815-COT25;52161512;Parlantes;PAR DE PARLANTE ACTIVO TIPO EDIFIER R980T, NEGRO/ SEGUN ESPECIFICACIONES TECNICAS ADJUNTAS.;1;PR
1057532-822-COT25;14111525;Papel multiuso;Opalina lisa blanca de 100 unidades por caja;2;BX
1057532-840-COT25;10161707;Arreglo de flores cortadas;Ramos Florales (Adjuntar fotografía);6;EA
1057532-830-COT25;49221506;Colchonetas;Colchonetas de ejercicios, segun especificaciones adjuntas.;6;EA
1057532-830-COT25;42251608;Bandas para ejercicios de resistencia, masilla o tubos para rehabilitación o terapia;Foam Roller (Rodillo de masaje), según especificaciones adjuntas.;2;EA
1057532-830-COT25;42251608;Bandas para ejercicios de resistencia, masilla o tubos para rehabilitación o terapia;Rollo masajeador de pie, segun especificaciones adjuntas.;3;EA
1057532-830-COT25;42251608;Bandas para ejercicios de resistencia, masilla o tubos para rehabilitación o terapia;Bosu erizo 35 cm., según especificaciones adjuntas.;3;EA
1057532-830-COT25;42251610;Pelotas o accesorios terapéuticos;Rollo de estimulación terapeutico, según especificaciones adjuntas.;3;EA
1057532-830-COT25;42251610;Pelotas o accesorios terapéuticos;Balón terapeutico 65 cm, según especificaciones adjuntas.;10;EA
1057532-830-COT25;31162102;Anclajes de cuña;Cuña impermeable, según especificaciones adjuntas.;2;EA
1057532-830-COT25;60105610;Materiales educativos sobre el ejercicio o el control del peso;Tobillera de 1.5 kg., según especificaciones adjuntas.;10;PR
1057532-830-COT25;60105610;Materiales educativos sobre el ejercicio o el control del peso;Tobillera de 2 kg., según especificaciones adjuntas.;10;PR
1057532-830-COT25;42251612;Pesas, accesorios o sets para rehabilitación o terapia;Set de Rack + 30 kg. de mancuernas de vinilo (desde 1 kg a 5 kg.), según especificaciones adjuntas.;1;KIT
1057532-830-COT25;49201601;Pesas;Pesa Rusa (Kettlebell) 6 kg., según especificaciones adjuntas.;1;EA
1057532-830-COT25;49201601;Pesas;Pesa Rusa (Kettlebell) 8 kg., según especificaciones adjuntas.;1;EA
1057532-830-COT25;49201611;Máquinas de ejercicios múltiples;Mini bicicleta - pedalera manos y pies con contador, según especificaciones adjuntas.;2;EA
1057532-830-COT25;49201514;Pelotas de ejercicio;Balón medicinal con rebote 2 kg., según especificaciones adjuntas.;1;EA
1057532-830-COT25;49201514;Pelotas de ejercicio;Balón medicinal con rebote 3 kg., según especificaciones adjuntas.;1;EA
1057532-830-COT25;49201609;Bandas de resistencia;Rollo banda elástica resistencia azul, según especificaciones adjuntas.;2;EA
1057532-830-COT25;49201609;Bandas de resistencia;Rollo banda elástica resistencia verde, según especificaciones adjuntas.;2;EA
1057532-830-COT25;49201609;Bandas de resistencia;Rollo banda elástica resistencia amarillo, según especificaciones adjuntas.;2;EA
1057532-830-COT25;42251610;Pelotas o accesorios terapéuticos;Rollo terapeutico inflable, según especificaciones adjuntas.;1;EA
1057532-830-COT25;42251618;Aparatos para ejercicios de rehabilitación o terapia de muñeca;Set de 3 ejercitadores para mano y dedos, según especificaciones adjuntas.;2;KIT
1057532-830-COT25;42251608;Bandas para ejercicios de resistencia, masilla o tubos para rehabilitación o terapia;Set de tubos masticables para deglución, según especificaciones adjuntas.;1;KIT
1057532-830-COT25;39121436;Electrodos;Pack de 4 electrodos adhesivos para electroterapia, según especificaciones adjuntas.;20;PACK
1057532-830-COT25;49201611;Máquinas de ejercicios múltiples;Escala de angulos para trabajo de cuadriceps, según especificaciones adjuntas.;1;EA
1057532-830-COT25;42251610;Pelotas o accesorios terapéuticos;Balón inflable de 65 cms erizo, según especificaciones adjuntas.;3;EA
1057532-830-COT25;42251610;Pelotas o accesorios terapéuticos;Balón inflable de 25 cms., según especificaciones adjuntas.;3;EA
1057532-830-COT25;49201608;Tensor de mano;Set de barras de flexión (Flexbars), según especificaciones adjuntas.;2;KIT
1057532-830-COT25;56101519;Mesas;Mesa de madera con escotadura para silla de ruedas, según especificaciones adjuntas.;3;EA
1057532-830-COT25;46182306;Cinturones de seguridad;Cinturón de transferencia o de seguridad, según especificaciones adjuntas.;3;EA
1057532-830-COT25;42251608;Bandas para ejercicios de resistencia, masilla o tubos para rehabilitación o terapia;Pack de 3 extensores de dedos + 3 anillos flexionadores, según especificaciones adjuntas.;3;PACK
1057532-830-COT25;42251802;Cajas para levantar o accesorios para rehabilitación o terapia;Caja de terapia de espejo, según especificaciones adjuntas.;1;EA
1057532-830-COT25;42141705;Almohadillas, cojines o almohadas para posicionar el enfermo;Cojín para mover enfermos, según especificaciones adjuntas.;2;EA
1057532-830-COT25;49201606;Pesas de entrenamiento;Par de mancuerna 1 kg., según especificaciones adjuntas.;5;PR
1057532-830-COT25;49201606;Pesas de entrenamiento;Par de mancuerna 2 kg., según especificaciones adjuntas.;5;PR
1057532-830-COT25;42251608;Bandas para ejercicios de resistencia, masilla o tubos para rehabilitación o terapia;Set de bandas elásticas de resistencia tubulares Pro con agarres, según especificaciones adjuntas.;5;KIT
1057532-830-COT25;31162306;Soportes colgantes de montaje;Soporte de pelota de ejercicios, red de almacenacimiento colgante, según especificaciones adjuntas.;2;EA
1057532-830-COT25;11111606;Pizarra;Pizarra acrílica blanca 30 x 40, según especificaciones adjuntas.;6;EA
1057532-830-COT25;60101716;Materiales para pizarra magnética;Plumón de pizarra, según especificaciones adjuntas.;6;EA
1057532-830-COT25;60141102;Juegos de mesa;Juego de mesa: Dominó, según especificaciones adjuntas.;3;EA
1057532-830-COT25;60141108;Juegos clásicos;Naipe Español, según especificaciones adjuntas.;3;EA
1057532-830-COT25;60141101;Juegos educativos;Láminas objetos, según especificaciones adjuntas.;3;EA
1057532-830-COT25;60141101;Juegos educativos;Láminas animales, según especificaciones adjuntas.;3;EA
1057532-830-COT25;60141101;Juegos educativos;Lámina Dicho y Refrán Dactic, según especificaciones adjuntas.;3;EA
1057532-830-COT25;60102704;Sets de actividades o juegos de bloques de patrones;Juego torre de madera, según especificaciones adjuntas.;3;EA
1057532-830-COT25;60141115;Kits de juegos;Personas Clasificables con pinzas 47 piezas, didácticas, según especificaciones adjuntas.;3;EA
1057532-830-COT25;44102001;Lámina para plastificar;Láminas para plastificar, tamaño carta, 125 micas, según especificaciones adjuntas.;5;RM
1057532-830-COT25;44121707;Lápices de colores;Caja lápices 12 colores, según especificaciones adjuntas.;10;BX
1057922-146-COT25;25181709;Pala cargadora;TRANSPALETA APILADORA ELECTRICA;1;EA
1057532-808-COT25;41112213;Termómetros de mano;08 termómetros higrómetros. Especificaciones técnicas adjuntas.;8;EA
1077241-146-COT25;24111503;Bolsas de plástico;bolsas plásticas navideñas 	30 unidades;30;EA
1077241-146-COT25;60123204;Cintas decorativas;1 Cinta de regalo rollo;1;EA
1077241-146-COT25;14121503;Cartulina;cartulina roja española pliego	10;10;EA
1077241-146-COT25;14121503;Cartulina;cartulina negro española pliego	10;10;EA
1077241-146-COT25;14121503;Cartulina;cartulina verde española pliego	10;10;EA
1077241-146-COT25;60123001;Figuras de goma Eva;5 paquete goma eva brillante;5;PK
1077241-131-COT25;46171606;Sirenas;BALIZA GIRATORIA AMARILLA/ROJA 12V, SEGUN EE.TT;2;EA
1077241-131-COT25;39121512;Interruptores pulsadores;2 PULSADOR EMERGENCIA ROJO CA 22-L01, SEGUN EE.TT;2;EA
1077241-131-COT25;46171606;Sirenas;2 SIRENA MINI 220V ROJA, SEGUN EE.TT;2;EA
1077241-131-COT25;26121613;Cable aislado o forrado;2 COLECO GRIS 2X1,5 , SEGUN EE.TT;2;EA
1077241-131-COT25;39121545;Paradas de emergencia;1 CAJA BOTONERA *1, SEGUN EE.TT;1;EA
1077241-131-COT25;44122107;Grapas;2 CAJAS GRAMPA COAXIAL BLANCA CAJA-50 N10, SEGUN EE.TT;2;BX
1057727-76-COT25;49221506;Colchonetas;Colchoneta fabricada en tela tapiz PVC free kid, resistente al uso preescolar.  Todas las costuras reforzadas con remates de seguridad en las esquinas y manilla lateral para facilitar su traslado.  Cierre tipo Eclair en Nylon N°5, fijo de 100 CMS de largo.  Dimensiones 150x150x10 CMS. Materiales: goma espuma de poliuretano densidad 21 kg/m3 y tapiz PVC free kid, que cuenta con nanopartículas de cobre antibacteriano, lavable, 100% impermeable, antiflama y atoxica según certificación.;3;EA
1057727-78-COT25;49171602;Bolsas de arena;SACO DE BOX / SEGÚN ESPECIFICACIONES ADJUNTAS;1;EA
1057532-735-COT25;52121604;Mantel de mesa;1 Mantel bordado 160 X 230 CMS;1;EA
1057532-735-COT25;11111808;Arcilla común;5 Pocillos de greda de 7 cms;5;EA
1057532-735-COT25;52152010;Termos domésticos;5 mates con bombilla de 170 ml;5;EA
1057922-132-COT25;52141515;Compactadores de basura domésticos;Basurero Empotrado, Según Especificaciones Técnicas;3;EA
1057532-841-COT25;43221706;Antenas de radio;Antenas Yagi / Según Especificaciones Adjuntas;2;EA
1057532-828-COT25;27112007;Tijeras de podar;Tijeras De Podar Curva;1;EA
1057532-828-COT25;27112007;Tijeras de podar;Tijera Corta Pasto Arbusto Jardín 710-860mm Telescópica;2;EA
1057532-769-COT25;31361409;Conjuntos de placas de acero inoxidable soldadas;1 PLACA DE ACERO ( COSAM RAHUE,OSORNO FECHA REQUERIDA 17/11/2025);1;PG
1057532-769-COT25;31361409;Conjuntos de placas de acero inoxidable soldadas;1 PLACA DE ACERO ( CESFAM CON SAR CHUYACA, OSORNO FECHA REQUERIDA 31/12/2025);1;PG
1057532-769-COT25;31361409;Conjuntos de placas de acero inoxidable soldadas;1 PLACA DE ACERO ( REPOSICION SECOSF EL ENCANTO COMUNA DE PUYEHUE, FECHA REQUERIDA 01/12/2025);1;PG
1057532-850-COT25;25172504;Neumáticos para camionetas o automóviles;NEUMÁTICOS 235/65 R16 / SEGÚN ESPECIFICACIONES ADJUNTAS;4;EA
1057532-850-COT25;25172504;Neumáticos para camionetas o automóviles;NEUMÁTICOS 225/75 R16 / SEGÚN ESPECIFICACIONES ADJUNTAS;4;EA
1057532-850-COT25;25172504;Neumáticos para camionetas o automóviles;NEUMÁTICOS 225/75 R16 / SEGÚN ESPECIFICACIONES ADJUNTAS;4;EA
1057532-842-COT25;25172504;Neumáticos para camionetas o automóviles;NEUMATICOS 205-75 R16 / SEGUN ESPECIFICACIONES ADJUNTAS;6;EA
1057532-842-COT25;25172504;Neumáticos para camionetas o automóviles;NEUMATICOS 245-70 R16 / SEGUN ESPECIFICACIONES ADJUNTAS;4;EA
1057532-842-COT25;25172504;Neumáticos para camionetas o automóviles;NEUMATICOS 215-70 R16 / SEGUN ESPECIFICACIONES ADJUNTAS;4;EA
1057532-842-COT25;25172504;Neumáticos para camionetas o automóviles;NEUMATICOS 225-65 R17 / SEGUN ESPECIFICACIONES ADJUNTAS;4;EA
1057922-143-COT25;46171506;Cajas fuertes;CAJA FUERTE MURAL (BASH) SEGUN ESPECIFICACIONES TECNICAS ADJUNTAS;1;EA
1057922-141-COT25;24131602;Congeladores verticales;Freezer Según Especificaciones Técnicas Adjuntas;1;EA
1057922-136-COT25;31241704;Espejos sin revestimiento;Espejo irrompible, según especificaciones técnicas adjuntas;5;EA
1057922-136-COT25;44111911;Pizarras blancas interactivas o accesorios;Pizarra, según especificaciones técnicas adjuntas;5;EA
1057922-136-COT25;44111911;Pizarras blancas interactivas o accesorios;Pizarra Corcho, según especificaciones técnicas adjuntas;5;EA
1057922-136-COT25;56101519;Mesas;3 Mesas Infantiles, Cada mesa debe contener 4 Sillas infantiles, de acuerdo a especificaciones técnicas adjuntas;3;KIT
1057532-823-COT25;85141602;Medicina alternativa;6 formato 15 ml - bergamota 6 formato 15 ml - lavanda 6 formato 15 ml - naranja 6 formato 15 ml - vainilla 6 formato 15 ml - frutos rojos 6 formato 15 ml - manzana canela 6 formato 15 ml - melisa 6 formato 15 ml - canela naranja 6 formato 15 ml - mandarina 6 formato 15 ml - manzanilla 6 formato 15 ml - coco almendras;66;EA
1057532-827-COT25;47131602;Paños de limpieza absorbente;Paño Multiuso Dimensiones 35 x 33 x 0.2 cm Material: 100% Microfibra. Pack de 4 UNIDADES;20;PACK
1057532-827-COT25;47131824;Productos de limpieza de ventanas;Limpiavidrios 25cm Con Mango Extensible 58-94cm;3;EA
1057532-827-COT25;47131604;Escobas;Escoba Barre Hojas C/mango 22 Dientes 122cm;1;EA
1057532-827-COT25;44102905;Bolsitas o paños absorbentes;Caja X 12 // Pote Paños Húmedos Desinfectante 35 o 50 unidades.;36;BX
1057532-827-COT25;52141515;Compactadores de basura domésticos;Basurero Metálico Circular 270×300 Medidas : 270 x 300 mm Material : metálico;3;EA
1057532-847-COT25;93131704;Servicios de prevención o control de enfermedades;Servicio de Atención Espiritual a Usuarios PRAIS.;1;EA
1057532-772-COT25;44112007;Buzón de sugerencias;BUZÓN ACRILICO PARA OIRS / SEGÚN ESPECIFICACIONES ADJUNTAS.;1;EA
1057532-719-COT25;10161707;Arreglo de flores cortadas;Arreglo Floral con pedestal, detalle en especificaciones adjuntas.;3;EA
1057532-855-COT25;25172504;Neumáticos para camionetas o automóviles;NEUMATICOS 205-75 R16 / SEGUN ESPECIFICACIONES ADJUNTAS;4;EA
1057532-855-COT25;25172504;Neumáticos para camionetas o automóviles;NEUMATICOS 245-70 R16 / SEGUN ESPECIFICACIONES ADJUNTAS;4;EA
1057532-855-COT25;25172504;Neumáticos para camionetas o automóviles;NEUMATICOS 215-70 R16 / SEGUN ESPECIFICACIONES ADJUNTAS;4;EA
1057532-855-COT25;25172504;Neumáticos para camionetas o automóviles;NEUMATICOS 225-65 R17 / SEGUN ESPECIFICACIONES ADJUNTAS;4;EA
1057532-852-COT25;50181901;Pan fresco;10 pan de pascua, según eett;10;EA
1057532-852-COT25;52151504;Tazas o vasos desechables domésticos;100 vasos plasticos, según eett;100;EA
1057532-852-COT25;52151502;Platos desechables domésticos;100 platos plasticos, según eett;100;EA
1057532-852-COT25;50181905;Galletas dulces o pastelitos;5 Bolsa de dulces, según eett;5;EA
1057532-852-COT25;50202310;Agua mineral;20 agua saborizada 1.6L litros, según eett;20;EA
1057532-852-COT25;50181905;Galletas dulces o pastelitos;30 bolsas galletas navideñas, según eett;30;EA
1057532-852-COT25;50161511;Chocolate o sucedáneo de chocolate;4 chocolate caliente, segun eett;4;EA
1057532-852-COT25;50201706;Café;1 cafe 170 gr, según eett;1;EA
1057532-852-COT25;50201712;Bebidas de Té;1 Caja de Té, según eett;1;BX
1057532-852-COT25;50161509;Productos de edulcorantes o azúcares naturales;1 Kilo de Azucar, según eett;1;EA
1057532-852-COT25;50182001;Tartas, empanadas o pastas frescas;10 queques, según eett;10;EA
1057532-852-COT25;50181905;Galletas dulces o pastelitos;100 bastones de caramelo navidad, según eett;100;EA
1057532-852-COT25;50181905;Galletas dulces o pastelitos;5 Bolsas de Mashmallow, según eett;5;BG
1057532-852-COT25;52151504;Tazas o vasos desechables domésticos;100 vasos de plumavit, según eett;100;EA
1057532-851-COT25;24111503;Bolsas de plástico;bolsas plásticas navideñas 30 unidades, según eett;30;EA
1057532-851-COT25;60123204;Cintas decorativas;1 Cinta de regalo rollo, según eett;1;EA
1057532-851-COT25;14121503;Cartulina;cartulina roja española pliego 10, según eett;10;EA
1057532-851-COT25;14121503;Cartulina;cartulina negro española pliego 10, según eett;10;EA
1057532-851-COT25;14121503;Cartulina;cartulina verde española pliego 10, según eett;10;EA
1057532-851-COT25;60123001;Figuras de goma Eva;5 paquete goma eva brillante, según eett;5;EA
1057532-794-COT25;80111504;Formación, capacitación y entrenamiento de personal;Capacitación en Actualización de Conocimiento a Equipos de Salud 2025, Atención de Salud Personas Migrantes.;1;EA
1057532-862-COT25;90101701;Gestión de cafetería;FSC N°520//Servicio de Cafetería/considerando 30 raciones en horario AM, 11:00 hrs, para el día 18 de Noviembre 2025. lugar de la actividad dispositivo Prais.;30;EA
1057532-733-COT25;55121706;Banderas;1 bandera mapuche huilliche - Bandera 90x140 cms, segun eett;1;EA
1057532-858-COT25;93131704;Servicios de prevención o control de enfermedades;ATENCION ESPIRITUAL USUARIOS/AS PRAIS CON LAHUEN QUE SE ENCUENTRAN EN TRATAMIENTO CON MACHI SEGUN ESPECIFICACIONES TÉCNICAS ADJUNTAS;1;EA
1057532-834-COT25;51191902;Suplementos de aminoácidos;Whey Protein (2 Lb) - Original Suplemento nutricional que contiene 100% proteína aislada de suero, es hidrolizada y posee una alta concentración de aminoácidos ramificados y glutamina. Además su formulación incorpora enzimas digestivas, lo que contribuye a mejorar su absorción. Según Especificaciones técnicas adjuntas. Adjuntar ficha técnica de lo ofertado y vencimiento igual o superior 12 meses.;15;EA
1180747-50-COT25;47121702;Envases para residuos o forros rígidos;Contenedor 120L gris;2;EA
1180747-50-COT25;47121804;Cubos o baldes para limpieza;Carro de aseo;1;EA
1180747-50-COT25;47121702;Envases para residuos o forros rígidos;2 Contenedor gris con pedal 20L y 6 Contenedor gris con pedal 10L;8;EA
1180747-51-COT25;56111906;Estantes, cajones o armarios industriales;Estante mecano;7;EA
1057532-853-COT25;44121615;Corcheteras;Corcheteras Medianas metalicas 26/6- 25 hojas;5;EA
1057532-856-COT25;44103107;Suministros de limpieza para impresoras, fax o fotocopiadoras;1 SERVICIO TÉCNICO PARA IMPRESORA ZEBRA ZC-300 •	REPARACIÓN DE IMPRESORA DE CREDENCIAL MARCA ZEBRA •	REVISIÓN MAQUINA, RODILLO ENTRY PAPER DANADO •	SUSTITUIT ZEBRACARD KIT ENTRY-EXIT •	MANTENCIÓN DE EQUIPO •	AJUSTAR Y PROBAR •	ASESORAMIENTO PARA MEJORAR EL USO DE LA IMPRESORA.;1;EA
1057532-854-COT25;50161509;Productos de edulcorantes o azúcares naturales;2 Azucar en sachet 5 grs, caja de 800 unidades;2;EA
1057532-854-COT25;52151504;Tazas o vasos desechables domésticos;25 Manga para Vasos de Café Blanco 8oz/ 250cc 100 Unidades, ver foto;25;PK
1057532-854-COT25;52151617;Cucharas de madera de uso doméstico;10 paquete Cucharas Madera 100 Unidades;10;PK
1057532-854-COT25;52151502;Platos desechables domésticos;2 paquete de Platos cartón N°2, 18 cm, 100 un.;2;PK
1057532-854-COT25;50202310;Agua mineral;50 Agua Mineral con gas 1,5 lts;50;EA
1057532-854-COT25;52151617;Cucharas de madera de uso doméstico;8 paquetes Revolvedores De Café De Madera 14cm X 1000 Un;8;PK
1057532-854-COT25;52121602;Servilletas;20 Servilletas pq. 200 unidades 22,5x23 cm;20;EA
1057532-854-COT25;50201710;Té de hierbas;10 caja TE CEYLAN X 100 BOLSITAS;10;BX
1057532-854-COT25;50181905;Galletas dulces o pastelitos;450 Paquete de galletas 120-150 grs. Tipo TRITON, TUAREG, LIMON, FRAC, OBLEA;450;EA
1057532-854-COT25;50202304;Jugos y néctar envasados;80 Botella jugo 1.5 lts surtidos;80;EA
1057532-854-COT25;50192109;Papas fritas o galletas tostadas;250 Variedad snack tipo twistos, Club social, Selz, Gri;250;EA
1057532-854-COT25;52151504;Tazas o vasos desechables domésticos;15 Vaso polipapel 8oz - 250cc, 50 unidades;15;EA
1057532-854-COT25;50161509;Productos de edulcorantes o azúcares naturales;20 Endulzante stevia 270 ml;20;EA
1057532-854-COT25;50201706;Café;15 Café instantaneo 170 grs (tipo nescafe);15;EA
1057532-792-COT25;60141003;Casas de muñecas;Casa de muñecas, hecha de Madera con Techo Turquesa – 3 Niveles y Accesorios. Especificaciones técnicas adjuntas.;1;EA
1057532-792-COT25;60141002;Muñecas;Set de 6 muñecos de madera y tela, flexibles. Especificaciones técnicas adjuntas.;2;KIT
1057532-792-COT25;60141002;Muñecas;Set de 7 personajes familiares de madera y tela. Especificaciones técnicas adjuntas.;2;KIT
1057532-792-COT25;60141002;Muñecas;Set de 4 muñecos de madera para jugar.;2;KIT
1057532-792-COT25;60141002;Muñecas;Set de 2 muñecos de madera para jugar.;2;KIT
1057532-792-COT25;60141002;Muñecas;Muñeco de madera (Castilá o equivalente);2;EA
1057532-792-COT25;60141002;Muñecas;Animal perrito de madera (Castilá o equivalente);2;EA
1057532-792-COT25;60141002;Muñecas;Animal gatito de madera (Castilá o equivalente);2;EA
1057532-849-COT25;39111505;Iluminación empotrada;4 Equipo de iluminación L.E.D tipo PANEL embutido 60 X 60 cm (8 mm de espesor) 6500 K luz fría 40 Watts;4;EA
1057532-849-COT25;31162207;Remaches de compresión;100 unidades Remaches de aluminio tipo POP ala ancha M 4.8 x 30 mm;100;EA
1057532-849-COT25;27113204;Kits de electricista;6 Drivers de encendido para equipo L.E.D 50 - 55 Watts;6;EA
1057532-849-COT25;27113204;Kits de electricista;4 KITS DE EMERGENCIA PARA EQUIPO L.E.D. 55 WATTS;4;EA
1057532-849-COT25;26121629;Cable de alimentación;10 Cable T.A.G. control 1 mm² Rojo;10;EA
1057532-849-COT25;26121629;Cable de alimentación;10 Cable T.A.G. control 1 mm² Blanco;10;EA
1057532-849-COT25;39121432;Terminales eléctricos;100 Terminal de conexión paleta HEMBRA aislado 14-18 AWG (azul);100;EA
1057532-849-COT25;39121432;Terminales eléctricos;100 Terminal de conexión paleta MACHO aislado 14-18 AWG (azul);100;EA
1057532-849-COT25;31201502;Cinta autoadhesiva aislante eléctrica;3 Huincha aisladora scotch 3M SUPER +33;3;EA
1057532-849-COT25;31161509;Tornillos para muros en seco;"100 Tornillos cabeza lenteja autoperforante (punta broca) 1 1/2 """;100;EA
1057532-849-COT25;15111505;Butano;1 Carga de gas butano para soplete vertical (cocinilla);1;EA
1057532-849-COT25;39121405;Terminales de cable o alambre;100 Terminal ferrule 8 AWG (8,36 mm²);100;EA
1057532-849-COT25;39121405;Terminales de cable o alambre;100 Terminal ferrule 10 AWG (5,26 mm²);100;EA
1057532-849-COT25;39121405;Terminales de cable o alambre;200 Terminal ferrule 12 AWG (3,31 mm²);200;EA
1057532-849-COT25;39121405;Terminales de cable o alambre;200 Terminal ferrule 14 AWG (2,08 mm²);200;EA
1057532-849-COT25;39121405;Terminales de cable o alambre;200 Terminal ferrule 17-18 AWG (1 mm²);200;EA
1057532-859-COT25;41112207;Termógrafos;Termógrafos con sonda, para medición continua de temperaturas de vacunas;40;EA
1057532-860-COT25;47131602;Paños de limpieza absorbente;Paño Multiuso Dimensiones 35 x 33 x 0.2 cm Material: 100% Microfibra. Pack de 4 UNIDADES;10;PACK
1057532-860-COT25;47131824;Productos de limpieza de ventanas;Limpiavidrios 25cm Con Mango Extensible 58-94cm;2;EA
1057532-860-COT25;47131604;Escobas;Escoba Barre Hojas C/mango 22 Dientes 122cm;1;EA
1057532-860-COT25;44102905;Bolsitas o paños absorbentes;Caja X 12 // Pote Paños Húmedos Desinfectante 35 o 50 unidades.;18;BX
1057532-860-COT25;52141515;Compactadores de basura domésticos;Basurero Metálico Circular 270×300 Medidas : 270 x 300 mm Material : metálico;3;EA
1057532-867-COT25;90101701;Gestión de cafetería;FSC N°520//Servicio de Cafetería/considerando 30 raciones en horario AM, 11:00 hrs, para el día 18 de Noviembre 2025. lugar de la actividad dispositivo Prais.;30;EA
1057532-866-COT25;93131704;Servicios de prevención o control de enfermedades;ATENCION ESPIRITUAL USUARIOS/AS PRAIS CON LAHUEN QUE SE ENCUENTRAN EN TRATAMIENTO CON MACHI SEGUN ESPECIFICACIONES TÉCNICAS ADJUNTAS;1;EA
1057532-863-COT25;10161707;Arreglo de flores cortadas;Arreglo Floral con pedestal, detalle en especificaciones adjuntas.;3;EA
1057727-44-COT25;55121706;Banderas;Bandera Mapuche Huilliche de 1 metro x 1.5 metros con bordado( hojas, luna, sol deben incluir bordado), Se adjunta modelo de bandera.;1;EA
1057727-44-COT25;60101405;Cintas o escarapelas de clase;ID: 60101405  Chapitas con alfiler de 6cm de diametro distintivos alusivos a interculturalidad con logo mapuche y logo HPU, se adjunta diseño a realizar.;40;EA
1057922-164-COT25;56121014;Percheros murales;PERCHERO MURAL SEGUN ESPECIFICACIONES TECNICAS ADJUNTAS;1;EA
1057922-165-COT25;44103201;Reloj de control;RELOJ MURAL DIGITAL SEGUN ESPECIFICACIONES TECNICAS ADJUNTAS;1;EA
1057922-166-COT25;24101728;Soportes de transportador;PALLET PLASTICO SEGUN ESPECIFICACIONES TECNICAS ADJUNTAS;8;EA
1057922-167-COT25;24101728;Soportes de transportador;PALLET PLASTICO SEGUN ESPECIFICACIONES TECNICAS ADJUNTAS;1;EA
1057532-861-COT25;42181803;Sondas o sensores de oxímetros de pulso;Sensor oximetría pediátrico reutilizable;1;EA
1057532-861-COT25;42181803;Sondas o sensores de oxímetros de pulso;Sensores flexibles para oximetría pediátrica (pack de 15 sensores);2;PACK
1057532-861-COT25;42181802;Cables de oximetros de pulso;Cable adaptador para conexión de sensores flexibles;1;EA
1057922-149-COT25;42293507;Depósitos de aspiración quirúrgicos;BOMBA DE ASPIRACIÓN, DE ACUERDO ESPECIFICACIONES TÉCNICAS;1;EA
1057922-151-COT25;42182304;Sets o kits de pruebas psicodiagnósticas;SET DE EQUIPAMIENTO DIAGNOSTICO DE ACUERDO A ESPECIFICACIONES TÉCNICAS ADJUNTAS;1;KIT
1057727-82-COT25;54111501;Relojes de pulsera;11 RELOJES DE HOMBRE.;11;EA
1057727-82-COT25;54111501;Relojes de pulsera;21 RELOJES DE MUJER.;21;EA
1057532-802-COT25;52141802;Estufas domésticas;Estufa Eléctrica Infrarroja 1500W, 1500W Wifi, Adjuntar ficha Tecnica.;1;EA
1057532-802-COT25;40101706;Persianas de aire acondicionado;Adquisición e instalación equipo de aire acondicionado a muro frio/calor de 12000BTU con soporte, unidad externa, bomba de condensado e instalación eléctrica en la ciudad de Osorno,;1;EA
1057532-845-COT25;80111504;Formación, capacitación y entrenamiento de personal;Servicio de Relatoría para 2 jornadas. 27 de noviembre y 10 de diciembre 2025.MONITOR CON EXPERIENCIA EN MARCO TEORICOS Y NORMATIVOS, COSMOVISION Y SISTEMA DE SALUD MAPUCHE/CON CERTIFICACION;2;DAY
1057532-875-COT25;44102905;Bolsitas o paños absorbentes;Pote Paños Húmedos Desinfectante 35 o 50 unidades.;185;EA
1057727-79-COT25;49171602;Bolsas de arena;SACO DE BOX / SEGÚN ESPECIFICACIONES ADJUNTAS;1;EA
1057922-140-COT25;30161801;Armarios;Set Estante Mini Rack, Según especificaciones técnicas adjuntas;1;KIT
1057922-133-COT25;30161702;Tarimas;Tarima plástica 120 x 80 cm, según especificaciones técnicas adjuntas;2;EA
1057922-131-COT25;30201803;Unidades para contenedores;Set de Contenedores, de acuerdo a especificaciones técnicas adjuntas;1;KIT
1057922-147-COT25;25181709;Pala cargadora;TRANSPALETA APILADORA ELECTRICA SEGUN ESPECIFICACIONES TÉCNICAS ADJUNTAS;1;EA
1057532-873-COT25;93131704;Servicios de prevención o control de enfermedades;ATENCION ESPIRITUAL USUARIOS/AS PRAIS CON LAHUEN QUE SE ENCUENTRAN EN TRATAMIENTO CON MACHI SEGUN ESPECIFICACIONES TÉCNICAS ADJUNTAS;1;EA
1057727-83-COT25;54111501;Relojes de pulsera;6 RELOJES DE MUJER.;6;EA
1057727-84-COT25;54111501;Relojes de pulsera;21 RELOJ PULSERA DAMA.;21;EA
1057727-84-COT25;54111501;Relojes de pulsera;11 RELOJ PULSERA HOMBRE.;11;EA
1057922-145-COT25;47121501;Carros para limpieza;CARRO DE ASEO CON ESTRUJAMOPA SEGUN ESPECIFICACIONES TECNICAS ADJUNTAS;2;EA
1057922-145-COT25;24102101;Equipo para manejo de carga;CARRO DE TRANSPORTE TIPO YEGUA SEGUN ESPECIFICACIONES TECNICAS ADJUNTAS;4;EA
1057922-145-COT25;30191501;Escaleras;ESCALERA 2 PELDAÑOS TIPO TIJERA SEGUN ESPECIFICACIONES TECNICAS ADJUNTAS;3;EA
1057532-871-COT25;90101701;Gestión de cafetería;Servicio de Cafetería para dos 2 días, para 24 y 25 de Noviembre 2025 a realizarse la entrega en Entre Lagos.;62;EA
1057532-884-COT25;90101701;Gestión de cafetería;Servicio de cafetería para el día 1 de diciembre 2025, lugar Juan de Dios Ángulo # 399, Osorno;45;EA
1057532-818-COT25;44102001;Lámina para plastificar;Láminas para termolaminar tamaño carta (100 hojas).;1;RM
1057532-818-COT25;14111610;Cartulina;set cartulina española (10 pliegos y 10 colores diferentes);12;PK
1057532-818-COT25;60121109;Blocs de dibujo;Block de dibujo medium 99 1/8 (20 hojas);5;EA
1057532-818-COT25;60121148;Papel lustre;Papel Lustre Origami 16x16  (24 hojas).;10;EA
1057532-818-COT25;60121148;Papel lustre;Papel Lustre 10x10 (24 hojas);20;EA
1057532-818-COT25;44103105;Cartuchos de tinta;Tampón tinta n°2 med negro tapa metálica.;2;EA
1057532-818-COT25;44103105;Cartuchos de tinta;Tinta Negra (24 ml).;2;EA
1057532-882-COT25;90101701;Gestión de cafetería;Servicio de Cafetería para la actividad de Capacitación emergencia y Alimentación Asistida, para el día 03 de diciembre 2025, en horario de 10:00 hrs- AM, lugar a confirmar;70;EA
1057532-882-COT25;90101701;Gestión de cafetería;Servicio de Cafetería para la actividad/ Conversatorio Personas en Situación de Discapacidad Física, para el día 02 de diciembre 2025, en horario de 10:00 hrs- AM, lugar a confirmar;70;EA
1057922-148-COT25;52141515;Compactadores de basura domésticos;Basurero Empotrado, Según Especificaciones Técnicas;3;EA
1057532-874-COT25;42242108;Pesos o equipamiento de tracción ortopédica;Circuito de motricidad, de acuerdo a Especificaciones Técnicas adjuntas.;11;EA
1057532-874-COT25;60123001;Figuras de goma Eva;Piso Goma Eva, de acuerdo a Especificaciones Técnicas adjuntas.;5;PACK
1057532-877-COT25;60141102;Juegos de mesa;Juego de mesa Basta, de acuerdo a Especificaciones Técnicas adjuntas.;2;EA
1057532-877-COT25;60141102;Juegos de mesa;Juego de mesa DOBBLE, de acuerdo a Especificaciones Técnicas adjuntas.;2;EA
1057532-877-COT25;60141102;Juegos de mesa;Juego de mesa MEMORICE, de acuerdo a Especificaciones Técnicas adjuntas.;2;EA
1057532-877-COT25;60141102;Juegos de mesa;Juego de mesa CATAN, de acuerdo a Especificaciones Técnicas adjuntas.;1;EA
1057532-877-COT25;60141102;Juegos de mesa;ROMPECABEZA 100 PIEZAS, de acuerdo a Especificaciones Técnicas adjuntas.;2;EA
1057532-877-COT25;60141102;Juegos de mesa;MOVIL PARA CUNA SIN PILAS, de acuerdo a Especificaciones Técnicas adjuntas.;19;EA
1057532-877-COT25;60141102;Juegos de mesa;Pared didáctica madera, de acuerdo a Especificaciones Técnicas adjuntas.;1;EA
1057532-877-COT25;60141102;Juegos de mesa;Juego simulacro de casa, de acuerdo a Especificaciones Técnicas adjuntas.;1;EA
1057532-877-COT25;60141102;Juegos de mesa;Juego grandes ideas, de acuerdo a Especificaciones Técnicas adjuntas.;1;EA
1057532-877-COT25;60141102;Juegos de mesa;Pelotas sensoriales, de acuerdo a Especificaciones Técnicas adjuntas.;7;EA
1057532-877-COT25;60141102;Juegos de mesa;Juego de ENCAJE, de acuerdo a Especificaciones Técnicas adjuntas.;2;EA
1057532-877-COT25;60141102;Juegos de mesa;Juego de CARTAS UNO, de acuerdo a Especificaciones Técnicas adjuntas.;2;EA
1057532-877-COT25;60141102;Juegos de mesa;Tarjetas alto contraste, de acuerdo a Especificaciones Técnicas adjuntas.;5;EA
1057727-85-COT25;49171602;Bolsas de arena;SACO DE BOX / SEGÚN ESPECIFICACIONES ADJUNTAS;1;EA
1057532-870-COT25;14121503;Cartulina;10 cartulina negro española pliego 10, según eett;10;EA
1057532-870-COT25;14121503;Cartulina;10 cartulina verde española pliego 10, según eett;10;EA
1057532-870-COT25;60123001;Figuras de goma Eva;5 paquete goma eva brillante, según eett;5;EA
1057532-870-COT25;24111503;Bolsas de plástico;bolsas plásticas navideñas 30 unidades, según eett;30;EA
1057532-870-COT25;60123204;Cintas decorativas;1 Cinta de regalo rollo, según eett;1;EA
1057532-870-COT25;14121503;Cartulina;10 cartulina roja española pliego 10, según eettt;10;EA
1057532-869-COT25;50181905;Galletas dulces o pastelitos;100 bastones de caramelo navidad, según eett;100;EA
1057532-869-COT25;50181905;Galletas dulces o pastelitos;5 Bolsas de Mashmallow, según eett;5;EA
1057532-869-COT25;52151504;Tazas o vasos desechables domésticos;100 vasos de plumavit, según eett;100;EA
1057532-869-COT25;52151502;Platos desechables domésticos;100 platos plásticos, según eett;100;EA
1057532-869-COT25;50181905;Galletas dulces o pastelitos;5 Bolsa de dulces, según eett;5;EA
1057532-869-COT25;50202310;Agua mineral;20 agua saborizada 1.6L litros, según eett;20;EA
1057532-869-COT25;50181905;Galletas dulces o pastelitos;30 bolsas galletas navideñas, según eett;30;EA
1057532-869-COT25;50181901;Pan fresco;10 pan de pascua, según eett;10;EA
1057532-869-COT25;52151504;Tazas o vasos desechables domésticos;100 vasos plasticos, según eett;100;EA
1057532-869-COT25;50161511;Chocolate o sucedáneo de chocolate;4 chocolate caliente, segun eett;4;EA
1057532-869-COT25;50201706;Café;1 cafe 170 gr, según eett;1;EA
1057532-869-COT25;50201712;Bebidas de Té;1 Caja de Té, según eett;1;EA
1057532-869-COT25;50161509;Productos de edulcorantes o azúcares naturales;1 Kilo de Azucar, según eett;1;EA
1057532-869-COT25;50182001;Tartas, empanadas o pastas frescas;10 queques, según eett;10;EA
1057532-872-COT25;25172504;Neumáticos para camionetas o automóviles;NEUMATICOS 205-75 R16 / SEGUN ESPECIFICACIONES ADJUNTAS;6;EA
1057532-832-COT25;43233201;Software de servidor de autenticación;Certificado de Seguridad SSL/TSL WildCard;1;EA
1057532-878-COT25;31261501;Cubiertas y cajas de plástico;Cajas plasticas con tapa, 6 litros (para traslado).;2;EA
1057532-878-COT25;31261501;Cubiertas y cajas de plástico;Cajas plasticas con tapa, 15 litros (para traslado).;2;EA
1057532-878-COT25;31261501;Cubiertas y cajas de plástico;Cajas plasticas con tapa, 15 litros (para traslado).;2;EA
1057532-878-COT25;53121503;Maletas individuales;Maleta herramientas metálica (de aluminio). 21x75x33 cms, con ruedas para traslado.;1;EA
1057532-890-COT25;90101701;Gestión de cafetería;Servicio de Cafetería para el día 5 de diciembre del 2025, en horario AM, a las 09:00 hrs, lugar a confirmar;50;EA
1057532-891-COT25;90101701;Gestión de cafetería;Servicio de Cafetería para los días 11 y 17 de Diciembre 2025, horario AM. lugar a confirmar;64;EA
1057532-891-COT25;90101701;Gestión de cafetería;Servicio de Cafetería para los días 11 y 17 de Diciembre 2025, horario PM. lugar a confirmar;64;EA
1057532-893-COT25;90101701;Gestión de cafetería;Servicio de Cafetería para dos 2 días, 31 raciones por dia, para 24 y 25 de Noviembre 2025 a realizarse la entrega en Entre Lagos.;62;EA
1057532-638-COT25;60102301;Libros de actividades de lectura;2 ESTATUTO ADMINISTRATIVOS INTERPRETADOS NUEVA EDICION DEL ESTATUTO ADMINISTRATIVO INTERPRETADO CON DICTAMENES EMITIDOS POR LA CONTRALORIA GENERAL DE LA REPUBLICA, DE LA EDITORIAL,CIRCULO LEGAL EDITORES (DECIMO CUARTA EDICION 2024 referencia);2;EA
1057532-887-COT25;80111504;Formación, capacitación y entrenamiento de personal;SE REQUIERE CONTRATAR PARA EL DIA(15 DE DICIEMBRE 2025) A 3 RELATORES CON EXPERIENCIA EN SALUD INTERCULTURAL, COSMOVISION MAPUCHE, HISTORIAS PUEBLOS ORIGINARIOS, DIAGNOSTICO ORGANIZACIONAL, PARTICIPACION SOCIAL EN SALUD;3;EA
1057532-892-COT25;52121602;Servilletas;3.600 UNIDADES DE SERVILLETAS DECOUPAGE MIX DE FLORES VARIADOS DISEÑOS ( ROSAS,TULIPANES,PEONIAS,VIOLETAS,ORQUIDEAS,HORTENCIAS,, ETC);3600;EA
1077241-148-COT25;80141611;Personalización de regalos o productos promocionales;CUADERNILLO DE SALUD CON LOGO “PROGRAMA CUIDARTE ES AMARTE” ESPECIFICACIONES TÉCNICAS ADJUNTAS;1000;EA
1057532-876-COT25;39111609;Linternas de queroseno, propano o butano;Adquisición de linterna frontal igual o similar a:EINSTEIN 1500 FLEX de NEBO, adjunta ficha técnica de lo ofertado las ofertas que no envíen la ficha tecnica no serán evaluada se declararán inadmisibles.;25;EA
1057532-888-COT25;90101701;Gestión de cafetería;Servicio de Cafetería para el día 26 de noviembre 2025, en las dependencias de mutual de Seguridad en el 1° auditorio, en horario PM, a las 15:00 hrs.;60;EA
1057532-888-COT25;90101701;Gestión de cafetería;Servicio de Cafetería para el día 26 de noviembre 2025, en las dependencias de mutual de Seguridad en el 1° auditorio, en horario AM, a las 10:00 hrs;60;EA
1057922-168-COT25;24101728;Soportes de transportador;PALLET PLASTICO SEGUN ESPECIFICACIONES TECNICAS ADJUNTAS;8;EA
1057922-139-COT25;30161801;Armarios;Set de Lockers, según especificaciones técnicas adjuntas;1;KIT
1057922-139-COT25;56101504;Sillas;Banca 80 x 40 CM, según especificaciones técnicas adjuntas;2;EA
1057922-154-COT25;42295106;Bandejas mayo de regazo o estantes mayo para uso quirúrgico;MESA MAYO DE ACUERDO A ESPECIFICACIONES TÉCNICAS ADJUNTAS;2;EA
1057922-172-COT25;56101515;Camas;CAMA 1 PLAZA SEGUN ESPECIFICACIONES TECNICAS ADJUNTAS;1;EA
1057922-172-COT25;56101532;Mobiliario;VELADOR SEGUN ESPECIFICACIONES TECNICAS ADJUNTAS;1;EA
1057922-172-COT25;56101532;Mobiliario;SET MESA COMEDOR SEGUN ESPECIFICACIONES TECNICAS ADJUNTAS;1;KIT
1057922-170-COT25;56121014;Percheros murales;PERCHERO MURAL SEGUN ESPECIFICACIONES TECNICAS ADJUNTAS;1;EA
1057922-152-COT25;42201812;Mesas, repisas, sillas o armarios de radiografía médica, o accesorios;NEGATOSCOPIO DE ACUERDO A ESPECIFICACIONES TÉCNICAS ADJUNTAS;3;EA
1057922-171-COT25;56101516;Baúles;BAUL DE JUGUETES SEGUN ESPECIFICACIONES TECNICAS ADJUNTAS;1;EA
1057922-171-COT25;60121604;Accesorios de material de estudio;MATERIALES DIDACTICOS DE ESTIMULACION TEMPRANA SEGUN ESPECIFICACIONES TECNICAS ADJUNTAS;1;KIT
1057922-171-COT25;44111908;Pizarras magnéticas y accesorios;PIZARRA ACRILICA SEGUN ESPECIFICACIONES TECNICAS;6;EA
1057922-171-COT25;44111908;Pizarras magnéticas y accesorios;PIZARRA CORCHO SEGUN ESPECIFICACIONES TECNICAS;4;EA
1057922-171-COT25;56101519;Mesas;SET MESA PREESCOLAR  SEGUN ESPECIFICACIONES TECNICAS ADJUNTAS;2;KIT
1057922-171-COT25;30221010;Zona de juegos infantiles;JUEGOS INFANTILES SEGUN ESPECIFICACIONES TECNICAS ADJUNTAS;1;KIT
1057922-169-COT25;44103201;Reloj de control;RELOJ MURAL DIGITAL SEGUN ESPECIFICACIONES TECNICAS ADJUNTAS;1;EA
1057922-163-COT25;42182304;Sets o kits de pruebas psicodiagnósticas;SET DE EQUIPAMIENTO DIAGNOSTICO DE ACUERDO A ESPECIFICACIONES TÉCNICAS ADJUNTAS;1;KIT
1057922-155-COT25;42201702;Ultrasonido o unidades de eco fetal o ginecológico;ADQUISICIÓN DE DETECTOR DE LATIDOS CARDIOFETALES DE ACUERDO A ESPECIFICACIONES TÉCNICAS ADJUNTAS;1;EA
1057532-779-COT25;85141602;Medicina alternativa;6 formato 15 ml - bergamota 6 formato 15 ml - lavanda 6 formato 15 ml - naranja 6 formato 15 ml - vainilla 6 formato 15 ml - frutos rojos 6 formato 15 ml - manzana canela 6 formato 15 ml - melisa 6 formato 15 ml - canela naranja 6 formato 15 ml - mandarina 6 formato 15 ml - manzanilla 6 formato 15 ml - coco almendras;66;VI
1077241-147-COT25;24122003;Botellas de cristal;"Botella térmica de 800-900ml de vidrio con logo del programa "" Cuidarte es amarte"" centrado. 100 unidades";100;EA
1077241-147-COT25;60121511;Lápices especializados;Bolígrafo Trek Touch Screen con cuerpo de color metalizado y puntero touch screen para pantalla táctil.  Escritura azul.  Bolígrafos corporativos con logo del programa y cintas rosadas. 1000 unidades;1000;EA
1077241-147-COT25;44122011;Carpetas para archivos;"Carpetas de cartón tamaæo oficio, con bolsillo dentro con logo de programa ""Cuidarte es amarte"" + logos SSO + logo Gobierno Regional.  200 unidades";200;EA
1057532-864-COT25;39111505;Iluminación empotrada;4 Equipo de iluminación L.E.D tipo PANEL embutido 60 X 60 cm (8 mm de espesor) 6500 K luz fría 40 Watts;4;EA
1057532-864-COT25;31162207;Remaches de compresión;100 unidades Remaches de aluminio tipo POP ala ancha M 4.8 x 30 mm;100;EA
1057532-864-COT25;27113204;Kits de electricista;6 Drivers de encendido para equipo L.E.D 50 - 55 Watts;6;EA
1057532-864-COT25;27113204;Kits de electricista;4 KITS DE EMERGENCIA PARA EQUIPO L.E.D. 55 WATTS;4;EA
1057532-864-COT25;26121629;Cable de alimentación;10 Cable T.A.G. control 1 mm² Rojo;10;EA
1057532-864-COT25;26121629;Cable de alimentación;10 Cable T.A.G. control 1 mm² Blanco;10;EA
1057532-864-COT25;39121432;Terminales eléctricos;100 Terminal de conexión paleta HEMBRA aislado 14-18 AWG (azul);100;EA
1057532-864-COT25;39121432;Terminales eléctricos;100 Terminal de conexión paleta MACHO aislado 14-18 AWG (azul);100;EA
1057532-864-COT25;31201502;Cinta autoadhesiva aislante eléctrica;3 Huincha aisladora scotch 3M SUPER +33;3;EA
1057532-864-COT25;31161509;Tornillos para muros en seco;"100 Tornillos cabeza lenteja autoperforante (punta broca) 1 1/2 """;100;EA
1057532-864-COT25;15111505;Butano;1 Carga de gas butano para soplete vertical (cocinilla);1;EA
1057532-864-COT25;39121405;Terminales de cable o alambre;100 Terminal ferrule 8 AWG (8,36 mm²);100;EA
1057532-864-COT25;39121405;Terminales de cable o alambre;100 Terminal ferrule 10 AWG (5,26 mm²);100;EA
1057532-864-COT25;39121405;Terminales de cable o alambre;200 Terminal ferrule 12 AWG (3,31 mm²);200;EA
1057532-864-COT25;39121405;Terminales de cable o alambre;200 Terminal ferrule 14 AWG (2,08 mm²);200;EA
1057532-864-COT25;39121405;Terminales de cable o alambre;200 Terminal ferrule 17-18 AWG (1 mm²);200;EA
1057532-904-COT25;52121602;Servilletas;1.800 UNIDADES DE SERVILLETAS DE DECOUPAGE MIX DE FLORES VARIADOS DISEÑOS ( ROSAS,TULIPANES,PEONIAS,VIOLETAS,ORQUIDEAS,HORTENCIAS);1800;EA
1057532-902-COT25;85111510;Servicios de vacunación;1 Servicio de Compra y Administración de Vacuna Hepatitis B para 15 Funcionarios del COSAM Rahue;1;EA
1180747-64-COT25;43211507;Computadores de escritorio;Computador;6;EA
1180747-64-COT25;45111609;Proyectores multimedia;Proyector;1;EA
1180747-64-COT25;43212110;Impresoras multifunción o multifuncionales;Impresora;1;EA
1057532-886-COT25;90101701;Gestión de cafetería;Servicio de Cafetería en horario AM, para el día 15 Diciembre 2025, lugar a confirmar;80;EA
1057532-886-COT25;90101701;Gestión de cafetería;Servicio de Cafetería en horario PM, para el día 15 Diciembre 2025, lugar a confirmar;80;EA
1057532-896-COT25;90101701;Gestión de cafetería;Servicio de cafetería para curso radiológico por 3 días, fecha, hora y Lugar a Confirmar  jornada mañana, son 30 usuarios en horario AM por los 3 días.;90;EA
1057532-896-COT25;90101701;Gestión de cafetería;Servicio de cafetería para curso radiológico por 3 días, fecha, hora y Lugar a Confirmar  jornada tarde, son 30 usuarios en horario PM por los 3 días.;90;EA
1057532-899-COT25;42242108;Pesos o equipamiento de tracción ortopédica;Circuito de motricidad, de acuerdo a Especificaciones Técnicas adjuntas.;11;EA
1057532-899-COT25;60123001;Figuras de goma Eva;Piso Goma Eva, de acuerdo a Especificaciones Técnicas adjuntas.;5;PACK
1057532-898-COT25;60141102;Juegos de mesa;Juego de mesa Basta, de acuerdo a Especificaciones Técnicas adjuntas.;2;EA
1057532-898-COT25;60141102;Juegos de mesa;Juego de mesa DOBBLE, de acuerdo a Especificaciones Técnicas adjuntas.;2;EA
1057532-898-COT25;60141102;Juegos de mesa;Juego de mesa MEMORICE, de acuerdo a Especificaciones Técnicas adjuntas.;2;EA
1057532-898-COT25;60141102;Juegos de mesa;Juego de mesa CATAN, de acuerdo a Especificaciones Técnicas adjuntas.;1;EA
1057532-898-COT25;60141102;Juegos de mesa;Juego de ENCAJE, de acuerdo a Especificaciones Técnicas adjuntas.;2;EA
1057532-898-COT25;60141102;Juegos de mesa;Juego de CARTAS UNO, de acuerdo a Especificaciones Técnicas adjuntas.;2;EA
1057532-898-COT25;60141102;Juegos de mesa;ROMPECABEZA 100 PIEZAS, de acuerdo a Especificaciones Técnicas adjuntas.;2;EA
1057532-898-COT25;60141102;Juegos de mesa;MOVIL PARA CUNA SIN PILAS, de acuerdo a Especificaciones Técnicas adjuntas.;19;EA
1057532-898-COT25;60141102;Juegos de mesa;Pared didáctica madera, de acuerdo a Especificaciones Técnicas adjuntas.;1;EA
1057532-898-COT25;60141102;Juegos de mesa;Juego simulacro de casa, de acuerdo a Especificaciones Técnicas adjuntas.;1;EA
1057532-898-COT25;60141102;Juegos de mesa;Juego grandes ideas, de acuerdo a Especificaciones Técnicas adjuntas.;1;EA
1057532-898-COT25;60141102;Juegos de mesa;Pelotas sensoriales, de acuerdo a Especificaciones Técnicas adjuntas.;7;EA
1057532-898-COT25;60141102;Juegos de mesa;Tarjetas alto contraste, de acuerdo a Especificaciones Técnicas adjuntas.;5;EA
1057532-833-COT25;80111504;Formación, capacitación y entrenamiento de personal;Curso de gestor en inclusión laboral con certificación incluida en plataforma chile valora, para 02 cupos, de acuerdo a especificaciones técnicas adjuntas.;1;EA
1057922-173-COT25;30161801;Armarios;Set Estante Mini Rack, Según especificaciones técnicas adjuntas;1;KIT
1057532-900-COT25;24111503;Bolsas de plástico;Bolsa ziploc mediana, de acuerdo a Especificaciones Técnicas adjuntas.;10;PACK
1057532-900-COT25;14111525;Papel multiuso;Paquetes opalinas cartas, de acuerdo a Especificaciones Técnicas adjuntas.;4;RM
1057532-900-COT25;14111601;Papel, bolsas o cajas de regalo;Bolsa organza, de acuerdo a Especificaciones Técnicas adjuntas.;100;EA
1057532-900-COT25;24112404;Caja;Caja cartón, de acuerdo a Especificaciones Técnicas adjuntas.;100;BX
1057532-900-COT25;60105704;Barras de pegamento libres de ácido;Pegamento barra, de acuerdo a Especificaciones Técnicas adjuntas.;18;EA
1057532-900-COT25;44111906;Pizarrones y accesorios;Pizarra blanca, de acuerdo a Especificaciones Técnicas adjuntas.;20;EA
1057532-900-COT25;14111610;Cartulina;Carpeta cartulina, de acuerdo a Especificaciones Técnicas adjuntas.;60;EA
1057532-900-COT25;60123001;Figuras de goma Eva;Pliegos de goma eva, de acuerdo a Especificaciones Técnicas adjuntas.;160;PGL
1057532-900-COT25;60121109;Blocs de dibujo;Block de dibujo medio, de acuerdo a Especificaciones Técnicas adjuntas.;32;EA
1057532-900-COT25;60121148;Papel lustre;Block papel lustre, de acuerdo a Especificaciones Técnicas adjuntas.;32;BLO
1057532-900-COT25;60105704;Barras de pegamento libres de ácido;tubos de pegamento glitter glue (diferentes colores) (6x10 ml), de acuerdo a Especificaciones Técnicas adjuntas.;32;EA
1057532-900-COT25;31261501;Cubiertas y cajas de plástico;Cajas plásticas, de acuerdo a Especificaciones Técnicas adjuntas.;18;BX
1057532-900-COT25;31261501;Cubiertas y cajas de plástico;Cajas plásticas 60 litros, de acuerdo a Especificaciones Técnicas adjuntas.;5;BX
1077241-149-COT25;24122003;Botellas de cristal;"Botella térmica de 500ml de vidrio con logo del programa "" Cuidarte es amarte"" centrado.  100 unidades";100;EA
1077241-149-COT25;60121511;Lápices especializados;Bolígrafo Trek Touch Screen con cuerpo de color metalizado y puntero touch screen para pantalla táctil. Escritura azul. Bolígrafos corporativos con logo del programa y cintas rosadas.  1000 unidades;1000;EA
1077241-149-COT25;44122011;Carpetas para archivos;"Carpetas de cartón tamaño oficio, con bolsillo dentro con logo de programa ""Cuidarte es amarte"" + logos SSO + logo Gobierno Regional.  200 unidades";200;EA
1057532-908-COT25;78111808;Arriendo de vehículos;Arriendo mensual camioneta para SSO, de acuerdo a especificaciones técnicas adjuntas  Se requiere para 01/12;1;EA
1057727-71-COT25;82111705;Redacción de discursos;TALLER DE ELABORACIÓN DE JABONES AROMÁTICOS;1;000
1057532-903-COT25;80111504;Formación, capacitación y entrenamiento de personal;SE REQUIERE CONTRATAR PARA EL DIA(15 DE DICIEMBRE 2025) A 3 RELATORES CON EXPERIENCIA EN SALUD INTERCULTURAL, COSMOVISION MAPUCHE, HISTORIAS PUEBLOS ORIGINARIOS, DIAGNOSTICO ORGANIZACIONAL, PARTICIPACION SOCIAL EN SALUD;3;EA
1057532-894-COT25;31261501;Cubiertas y cajas de plástico;Cajas plasticas con tapa, 6 litros (para traslado). Deberá adjunta ficha de lo ofertado/si no adjunta ficha se declara inadmisible.;2;EA
1057532-894-COT25;31261501;Cubiertas y cajas de plástico;Cajas plasticas con tapa, 15 litros (para traslado). Deberá adjunta ficha de lo ofertado/si no adjunta ficha se declara inadmisible.;2;EA
1057532-894-COT25;31261501;Cubiertas y cajas de plástico;Cajas plasticas con tapa, 15 litros (para traslado). Deberá adjunta ficha de lo ofertado/si no adjunta ficha se declara inadmisible.;2;EA
1057532-894-COT25;53121503;Maletas individuales;Maleta herramientas metálica (de aluminio). 21x75x33 cms, con ruedas para traslado. Deberá adjunta ficha de lo ofertado/si no adjunta ficha se declara inadmisible.;1;EA
1057532-885-COT25;80141607;Producción de eventos;1 SERVICIO DE PRODUCCIÓN JORNADA DE INTERCAMBIO DE EXPERIENCIAS CUIDADOS COMUNITARIOS 2025, SEGUN EETT.;1;EA
1057532-885-COT25;93131608;Servicios de suministro de alimentos;1 SERVICIO DE CAFETERIA  - Coffee break mañana (café, té, jugos, galletas, mini brochetas de frutas, snacks salados/dulces,) para 100 personas. - Coffee break tarde (café, té, jugos, snacks salados/dulces) para 100 personas. - Servicio para 100 personas. (mesas, manteles, vajilla, servilletas);1;EA
1057532-868-COT25;80111504;Formación, capacitación y entrenamiento de personal;CURSO DE PROTECCIÓN RADIOLÓGICA 21 HORAS CRONOLOGICAS, CON ACREDITACIÓN DE SEREMI DE SALUD, DE ACUERDO A ESPECIFICACIONES ADJUNTAS.;1;EA
1180747-58-COT25;47131618;Mopas húmedas;CARRO ASEO SEGUN ESPECIFICACIONES TECNICAS ADJUNTAS;1;EA
1180747-58-COT25;30191501;Escaleras;ESCALERA DOS PELDAÑOS  SEGUN ESPECIFICACIONES TECNICAS ADJUNTAS;1;EA
1180747-58-COT25;24101605;Equipo de carga;CARRO TIPO YEGUA SEGUN ESPECIFICACIONES TECNICAS ADJUNTAS;1;EA
1180747-53-COT25;42201812;Mesas, repisas, sillas o armarios de radiografía médica, o accesorios;MESA COMEDOR CON SILLAS SEGUN ESPECIFICACIONES TECNICAS ADJUNTAS;1;EA
1180747-53-COT25;56101515;Camas;CAMAS 1 PLAZA SEGUN ESPECIFICACIONES TECNICAS ADJUNTAS;2;EA
1180747-53-COT25;56101515;Camas;CAMAS 2 PLAZA SEGUN ESPECIFICACIONES TECNICAS ADJUNTAS;2;EA
1180747-53-COT25;42201812;Mesas, repisas, sillas o armarios de radiografía médica, o accesorios;JUEGO LIVING (SEGUN PROYECTO) SEGUN ESPECIFICACIONES TECNICAS ADJUNTAS;1;EA
1180747-53-COT25;42201812;Mesas, repisas, sillas o armarios de radiografía médica, o accesorios;VELADORES SEGUN ESPECIFICACIONES TECNICAS ADJUNTAS;3;EA
1180747-57-COT25;42251502;Productos de evaluación, ensayos sensoriales, perceptuales, de desteridad y cognitivos;SET EVALUACION DESARROLLO PSICOMOTOR (INCLUYE TEPSI Y EEDP) DE ACUERDO A ESPECIFICACINES TÉCNICAS ADJUNTAS;1;KIT
1057532-905-COT25;73152102;Servicio de reparación de equipo de fabricación;1 Servicio de Mantención preventiva de acuerdo a requerimientos del fabricante.  + Cambio del Cardtridge MC-10;1;EA
1057922-162-COT25;53121702;Maletines;MALETIN TRANSPORTE DE MUESTRAS SEGUN ESPECIFICACIONES TECNICAS;1;EA
1057922-162-COT25;41116203;Accesorios de monitores o medidores;TERMOHIGROMETRO SEGUN ESPECIFICACIONES TECNICAS;2;EA
1057922-159-COT25;42192207;Camillas de paciente o accesorios de camilla;CAMILLA EXAMEN SEGUN ESPECIFICACIONES TECNICAS ADJUNTAS;2;EA
1057922-159-COT25;42192210;Sillas de ruedas;SET SILLAS DE RUEDAS;1;KIT
1057922-160-COT25;56101501;Soportes;SOPORTE SUERO SEGUN ESPECIFICACIONES TECNICAS ADJUNTAS;1;EA
1057922-175-COT25;52141515;Compactadores de basura domésticos;Basurero Empotrado, Según Especificaciones Técnicas;3;EA
1180747-61-COT25;44111908;Pizarras magnéticas y accesorios;PIZARRA BLANCA SEGUN ESPECIFICACIONES TECNICAS ADJUNTAS;1;EA
1180747-61-COT25;44111908;Pizarras magnéticas y accesorios;PIZARRA MIXTA (BLANCA Y CORCHO) SEGUN ESPECIFICACIONES TECNICAS ADJUNTAS;1;EA
1180747-60-COT25;24111505;Contenedores a granel intermedios flexibles;CONTENEDOR GRIS CON PEDAL 20 L SEGUN ESPECIFICACIONES TECNICAS ADJUNTAS;16;EA
1180747-60-COT25;24111505;Contenedores a granel intermedios flexibles;CONTENEDOR AMARILLO CON PEDAL 40 L SEGUN ESPECIFICACIONES TECNICAS ADJUNTAS;1;EA
1180747-60-COT25;24111505;Contenedores a granel intermedios flexibles;CONTENEDOR GRIS CON PEDAL 40 L SEGUN ESPECIFICACIONES TECNICAS ADJUNTAS;1;EA
1180747-60-COT25;24111505;Contenedores a granel intermedios flexibles;CONTENEDOR AMARILLO 220 L SEGUN ESPECIFICACIONES TECNICAS ADJUNTAS;1;EA
1180747-60-COT25;24111505;Contenedores a granel intermedios flexibles;CONTENEDOR GRIS 220 L SEGUN ESPECIFICACIONES TECNICAS ADJUNTAS;1;EA
1180747-60-COT25;24111505;Contenedores a granel intermedios flexibles;CONTENEDOR ROJO 220 L SEGUN ESPECIFICACIONES TECNICAS ADJUNTAS;1;EA
1180747-56-COT25;56122004;Módulos con fregadero o lavatorio;LAVATORIO ACERO INOXIDABLE  DE ACUERDO A ESPECIFICACIONES TÉCNICAS ADJUNTAS;2;EA
1180747-55-COT25;52151614;Coolers;COOLER TRANSPORTE MUESTRAS SEGUN ESPECIFICACIONES TECNICAS ADJUNTAS;1;EA
1057922-161-COT25;42191607;Hardware de vías carriles de cortina o biombos o cortinas de cubículo del paciente;BIOMBO CLINICO DE 2 CUERPOS SEGUN ESPECIFICACIONES TECNICAS ADJUNTAS;1;EA
1057922-161-COT25;30191505;Taburete escalonado;ESCABEL DE DOS ESCALONES SEGUN ESPECIFICACIONES TECNICAS ADJUNTAS;3;EA
1057922-161-COT25;42192001;Mesas de examen o de procedimiento clínico para uso general;MESA TOMA DE MUESTRAS SEGUN ESPECIFICACIONES TECNICAS ADJUNTAS;1;EA
1057922-161-COT25;42192103;Sillas de paciente;PISO CLINICO DE ALTURA REGULABLE SEGUN ESPECIFICACIONES TECNICAS ADJUNTAS;2;EA
1180747-54-COT25;56101532;Mobiliario;MESA PASTEUR SEGUN ESPECIFICACIONES TECNICAS ADJUNTAS;2;EA
1057532-906-COT25;39111609;Linternas de queroseno, propano o butano;Adquisición de linterna frontal igual o similar a:EINSTEIN 1500 FLEX de NEBO, adjunta ficha técnica de lo ofertado las ofertas que no envíen la ficha tecnica no serán evaluada se declararán inadmisibles.;25;EA
1180747-67-COT25;47121804;Cubos o baldes para limpieza;Carro de aseo;1;EA
1057922-181-COT25;56121014;Percheros murales;PERCHERO MURAL SEGUN ESPECIFICACIONES TECNICAS ADJUNTAS;1;EA
1057922-178-COT25;42295106;Bandejas mayo de regazo o estantes mayo para uso quirúrgico;MESA MAYO DE ACUERDO A ESPECIFICACIONES TÉCNICAS ADJUNTAS;2;EA
1057922-177-COT25;42201812;Mesas, repisas, sillas o armarios de radiografía médica, o accesorios;NEGATOSCOPIO DE ACUERDO A ESPECIFICACIONES TÉCNICAS ADJUNTAS;3;EA
1180747-66-COT25;47121702;Envases para residuos o forros rígidos;Contenedor 120L gris;2;EA
1180747-66-COT25;47121702;Envases para residuos o forros rígidos;2 Contenedor gris con pedal 20L y 6 Contenedor gris con pedal 10L;8;EA
1057727-81-COT25;82111705;Redacción de discursos;TALLER DE ELABORACIÓN DE JABONES AROMÁTICOS;1;EA
1057532-907-COT25;14111805;Talones o talonarios;50 TALONARIO ( SEGUN ARCHIVO ADJUNTO);50;TALO
1057532-913-COT25;80141607;Producción de eventos;1 SERVICIO DE PRODUCCIÓN JORNADA DE INTERCAMBIO DE EXPERIENCIAS CUIDADOS COMUNITARIOS 2025, SEGUN EETT.;1;EA
1057532-913-COT25;93131608;Servicios de suministro de alimentos;1 SERVICIO DE CAFETERIA - Coffee break mañana (café, té, jugos, galletas, mini brochetas de frutas, snacks salados/dulces,) para 100 personas. - Coffee break tarde (café, té, jugos, snacks salados/dulces) para 100 personas. - Servicio para 100 personas. (mesas, manteles, vajilla, servilletas), tener resolución sanitaria;1;EA
1057532-911-COT25;39121303;Cajas eléctricas;6 CAJAS CHUQUI.;6;BX
1057532-911-COT25;39121402;Enchufes eléctricos;3 PLACAS ARMADA LUZICA TOMA TRIPLE;3;PG
1057532-911-COT25;39121402;Enchufes eléctricos;3 PLACA ARMADA LUZICA INT.;3;PG
1057532-911-COT25;32141016;Tubos múltiples;15 UNIDADES DE SALIDA CAJA L/HALOG.;15;EA
1057532-911-COT25;27112103;Abrazaderas;20 ABRAZADERA.;20;EA
1057532-911-COT25;32141016;Tubos múltiples;1 TUBO L/HALOG RIGIDO;1;TUBO
1057532-911-COT25;26121609;Cable de redes;5 METROS DE CABLE RVK;5;MTR
1057532-911-COT25;39121407;Regletas de conexiones;2 UNIDADES REGLETA DE CONEXION;2;EA
1057532-911-COT25;31201512;Cinta Transparente;1 UNIDAD CINTA PLASTICA SUPER;1;EA
1057532-911-COT25;31201509;Cinta adhesiva de nilon;1 UNIDAD CINTA DE GOMA;1;EA
1057532-911-COT25;31161504;Tornillos para metales;100 TORNILLO  CABLE LENTEJA.;100;EA
1077241-150-COT25;42241705;Zapatillas y botas yeso, órtesis de pierna o accesorios;Calzado especial para diabéticos, de acuerdo a especificaciones técnicas adjuntas.;26;EA
1077241-150-COT25;42241705;Zapatillas y botas yeso, órtesis de pierna o accesorios;Calzado especial para diabético botín, de acuerdo a especificaciones técnicas adjuntas.;8;EA
1077241-150-COT25;46182208;Plantillas de zapato;Par de plantillas izquierda y derecha fabricadas por toma de molde, de acuerdo a especificaciones técnicas adjuntas.;22;PR
1077241-150-COT25;46182208;Plantillas de zapato;Plantilla para pie izquierdo fabricada por toma de molde, de acuerdo a especificaciones técnicas adjuntas.;1;EA
1180747-52-COT25;56101513;Cunas o accesorios;CUNA CORRAL PORTATIL SEGUN ESPECIFICACIONES TÉCNCIAS ADJUNTAS;1;EA
1180747-62-COT25;30161801;Armarios;LOCKER 1 CUERPO 4 COMPARTIMIENTOS SEGUN ESPECIFICACIONES TECNICAS ADJUNTAS;2;EA
1077241-145-COT25;50192109;Papas fritas o galletas tostadas;250 Variedad snack tipo twistos, Club social, Selz, Gri;250;EA
1077241-145-COT25;52151504;Tazas o vasos desechables domésticos;15 Vaso polipapel 8oz - 250cc, 50 unidades;15;PK
1077241-145-COT25;50201706;Café;15 Café instantaneo 170 grs (tipo nescafe);15;EA
1077241-145-COT25;50161509;Productos de edulcorantes o azúcares naturales;2 Azucar en sachet 5 grs, caja de 800 unidades;2;PK
1077241-145-COT25;52151617;Cucharas de madera de uso doméstico;10 paquete Cucharas Madera 100 Unidades;10;PK
1077241-145-COT25;52151502;Platos desechables domésticos;2 paquete de Platos cartón N°2, 18 cm, 100 un.;2;PK
1077241-145-COT25;52151617;Cucharas de madera de uso doméstico;8 paquetes Revolvedores De Café De Madera 14cm X 1000 Un;8;PK
1077241-145-COT25;52121602;Servilletas;20 Servilletas pq. 200 unidades 22,5x23 cm;20;EA
1077241-145-COT25;52151504;Tazas o vasos desechables domésticos;25 Manga Vaso Café Blanco 8oz/ 250cc 100 Unidades;25;PK
1077241-145-COT25;50202310;Agua mineral;50 Agua Mineral con gas 1,5 lts;50;EA
1077241-145-COT25;50181905;Galletas dulces o pastelitos;450 Paquete de galletas 120-150 grs. Tipo TRITON, TUAREG, LIMON, FRAC, OBLEA;450;EA
1077241-145-COT25;50202304;Jugos y néctar envasados;80 Botella jugo 1.5 lts surtidos;80;EA
1077241-145-COT25;50161509;Productos de edulcorantes o azúcares naturales;20 Endulzante stevia 270 ml;20;EA
1077241-145-COT25;50201710;Té de hierbas;10 caja TE CEYLAN X 100 BOLSITAS;10;BX
1057922-183-COT25;30161702;Tarimas;2 Tarima plástica 120 x 80 cm, según especificaciones técnicas adjuntas;2;EA
1057922-186-COT25;53121702;Maletines;MALETIN TRANSPORTE DE MUESTRAS SEGUN ESPECIFICACIONES TECNICAS;1;EA
1057922-186-COT25;41116203;Accesorios de monitores o medidores;2 TERMOHIGROMETRO SEGUN ESPECIFICACIONES TECNICAS;2;EA
1057532-901-COT25;60141002;Muñecas;Bebe para practica, de acuerdo a Especificaciones Técnicas adjuntas.;1;EA
1180747-71-COT25;47121501;Carros para limpieza;CARRO ASEO;1;EA
1180747-71-COT25;30191501;Escaleras;ESCALERA DOS PELDAÑOS;1;EA
1180747-71-COT25;24101506;Carretillas de mano;CARRO TIPO YEGUA;1;EA
1180747-65-COT25;53121702;Maletines;MALETÍN DE TERRENO SEGUN ESPECIFICACIONES TÉCNCIAS ADJUNTAS;2;EA
1180747-65-COT25;42171916;Estuches o bolsas de transporte o almacenamiento de sets de inmovilización para los servicios médicos de urgencias;KIT DE INMOVILIZACIÓN  SEGUN ESPECIFICACIONES TÉCNICAS ADJUNTAS;1;KIT
1180747-69-COT25;42251502;Productos de evaluación, ensayos sensoriales, perceptuales, de desteridad y cognitivos;SET EVALUACION DESARROLLO PSICOMOTOR (INCLUYE TEPSI Y EEDP);2;KIT
1057922-192-COT25;45111501;Atriles de pie;Telón con trípode;2;EA
1057922-188-COT25;42295106;Bandejas mayo de regazo o estantes mayo para uso quirúrgico;MESA MAYO DE ACUERDO A ESPECIFICACIONES TÉCNICAS ADJUNTAS;2;EA
1057922-190-COT25;56121014;Percheros murales;PERCHERO MURAL SEGUN ESPECIFICACIONES TECNICAS ADJUNTAS;1;EA
1057532-918-COT25;60141006;Juguetes didácticos;Muñeco simulador con cabeza y extremidades de plástico blando, con cuerpo textil relleno y con peso reducido para facilitar su transporte.;1;EA
1057922-182-COT25;30161801;Armarios;1 Set Estante Mini Rack, Según especificaciones técnicas adjuntas;1;PACK
1057922-184-COT25;42192207;Camillas de paciente o accesorios de camilla;2 CAMILLA EXAMEN SEGUN ESPECIFICACIONES TECNICAS ADJUNTAS;2;EA
1057922-184-COT25;42192210;Sillas de ruedas;1 SET SILLAS DE RUEDAS SEGUN ESPECIFICACIONES TECNICAS ADJUNTAS;1;KIT
1057922-185-COT25;56101501;Soportes;SOPORTE SUERO SEGUN ESPECIFICACIONES TECNICAS ADJUNTAS;1;EA
1057922-200-COT25;45111501;Atriles de pie;Telón con trípode;5;EA
1057922-191-COT25;43212110;Impresoras multifunción o multifuncionales;Impresoras multifuncionales;2;EA
1180747-70-COT25;56101519;Mesas;MESA COMEDOR CON SILLAS;1;EA
1180747-70-COT25;56101515;Camas;CAMAS 1 PLAZA;2;EA
1180747-70-COT25;56101515;Camas;CAMAS 2 PLAZAS;2;EA
1180747-70-COT25;56112103;Asientos de living o sala de espera;JUEGO LIVING;1;EA
1180747-70-COT25;56101509;Aparadores o armarios;VELADORES;3;EA
1057922-187-COT25;42201812;Mesas, repisas, sillas o armarios de radiografía médica, o accesorios;NEGATOSCOPIO DE ACUERDO A ESPECIFICACIONES TÉCNICAS ADJUNTAS;3;EA
1057922-180-COT25;56101515;Camas;CAMA 1 PLAZA SEGUN ESPECIFICACIONES TECNICAS ADJUNTAS;1;EA
1057922-180-COT25;56101532;Mobiliario;VELADOR SEGUN ESPECIFICACIONES TECNICAS ADJUNTAS;1;EA
1057922-180-COT25;56101532;Mobiliario;SET MESA COMEDOR SEGUN ESPECIFICACIONES TECNICAS ADJUNTAS;1;KIT
1057532-912-COT25;93141701;Organizaciones de eventos culturales;Arriendo de 50 toldos según anexo técnico N°2 adjunto.;50;EA
1057532-912-COT25;93141701;Organizaciones de eventos culturales;Arriendo de 50 mesas plegables según anexo técnico N°2 adjunto.;50;EA
1057532-912-COT25;93141701;Organizaciones de eventos culturales;Arriendo de 100 sillas plegables, según anexo técnico N°2 adjunto.;100;EA
1057922-193-COT25;47121702;Envases para residuos o forros rígidos;Contenedor amarillo 240L;2;EA
1057922-193-COT25;47121702;Envases para residuos o forros rígidos;Contenedor amarillo con pedal 20L;28;EA
1057922-193-COT25;47121702;Envases para residuos o forros rígidos;Contenedor amarillo con pedal 40L;5;EA
1057922-193-COT25;47121702;Envases para residuos o forros rígidos;Contenedor blanco con pedal 20L;36;EA
1057922-193-COT25;47121702;Envases para residuos o forros rígidos;Contenedor gris 240L;12;EA
1057922-193-COT25;47121702;Envases para residuos o forros rígidos;Contenedor gris con pedal 20L;159;EA
1057922-193-COT25;47121702;Envases para residuos o forros rígidos;Contenedor rojo 240L;2;EA
1057922-193-COT25;47121702;Envases para residuos o forros rígidos;Contenedor rojo con pedal 20L;6;EA
1057922-199-COT25;42251503;Juegos terapéuticos;EQUIPAMIENTO ESTIMULACION PSICOMOTRIZ Y DE MOVIMIENTO (según especificaciones técnicas adjuntas.);1;KIT
1057922-198-COT25;60141102;Juegos de mesa;EQUIPAMIENTO ESTIMULACION COGNITIVA Y RECREACION TERAPEUTICA (según especificaciones técnicas adjuntas);1;KIT
1057922-197-COT25;42293001;Calibradores o reglas quirúrgicos;CALIPER PLIEGUES CUTANEOS (según especificaciones adjuntas).;1;EA
1180747-68-COT25;43211507;Computadores de escritorio;Computador AIO;6;EA
1180747-68-COT25;45111609;Proyectores multimedia;Proyector;1;EA
1180747-68-COT25;43212110;Impresoras multifunción o multifuncionales;Impresora;1;EA
1057532-923-COT25;24131501;Refrigerador y congelador combinado;Refrigerador Domestico  SEGUN ESPECIFICACIONES TÉCNICAS ADJUNTAS;1;EA
1057532-923-COT25;24131501;Refrigerador y congelador combinado;FRIGOBAR SEGUN ESPECIFICACIONES TÉCNICAS ADJUNTAS;1;EA
1057922-196-COT25;42295106;Bandejas mayo de regazo o estantes mayo para uso quirúrgico;MESA MAYO (según especificaciones adjuntas);1;EA
1057532-919-COT25;82101507;Folletos y catálogos publicitarios, servicios de publicidad y distribución;60 revistas tamaño 23 x 46 cm. Extendido (22x22 centimetros cerrado) 36 paginas totales, tapa en couche 200 gramos impresos a 4/4 color interior en couche 170 gramos, impresas 4/4 color, terminación doble corchete.;60;BLO
1057922-203-COT25;42201812;Mesas, repisas, sillas o armarios de radiografía médica, o accesorios;NEGATOSCOPIO DE ACUERDO A ESPECIFICACIONES TÉCNICAS ADJUNTAS;3;EA
1057922-206-COT25;30161801;Armarios;1 Set Estante Mini Rack, Según especificaciones técnicas adjuntas;1;PACK
1057532-921-COT25;60141006;Juguetes didácticos;Muñeco simulador con cabeza y extremidades de plástico blando, con cuerpo textil relleno y con peso reducido para facilitar su transporte.;1;EA
1077241-144-COT25;49201611;Máquinas de ejercicios múltiples;01 trotadora. Especificaciones técnicas adjuntas.;1;EA
1057532-922-COT25;72102602;Instalación de ventanas, puertas o accesorios;Provisión, Instalación y Habilitación de cerraduras digitales en COSAM Oriente en puertas de acceso a funcionarios, Farmacia y Bodega de Farmacia. Según ESPECIFICACION TÉCNICA adjunta.;1;000
1057922-201-COT25;53121702;Maletines;MALETIN TRANSPORTE DE MUESTRAS SEGUN ESPECIFICACIONES TECNICAS;1;EA
1057922-201-COT25;41116203;Accesorios de monitores o medidores;2 TERMOHIGROMETRO SEGUN ESPECIFICACIONES TECNICAS;2;EA
1057922-202-COT25;30161702;Tarimas;2 Tarima plástica 120 x 80 cm, según especificaciones técnicas adjuntas;2;EA
1057532-915-COT25;31261501;Cubiertas y cajas de plástico;Cajas plásticas de 6 litros, incluye tapa;18;EA
1057532-915-COT25;31261501;Cubiertas y cajas de plástico;Cajas plásticas de 60 litros, incluye tapa;5;EA
1057532-915-COT25;24111503;Bolsas de plástico;Bolsa ziploc mediana, 10 set de 20 bolsas;10;PACK
1057532-915-COT25;14111525;Papel multiuso;Opalinas blancas tamaño carta, de 200g, acabado mate. 4 resma de 100 hojas c/u;4;RM
1057532-915-COT25;14111601;Papel, bolsas o cajas de regalo;100 bolsitas organza blanco 9x12cm;100;EA
1057532-915-COT25;24112404;Caja;100 caja autoarmable 15x10x5cm. Pack 50 unidades;100;EA
1057532-915-COT25;60105704;Barras de pegamento libres de ácido;Pegamento en barra 36gr;18;EA
1057532-915-COT25;44111906;Pizarrones y accesorios;Pizarra blanca tamaño 35x28 escolar;20;EA
1057532-915-COT25;14111610;Cartulina;Carpeta de cartulina española;60;EA
1057532-915-COT25;60123001;Figuras de goma Eva;Pliegos de goma eva (de diferentes colores);160;PGL
1057532-915-COT25;60121109;Blocs de dibujo;block de dibujo medium 99 ¼ (37,5x53,5cm);5;EA
1057532-915-COT25;60121148;Papel lustre;block papel lustre, tamaño 16x16;32;EA
1057532-915-COT25;60105704;Barras de pegamento libres de ácido;tubos de pegamento glitter glue (diferentes colores) (6x10 ml);32;EA
1057922-194-COT25;47121702;Envases para residuos o forros rígidos;Contenedor 1000L;1;EA
1057922-194-COT25;47121702;Envases para residuos o forros rígidos;Contenedor con pedal 120L;2;EA
1057922-194-COT25;47121702;Envases para residuos o forros rígidos;Contenedor con pedal blanco 20L;5;EA
1057922-194-COT25;47121702;Envases para residuos o forros rígidos;Contenedor con pedal gris 20L;5;EA
1057922-210-COT25;40151510;Bombas de agua;HIDROLAVADORA SEGUN ESPECIFICACIONES TÉCNICAS ADJUNTAS;1;EA
1057922-209-COT25;47121602;Aspiradoras;ASPIRADORA INDUSTRIAL SEGUN ESPECIFICACIONES TECNICAS ADJUNTAS;1;EA
1057922-208-COT25;47111502;Lavadoras tipo lavandería;LAVADORA ABRILLANTADORA SEGUN ESPECIFICACIONES TÉCNICAS ADJUNTAS;1;EA
1057922-207-COT25;52141501;Refrigeradores domésticos;REFRIGERADOR DOMESTICO SEGUN ESPECIFICACIONES TÉCNICAS ADJUNTAS;1;EA
1057922-207-COT25;52141509;Refrigeradores y congeladores domésticos combinados;FRIGOBAR SEGUN ESPECIFICACIONES TÉCNICAS ADJUNTAS;1;EA
1057922-204-COT25;56101501;Soportes;1 SOPORTE SUERO SEGUN ESPECIFICACIONES TECNICAS ADJUNTAS;1;EA
1057922-195-COT25;42192207;Camillas de paciente o accesorios de camilla;CAMILLA DE EXAMEN (según especificaciones técnicas adjuntas);4;EA
1057922-195-COT25;42192210;Sillas de ruedas;SET DE SILLAS DE RUEDAS (según especificaciones técnicas adjuntas);1;KIT
1057922-176-COT25;25181709;Pala cargadora;TRANSPALETA APILADORA ELÉCTRICA SEGÚN ESPECIFICACIONES TÉCNICAS ADJUNTAS;1;EA
1057532-909-COT25;60105609;Materiales educativos sobre los desórdenes de la alimentación;"Set de láminas ""Arma tu comida"", según especificaciones técnicas adjuntas.";23;EA
1057532-909-COT25;60105609;Materiales educativos sobre los desórdenes de la alimentación;"Set de láminas de ""Medidas caseras"", según especificaciones técnicas adjuntas.";23;EA
1057532-909-COT25;60105609;Materiales educativos sobre los desórdenes de la alimentación;"Replica de alimentos ""conoce tus alimentos"", según especificaciones técnicas adjuntas.";23;EA
1057532-909-COT25;60105609;Materiales educativos sobre los desórdenes de la alimentación;Juegos memorice y clasifique alimentos, según características técnicas adjuntas.;23;EA
1057532-909-COT25;60105609;Materiales educativos sobre los desórdenes de la alimentación;Tablero didáctico de juegos con preguntas de nutrición, según características técnicas;23;EA
1057532-920-COT25;31261501;Cubiertas y cajas de plástico;Cajas plasticas con tapa, 6 litros (para traslado). Deberá adjunta ficha de lo ofertado/si no adjunta ficha se declara inadmisible.;1;EA
1057532-920-COT25;31261501;Cubiertas y cajas de plástico;Cajas plasticas con tapa, 15 litros (para traslado). Deberá adjunta ficha de lo ofertado/si no adjunta ficha se declara inadmisible.;1;EA
1057532-920-COT25;31261501;Cubiertas y cajas de plástico;Cajas plasticas con tapa, 45 litros (para traslado). Deberá adjunta ficha de lo ofertado/si no adjunta ficha se declara inadmisible.;1;EA
1057532-920-COT25;53121503;Maletas individuales;Maleta herramientas metálica (de aluminio). 21x75x33 cms, con ruedas para traslado. Deberá adjunta ficha de lo ofertado/si no adjunta ficha se declara inadmisible.;1;EA
1057922-179-COT25;30161801;Armarios;Set de Lockers, según especificaciones técnicas adjuntas;1;KIT
1057922-179-COT25;56101504;Sillas;Banca 80 x 40 CM, según especificaciones técnicas adjuntas;2;EA
1057532-857-COT25;60102301;Libros de actividades de lectura;2 ESTATUTO ADMINISTRATIVOS INTERPRETADOS NUEVA EDICION DEL ESTATUTO ADMINISTRATIVO INTERPRETADO CON DICTAMENES EMITIDOS POR LA CONTRALORIA GENERAL DE LA REPUBLICA, DE LA EDITORIAL,CIRCULO LEGAL EDITORES (DECIMO CUARTA EDICION 2024 referencia;2;EA
1057532-865-COT25;44112007;Buzón de sugerencias;BUZÓN ACRILICO PARA OIRS / SEGÚN ESPECIFICACIONES ADJUNTAS.;1;EA
1057727-87-COT25;49101701;Medallas;MEDALLAS DE PARTICIPACIÓN (MEDALLAS FINISHER);60;EA
1057532-928-COT25;50181901;Pan fresco;"10 pan de pascua - Pan de pascua tipo ""Castaño""";10;EA
1057532-928-COT25;50181905;Galletas dulces o pastelitos;5 Bolsa de dulces;5;EA
1057532-928-COT25;50181905;Galletas dulces o pastelitos;"30 galletas navideñas Tipo ""Mckay""";30;EA
1057532-924-COT25;53131502;Pasta de dientes;PASTAS DENTALES INFANTILES, según especificaciones técnicas adjuntas. Debe enviar ficha técnica de la ofertada y registro sanitario ISP vigente.  Las ofertas que no cumplas con lo solicitado no se evaluaran.;3637;EA
1057532-938-COT25;72102602;Instalación de ventanas, puertas o accesorios;Provisión, Instalación y Habilitación de cerraduras digitales en COSAM Oriente en puertas de acceso a funcionarios, Farmacia y Bodega de Farmacia. Según ESPECIFICACION TÉCNICA adjunta.;1;000
1057532-927-COT25;72102602;Instalación de ventanas, puertas o accesorios;Provisión, Instalación y Habilitación de cerraduras digitales en COSAM Oriente en puertas de acceso a funcionarios, Farmacia y Bodega de Farmacia. Según ESPECIFICACION TÉCNICA adjunta.;1;000
1057532-926-COT25;82101507;Folletos y catálogos publicitarios, servicios de publicidad y distribución;5.000 FOLLETOS.;5000;EA
1057532-926-COT25;82101507;Folletos y catálogos publicitarios, servicios de publicidad y distribución;5.000 DIPTICOS.;5000;EA
1057532-926-COT25;82101507;Folletos y catálogos publicitarios, servicios de publicidad y distribución;1 PENDON.;1;EA
1057532-926-COT25;82101507;Folletos y catálogos publicitarios, servicios de publicidad y distribución;8.000 STICKERS.;8000;EA
1057532-926-COT25;82101507;Folletos y catálogos publicitarios, servicios de publicidad y distribución;1.400 CALENDARIOS.;1400;EA
1057532-930-COT25;50101538;Verduras frescas;2 paquetes semanales ACELGA;106;EA
1057532-930-COT25;50101538;Verduras frescas;1 paquetes semanales APIO;53;EA
1057532-930-COT25;50101538;Verduras frescas;1 paquete semanal de BETERRAGA;53;EA
1057532-930-COT25;50101538;Verduras frescas;4 kilos de CEBOLLA;212;KGM
1057532-930-COT25;50101538;Verduras frescas;1 paquete semanal de CIBOULETTE;53;EA
1057532-930-COT25;50101538;Verduras frescas;1 paquete semanal de CILANTRO;53;EA
1057532-930-COT25;50101538;Verduras frescas;1 COLIFLOR, semanal;53;EA
1057532-930-COT25;50101538;Verduras frescas;3 unidades semanales, LECHUGAS;159;EA
1057532-930-COT25;50101538;Verduras frescas;6 kilos semanales, PAPAS;318;KGM
1057532-930-COT25;50101538;Verduras frescas;4 unidades semanales, PEPINOS;212;EA
1057532-930-COT25;50101538;Verduras frescas;1 semanal, REPOLLO;53;EA
1057532-930-COT25;50101538;Verduras frescas;2 kilos semanales de TOMATES;106;KGM
1057532-930-COT25;50101538;Verduras frescas;3 kilos Semanales, ZANAHORIAS;159;KGM
1057532-930-COT25;50101538;Verduras frescas;3 kilos semanales, ZAPALLO CAMOTE;159;KGM
1057532-930-COT25;50101538;Verduras frescas;4 unidades semanales, ZAPALLO ITALIANO;212;EA
1057532-930-COT25;50101634;Fruta fresca;5 kilos semanales, FRUTAS DE ESTACION;265;KGM
1057532-930-COT25;50101634;Fruta fresca;3 kilos semanales, LIMONES;159;KGM
1057532-930-COT25;50101634;Fruta fresca;2 Kilos semanales, MANZANAS;106;KGM
1057532-930-COT25;50101634;Fruta fresca;2 Kilos semanales, NARANJAS;106;KGM
1057532-930-COT25;50101634;Fruta fresca;1 Kilo semanal, PALTA;53;KGM
1057532-930-COT25;50101634;Fruta fresca;2 Kilos semanales, PERAS;106;KGM
1057532-930-COT25;50101634;Fruta fresca;2 Kilos semanales, PLATANOS;106;KGM
1057727-88-COT25;49101701;Medallas;MEDALLAS DE PARTICIPACIÓN (MEDALLAS FINISHER);60;EA
1057532-324-COT25;51141704;Risperidona;Se requiere Risperidona 25mg inyectable, para pacientes COSAM RAHUE, vencimiento igual o superior a 12 meses y resolución sanitaria de distribución de medicamentos.;26;AMPF
1057532-880-COT25;31261501;Cubiertas y cajas de plástico;Cajas plásticas, de acuerdo a Especificaciones Técnicas adjuntas.;18;BX
1057532-880-COT25;31261501;Cubiertas y cajas de plástico;Cajas plásticas 60 litros, de acuerdo a Especificaciones Técnicas adjuntas.;5;BX
1057532-880-COT25;24111503;Bolsas de plástico;Bolsa ziploc mediana, de acuerdo a Especificaciones Técnicas adjuntas.;10;PACK
1057532-880-COT25;14111525;Papel multiuso;Paquetes opalinas cartas, de acuerdo a Especificaciones Técnicas adjuntas.;4;RM
1057532-880-COT25;14111601;Papel, bolsas o cajas de regalo;Bolsa organza, de acuerdo a Especificaciones Técnicas adjuntas.;100;EA
1057532-880-COT25;24112404;Caja;Caja cartón, de acuerdo a Especificaciones Técnicas adjuntas.;100;EA
1057532-880-COT25;60105704;Barras de pegamento libres de ácido;Pegamento barra, de acuerdo a Especificaciones Técnicas adjuntas.;18;EA
1057532-880-COT25;44111906;Pizarrones y accesorios;Pizarra blanca, de acuerdo a Especificaciones Técnicas adjuntas.;20;EA
1057532-880-COT25;14111610;Cartulina;Carpeta cartulina, de acuerdo a Especificaciones Técnicas adjuntas.;60;EA
1057532-880-COT25;60123001;Figuras de goma Eva;Pliegos de goma eva, de acuerdo a Especificaciones Técnicas adjuntas.;160;PGL
1057532-880-COT25;60121109;Blocs de dibujo;Block de dibujo medio, de acuerdo a Especificaciones Técnicas adjuntas.;32;EA
1057532-880-COT25;60121148;Papel lustre;Block papel lustre, de acuerdo a Especificaciones Técnicas adjuntas.;32;BLO
1057532-880-COT25;60105704;Barras de pegamento libres de ácido;tubos de pegamento glitter glue (diferentes colores) (6x10 ml), de acuerdo a Especificaciones Técnicas adjuntas.;32;EA
1180747-72-COT25;56101804;Cunas, corrales o accesorios;CUNA CORRAL PORTATIL  SEGUN ESPECIFICACIONES TECNICAS ADJUNTAS;1;EA
1180747-73-COT25;42171608;Inmovilizadores de cabeza de servicios médicos de urgencia;KIT INMOVILIZACION SEGUN ESPECIFICACIONES TECNICAS ADJUNTAS;1;KIT
1180747-73-COT25;53121702;Maletines;MALETIN DE TERRENO SEGUN ESPECIFICACIONES TECNICAS;2;EA
1180747-74-COT25;56101515;Camas;CAMAS 1 PLAZA SEGUN ESPECIFICACIONES TÉCNICAS ADJUNTAS;2;EA
1180747-74-COT25;56101515;Camas;CAMAS 2 PLAZA SEGUN ESPECIFICACIONES TÉCNICAS ADJUNTAS;1;EA
1180747-74-COT25;42201812;Mesas, repisas, sillas o armarios de radiografía médica, o accesorios;MESA COMEDOR CON SILLAS SEGUN ESPECIFICACIONES TÉCNICAS ADJUNTAS;1;EA
1180747-74-COT25;56112103;Asientos de living o sala de espera;JUEGO LIVING SEGUN ESPECIFICACIONES TÉCNICAS ADJUNTAS;1;EA
1180747-74-COT25;56111503;Muebles modulares de oficina ejecutiva;VELADORES SEGUN ESPECIFICACIONES TÉCNICAS ADJUNTAS;3;EA
1180747-75-COT25;30161801;Armarios;LOCKER 1 CUERPO 4 COMPARTIMIENTOS;2;EA
1057532-929-COT25;50181901;Pan fresco;PAN FRESCO CORRIENTE / 2 KILOS DIARIOS A ENTREGAR /TOTAL AÑO 2026// 730 KILOS;730;KGM
1057532-937-COT25;31241501;Lentes;VER ARCHIVO ADJUNTO:;1;EA
1057532-937-COT25;31241501;Lentes;VER ARCHIVO ADJUNTO:;1;EA
1057532-939-COT25;72102602;Instalación de ventanas, puertas o accesorios;Provisión, Instalación y Habilitación de cerraduras digitales en COSAM Oriente en puertas de acceso a funcionarios, Farmacia y Bodega de Farmacia. Según ESPECIFICACION TÉCNICA adjunta.;1;000
1057532-879-COT25;85111510;Servicios de vacunación;1 Servicio de Compra y Administración de Vacuna Hepatitis B para 15 Funcionarios del COSAM Rahue;1;EA
1057532-940-COT25;83111602;Comunicación por satélite o terrestre;Servicio de Internet + Telefonía Fija, de acuerdo a Especificaciones Técnicas Adjuntas.;1;EA
1057532-934-COT25;26111711;Baterías de litio;25 BATERÍAS IMPRESS P/N: PMNN P/N: PMNN4493A DE LARGA DURACIÓN;25;EA
1057922-174-COT25;30161702;Tarimas;Tarima plástica 120 x 80 cm, según especificaciones técnicas adjuntas;2;EA
1057532-895-COT25;50181901;Pan fresco;"10 pan de pascua - Pan de pascua tipo ""Castaño""";10;EA
1057532-895-COT25;52151504;Tazas o vasos desechables domésticos;100 Vasos plásticos para jugo;100;EA
1057532-895-COT25;52151502;Platos desechables domésticos;100 platos plásticos;100;EA
1057532-895-COT25;50181905;Galletas dulces o pastelitos;5 Bolsa de dulces;5;EA
1057532-895-COT25;50202310;Agua mineral;Agua saborizada 1.6L litros;20;EA
1057532-895-COT25;50181905;Galletas dulces o pastelitos;"30 galletas navideñas	Tipo ""Mckay""";30;EA
1057532-895-COT25;50161511;Chocolate o sucedáneo de chocolate;4 chocolate caliente;4;EA
1057532-895-COT25;50201706;Café;1 café tipo referencia gold;1;EA
1057532-895-COT25;50201712;Bebidas de Té;1 caja de te, 100 bolsas;1;BX
1057532-895-COT25;50161509;Productos de edulcorantes o azúcares naturales;1 Kg Azucar;1;EA
1057532-895-COT25;52151504;Tazas o vasos desechables domésticos;100 vasos de plumavit;100;EA
1057532-897-COT25;24111503;Bolsas de plástico;30 bolsas plasticas navideñas segun eett;30;EA
1057532-897-COT25;14111610;Cartulina;cartulina roja española pliego	10 cartulina negro española pliego	10 cartulina verde española pliego	10;30;EA
1057922-205-COT25;42192207;Camillas de paciente o accesorios de camilla;2 CAMILLA EXAMEN SEGUN ESPECIFICACIONES TECNICAS ADJUNTAS;2;EA
1057922-205-COT25;42192210;Sillas de ruedas;1 SET SILLAS DE RUEDAS SEGUN ESPECIFICACIONES TECNICAS ADJUNTAS;1;EA
1057532-932-COT25;42311526;Vendajes de apósitos;Fieltro de Descarga Clínica, de acuerdo a requerimientos técnicos adjuntos. se debe adjuntar Catalogo o ficha técnica para corroboración de especificaciones.;700;EA
1057532-931-COT25;42311526;Vendajes de apósitos;Apósitos de Poliéster (Telfa), de acuerdo a requerimientos técnicos adjuntos. Se debe adjuntar obligatoriamente catálogo o ficha técnica para corroborar las especificaciones.;300;EA
1057532-941-COT25;78102202;Franqueos;CONVENIO SERVICIO DE CORRESPONDENCIA CARTAS CERTIFICADAS PARA EL SERVICIO DE SALUD OSORNO, AÑO 2026.;1;EA
1057532-154-COT26;46171503;Juegos de cerraduras;Cerradura 9380 Oficina/dormitorio inoxidable, color plata, material  de acero;1;EA
1057532-154-COT26;53102504;Guantes o manoplas;Guantes de agarre Unisex, 2 Talla S, 2 talla M y 2 talla L;6;EA
1057532-154-COT26;15121802;Lubricantes anticorrosivos;Spray  WD-40 Anticorrosivo-aerosol 311g;2;EA
1057532-163-COT26;42182802;Básculas de bebé;Pesa Digital Pediátrica Balanza Bebés / Según especificaciones adjuntas;2;EA
1057532-163-COT26;52141802;Estufas domésticas;Calefactor por convección eléctrico / Según especificaciones adjuntas;2;EA
1057532-160-COT26;54111601;Relojes de pared;Reloj de Pared Clásico 45x45cm.;1;EA
1057532-157-COT26;53111601;Zapatos de hombre;ZAPATOS DE SEGURIDAD N° 39 / SEGÚN ESPECIFICACIONES ADJUNTAS. INDICAR MEDIDAS DE LONGITUD DE PIE PARA EVALUAR TALLA CORRECTA.;1;PR
1057532-157-COT26;53111601;Zapatos de hombre;ZAPATOS DE SEGURIDAD N° 42 / SEGÚN ESPECIFICACIONES ADJUNTAS. INDICAR MEDIDAS DE LONGITUD DE PIE PARA EVALUAR TALLA CORRECTA.;1;PR
1057532-157-COT26;53111602;Zapatos de mujer;ZAPATOS DE SEGURIDAD N° 36 / SEGÚN ESPECIFICACIONES ADJUNTAS. INDICAR MEDIDAS DE LONGITUD DE PIE PARA EVALUAR TALLA CORRECTA.;1;PR
1057532-157-COT26;53111602;Zapatos de mujer;ZAPATOS DE SEGURIDAD N° 38 / SEGÚN ESPECIFICACIONES ADJUNTAS. INDICAR MEDIDAS DE LONGITUD DE PIE PARA EVALUAR TALLA CORRECTA.;1;PR
1057532-157-COT26;53111602;Zapatos de mujer;ZAPATOS DE SEGURIDAD N° 39 / SEGÚN ESPECIFICACIONES ADJUNTAS. INDICAR MEDIDAS DE LONGITUD DE PIE PARA EVALUAR TALLA CORRECTA.;1;PR
1057532-122-COT26;42182304;Sets o kits de pruebas psicodiagnósticas;CPS. Cuestionario de Personalidad situacional Kit de Corrección (25 hojas de respuestas, pin 25 usos);10;KIT
1057532-122-COT26;42182304;Sets o kits de pruebas psicodiagnósticas;CompeTEA. Evaluación de competencias. Kit de Corrección (25 hojas de respuestas, pin 25 usos);22;KIT
1057532-122-COT26;42182304;Sets o kits de pruebas psicodiagnósticas;16 PF-5. Cuestionario Factorial de Personalidad. Juego completo (Manual, 10 cuadernillos, Kit corrección 25 usos);1;KIT
1057532-122-COT26;42182304;Sets o kits de pruebas psicodiagnósticas;16 PF-5. Cuestionario Factorial de Personalidad. Kit de Corrección (25 hojas de respuestas, pin 25 usos);14;KIT
1057532-169-COT26;82101901;Avisos en radio;Elaboración y difusión de avisos radiales Campaña Invierno 2026 de acuerdo a requerimientos técnicos adjuntos.;1;TUBO
1077241-10-COT26;82121507;Impresión de papelería o formularios comerciales;"Afiches ""Técnica de Higiene"" Según Características Técnicas adjunta.";2000;EA
1077241-10-COT26;82121507;Impresión de papelería o formularios comerciales;"Afiches ""Anomalías Dentomaxilares"" Según Características Técnicas adjunta.";2000;EA
1077241-10-COT26;82121507;Impresión de papelería o formularios comerciales;"Afiches ""Uso Seda Dental"" Según Características Técnicas adjunta.";2000;EA
1057532-164-COT26;52141537;Olla eléctrica doméstica;Sartén eléctrico para ortesis: Sartén eléctrico para termoplástico y confección de ortesis. Superficie antiadherente. Medidas: 40 x 30 cm, Incluye tapa, indicar marca y adjuntar catálogo. Según especificaciones técnicas adjuntas.;1;EA
1057532-156-COT26;43221721;Equipo de comunicación de datos de radiofrecuencia;Antena Portátil VHF original para Radio Portátil marca Motorola EP450;2;EA
1057532-156-COT26;43221721;Equipo de comunicación de datos de radiofrecuencia;Batería original IMPRES Para Radio Portátil Motorola DGP8550;5;EA
1057532-156-COT26;43221721;Equipo de comunicación de datos de radiofrecuencia;Batería original para Radio Portátil marca Motorola EP350;2;EA
1057532-156-COT26;43221721;Equipo de comunicación de datos de radiofrecuencia;Batería original para Radio Portátil marca Motorola EP450;2;EA
1057532-156-COT26;43221721;Equipo de comunicación de datos de radiofrecuencia;Tapa original para conector programación de radio Portátil marca Motorola DEP570;5;EA
1057532-156-COT26;43221721;Equipo de comunicación de datos de radiofrecuencia;Tapa original para conector programación de radio Portátil marca Motorola DGP8550;5;EA
1057532-141-COT26;53131616;Cremas o lociones homeopáticas o naturales;Lanolina natural tubo 15 grs / Según especificaciones adjuntas;29;TUBO
1077241-6-COT26;41111503;Básculas mecánicas;BALANZA MECANICA + TALLIMETRO TELESCOPICO / SEGÚN ESPECIFICACIONES ADJUNTAS;2;EA
1057532-151-COT26;51142619;Alcohol aromático de amoniaco;Alcohol Gel sin enguaje al 70% 75ml;30;EA
1057532-151-COT26;53131609;Protector solar;Bloqueador Solar Fps 50+ 200 grs hipoalergénico;10;EA
1057532-174-COT26;53111602;Zapatos de mujer;"1 Calzado Seguridad, según eett  • Planta antideslizante  • Puntera de composite  • Dieléctricos  • Planta anti perforante  • Resistencia a hidrocarburos  • Resistencia al agua  • Antimicrobiano  •Calzado media caña""";1;EA
1057532-166-COT26;44121708;Marcadores;plumones de pizarra color negro;20;EA
1057532-166-COT26;44121708;Marcadores;plumones de pizarra color azul;20;EA
1057532-166-COT26;44121708;Marcadores;plumones de pizarra color rojo;20;EA
1057532-166-COT26;14111610;Cartulina;carpeta de cartulina española;30;EA
1057532-166-COT26;31201517;Cinta para empaquetar;cintas masking tape 48 mm;30;EA
1057532-166-COT26;31201512;Cinta Transparente;cinta de embalaje;30;EA
1057532-166-COT26;44121701;Lápiz pasta;Lápiz pasta azul. Caja de 50 unidades.;2;BX
1057532-166-COT26;60105704;Barras de pegamento libres de ácido;Pegamento en barra 21 gramos;30;EA
1057532-166-COT26;44102001;Lámina para plastificar;Láminas para termolaminar tamaño carta (100 unidades);2;RM
1057532-166-COT26;12352310;Siliconas;Silicona líquida 250 ml.;15;EA
1057532-166-COT26;14111525;Papel multiuso;Carpeta de Papel volantín (10 pliegos);15;EA
1057532-166-COT26;60101722;Libretas de notas;Block de apuntes carta;30;EA
1057532-166-COT26;44121710;Tiza para escribir o accesorios;Tiza color blanca. Caja de 12 unidades;15;BX
1057532-166-COT26;31201505;Cinta adhesiva de doble cara;Cinta doble contacto;15;EA
1057532-166-COT26;14111601;Papel, bolsas o cajas de regalo;Bolsas ecológicas colores 25x30x8 cm.;100;EA
1057532-143-COT26;42142608;Jeringas médicas sin agujas;Jeringas de 20 ml sin aguja / Según especificaciones adjuntas;1000;EA
1057532-143-COT26;42293603;Sondas quirúrgicas;Sondas de alimentación enteral de silicona 5 fr / Según especificaciones adjuntas;200;EA
1057532-143-COT26;42231901;Sacaleches o sus accesorios;Bolsas de recolección de leche materna mínimo 210 ml / Según especificaciones adjuntas;20;PACK
1057532-144-COT26;42142108;Almohadillas o compresas de calentar o de refrescar;Almohadillas de gel frio calor / Según especificaciones adjuntas;20;PR
1057532-144-COT26;42231902;Pezoneras o discos protectores mamarios;Formador de pezón / Según especificaciones adjuntas;24;EA
1057532-144-COT26;42231902;Pezoneras o discos protectores mamarios;Pezonera de silicona talla S / Según especificaciones adjuntas;14;EA
1057532-144-COT26;42231902;Pezoneras o discos protectores mamarios;Pezonera de silicona talla M / Según especificaciones adjuntas;14;EA
1057532-144-COT26;42231902;Pezoneras o discos protectores mamarios;Pezonera de silicona talla L / Según especificaciones adjuntas;14;EA
1057532-144-COT26;42251617;Cojines de asiento terapéuticos o accesorios;Cojín de Lactancia / Según especificaciones adjuntas;3;EA
1057532-142-COT26;42231901;Sacaleches o sus accesorios;Bolsas de recolección de leche materna / Según especificaciones adjuntas;20;PACK
1057532-142-COT26;42231901;Sacaleches o sus accesorios;Extractor de leche materna manual / Según especificaciones adjuntas;42;EA
1057532-142-COT26;52151704;Cucharas domésticas;Cucharas de silicona Reutilizables Niños Bebes / Según especificaciones adjuntas;14;PACK
1057532-142-COT26;42192603;Vasos o botellas de administración de medicamentos o accesorios;Vasitos de lactancia / Según especificaciones adjuntas;10;PACK
1057532-142-COT26;52151614;Coolers;Cooler o bolso transportador de leche / Según especificaciones adjuntas;5;EA
1057532-172-COT26;46181704;Cascos de protección;Casco Seguridad: •	Casco debe ser Clase A, Tipo I, blanco, ajustable. •	Peso: Entre 200gr a 300gr. •	Debe contar con certificación: Nch 461: Clase A y   ANSI Z89.1 Clase E DEBE CUMPLIR Y FIRMAR ESPECIFICACIONES TÉCNICAS ADJUNTAS.;4;EA
1057532-172-COT26;91111703;Vestuario;Polera de Trabajo Mujeres: •	Polera de Pique manga corta. •	Cuello tejido con botones. •	Color negro. •	Logo corporativo impreso en color blanco en lado izquierdo. •	Diferenciar corte para Mujer.   DEBE CUMPLIR Y FIRMAR ESPECIFICACIONES TÉCNICAS ADJUNTAS.;4;EA
1057532-172-COT26;91111703;Vestuario;Polera de Trabajo Hombres: •	Polera de Pique manga corta. •	Cuello tejido con botones. •	Color negro. •	Logo corporativo impreso en color blanco en lado izquierdo. •	Diferenciar corte para Hombre.   DEBE CUMPLIR Y FIRMAR ESPECIFICACIONES TÉCNICAS ADJUNTAS.;2;EA
1057532-172-COT26;46181527;Pantalones protectores;Pantalón de Trabajo Mujeres:  Pantalón cargo  •	Tipo de Tela: 100% poliéster Ripstop Strech.  Spandex elasticada. •	Tiro largo a la cintura. •	Bolsillos:  Entre 4 a 6. •	Cierre con cremallera. •	Diferenciar Corte para Mujer. DEBE CUMPLIR Y FIRMAR ESPECIFICACIONES TÉCNICAS ADJUNTAS.;3;EA
1057532-172-COT26;46181527;Pantalones protectores;Pantalón de Trabajo Hombres:  Pantalón cargo  •	Tipo de Tela: 100% poliéster Ripstop Strech.  Spandex elasticada.  •	Tiro largo a la cintura. •	Bolsillos:  Entre 4 a 6. •	Cierre con cremallera. •	Diferenciar Corte para Hombre. DEBE CUMPLIR Y FIRMAR ESPECIFICACIONES TÉCNICAS ADJUNTAS.;2;EA
1057532-172-COT26;53101802;Abrigos y chaquetas para hombre;Cortaviento Impermeable Mujeres:  •	Cortaviento de poliéster, liviano con ajuste elasticado en capucha. •	Impermeable. •	Puños Ajustables. •	Cierre con cremallera. •	2 bolsillos externos uno a cada lado. •	Color Negro. •	Logo corporativo impreso en color blanco en lado izquierdo. •	Diferenciar corte para Mujer. DEBE CUMPLIR Y FIRMAR ESPECIFICACIONES TÉCNICAS ADJUNTAS.;4;EA
1057532-172-COT26;53101802;Abrigos y chaquetas para hombre;Cortaviento Impermeable Hombres:  •	Cortaviento de poliéster, liviano con ajuste elasticado en capucha. •	Impermeable.  •	Puños Ajustables.  •	Cierre con cremallera.  •	2 bolsillos externos uno a cada lado. •	Color Negro. •	Logo corporativo impreso en color blanco en lado izquierdo. •	Diferenciar corte para Hombre. DEBE CUMPLIR Y FIRMAR ESPECIFICACIONES TÉCNICAS ADJUNTAS.;2;EA
1057532-172-COT26;53101802;Abrigos y chaquetas para hombre;Chaqueta de Polar Mujeres: •	Micro Polar o polar con cierre. •	Cuello Elevado. •	Manga larga con puño sesgado. •	Pretina en basta. •	Composición: 100% poliéster.  •	Color negro.  •	Logo corporativo impreso en color blanco en lado izquierdo. •	En el caso de Polar Mujer con corte princesa  con bolsillos en corte. DEBE CUMPLIR Y FIRMAR ESPECIFICACIONES TÉCNICAS ADJUNTAS.;4;EA
1057532-172-COT26;53101802;Abrigos y chaquetas para hombre;Chaqueta de Polar Hombres: •	Micro Polar o polar con cierre.  •	Cuello Elevado  •	Manga larga con puño sesgado  •	Pretina en basta •	Composición: 100% poliéster  •	Color negro  •	Logo corporativo impreso en color blanco en lado izquierdo. DEBE CUMPLIR Y FIRMAR ESPECIFICACIONES TÉCNICAS ADJUNTAS.;2;EA
1057532-172-COT26;46181504;Guantes protectores;Guantes Seguridad: •	Guante Hecho de fibra HDPE, Cut 5, 13 Gauge con palma de PU.  •	Con resistencia a las abrasión y transpirabilidad. •	Con Certificación: EN 420: 2003 + A1: 2009 EN 388:2003 Riesgos Mecánicos DEBE CUMPLIR Y FIRMAR ESPECIFICACIONES TÉCNICAS ADJUNTAS.;7;EA
1057532-145-COT26;60104105;Materiales de enseñanza de los sistemas del cuerpo;Set de Masas Terapéuticas con diferentes resistencias (6 colores)//Masa de ejercicios utilizada para el tratamiento y rehabilitación de la mano, fortaleciendo el agarre de esta. Esta masa se encuentra en cómodos recipientes de plástico fáciles de abrir. Incluye 6 potes de 6 Oz. de los sgtes colores y resistencias:  Tan (Extra Extra Blanda) Amarillo (Extra Blanda) Rojo (Blanda) Verde (Medio) Azul (Fuerte) Negro (Extra Fuerte);10;EA
1057532-181-COT26;44103104;Rollos de transferencia;ROLLOS TERMICOS / SEGÚ ESPECIFICACIONES ADJUNTAS;100;RO
1057532-173-COT26;46171503;Juegos de cerraduras;Cerradura 9380 Oficina/dormitorio inoxidable, color plata, material de acero;1;EA
1057532-173-COT26;53102504;Guantes o manoplas;Pares de Guantes de agarre Unisex, 2 Talla S, 2 talla M y 2 talla L;6;PR
1057532-173-COT26;15121802;Lubricantes anticorrosivos;Spray WD-40 Anticorrosivo-aerosol 311g;2;EA
1057532-176-COT26;52141537;Olla eléctrica doméstica;Sartén eléctrico para ortesis: Sartén eléctrico para termoplástico y confección de ortesis. Superficie antiadherente. Medidas: 40 x 30 cm, Incluye tapa, indicar marca y adjuntar catálogo. Según especificaciones técnicas adjuntas.ES OBLIGATORIO COMPLETAR Y FIRMAR TODOS LOS FORMULARIOS ADJUNTOS, DE LO CONTRARIO LA OFERTA SERÁ DECLARADA INADMISIBLE;1;EA
1057532-171-COT26;52141537;Olla eléctrica doméstica;Sartén eléctrico para ortesis: Sartén eléctrico para termoplástico y confección de ortesis. Superficie antiadherente. Medidas: 40 x 30 cm, Incluye tapa, indicar marca y adjuntar catálogo. Según especificaciones técnicas adjuntas.;1;EA
1057532-179-COT26;41116205;Kits de exámenes rápidos;TEST RAPIDO DE DETERMINACIÓN DE EMBARAZO HCG 25 MUI EN ORINA, LAPIZ O MID STREAM O CASSETTE MAS GOTARIO. CADA DISPOSITIVO DE LECTURA EN ENVASE INDIVIDUAL SELLADO. ENVASE RESISTENTE CON SELLO QUE ASEGURE LA INVIOLABILIDAD DEL CONTENIDO. DEBE INCORPORAR 1 FOLLETO INFORMATIVO AL PACIENTE POR CADA UNIDAD. INDICAR LOTE Y VENCIMIENTO IGUAL O SUPERIOR A 12 MESES.;2400;EA
1057532-182-COT26;14111805;Talones o talonarios;400 TALONARIOS DE RECETAS MEDICAS PARA UNIDAD DE FARMACIA COSAM ORIENTE.DEBERÁ CUMPLIR CON LAS ESPECIFICACIONES TÉCNICAS ADJUNTAS ADEMÁS DE FIRMARLAS. ASIMISMO, SE SOLICITA OBLIGATORIAMENTE COMPLETAR Y FIRMAR LOS FORMULARIOS ADJUNTOS.;400;TALO
1057532-881-COT25;60141002;Muñecas;Bebe para practica, de acuerdo a Especificaciones Técnicas adjuntas.;1;EA
1057532-189-COT26;51142619;Alcohol aromático de amoniaco;Alcohol Gel sin enguaje al 70% 75ml;20;EA
1057532-189-COT26;53131609;Protector solar;Bloqueador Solar Fps 50+ 200 grs hipoalergénico;5;EA
1057532-195-COT26;60101722;Libretas de notas;Libreta con lápiz incluido, según especificaciones adjuntas.;100;EA
1057532-195-COT26;44122011;Carpetas para archivos;Carpetas con accoclip diferentes colores.;100;EA
1057532-195-COT26;44121708;Marcadores;Destacadores diferentes colores.;100;EA
1057532-187-COT26;46171503;Juegos de cerraduras;Cerradura 9380 Oficina/dormitorio inoxidable, color plata, material de acero;1;EA
1057532-187-COT26;53102504;Guantes o manoplas;Pares de Guantes de agarre Unisex, 2 Talla S, 2 talla M y 2 talla L;6;EA
1057532-187-COT26;15121802;Lubricantes anticorrosivos;Spray WD-40 Anticorrosivo-aerosol 311g;2;EA
1057532-178-COT26;53111601;Zapatos de hombre;Zapatos de Seguridad / Según Especificaciones Adjuntas;2;PR
1057532-178-COT26;46181504;Guantes protectores;Guantes de Nitrilo / Según Especificaciones Adjuntas;12;BX
1057532-178-COT26;46181504;Guantes protectores;Guantes de PU / Según Especificaciones Adjuntas;12;PR
1057532-184-COT26;44122011;Carpetas para archivos;Carpetas plastificadas tamaño oficio en color morado, con accoclip o bolsillo.;200;EA
1057532-193-COT26;55101520;Hojas o Folletos de Instrucciones;Talonarios de 13 cm de ancho x 21 cm de largo, cada talonario debe tener 99 hojas. Especificaciones adjuntas.;150;EA
1057532-188-COT26;44121618;Tijeras;"Tijera de oficina 7.5"" ergonómica 19 cm unidad";3;EA
1057532-188-COT26;44121615;Corcheteras;Corchetera oficina 20 hojas metal/plástico 26/6mm unidad;2;EA
1057532-188-COT26;44121635;Portarrollos de cinta adhesiva;Dispensador de Cinta Adhesiva de color negro;3;EA
1057532-188-COT26;31201505;Cinta adhesiva de doble cara;Cinta doble contacto, 18mmx50m;3;EA
1057532-188-COT26;60101722;Libretas de notas;Block Carta 7 Mm 80 Hojas;4;EA
1057532-188-COT26;56121303;Borradores;Borrador de Pizarra Económico Azul;2;EA
1057532-188-COT26;44111503;Bandejas de correspondencia;Bandeja Organizador Documentos Escritorio 3 Niveles, color negro;2;EA
1057532-188-COT26;44102001;Lámina para plastificar;Lámina Termolaminada Oficio 125 Mic de 100 Unidades;2;EA
1057532-188-COT26;44111509;Portalápiz;Porta Lápiz Malla Metal Mediano, Color negro;3;EA
1057532-188-COT26;45101702;Guillotinas de imprenta;Guillotina de mesa, Metálica 30X37.5 cm;1;EA
1057532-188-COT26;31201515;Cintas de papel;Cinta Masking, 24x40 m unidad;3;EA
1057532-188-COT26;14111525;Papel multiuso;opalina blanca, lisa, tamaño carta,;500;HOJ
1057532-188-COT26;44122011;Carpetas para archivos;Carpeta con fundas, tamaño oficio, color negro;4;EA
1057532-188-COT26;31261501;Cubiertas y cajas de plástico;Caja 53x38x40 cm transparente;4;EA
1057532-188-COT26;14111509;Artículos de papelería;Papel Couché Glossy Laser Carta Resma 250 hojas 130 grs para Laser;250;HOJ
1077241-8-COT26;42151909;Pastas o kits de odontología preventiva;Cepillo dental ADULTO, según las siguientes EETT (cabezal redondeado, Pequeño, Cerdas rectas, suaves, mango recto/anatómico, Diversos colores y Con capuchón protector del cabezal tipo VITIS, PHB  o similar. Adjuntar ficha técnica.;250;EA
1077241-8-COT26;42151909;Pastas o kits de odontología preventiva;Seda/Hilo dental con cera de 50 mts. Adjunta ficha técnica.;250;EA
1077241-8-COT26;42151909;Pastas o kits de odontología preventiva;Pasta dental adulto según las siguientes EETT 1450 ppm de flúor y 50 gr. Adjunta ficha técnica.;250;EA
1077241-8-COT26;42151909;Pastas o kits de odontología preventiva;Cepillo dental INFANTIL según las siguientes EETT (cabezal redondeado, Pequeño, Cerdas Suaves, mango recto/anatómico). Adjunta ficha técnica.;250;EA
1077241-8-COT26;42151909;Pastas o kits de odontología preventiva;Pasta dental infantil tipo Aquafresh/ colgate kids (o similar), de 1100 o 1450 ppm de flúor. adjunta ficha técnica.;250;EA
1057532-203-COT26;53101802;Abrigos y chaquetas para hombre;PARKA DESMONTABLE 2 EN 1 / SEGÚN ESPECIFICACIONES ADJUNTAS;2;EA
1057532-203-COT26;53101502;Pantalones y short para hombre;PANTALON CARGO / SEGÚN ESPECIFICACIONES ADJUNTAS;2;EA
1057532-177-COT26;42152703;Pernos o puntales dentales o suministros relacionados;Insumos dentales varios los cuales están identificado en un Excel donde están por ítems y indica lote y fecha de vencimiento, se solicita adjuntar ficha técnica para la evaluación se debe cotizar todos los items.;1;EA
1057532-183-COT26;72102304;Mantenimiento o reparación de sistemas de fontanería, gasfitería;Servicio de inspección y Certificación de las instalaciones de gas de Comunidad Terapéutica Peulla Residencial y gestionar la obtención del certificado correspondiente (sello verde), de acuerdo a las Especificaciones técnicas adjuntas.;1;EA
1057532-199-COT26;44122011;Carpetas para archivos;Carpetas plastificadas tamaño oficio en color morado, sin accoclip y con bolsillo.;200;EA
1077241-11-COT26;50192801;Empanadas, tartas y pies frescos;Kuchen de fruta con crema de 30 a 35 cm de diámetro;6;EA
1077241-11-COT26;50181901;Pan fresco;Pan de molde blanco 750 grs;10;PK
1077241-11-COT26;50112001;Carnes frescas procesadas y preparadas;Láminas de jamón sándwich;80;OA
1077241-11-COT26;50131801;Queso natural;Láminas de queso;80;OA
1077241-11-COT26;50192303;Postres, helados o yogurt congelado;Yogurt batido en pote de 125 grs variedad de sabores;80;EA
1077241-11-COT26;50221101;Granos de Cereales;Granola tipo Quaker Avena, Miel y Almendras 320 grs.;7;PK
1057532-209-COT26;85121810;Test de detección de drogas o alcohol;Test kit screening multidrogas mínimo 4 drogas ( cocaína, marihuana, benzodiazepina y THC) en orina, se solicita periodo vigencia 24 meses igual o superior, adjunta ficha técnica de lo ofertado.;1;EA
1057532-209-COT26;42142523;Agujas hipodérmicas;Aguja 19 G x 1, se solicita periodo vigencia 24 meses igual o superior, adjunta ficha técnica de lo ofertado.;600;EA
1057532-209-COT26;42142609;Jeringas médicas con aguja;Jeringa 20 cc 21x1 1/2 luer lock,se solicita periodo vigencia 24 meses igual o superior, adjunta ficha técnica de lo ofertado.;200;EA
1057532-209-COT26;42311708;Cintas adhesivas médicas y quirúrgicas para el uso general;Parche curita adhesivo redondo, se solicita periodo vigencia 24 meses igual o superior, adjunta ficha técnica de lo ofertado.;1500;EA
1057532-209-COT26;42311708;Cintas adhesivas médicas y quirúrgicas para el uso general;Tela Adhesiva micropore blanca 2.5 cm x 9 mts.(rollo+dispensador), se solicita periodo vigencia 24 meses igual o superior, adjunta ficha técnica de lo ofertado.;12;RO
1057532-209-COT26;42141504;Aplicadores o absorbentes médicos;Tórulas de algodón (100 unidades 0,5 gramos), se solicita periodo vigencia 24 meses igual o superior, adjunta ficha técnica de lo ofertado.;6;BG
1057532-192-COT26;85121810;Test de detección de drogas o alcohol;Test kit screening multidrogas mínimo 4 drogas ( cocaína, marihuana, benzodiazepina y THC) en orina, se solicita periodo vigencia 24 meses igual o superior, adjunta ficha técnica de lo ofertado.;150;EA
1057532-192-COT26;42142523;Agujas hipodérmicas;Aguja 19 G x 1, se solicita periodo vigencia 24 meses igual o superior, adjunta ficha técnica de lo ofertado.;600;EA
1057532-192-COT26;42142609;Jeringas médicas con aguja;Jeringa 20 cc 21x1 1/2 luer lock,se solicita periodo vigencia 24 meses igual o superior, adjunta ficha técnica de lo ofertado.;200;EA
1057532-192-COT26;42311708;Cintas adhesivas médicas y quirúrgicas para el uso general;Parche curita adhesivo redondo, se solicita periodo vigencia 24 meses igual o superior, adjunta ficha técnica de lo ofertado.;1500;EA
1057532-192-COT26;42311708;Cintas adhesivas médicas y quirúrgicas para el uso general;Tela Adhesiva micropore blanca 2.5 cm x 9 mts.(rollo+dispensador), se solicita periodo vigencia 24 meses igual o superior, adjunta ficha técnica de lo ofertado.;12;RO
1057532-192-COT26;42141504;Aplicadores o absorbentes médicos;Tórulas de algodón (100 unidades 0,5 gramos), se solicita periodo vigencia 24 meses igual o superior, adjunta ficha técnica de lo ofertado.;6;BG
1057532-191-COT26;44111905;Pizarras para plumón y accesorios;Pizarra Corcho + Blanca (45x60);2;EA
1057532-191-COT26;44111503;Bandejas de correspondencia;BANDEJA DE ESCRITORIO TRIPLE DE MADERA, LAS MEDIDAS SON 38X35 (RESPETAR MEDIDAS);1;EA
1057532-191-COT26;44111907;Diario mural y accesorios;Pizarra de Corcho (50x30);1;EA
1057532-191-COT26;44111907;Diario mural y accesorios;Pizarra de Corcho (45x60);1;EA
1057532-191-COT26;44121615;Corcheteras;Corchetera Metálica mediana CM-70 para 45 Hojas;6;EA
1057532-191-COT26;41111604;Reglas;Regla metálica 30 cm;4;EA
1057532-191-COT26;44121618;Tijeras;"Tijeras 5.5"" (13,97 cm) Negro";4;EA
1057532-185-COT26;14111533;Cuadernillos o formularios para exámenes;Talonario tamaño oficio en duplicado, 50 originales y 50 la copias, con formato personalizado adjunto.;1;EA
1057532-185-COT26;44121604;Timbres y sellos;Timbre de goma automático, sello redondo de 4 cms. Diseño adjunto.;1;EA
1057532-186-COT26;24101605;Equipo de carga;CARRO DE CARGA MANUAL / SEGÚN ESPECIFICACIONES ADJUNTAS;1;EA
1057532-208-COT26;53101802;Abrigos y chaquetas para hombre;PARKA DESMONTABLE 2 EN 1 / SEGÚN ESPECIFICACIONES ADJUNTAS;2;EA
1057532-208-COT26;53101502;Pantalones y short para hombre;PANTALON CARGO / SEGÚN ESPECIFICACIONES ADJUNTAS;2;EA
1057532-211-COT26;78121601;Servicios de flete;Mudanza para Funcionario D. Jorge Llancaman Laurie, fecha 25.05.2026, desde Osorno hacia Santiago.  inventario adjunto.;1;EA
1057532-201-COT26;42142608;Jeringas médicas sin agujas;Jeringas 20 ml s/agujas / Según especificaciones adjuntas;500;EA
1057532-201-COT26;42231505;Adaptadores, conectores o extensiones de los equipos de alimentación enteral;Sondas de Alimentación Enteral / Según especificaciones adjuntas;200;EA
1057532-200-COT26;46171503;Juegos de cerraduras;Cerradura 9380 Oficina/dormitorio inoxidable, color plata, material de acero;1;EA
1057532-200-COT26;53102504;Guantes o manoplas;Pares de Guantes de agarre Unisex, 2 Talla S, 2 talla M y 2 talla L;6;EA
1057532-200-COT26;15121802;Lubricantes anticorrosivos;Spray WD-40 Anticorrosivo-aerosol 311g;2;EA
1057532-190-COT26;60104105;Materiales de enseñanza de los sistemas del cuerpo;Set de Masas Terapéuticas con diferentes resistencias (6 colores)//Masa de ejercicios utilizada para el tratamiento y rehabilitación de la mano, fortaleciendo el agarre de esta. Esta masa se encuentra en cómodos recipientes de plástico fáciles de abrir. Incluye 6 potes de 6 Oz. de los sgtes colores y resistencias: Tan (Extra Extra Blanda) Amarillo (Extra Blanda) Rojo (Blanda) Verde (Medio) Azul (Fuerte) Negro (Extra Fuerte);10;EA
1057532-222-COT26;52121508;Mantas o frazadas;FRAZADA MICROPOLAR COLOR CELESTE MEDIDA 150X210 CMS. CON LOGO BORDADO SAMU EN UNA DE SUS ESQUINAS (MEDIDA SUGERIDA DEL LOGO 6X6 MAX);150;EA
1057532-194-COT26;44121707;Lápices de colores;Lápices Scripto  estuche 12 colores Marcador Escolar en estuche de 12 colores, con tinta a base de agua, apto para pintar en casi todos los tipos de papeles.;35;PK
1057532-194-COT26;44121706;Lápices de madera;Set de 12 lápices de colores hexagonales Torre. Lápices madera Set 12 Lápices colores;35;PK
1057532-194-COT26;12352310;Siliconas;BARRA DE SILICONA  TRANSP GR 12MM 25 CM 12 UNIDADES;8;PK
1057532-194-COT26;60121204;Pintura de témpera lavable;Témperas XL 12 colores Tempera Lavable 12 Colores 22 Ml;10;BX
1057532-196-COT26;53111601;Zapatos de hombre;ZAPATOS DE SEGURIDAD N° 39 / SEGÚN ESPECIFICACIONES ADJUNTAS.INDICAR MEDIDAS DE LONGITUD DE PIE PARA EVALUAR TALLA CORRECTA.;1;PR
1057532-196-COT26;53111601;Zapatos de hombre;ZAPATOS DE SEGURIDAD N° 42 / INDICAR MEDIDAS DE LONGITUD DE PIE PARA EVALUAR TALLA CORRECTA. DEBERÁ CUMPLIR CON SEGÚN ESPECIFICACIONES ADJUNTAS ADEMÁS DE FIRMARLAS. ASIMISMO, SE SOLICITA OBLIGATORIAMENTE COMPLETAR Y FIRMAR LOS FORMULARIOS ADJUNTOS.;1;PR
1057532-196-COT26;53111602;Zapatos de mujer;ZAPATOS DE SEGURIDAD N° 36 / INDICAR MEDIDAS DE LONGITUD DE PIE PARA EVALUAR TALLA CORRECTA. DEBERÁ CUMPLIR CON SEGÚN ESPECIFICACIONES ADJUNTAS ADEMÁS DE FIRMARLAS. ASIMISMO, SE SOLICITA OBLIGATORIAMENTE COMPLETAR Y FIRMAR LOS FORMULARIOS ADJUNTOS.;1;PR
1057532-196-COT26;53111602;Zapatos de mujer;ZAPATOS DE SEGURIDAD N° 38 / INDICAR MEDIDAS DE LONGITUD DE PIE PARA EVALUAR TALLA CORRECTA. DEBERÁ CUMPLIR CON SEGÚN ESPECIFICACIONES ADJUNTAS ADEMÁS DE FIRMARLAS. ASIMISMO, SE SOLICITA OBLIGATORIAMENTE COMPLETAR Y FIRMAR LOS FORMULARIOS ADJUNTOS.;1;PR
1057532-196-COT26;53111602;Zapatos de mujer;ZAPATOS DE SEGURIDAD N° 39 / INDICAR MEDIDAS DE LONGITUD DE PIE PARA EVALUAR TALLA CORRECTA. DEBERÁ CUMPLIR CON SEGÚN ESPECIFICACIONES ADJUNTAS ADEMÁS DE FIRMARLAS. ASIMISMO, SE SOLICITA OBLIGATORIAMENTE COMPLETAR Y FIRMAR LOS FORMULARIOS ADJUNTOS.;1;PR
1057532-214-COT26;51142619;Alcohol aromático de amoniaco;alcohol Spray 70% 250ml, Alcohol spray para uso personal y manos debe adjuntar resolución sanitaria / ficha técnica;40;EA
1057532-214-COT26;47131502;Paños de limpieza;Toallitas desinfectantes 90 ud. Toallas para limpieza de superficies debe adjuntar resolución sanitaria / ficha técnica;36;EA
1057532-214-COT26;42132203;Guantes médicos de examen o para usos no quirúrgicos;Guantes caja 100 unidades Talla M. debe adjuntar resolución sanitaria / ficha técnica;10;BX
1057532-214-COT26;42131601;Delantales o pecheras para el personal sanitario;Set de Pecheras 100 Unidades Pecheras con mangas y tira posterior para amarre debe adjuntar resolución sanitaria / ficha técnica;1;EA
1057532-204-COT26;52141515;Compactadores de basura domésticos;Basurero plastico con tapa de 20 litros;11;EA
1057532-204-COT26;53131635;Hisopo;Sopapo para WC baño tina con mango, ergonometrico 14.5 x 44 cm;1;EA
1057532-132-COT25;53103001;Camisetas de caballero;Polera Manga Corta según especificaciones técnicas adjuntas;1;EA
1057532-132-COT25;53103001;Camisetas de caballero;Polera Manga Larga según especificaciones técnicas adjuntas;1;EA
1057532-132-COT25;46181527;Pantalones protectores;Pantalón cargo, según especificaciones técnicas adjuntas.;1;EA
1057532-132-COT25;42143601;Chalecos y chaquetas de sujeción;Chaleco de procedimiento ajustable, según especificaciones técnicas adjuntas;1;EA
1057532-216-COT26;50192501;Sandwiches y canapés con relleno frescos;Sándwich de pan fresco, tipo hallulla, con tomate, queso fresco y pepinillo, no artesanales, productos frescos. Los Sándwich deben ser entregados envueltos de forma individual en papel alusa y al interior con servilleta.;15;EA
1057532-216-COT26;50192803;Empanadas, tartas y pies estables sin refrigerar;Kuchen tamaño para 30 personas.;1;EA
1057532-216-COT26;50221202;Cereales en barra;Barras de cereal sabor Frutos Rojos.;25;EA
1057532-216-COT26;50221202;Cereales en barra;Barras de cereal sabor Manzana.;25;EA
1057532-216-COT26;50101634;Fruta fresca;Naranjas frescas;15;EA
1057532-216-COT26;50181905;Galletas dulces o pastelitos;Galletas dulces variedades (120 a 140 grs);15;PK
1057532-216-COT26;50161509;Productos de edulcorantes o azúcares naturales;Azúcar.;2;KGM
1057532-216-COT26;50161509;Productos de edulcorantes o azúcares naturales;Endulzante liquido de 400 ml (tapa verde);1;BO
1057532-216-COT26;50201709;Café instantáneo;Café 400 gramos.;1;JR
1057532-216-COT26;52151504;Tazas o vasos desechables domésticos;Vasos polipapel 250 cc.;100;EA
1057532-216-COT26;52151617;Cucharas de madera de uso doméstico;Cucharas desechable de madera de 15 cm.;100;EA
1057532-197-COT26;51142619;Alcohol aromático de amoniaco;Alcohol Gel sin enguaje al 70% 75ml Adjuntar Resolucion Sanitaria;20;EA
1057532-197-COT26;53131609;Protector solar;Bloqueador Solar Fps 50+ 200 grs hipoalergénico Adjuntar Registro Cosmetico;5;EA
1057532-215-COT26;50192501;Sandwiches y canapés con relleno frescos;Sándwich de pan fresco tipo hallulla, con mantequilla y doble queso (sin bordes, no artesanales, de marca reconocida). Cada sándwich deberá ser entregado envuelto individualmente en papel alusa con servilleta.;60;EA
1057532-215-COT26;50192501;Sandwiches y canapés con relleno frescos;Sándwich de pan fresco, tipo hallulla, con tomate, queso fresco y pepinillo, no artesanales, productos frescos. Los Sándwich deben ser entregados envueltos de forma individual en papel alusa y al interior con servilleta.;25;EA
1057532-215-COT26;50101634;Fruta fresca;Naranjas Frescas;60;EA
1057532-215-COT26;50101634;Fruta fresca;Manzanas Frescas;25;EA
1057532-215-COT26;50181905;Galletas dulces o pastelitos;galletas dulces variedades. (120 a 140 grs.);15;PK
1057532-215-COT26;50181909;Galletas saladas;galletas saladas variedades. (120 a 140 grs.) No crakelet;11;PK
1057532-215-COT26;52151504;Tazas o vasos desechables domésticos;Vasos polipapel 250 cc.;100;EA
1057532-215-COT26;52151617;Cucharas de madera de uso doméstico;Cucharas desechable de madera de 15 cm.;100;EA
1057532-215-COT26;50161509;Productos de edulcorantes o azúcares naturales;Azúcar.;1;KGM
1057532-202-COT26;90121702;Intérpretes;Servicio de Interprete Lengua de Señas, según especificaciones técnicas adjuntas.;1;EA
1057532-220-COT26;44121604;Timbres y sellos;Timbre automático redondo. Medidas 3,5 cms (Diseños adjuntos);3;EA
1057532-219-COT26;14111531;Libros o cuadernos de registro;Cuaderno tamaño medio oficio con bolígrafo incluido, según especificaciones adjuntas.;190;EA
1057532-230-COT26;55101520;Hojas o Folletos de Instrucciones;Talonario Exámenes 13,5 x 21,5 cm. 100 Hojas. Folio desde N°401. Newen;4;EA
1057532-230-COT26;55101520;Hojas o Folletos de Instrucciones;Recetario 13,5 x 21,5 cm. 100 Hojas. Folio desde N°403. Newen;4;EA
1057532-226-COT26;27112004;Palas;Pala Recogedora de Cenizas de fierro y mango de madera, 50cm aprox.;1;EA
1057532-226-COT26;47131615;Escobillones;Escobillón industrial, cerdas de alta resistencia, de entre 30-40cm.;1;EA
1057532-218-COT26;46171503;Juegos de cerraduras;Cerradura 9380 Oficina/dormitorio inoxidable, color plata, material de acero;1;EA
1057532-218-COT26;53102504;Guantes o manoplas;Pares de Guantes de agarre Unisex, 2 Talla S, 2 talla M y 2 talla L;6;PR
1057532-218-COT26;15121802;Lubricantes anticorrosivos;Spray WD-40 Anticorrosivo-aerosol 311g;2;EA
1057532-225-COT26;46181802;Lentes de protección;Antiparras de seguridad, según especificaciones adjuntas.;2;EA
1057532-225-COT26;46181504;Guantes protectores;Guantes de alta temperatura, según especificaciones adjuntas.;2;PR
1057532-175-COT26;43232604;Software de diseño asistido por computador (CAD);28 licencias con suscripción de 12 meses para software CAD para la creación de dibujos en 2D, en modalidad de pago a 12 meses.;28;UNII
1057532-175-COT26;43232604;Software de diseño asistido por computador (CAD);01  licencia  con  suscripción  de  12  meses  para  software  CAD para  la  creación  de dibujos en 2D y 3D, en modalidad de pago a 12 meses.;1;UNII
1057532-146-COT26;82101901;Avisos en radio;Elaboración y difusión de avisos radiales Campaña Invierno 2026 de acuerdo a requerimientos técnicos adjuntos.;1;EA
1057532-231-COT26;44103103;Tóner;Tóner impresora HP LaserJet 1006, según especificaciones adjuntas.;2;EA
1057532-227-COT26;42232003;Corta pastillas o accesorios;Cortador de pastillas, Material de plástico y cuchillo cortador de metal, dimensiones: Diámetro 5 cm | Alto 6,4 cm. Adjuntar ficha de lo ofertado.;15;EA
1057532-227-COT26;31261501;Cubiertas y cajas de plástico;Caja Plástica, medidas: 33x22x15 cm. de 6 litros con manija y trabas. Adjuntar ficha de lo ofertado.;5;EA
1057532-227-COT26;31261501;Cubiertas y cajas de plástico;Caja Plástica, medidas: 21x17x11 cm - Caja plástica de 3 L. con trabas. Adjuntar ficha de lo ofertado.;5;EA
1057532-223-COT26;44121624;Tijeras;Tijera de oficina con diseño ergonómico, longitud total de 24-25 cm.;2;EA
1057532-223-COT26;44121505;Sobres especiales;Sobres con protección de burbujas, color amarillo o café, en tamaño oficio.;100;EA
1057532-223-COT26;44121506;Sobres estándar;Sobres de color blanco, en tamaño carta.;1000;EA
1057532-223-COT26;24111503;Bolsas de plástico;Bolsas herméticas resellables, dimensiones de 10x15 cm o 10x16 cm, con un grosor de 0.2 mm.;2500;EA
1057532-223-COT26;24111503;Bolsas de plástico;Bolsas herméticas resellables, dimensiones de 27x28 cm, similar a Ilko.;100;EA
1057532-223-COT26;24111503;Bolsas de plástico;Bolsas herméticas resellables, dimensiones de 16x15 cm, similar a Ilko.;1000;EA
1057532-198-COT26;52141537;Olla eléctrica doméstica;Sartén eléctrico para ortesis: Sartén eléctrico para termoplástico y confección de ortesis. Superficie antiadherente. Medidas: 40 x 30 cm, Incluye tapa, indicar marca y adjuntar catálogo. DEBERÁ CUMPLIR CON LAS ESPECIFICACIONES TÉCNICAS ADJUNTAS ADEMÁS DE FIRMARLAS. ASIMISMO, SE SOLICITA OBLIGATORIAMENTE COMPLETAR Y FIRMAR LOS FORMULARIOS ADJUNTOS.;1;EA
1057532-234-COT26;50201709;Café instantáneo;Café instantáneo de 400 gramos. Marca reconocida.;7;JR
1057532-236-COT26;40101808;Estufas de la calefacción;Arriendo de 7 Calentadores de Patio tipo palmeras con cilindros de gas de 11 kilos para el día 4 de junio 2026;1;EA
1057532-212-COT26;44122011;Carpetas para archivos;Carpetas plastificadas tamaño oficio en color morado, sin accoclip y con bolsillo.;200;EA
1057532-235-COT26;27112004;Palas;Pala para cenizas, según especificaciones adjuntas.;1;EA
1057532-235-COT26;47131615;Escobillones;Escobillón Industrial, según especificaciones adjuntas;1;EA
1057532-233-COT26;44121604;Timbres y sellos;Timbres automáticos. Medidas 3,5 cms. Diseños adjuntos en especificaciones;9;EA
1057532-217-COT26;51241120;Lágrimas artificiales;ADQUISICIÓN DE LÁGRIMAS ARTIFICIALES: HIPROMELOSA 0,5%, VENCIMIENTO 12 MESES O MÁS, FRASCO DE 15 ML. DEBE ADJUNTAR OBLIGATORIAMENTE EL REGISTRO SANITARIO VIGENTE OTORGADO POR EL ISP DE CHILE.EL PRODUCTO DEBERÁ CUMPLIR CON LAS ESPECIFICACIONES TÉCNICAS ADJUNTAS ADEMÁS DE FIRMARLAS. ASIMISMO, SE SOLICITA COMPLETAR Y FIRMAR LOS FORMULARIOS ANEXOS.;1500;EA
1057532-210-COT26;85121810;Test de detección de drogas o alcohol;Test kit screening multidrogas mínimo 4 drogas ( cocaína, marihuana, benzodiazepina y THC) en orina, se solicita periodo vigencia 24 meses igual o superior, adjunta ficha técnica de lo ofertado.;150;EA
1057532-210-COT26;42142523;Agujas hipodérmicas;Aguja 19 G x 1, se solicita periodo vigencia 24 meses igual o superior, adjunta ficha técnica de lo ofertado.;600;EA
1057532-210-COT26;42142609;Jeringas médicas con aguja;Jeringa 20 cc 21x1 1/2 luer lock,se solicita periodo vigencia 24 meses igual o superior, adjunta ficha técnica de lo ofertado.;200;EA
1057532-210-COT26;42311708;Cintas adhesivas médicas y quirúrgicas para el uso general;Parche curita adhesivo redondo, se solicita periodo vigencia 24 meses igual o superior, adjunta ficha técnica de lo ofertado.;1500;EA
1057532-210-COT26;42311708;Cintas adhesivas médicas y quirúrgicas para el uso general;Tela Adhesiva micropore blanca 2.5 cm x 9 mts.(rollo+dispensador), se solicita periodo vigencia 24 meses igual o superior, adjunta ficha técnica de lo ofertado.;12;EA
1057532-210-COT26;42141504;Aplicadores o absorbentes médicos;Tórulas de algodón (100 unidades 0,5 gramos), se solicita periodo vigencia 24 meses igual o superior, adjunta ficha técnica de lo ofertado.;6;BG
1057532-245-COT26;53141626;Bastidores de bordado;Set de 5 bastidores para bordado, según especificaciones adjuntas;5;PACK
1057532-245-COT26;44121618;Tijeras;Tijera de genero, según especificaciones adjuntas;15;EA
1057532-245-COT26;60122003;Agujas de coser a mano;Aguja mágica, según especificaciones adjuntas.;15;EA
1057532-245-COT26;11162111;Malla;Malla para bordar, según especificaciones adjuntas.;15;EA
1057532-245-COT26;11151701;Hilo de lana;Juego de hilo para bordar, según especificaciones adjuntas.;10;PK
1057532-245-COT26;11161703;Telas de Oxford de algodón;Paño lenci surtido colores, según especificaciones adjuntas.;5;EA
1057532-245-COT26;11151715;Tejido de lino;Tela de Lino por metro, según especificaciones adjuntas.;15;MTR
1057532-245-COT26;31211508;Pinturas acrílicas;Pintura acrílica violeta 250 ml., según especificaciones adjuntas.;2;EA
1057532-245-COT26;31211508;Pinturas acrílicas;Pintura acrílica azul ultramar 250 ml., según especificaciones adjuntas.;2;EA
1057532-245-COT26;31211508;Pinturas acrílicas;Pintura acrílica blanco 250 ml., según especificaciones adjuntas.;2;EA
1057532-245-COT26;31211508;Pinturas acrílicas;Pintura acrílica color amarillo 250 ml., según especificaciones adjuntas.;2;EA
1057532-245-COT26;31211508;Pinturas acrílicas;Pintura acrílica color negro 250 ml., según especificaciones adjuntas.;2;EA
1057532-224-COT26;52121508;Mantas o frazadas;FRAZADA MICROPOLAR COLOR CELESTE MEDIDA 150X210 CMS. CON LOGO BORDADO SAMU EN UNA DE SUS ESQUINAS (MEDIDA SUGERIDA DEL LOGO 6X6 MAX);75;EA
1057532-244-COT26;50202310;Agua mineral;Agua Mineral Light Gas de 1,6 litros;12;BO
1057532-244-COT26;50161509;Productos de edulcorantes o azúcares naturales;Azúcar formato kilo.;8;KGM
1057532-244-COT26;50201709;Café instantáneo;Café instantáneo de 170 gramos.;6;JR
1057532-244-COT26;50161509;Productos de edulcorantes o azúcares naturales;Endulzante liquido de 400 ml (stevia);6;BO
1057532-244-COT26;50192110;Nueces o frutos secos;Frutos secos mix de 120 gramos.;10;PK
1057532-244-COT26;50181905;Galletas dulces o pastelitos;Galleta de Mantequilla de 140 gramos.;10;PK
1057532-244-COT26;50181905;Galletas dulces o pastelitos;Galleta de Chocolate de 116 gramos.;10;PK
1057532-244-COT26;50181905;Galletas dulces o pastelitos;Galleta Obleas de diferentes sabores de 140 gramos.;10;PK
1057532-244-COT26;50181905;Galletas dulces o pastelitos;Galleta surtidas de 400 gramos.;10;PK
1057532-244-COT26;50181905;Galletas dulces o pastelitos;Galleta con chips de chocolate de 120 gramos.;10;PK
1057532-244-COT26;50181905;Galletas dulces o pastelitos;Galleta de Arroz con chocolate de 150 gramos.;6;PK
1057532-244-COT26;50181905;Galletas dulces o pastelitos;Galleta de Vino de 160 gramos.;10;PK
1057532-244-COT26;50181909;Galletas saladas;Galleta salada de 140 gramos.;10;PK
1057532-244-COT26;50202304;Jugos y néctar envasados;Jugos sabores surtidos de 1,5 litros.;15;BO
1057532-244-COT26;50201713;Bolsitas de te;Té normal de 100 bolsitas por caja.;12;BX
1057532-244-COT26;52151504;Tazas o vasos desechables domésticos;Vaso de polipapel de 240 cc / Blanco o café.;500;EA
1057532-213-COT26;72102304;Mantenimiento o reparación de sistemas de fontanería, gasfitería;Servicio de inspección y Certificación de las instalaciones de gas de Comunidad Terapéutica Peulla Residencial y gestionar la obtención del certificado correspondiente (sello verde), de acuerdo a las Especificaciones técnicas adjuntas. Nota: el valor de la UF se calculara el día del envío de la orden de compra;1;EA
1057532-168-COT26;43232604;Software de diseño asistido por computador (CAD);28 licencias con suscripción de 12 meses para software CAD como AutoCad LT 2025 o “equivalente”, para la creación de dibujos en 2D, en modalidad de pago a 12 meses.;28;EA
1057532-168-COT26;43232604;Software de diseño asistido por computador (CAD);01 licencia con suscripción de 12 meses para software CAD como AutoCad 2025 Full o Equivalente, para la creación de dibujos en 2D y 3D, en modalidad de pago a 12 meses.;1;EA
1057532-237-COT26;46181602;Calzado protector contra materias peligrosas;2 PAR DE BOTA PVC NEGRA -1 CALZADO NUMERO 42 -1 CALZADO NUMERO 39 DE ACUERDO A ESPECIFICACIONES TÉCNICAS ADJUNTAS;2;PR
1057532-237-COT26;46181602;Calzado protector contra materias peligrosas;2 PAR DE ZAPATOS DE SEGURIDAD: -1 CALZADO NUMERO 42 -1 CALZADO NUMERO 40 DE ACUERDO A ESPECIFICACIONES TÉCNICAS ADJUNTAS;2;PR
1057532-237-COT26;42211509;Cascos protectores de cabeza o cara, o dispositivos o accesorios para disminuidos físicos;2 CASCOS PARA TRABAJOS EN ALTURA DE ACUERDO A ESPECIFICACIONES TÉCNICAS ADJUNTAS;2;EA
1057532-237-COT26;10141608;Arneses o accesorios;2 ARNES  DE ACUERDO A ESPECIFICACIONES TECNICAS ADJUNTAS;2;EA
1057532-237-COT26;10141608;Arneses o accesorios;2 CABO DE VIDA CON GANCHO SIMPLE DE 1.8 MT DE ACUERDO A ESPECIFICACIONES TECNICAS ADJUNTAS;2;EA
1057532-237-COT26;46181531;Ropa reflectante o accesorios;2 OVEROL C/CINTA AZUL 1 TALLA M 1 TALLA L DE ACUERDO A ESPECIFICACIONES TECNICAS ADJUNTAS;2;EA
1057532-247-COT26;14111705;Servilletas de papel;Servilletas mesa una hoja 30 x 30 cm. (15x15 plegada x 50 unidades).;38;PK
1057532-247-COT26;52151504;Tazas o vasos desechables domésticos;Vaso de polipapel doble capa 12 oz., color kraft.;625;EA
1057532-247-COT26;52151502;Platos desechables domésticos;Plato desechable cartón 25 cm.;600;EA
1057532-247-COT26;52151617;Cucharas de madera de uso doméstico;Cucharas desechables de madera ecológica 15,5 cm.;600;EA
1057532-170-COT26;56111907;Carros de herramientas industriales;Carro para transporte de carga / Según especificaciones adjuntas;2;EA
1057532-170-COT26;56111907;Carros de herramientas industriales;Carro de acero con plegado vertical / Según especificaciones adjuntas;1;EA
1057532-207-COT26;76111702;Servicios de retirada de materiales de zonas en obras;Recolección carga, transporte y disposición final de malezas  de jardín del dispositivo PRAIS en Osorno producto de las poda de arbustos, arboles y corte de pasto.;1;EA
1057532-239-COT26;52151504;Tazas o vasos desechables domésticos;1000 VASOS POLIPAPEL CAFE (350 cc), segun eett adjunta;1000;EA
1057532-232-COT26;81112101;Proveedores de servicio de Internet (ISP);Servicio de Internet 940 megas garantizados + telefonía línea fija incluir dispositivo telefónico en comodato, de Junio - Julio 2026, incluido el servicio de instalación. La facturación debe ser por mes vencido.;1;EA
1057532-268-COT26;52151504;Tazas o vasos desechables domésticos;Vaso polipapel 8oz - 250cc, 50 unidades;3;PK
1057532-268-COT26;52151502;Platos desechables domésticos;Plato cartón N°2, 18 cm, 100 un.;2;PK
1057532-268-COT26;50181905;Galletas dulces o pastelitos;Kuchen de fruta con crema de 30 a 35 cm de diametro;7;EA
1057532-268-COT26;50181901;Pan fresco;Pan de molde blanco 750 grs;10;PK
1057532-268-COT26;50131801;Queso natural;laminas de queso 80 unidades;80;EA
1057532-268-COT26;50192503;Rellenos de sándwich frescos;laminas de jamon sandwich 80 unidades;80;EA
1057532-268-COT26;50192303;Postres, helados o yogurt congelado;Yogurt batido en pote de 125 grs variedad de sabores;80;EA
1057532-268-COT26;10151605;Semillas de avena;Granola tipo Quaker Avena, Miel y Almendras 320 grs.;4;BX
1057532-267-COT26;52151504;Tazas o vasos desechables domésticos;Vaso polipapel 8oz - 250cc, 50 unidades;20;PK
1057532-267-COT26;52121602;Servilletas;Servilletas paquete de 200 unidades 22,5 x 23cm;20;PK
1057532-267-COT26;52151502;Platos desechables domésticos;Plato cartón N°2, 18 cm, 100 un.;5;PK
1057532-267-COT26;52151704;Cucharas domésticas;paquetes de 10 unidades charas de madera para cafe, total 100 unidades;10;PK
1057532-243-COT26;85121810;Test de detección de drogas o alcohol;Test multidrogas de orina para toma de muestras de personas en tratamiento de la comunidad, para Detección de 6 drogas (cocaína – marihuana – metanfetamina – benzodiacepina – opiáceos – anfetaminas). Según especificaciones técnicas, adjunta ficha de lo ofertado, las ofertas que no adjuntes a las EETT, no serán evaluadas por lo que se declaran inadmisibles.;75;EA
1057532-240-COT26;30161701;Alfombrado;1 Rollo Limpiapies: Medidas: 1,2m x 6m x 12mm De alto tráfico Con protección a quimicos y rayos UV Color: Negro Material: vinilo Apariencia cementicia / rústica;1;RO
1057532-238-COT26;44121624;Tijeras;Tijera de oficina con diseño ergonómico, longitud total de 24-25 cm.;2;EA
1057532-238-COT26;44121505;Sobres especiales;Sobres con protección de burbujas, color amarillo o café, en tamaño oficio.;100;EA
1057532-238-COT26;44121506;Sobres estándar;Sobres de color blanco, en tamaño carta.;1000;EA
1057532-238-COT26;24111503;Bolsas de plástico;Bolsas herméticas resellables, dimensiones de 10x15 cm o 10x16 cm, con un grosor de 0.2 mm.;2500;EA
1057532-238-COT26;24111503;Bolsas de plástico;Bolsas herméticas resellables, dimensiones de 27x28 cm, similar a Ilko.;100;EA
1057532-238-COT26;24111503;Bolsas de plástico;Bolsas herméticas resellables, dimensiones de 16x15 cm, similar a Ilko.;1000;EA
1077241-13-COT26;50201709;Café instantáneo;Café Instantáneo 400 gramos. Marca reconocida.;2;JR
1077241-13-COT26;50161509;Productos de edulcorantes o azúcares naturales;Endulzante liquido 270 ml. Stevia.;2;BO
1077241-13-COT26;50161509;Productos de edulcorantes o azúcares naturales;Azúcar blanca granulada, formato kilo.;2;KGM
1077241-13-COT26;50201713;Bolsitas de te;Hierba Manzanilla, 20 bolsitas, caja de 20 gramos.;2;BX
1077241-13-COT26;50181905;Galletas dulces o pastelitos;Galletas con Chips de Chocolate 120 gramos. Similar a Kuky Clásica.;20;PK
1077241-13-COT26;50181905;Galletas dulces o pastelitos;Galletas dulces con dulce de membrillo 300 gramos. Similar a Bocaditos.;10;PK
1077241-13-COT26;50161814;Dulces con azúcar o sustitutos;Dulces masticables de gomitas 380 gramos. Similar a Frugelé.;5;BG
1077241-13-COT26;50202301;Agua;Botella de agua saborizada sin gas de 1,6 litros, sabor Pera.;6;BO
1077241-13-COT26;31261501;Cubiertas y cajas de plástico;Caja Organizadora 50 x 40 x 31 cm 45 litros, transparente.;1;BX
1077241-13-COT26;14111701;Papel facial;Pañuelos desechables facial doble hoja 21 x 21 cm. 50 unidades x caja.;2;BX
1057532-251-COT26;14111701;Papel facial;Pañuelo desechable facial. 50 unidades por caja;42;BX
1057532-152-COT26;27112002;Azadones;Gualato (Azadón) con Mango Madera para jardinería 90 cm.;1;EA
1057532-152-COT26;40142008;Mangueras para agua;Manguera Jardín Con Malla 1/2 Pulgada 20 Metros Con Acoples Dicas//con soporte;1;EA
1057532-152-COT26;10171702;Fungicidas;Molusquicida Pellet Para El Control De Caracoles, Babosas 1 Kg.;2;EA
1057532-152-COT26;10171702;Fungicidas;Insecticida Aerosol Mata Moscas y Mosquitos Sin Olor 420 cc;15;EA
1057532-158-COT26;44122011;Carpetas para archivos;Carpetas con Accoclip de colores tamaño Oficio;500;EA
1057532-158-COT26;44121701;Lápiz pasta;cajas de lapices en pasta azul, cajas de 50 unidades;3;BX
1057532-246-COT26;14111525;Papel multiuso;Papel opalina lisa tamaño carta color blanco 200 gramos.;700;HOJ
1057532-246-COT26;60101722;Libretas de notas;Block de apuntes 1/2 oficio, espiral mat 7 mm 80 hojas, tapa cartón resistente.;500;EA
1057532-246-COT26;44121701;Lápiz pasta;Lápiz pasta azul punta media azul, tipo bic.;500;EA
1057532-241-COT26;42192207;Camillas de paciente o accesorios de camilla;Camilla plegable en forma de maleta con asas, pestillos y tacos laterales de goma para un transporte seguro. Altura regulable entre 58 y 81 centímetros. Con un peso máximo de 14kg. Soporta hasta 250 kg de carga, con espuma de 6 cm de alta densidad y cubierta en cuero PVC para comodidad y fácil limpieza. Dimensiones estimados del producto (minimo): 186 cm largo x 71 cm de ancho x 81 cm de alto.;2;EA
1057532-147-COT26;31261501;Cubiertas y cajas de plástico;Caja Plástica Transparente según Especificaciones Técnicas adjuntas;60;EA
1057532-147-COT26;31261501;Cubiertas y cajas de plástico;Caja Plástica Organizadora modular, según Especificaciones Técnicas adjuntas;6;EA
1057532-285-COT26;42251622;Aparatos de ejercicio para rehabilitación o terapia pulmonar;kit aireador fonoaudiológico, según especificaciones técnicas adjuntas y adjuntar ficha de lo ofertado.;1;EA
1057532-285-COT26;42251603;Dispositivos de movimiento pasivo continuo (CPM) o accesorios;Taping neuromuscular, según especificaciones técnicas adjuntas y adjuntar ficha de lo ofertado.;2;EA
1057532-285-COT26;42271602;Espirómetros, accesorios o suministros;Set Boquillas Espirometría (100 boquillas),según especificaciones técnicas adjuntas y adjuntar ficha de lo ofertado.;1;KIT
1057532-285-COT26;42251605;Ejercitadores de pedal para rehabilitación o terapia;Ejercitador mandibular, según especificaciones técnicas adjuntas y adjuntar ficha de lo ofertado.;4;EA
1057532-285-COT26;42251605;Ejercitadores de pedal para rehabilitación o terapia;Ejercitadores linguales, según especificaciones técnicas adjuntas y adjuntar ficha de lo ofertado.;4;EA
1057532-285-COT26;42251610;Pelotas o accesorios terapéuticos;Balón terapéutico Fonoaudiológico, según especificaciones técnicas adjuntas y adjuntar ficha de lo ofertado.;4;EA
1057532-285-COT26;42143502;Dispositivos de irrigación nasal o accesorios;Pinza Nasal para espirometría, según especificaciones técnicas adjuntas y adjuntar ficha de lo ofertado.;10;EA
1057532-285-COT26;42251616;Vibradores eléctricos para rehabilitación o terapia;Kit de vibración facial fonoaudiológico, según especificaciones técnicas adjuntas y adjuntar ficha de lo ofertado.;1;KIT
1057532-285-COT26;42251616;Vibradores eléctricos para rehabilitación o terapia;Batería de repuesto, según especificaciones técnicas adjuntas y adjuntar ficha de lo ofertado.;1;EA
1057532-285-COT26;42251502;Productos de evaluación, ensayos sensoriales, perceptuales, de desteridad y cognitivos;Kit Térmico de estimulación sensitiva, según especificaciones técnicas adjuntas y adjuntar ficha de lo ofertado.;1;EA
1057532-254-COT26;43202005;Dispositivos de almacenamiento de memoria flash;2 Pendrive 64bg Segun eett;2;EA
1057532-254-COT26;60101732;Apuntadores o punteros;1 Presentador laser conexión usb, alcance inalambrico con puntero laser y recargable;1;EA
1057532-259-COT26;43201803;Discos duros;"50 Disco SSD de 512 GB . Interfaz SATA Rev 3.0 (6 Gb/s): retrocompatible con SATA Rev 2.0 (3 Gb/s). Factor de forma 2.5"". Velocidades lectura/escritura secuenciales 550/520 MB/s. NAND 3D TLC";50;EA
1057532-266-COT26;41102703;Equipo de dispersión de la luz;BALIZA DE OBSTRUCCION AEREA CON LUZ LED DE ACUERDO A ESPECIFICACIONES TECNICAS ADJUNTAS;1;EA
1057532-261-COT26;60104912;Cables o electrodos eléctricos;Usercord Cat 6 de 3 metros, segun eett;50;EA
1057532-261-COT26;60104912;Cables o electrodos eléctricos;Usercord Cat 6 de 2 metros, segun eett;50;EA
1057532-261-COT26;60104912;Cables o electrodos eléctricos;Usercord Cat 6 de 1 metro, segun eett;50;EA
1057532-269-COT26;52151504;Tazas o vasos desechables domésticos;Vaso polipapel 8oz - 250cc, 50 unidades;3;PK
1057532-269-COT26;52151502;Platos desechables domésticos;Plato cartón N°2, 18 cm, 100 un.;2;PK
1057532-269-COT26;50181905;Galletas dulces o pastelitos;Kuchen de fruta con crema de 30 a 35 cm de diametro;7;EA
1057532-269-COT26;50181901;Pan fresco;Pan de molde blanco 750 grs;10;PK
1057532-269-COT26;50131801;Queso natural;laminas de queso 80 unidades;80;EA
1057532-269-COT26;50192503;Rellenos de sándwich frescos;laminas de jamon sandwich 80 unidades;80;EA
1057532-269-COT26;50192303;Postres, helados o yogurt congelado;Yogurt batido en pote de 125 grs variedad de sabores;80;EA
1057532-269-COT26;10151605;Semillas de avena;Granola tipo Quaker Avena, Miel y Almendras 320 grs.;4;BX
1057532-263-COT26;42132102;Cubre camillas;Sabanilla de Papel Desechable en rollo de 48 metros. (presentación de 2 rollos x pack);30;PACK
1057532-265-COT26;24111503;Bolsas de plástico;Bolsas herméticas resellables, dimensiones de 10x15 cm o 10x16 cm, con un grosor de 0.2 mm.;2500;EA
1057532-265-COT26;24111503;Bolsas de plástico;Bolsas herméticas resellables, dimensiones de 27x28 cm, similar a Ilko.;100;EA
1057532-265-COT26;24111503;Bolsas de plástico;Bolsas herméticas resellables, dimensiones de 16x15 cm, similar a Ilko.;1000;EA
1057532-264-COT26;44121624;Tijeras;Tijera de oficina con diseño ergonómico, longitud total de 24-25 cm.;2;EA
1057532-264-COT26;44121505;Sobres especiales;Sobres con protección de burbujas, color amarillo o café, en tamaño oficio.;100;EA
1057532-264-COT26;44121506;Sobres estándar;Sobres de color blanco, en tamaño carta.;1000;EA
1077241-14-COT26;14111701;Papel facial;Pañuelos desechable facial doble hoja  de 50 unidades, según especificación adjunta.;45;BX
1057532-250-COT26;43211714;Equipo de identificación biométrica;Lectores de huella Biométricos Digital, tipo U.are U4500 ó 5000, capacidad de huellas 1 y conectividad USB 2.0;20;EA
1057727-1-COT26;56101522;Sillón;FUTON CAMA 3 CUERPOS, Color: Gris, Negro o azul. Revisar Fig.1 de referencias técnicas adjunto. Considerar entrega en Hospital Rio Negro. Se validarán ofertas que ingresen valores en formulario de compra ágil. SE EVALUARÁ MEJORES CONDICIONES DE COMPRA EN CUANTO A PRECIO, ENTREGA Y REVISIÓN TÉCNICA. Ofertas No deben superar el monto total de presupuesto disponible.;1;EA
1057727-1-COT26;56121702;Libreros;MUEBLE LIBRERO DE 5 PISOS O SEPARACIONES PARA NIÑO/A. Revisar Fig.2 de referencias técnicas adjunto. Considerar entrega en Hospital Rio Negro. Se validarán ofertas que ingresen valores en formulario de compra ágil. SE EVALUARÁ MEJORES CONDICIONES DE COMPRA EN CUANTO A PRECIO, ENTREGA Y REVISIÓN TÉCNICA. Ofertas No deben superar el monto total de presupuesto disponible.;1;EA
1057727-1-COT26;56101519;Mesas;MESA DE PARVULO. Estructura: Metálica, Cubierta: Terciado enchape en Formalita. Medidas: 75x120x55. Revisar Fig.3 de referencias técnicas adjunto. Considerar entrega en Hospital Rio Negro. Se validarán ofertas que ingresen valores en formulario de compra ágil. SE EVALUARÁ MEJORES CONDICIONES DE COMPRA EN CUANTO A PRECIO, ENTREGA Y REVISIÓN TÉCNICA. Ofertas No deben superar el monto total de presupuesto disponible.;1;EA
1057727-1-COT26;56101504;Sillas;SILLA DE PARVULO. Estructura: Tubo Acero Asiento, Respaldo: Terciado enchape en Formalita color. Medidas: 59x30x35. Revisar Fig.4 de referencias técnicas adjunto. Considerar entrega en Hospital Rio Negro. Se validarán ofertas que ingresen valores en formulario de compra ágil. SE EVALUARÁ MEJORES CONDICIONES DE COMPRA EN CUANTO A PRECIO, ENTREGA Y REVISIÓN TÉCNICA. Ofertas No deben superar el monto total de presupuesto disponible.;6;EA
1057727-1-COT26;56101520;Clóset o armarios;LOCKER KIDS PARA 10 CASILLEROS DE METAL DE COLORES PARA NIÑOS/AS. Medidas: 136 × 45 × 120 cm. Revisar Fig.5 de referencias técnicas adjunto. Considerar entrega en Hospital Rio Negro. Se validarán ofertas que ingresen valores en formulario de compra ágil. SE EVALUARÁ MEJORES CONDICIONES DE COMPRA EN CUANTO A PRECIO, ENTREGA Y REVISIÓN TÉCNICA. Ofertas No deben superar el monto total de presupuesto disponible.;1;EA
1057727-1-COT26;56101808;Columpios o saltador o accesorios;JUEGO PARA NIÑOS/AS COLUMPIO. Medidas: 180cm Largo x 255cm Ancho x 186cm Alto. Revisar Fig.6 de referencias técnicas adjunto. Considerar entrega en Hospital Rio Negro. Se validarán ofertas que ingresen valores en formulario de compra ágil. SE EVALUARÁ MEJORES CONDICIONES DE COMPRA EN CUANTO A PRECIO, ENTREGA Y REVISIÓN TÉCNICA. Ofertas No deben superar el monto total de presupuesto disponible.;1;EA
1180747-2-COT26;56101804;Cunas, corrales o accesorios;CUNA CORRAL PORTÁTIL;1;EA
1180747-2-COT26;56101515;Camas;CAMAS 1 PLAZA;2;EA
1180747-2-COT26;56101515;Camas;CAMA 2 PLAZAS;1;EA
1180747-2-COT26;56101519;Mesas;MESA COMEDOR CON SILLAS;1;EA
1180747-2-COT26;56112103;Asientos de living o sala de espera;JUEGO LIVING;1;EA
1180747-2-COT26;56101532;Mobiliario;VELADORES;3;EA
1180747-3-COT26;24102004;Estanterías para almacenaje;LOCKER 1 CUERPO 4 COMPARTIMIENTOS;2;EA
1180747-1-COT26;42171608;Inmovilizadores de cabeza de servicios médicos de urgencia;KIT INMOVILIZACIÓN;1;KIT
1180747-1-COT26;42172017;Kits para equipos médicos de campo o laboratorio, o productos relacionados;MALETÍN DE TERRENO;2;EA
1057532-180-COT26;44103104;Rollos de transferencia;ROLLOS TERMICOS 80x80x48 grs. / SEGUN ESPECIFICACIONES ADJUNTAS;150;RO
1057532-180-COT26;55121612;Etiquetas de impresora;Etiquetas autoadhesivas 30x50 mm. / SEGUN ESPECIFICACIONES ADJUNTAS;4;RO
1057532-279-COT26;41112220;Termómetros para congeladores o refrigeradores de laboratorio;TERMÓMETRO DIGITAL PARA REFRIGERADOR/CONGELADOR CON SONDA EXTERNA Y ALARMA, SEGUN ESPECIFICACIONES TECNICAS ADJUNTAS Y ADJUNTA FICHA TECNICA DE LO OFERTADO.;4;EA
1057532-283-COT26;11151701;Hilo de lana;Hilado de Lana de 100 gramos. 100% de oveja, hilado simple, colores surtidos.;50;OVI
1057532-280-COT26;85122201;Exámenes médicos;EXAMEN INICIAL DE CONTROL DE CONSUMO DE SUSTANCIAS O DROGAS ESTUPEFACIENTES O SICOTRÓPICAS ILEGALES. EL EXAMEN DEBE CUMPLIR CON LOS TERMINOS DE REFERENCIA ADJUNTOS. PLAZO DE ENTREGA DE RESULTADOS: MÁXIMO VIERNES 26 DE JUNIO DE 2026. LOS RESULTADOS DEBEN SER ENVIADOS AL CORREO: EDUARDO.BARRIENTOSN@REDSALUD.GOB.CL Y ADEMÁS FÍSICAMENTE A LA OFICINA DE PARTES DEL SERVICIO DE SALUD OSORNO, DIRECCIÓN: AV. JUAN MACKENNA N°825, EDIFICIO PLAZA SUR, OSORNO. (DOCUMENTO RESERVADO);1;EA
1057532-249-COT26;90101701;Gestión de cafetería;Servicio de cafeteria para 50 raciones para los usuarios, para el dia 26.06.2026, lugar de la actividad sera coordinara con referente. servicio debe ser entregado en horario desde las 12:00 hrs hasta las 13:00 hrs.actividad se realizara por un dia.;50;EA
1057532-281-COT26;50201713;Bolsitas de te;Té normal tipo Lipton (caja de 100 bolsitas);2;BX
1057532-281-COT26;50201709;Café instantáneo;Café Instantáneo 400 gramos tipo Nescafé Tradición. marca reconocida.;3;JR
1057532-281-COT26;50161509;Productos de edulcorantes o azúcares naturales;Azúcar granulada formato kilo.;5;KGM
1057532-281-COT26;50161509;Productos de edulcorantes o azúcares naturales;Endulzante liquido 180 ml.;2;BO
1057532-281-COT26;50202301;Agua;Agua saborizada 1,5 litros sin gas, sabores surtidos.;15;BO
1057532-281-COT26;50202310;Agua mineral;Agua Mineral con gas 1,6 litros.;18;BO
1057532-281-COT26;50181905;Galletas dulces o pastelitos;Galletas surtidas de 140 gramos, tipo Costa.;40;PK
1057532-281-COT26;50181905;Galletas dulces o pastelitos;Queque envasado tipo Ideal.;15;PK
1057532-281-COT26;50181909;Galletas saladas;Papas Fritas en tarro de 134 gramos, tipo Lay´s;20;JR
1057532-281-COT26;50192110;Nueces o frutos secos;Frutos secos surtidos.;6;KGM
1057532-281-COT26;14111705;Servilletas de papel;Servilletas de papel 200 unidades, tipo Nova.;2;PK
1057532-253-COT26;41122602;Cubreobjetos;Manta de Polar Lisa, 100% poliester hipoalergénico, Tamaño 125 cm x 150 cm;5;EA
1057532-253-COT26;49221506;Colchonetas;Mat de Yoga PVC tipo Betensh: antideslizante,  biodegradable, plegable y a prueba de agua. Dimensiones de 175cm x 61cm x 0.4cm;6;EA
1057532-253-COT26;49171502;Cuerdas, anillas o accesorios gimnásticos para trepar;Material de Goma Eva, antideslizante con borde redondeado. Peso: 180g, De 23 cm x 15 cm x 7,5 cm.;6;EA
1057532-271-COT26;50181905;Galletas dulces o pastelitos;Kuchen de fruta con crema de 30 a 35 cm de diametro;10;EA
1057532-271-COT26;50181905;Galletas dulces o pastelitos;Paquete de galletas 120-150 grs. (Tipo TRITON, TUAREG, LIMON, FRAC, OBLEA);20;EA
1057532-271-COT26;50181909;Galletas saladas;Galletas Saladas (Variedad snack tipo twistos y  Selz);30;EA
1057532-271-COT26;50181901;Pan fresco;Pan de molde blanco 750 grs;18;EA
1057532-271-COT26;50192503;Rellenos de sándwich frescos;laminas de jamon sandwich;140;EA
1057532-271-COT26;50131801;Queso natural;Laminas de Queso;140;EA
1057532-271-COT26;50192403;Miel;Miel de Kilo;3;EA
1057532-271-COT26;50201706;Café;Café instantaneo 170 grs (tipo nescafe);4;EA
1057532-271-COT26;50161814;Dulces con azúcar o sustitutos;Azucar en sachet 5 grs. caja de 800 unidades.;3;EA
1057532-271-COT26;50171549;Hierbas secas;Yerba Mate palo;4;EA
1057532-260-COT26;42232003;Corta pastillas o accesorios;Cortador de pastillas, Material de plástico y cuchillo cortador de metal, dimensiones: Diámetro 5 cm | Alto 6,4 cm. Adjuntar ficha de lo ofertado.;15;EA
1057532-260-COT26;31261501;Cubiertas y cajas de plástico;Caja Plástica, medidas: 33x22x15 cm. de 6 litros con manija y trabas. Adjuntar ficha de lo ofertado.;5;EA
1057532-260-COT26;31261501;Cubiertas y cajas de plástico;Caja Plástica, medidas: 21x17x11 cm - Caja plástica de 3 Litros con trabas. Adjuntar ficha de lo ofertado.;5;EA
1057532-290-COT26;51191905;Suplementos vitamínicos;SUPLEMENTO NUTRICIONAL ENSURE ADVANCE CHOCOLATE SOLUCION BEBIBLE BOTELLA 220 ML UNIDAD MAYOR A 1 AÑO DE VENCIEMIENTO;15;EA
1057532-290-COT26;50202304;Jugos y néctar envasados;JUGO LIQUIDO DIFERENTES SABORES, CAJA 1,5 LITRO, BOTELLA UNIDAD MAYOR A 1 AÑO DE VENCIEMIENTO;100;EA
1057532-290-COT26;50181909;Galletas saladas;galletas saldas selz o Grill, 140 grs;50;PK
1057532-290-COT26;50181909;Galletas saladas;SNACK, TIPO TWISTOS, DIFERENTES SABORES;50;EA
1057532-290-COT26;50181909;Galletas saladas;GALLETA SALADA CLUB SOCIAL DIFERENTES SABORES, BOLSA 234 G UNIDAD;50;EA
1057532-290-COT26;50221202;Cereales en barra;Barra Proteína Chocolate 45 grs, paquetes de 5 unidades;15;PK
1057532-290-COT26;50161814;Dulces con azúcar o sustitutos;AZUCAR EN SACHET 5 GRS, CAJA DE 800 UNIDADES;3;BX
1057532-286-COT26;41102703;Equipo de dispersión de la luz;BALIZA DE OBSTRUCCION AEREA CON LUZ LED DE ACUERDO A ESPECIFICACIONES TECNICAS ADJUNTAS;1;EA
1057532-293-COT26;31261501;Cubiertas y cajas de plástico;Caja organizadora plástica transparente de 6 litros (medidas: alto 15cm - ancho 33 cm - profundidad 22 cm - peso soportado 3 kg.).;60;EA
1057532-293-COT26;31261501;Cubiertas y cajas de plástico;Caja organizadora plástica apilable de 150 litros. Plástico resistente. (puede ser de color o transparente).;10;EA
1057532-262-COT26;32101601;Memoria de acceso aleatorio (RAM);2 Memoria RAM 32GB DDR4-2666V RDIMM ECC  SEGUN EE.TT;2;EA
1057532-262-COT26;43201803;Discos duros;"1 Disco Duro 600 GB SAS 12Gbps 15K RPM SFF (2.5"") SEGUN EE.TT";1;EA
1057532-289-COT26;52152102;Vasos para beber domésticos;Vasos Polipapel 8oz - 250cc, de 50 unidades;20;PK
1057532-289-COT26;14111705;Servilletas de papel;Servilletas de mesa de 200 unidades, 22,5x23 cm.;20;PK
1057532-289-COT26;52151502;Platos desechables domésticos;Platos Desechables de carton N°2, 18 cm, 20 unidades cada paquete.;5;PK
1057532-289-COT26;52151617;Cucharas de madera de uso doméstico;Cuchara de Madera para cafe , 100 unidades, paquetes de 10 unidades;10;PK
1057532-275-COT26;91111703;Vestuario;CHALECOS GEOLOGOS AZUL MARINO UNISEX 1 TALLA S 1 TALLA M 2 TALLA L  DE ACUERDO A ESPECIFICACIONES TÉCNICAS ADJUNTAS;4;EA
1057532-282-COT26;82121507;Impresión de papelería o formularios comerciales;Recetas Cheque según formulario de EE.TT. adjunto;30;TALO
1057532-257-COT26;40101819;Calentadores de espacio;"Las especificaciones técnicas se encuentran detalladas en el documento ""Especificaciones Técnicas"". El oferente debe adjuntar su cotización e indicar que cumple con el 100% de lo solicitado. Adicionalmente debe adjuntar formularios adjuntos.";7;EA
1057532-256-COT26;80161507;Servicios Audio Visuales;El servicio solicitado se encuentra descrito en las especificaciones técnicas adjuntas. El oferente debe adjuntar cotización, indicar que cumple con el 100% de las especificaciones técnicas solicitadas, e ingresar formularios adjuntos.;1;000
1057532-291-COT26;52161525;Control remoto;3 Control remoto 4  + (SERVICIO DE CLONACIÓN, EN TERRENO) canales Veloti Características destacadas Contenido 1 Control remoto Dimensiones Alto 6.5 cm Ancho 4,5 cm Profundidad 1,5 cm Peso 0,028 kg Funciones Función Destacada 4 canales Otras características Tipo de producto Accesorios de Cerraduras Origen Nacional Embalaje 6 x 3,5 x 1,5 cm Garantía y Durabilidad Garantía Mínima Legal 6 meses, a partir de la entrega del product;3;EA
1180747-4-COT26;43201803;Discos duros;1 Disco Duro 20 TB NAS - SATA III (SATA 3) de 6.0 Gbps. segun EE.TT;1;EA
1057532-297-COT26;30102405;Varillas de acero inoxidable;SET DE VARILLAS DE ALCANTARILLADO / SEGÚN ESPECIFICACIONES ADJUNTAS;1;KIT
1057532-255-COT26;81112101;Proveedores de servicio de Internet (ISP);Servicio de Internet 940 megas garantizados + telefonía línea fija incluir dispositivo telefónico en comodato, de Junio - Julio 2026, incluido el servicio de instalación. La facturación debe ser por mes vencido.;1;EA
1057532-272-COT26;46181704;Cascos de protección;CASCO BLANCO POLIETILENO DE ALTA DENSIDAD ESTANDAR ANSI Z89.1-2009 DE ACUERDO A ESPECIFICACIONES TÉCNICAS ADJUNTAS;2;EA
1057532-272-COT26;53111601;Zapatos de hombre;PAR DE ZAPATOS DE SEGURIDAD PARA VARON TALLA 42;1;PR
1057532-272-COT26;53111602;Zapatos de mujer;PAR DE ZAPATOS DE SEGURIDAD PARA VARON TALLA 36;1;PR
1057532-273-COT26;14121504;Papel para embalaje;2 ROLLOS FILM PROTECTOR;2;RO
1057532-619-COT25;43221721;Equipo de comunicación de datos de radiofrecuencia;36 Juego de Perillas plásticas volumen y canales  Motorola Dgp5050/Dgp8050/Dgp8550;36;SET
1057532-619-COT25;43221721;Equipo de comunicación de datos de radiofrecuencia;2 MIC RADIO DGM 8500;2;EA
1057532-619-COT25;43221721;Equipo de comunicación de datos de radiofrecuencia;1 BATERIA PARA RADIO DGP 8550;1;EA
1057532-304-COT26;44122011;Carpetas para archivos;200 Carpetas Plastificadas Azul, con bolsillos por ambos lados sin accoclips 150 Carpetas Plastificadas Roja, con bolsillos por ambos lados sin accoclips;350;EA
1057532-304-COT26;55121606;Etiquetas autoadhesivas;3 sobres de etiquetas autoadhesivas (x 25 c/u).;3;SOBR
1057532-304-COT26;44111802;Láminas de dibujo;caja de laminas termolaminar oficio de 75 Mic.  de 100 unidades;1;BX
1057532-304-COT26;44111509;Portalápiz;Organizador Portalapices para escritorio redondo de malla negro.;3;EA
1057532-294-COT26;41122602;Cubreobjetos;Manta de Polar Lisa, 100% poliester hipoalergénico, Tamaño 125 cm x 150 cm;5;EA
1057532-294-COT26;49221506;Colchonetas;Mat de Yoga PVC tipo Betensh: antideslizante, biodegradable, plegable y a prueba de agua. Dimensiones de 175cm x 61cm x 0.4cm;6;EA
1057532-294-COT26;49171502;Cuerdas, anillas o accesorios gimnásticos para trepar;Material de Goma Eva, antideslizante con borde redondeado. Peso: 180g, De 23 cm x 15 cm x 7,5 cm.;6;EA
1180747-5-COT26;43201803;Discos duros;1 Disco Duro 20 TB NAS - SATA III (SATA 3) de 6.0 Gbps. segun EE.TT;1;EA
1057532-258-COT26;43201803;Discos duros;25 Disco SSD Externo USB 3.2 Gen 2. Capacidad 1TB. Rendimiento de lectura secuencial 800 MB/s. Conector USB-C. Formato Portable.;25;EA
1077241-12-COT26;10151805;Semillas o almácigos de cilantro;180 sachet de Semillas verduras (cilantro, pepino, albahaca, acelga, ciboulette, lechuga, tomate, pepino, zanahoria, espinaca);180;SACH
1077241-12-COT26;10151805;Semillas o almácigos de cilantro;150 Sachet de Semillas medicinal (melisa, cardo mariano, diente de león, boldo, grosellero negro, tila, menta, poleo);150;SACH
1077241-12-COT26;10151805;Semillas o almácigos de cilantro;50 sachet de Semillas de flores (tulipanes, claveles, fresia, camelias);50;SACH
1077241-12-COT26;10151805;Semillas o almácigos de cilantro;40 sachet de Semillas especias (orégano, tomillo, eneldo, llantén);40;SACH
1077241-12-COT26;10171502;Hormonas para plantas;3 unidades, Fertilizante para plantas salitre potásico 1 kg bolsa;3;EA
1077241-12-COT26;11111503;Tierra de hoja;2 unidades Sustrato de coco;2;EA
1077241-12-COT26;56101606;Maceteros;40 Maceteros Plástico Redondo 7cm Chicos Jardineras;40;EA
1057922-13-COT26;42142531;Contenedores, carros o accesorios para el desecho de agujas, cuchillas y otros objetos punzantes;SET CONTENEDORES 45L;1;PACK
1057922-13-COT26;24112110;Contenedores intermedios a granel;CONTENEDOR 20 LT;17;EA
1057922-13-COT26;24112110;Contenedores intermedios a granel;CONTENEDORES 150 LT;1;EA
1057922-12-COT26;52141523;Hervidores y teteras;HERVIDOR;1;EA
1057922-12-COT26;52141502;Hornos microondas domésticos;MICROONDAS;1;EA
1057532-284-COT26;85121810;Test de detección de drogas o alcohol;Test kit screening multidrogas mínimo 4 drogas ( cocaína, marihuana, benzodiazepina y THC) en orina, se solicita periodo vigencia 24 meses igual o superior, adjunta ficha técnica de lo ofertado.(Dos procesos desiertos);150;EA
1057532-284-COT26;42142523;Agujas hipodérmicas;Aguja 19 G x 1, se solicita periodo vigencia 24 meses igual o superior, adjunta ficha técnica de lo ofertado.;600;EA
1057532-284-COT26;42142609;Jeringas médicas con aguja;Jeringa 20 cc 21x1 1/2 luer lock, se solicita periodo vigencia 24 meses igual o superior, adjunta ficha técnica de lo ofertado.;200;EA
1057532-284-COT26;42311708;Cintas adhesivas médicas y quirúrgicas para el uso general;Parche curita adhesivo redondo, se solicita periodo vigencia 24 meses igual o superior, adjunta ficha técnica de lo ofertado.;1500;EA
1057532-284-COT26;42311708;Cintas adhesivas médicas y quirúrgicas para el uso general;Tela Adhesiva micropore blanca 2.5 cm x 9 mts.(rollo + dispensador), se solicita periodo vigencia 24 meses igual o superior, adjunta ficha técnica de lo ofertado.;12;RO
1057532-284-COT26;42141504;Aplicadores o absorbentes médicos;Tórulas de algodón (100 unidades 0,5 gramos), se solicita periodo vigencia 24 meses igual o superior, adjunta ficha técnica de lo ofertado.;6;BG
1057532-295-COT26;56101702;Gabinetes de archivos o accesorios;Gavetero con 4 gavetas, color negro (medidas: 31x14x29 cms) cajones con 20 divisiones ajustables. Similar a Rimax.;6;EA
1057532-295-COT26;39101612;ampolletas incandescentes;Ampolleta led 15W E27 luz fría.;15;EA
1057532-295-COT26;30161705;Suelos de caucho;Piso de baño antideslizante goma blanco 70 x 40 cm.;4;EA
1057532-295-COT26;30161711;Alfombras para exterior;Limpiapiés Natural 45 x 75 cm / coco café o negro.;6;EA
1057532-242-COT26;72102602;Instalación de ventanas, puertas o accesorios;"Cotizar provisión e instalación de 2 mamparas (MP1 y MP2) de aluminio blanco Línea 35 con termopanel DVH 4+12+4mm. Incluyen ventanas fijas, proyectantes y puerta abatible. Para la confección e instalación, deberá guiarse estrictamente por los documentos adjuntos ""EETT PEULLA"" y ""PLANTA MAMPARAS"" (rectificando medidas en terreno). Para ofertar es obligatorio adjuntar completados: ""Formulario 1 Identificación del Oferente"" y la ""Declaración complementaria"".";2;EA
1057532-270-COT26;53102306;Pañales para adultos;PAÑAL ADULTO TALLA G IGUAL O SIMILAR A COTIDIAN (PAQUETE DE 36 UNIDADES) O INDICAR EMPAQUE, SEGUN ESPECIFICACIONES TECNICAS ADJUNTA, SE DEBE ADJUNTA FICHA TECNICA DE LO OFERTADO PARA REVISAR LAS EETT/Fecha de Fabricación y lote(fecha de fabricación indicando su vigencia).;720;EA
1057532-296-COT26;85122201;Exámenes médicos;EXAMEN INICIAL DE CONTROL DE CONSUMO DE SUSTANCIAS O DROGAS ESTUPEFACIENTES O SICOTRÓPICAS ILEGALES. EL EXAMEN DEBE CUMPLIR CON LOS TERMINOS DE REFERENCIA Y ESPECIFICACIONES TÉCNICA ADJUNTOS. PLAZO DE ENTREGA DE RESULTADOS: MÁXIMO VIERNES 26 DE JUNIO DE 2026. LOS RESULTADOS DEBEN SER ENVIADOS AL CORREO: EDUARDO.BARRIENTOSN@REDSALUD.GOB.CL Y ADEMÁS FÍSICAMENTE A LA OFICINA DE PARTES DEL SERVICIO DE SALUD OSORNO, DIRECCIÓN: AV. JUAN MACKENNA N°825, EDIFICIO PLAZA SUR, OSORNO. (DOCUMENTO RESERVADO);1;EA
1057532-306-COT26;42211509;Cascos protectores de cabeza o cara, o dispositivos o accesorios para disminuidos físicos;CASCO BLANCO POLIETILENO DE ALTA DENSIDAD ESTANDAR ANSI Z89.1-2009  DE ACUERDO A ESPECIFICACIONES TÉCNICAS ADJUNTAS;2;EA
1057532-306-COT26;53111602;Zapatos de mujer;PAR DE ZAPATOS DE SEGURIDAD PARA DAMA TALLA 36 DE ACUERDO A ESPECIFICACIONES TÉCNICAS ADJUNTAS;1;PR
1057532-306-COT26;53111601;Zapatos de hombre;PAR DE ZAPATOS DE SEGURIDAD PARA VARON TALLA 42 DE ACUERDO A ESPECIFICACIONES TÉCNICAS ADJUNTAS;1;PR
1057532-288-COT26;60141006;Juguetes didácticos;Replicas alimentos:  set arma tu comida: Láminas de “Arma tu comida”, una manera didáctica de educar a tus pacientes sobre combinaciones de alimentos y creación de menú. Contiene 110 láminas (incluidas 2 láminas de platos) divididas en carnes, cereales, frutas, verduras, alimentos preparados, bebestibles, panes, entre otros.Impresión full color en papel fotográfico doble faz de 300gr. Tamaño de las láminas en escala similar al alimento real.;23;EA
1057532-288-COT26;60141006;Juguetes didácticos;"Replicas alimentos Set ""Conoce tus alimentos""Set de 50 láminas con preparaciones y alimentos para la creación didáctica de menús infantiles, tanto almuerzos, merienda y colaciones. Incluye variedad de proteínas, acompañamientos, ensaladas y frutas representadas como ilustraciones. Incluye 6 láminas de hábitos y 1 lámina para el montaje de menús. Impresión full color en hoja fotográfica doble faz de 300gr. Tamaño aprox de las láminas 10x10cm.";23;EA
1057532-288-COT26;60141006;Juguetes didácticos;Juego memorice y clasifique: Juego didáctico tipo “memorice” para conocer y clasificar distintos alimentos y actividades según frecuencia recomendada. Orientada a niños, incluye 56 láminas para hacer pares, más 3 tarjetas para clasificar. Impresión full color en hoja fotográfica doble faz de 300gr. Tamaño aprox: láminas 6x6cm y tarjetones 20x20cm.;23;EA
1057532-288-COT26;60141006;Juguetes didácticos;"juego para clasificar grupos de alimentos ""UNO"": Juego didáctico de cartas NUTRI UNO. Educa sobre grupos de alimentos según nutriente (proteínas, carbohidratos, grasas, vitaminas y minerales) de manera entretenida y lúdica. Un total de 104 cartas para divertirse educando. Impresión full color en papel fotográfico doble faz de 300gr. Tamaño aprox: láminas 11x8cm, caja de cartas 12x9x9.";23;EA
1057532-310-COT26;72102304;Mantenimiento o reparación de sistemas de fontanería, gasfitería;Mantenimiento Planta Elevadora de Aguas Servidas, según requerimiento indicados en Formulario N°2 adjunto;1;EA
1057532-311-COT26;85122201;Exámenes médicos;EXAMEN INICIAL DE CONTROL DE CONSUMO DE SUSTANCIAS O DROGAS ESTUPEFACIENTES O SICOTRÓPICAS ILEGALES. EL EXAMEN DEBE CUMPLIR CON LOS TERMINOS DE REFERENCIA Y ESPECIFICACIONES TÉCNICA ADJUNTOS. ES OBLIGATORIO INDICAR PLAZO DE ENTREGA DE RESULTADO EN COTIZACION. LOS RESULTADOS DEBEN SER ENVIADOS AL CORREO: EDUARDO.BARRIENTOSN@REDSALUD.GOB.CL Y ADEMÁS FÍSICAMENTE A LA OFICINA DE PARTES DEL SERVICIO DE SALUD OSORNO, DIRECCIÓN: AV. JUAN MACKENNA N°825, EDIFICIO PLAZA SUR, OSORNO.(DOCUMENTO RESERVADO).;1;EA
1077241-15-COT26;43201803;Discos duros;1 Disco Duro 20 TB NAS - SATA III (SATA 3) de 6.0 Gbps. segun EE.TT;1;EA
1057532-309-COT26;43201803;Discos duros;20 Disco SSD Externo USB 3.2 Gen 2. Capacidad 1TB. Rendimiento de lectura secuencial 800 MB/s. Conector USB-C. Formato Portable.;20;EA
1057727-4-COT26;53102301;Camisetas;CAMISETAS DEPORTIVAS / SEGÚN DETALLE Y DISEÑO ADJUNTO;22;EA
1057727-4-COT26;53101502;Pantalones y short para hombre;SHORT DEPORTIVO / SEGÚN DETALLE Y DISEÑO ADJUNTO;22;EA
1057532-313-COT26;56101702;Gabinetes de archivos o accesorios;Gavetero con 4 gavetas, color negro (medidas: 31x14x29 cms) cajones con 20 divisiones ajustables. Similar a Rimax.;6;EA
1057532-313-COT26;39101612;ampolletas incandescentes;Ampolleta led 15W E27 luz fría.;15;EA
1057532-313-COT26;30161705;Suelos de caucho;Piso de baño antideslizante goma blanco 70 x 40 cm.;4;EA
1057532-313-COT26;30161711;Alfombras para exterior;Limpiapiés Natural 45 x 75 cm / coco café o negro.;6;EA
1057532-287-COT26;42251610;Pelotas o accesorios terapéuticos;Balón terapéutico Fonoaudiológico, según especificaciones técnicas adjuntas y adjuntar ficha de lo ofertado.;4;EA
1057532-287-COT26;42143502;Dispositivos de irrigación nasal o accesorios;Pinza Nasal para espirometría, según especificaciones técnicas adjuntas y adjuntar ficha de lo ofertado.;10;EA
1057532-287-COT26;42251616;Vibradores eléctricos para rehabilitación o terapia;Kit de vibración facial fonoaudiológico, según especificaciones técnicas adjuntas y adjuntar ficha de lo ofertado.;1;KIT
1057532-287-COT26;42251616;Vibradores eléctricos para rehabilitación o terapia;Batería de repuesto, según especificaciones técnicas adjuntas y adjuntar ficha de lo ofertado.;1;EA
1057532-287-COT26;42251502;Productos de evaluación, ensayos sensoriales, perceptuales, de desteridad y cognitivos;Kit Térmico de estimulación sensitiva, según especificaciones técnicas adjuntas y adjuntar ficha de lo ofertado.;1;KIT
1057532-287-COT26;42251622;Aparatos de ejercicio para rehabilitación o terapia pulmonar;kit aireador fonoaudiológico, según especificaciones técnicas adjuntas y adjuntar ficha de lo ofertado.;1;KIT
1057532-287-COT26;42251610;Pelotas o accesorios terapéuticos;Taping neuromuscular, según especificaciones técnicas adjuntas y adjuntar ficha de lo ofertado.;2;EA
1057532-287-COT26;42271602;Espirómetros, accesorios o suministros;Set Boquillas Espirometría (100 boquillas),según especificaciones técnicas adjuntas y adjuntar ficha de lo ofertado.;1;KIT
1057532-287-COT26;42251605;Ejercitadores de pedal para rehabilitación o terapia;Ejercitador mandibular, según especificaciones técnicas adjuntas y adjuntar ficha de lo ofertado.  Cantidad;4;EA
1057532-287-COT26;42251605;Ejercitadores de pedal para rehabilitación o terapia;Ejercitadores linguales, según especificaciones técnicas adjuntas y adjuntar ficha de lo ofertado.;4;EA
1057532-287-COT26;42271604;Flujómetros bucal;Flujómetro Espirometría, según especificaciones técnicas adjuntas y adjuntar ficha de lo ofertado.;1;EA
1057532-278-COT26;52161520;Micrófonos;MICROFONO DE ACUERDO A ESPECIFICACIONES TÉCNICAS ADJUNTAS;1;EA
1057532-278-COT26;45121504;Cámaras digitales;CAMARA WEB DE ACUERDO A ESPECIFICACIONES TÉCNICAS ADJUNTAS;1;EA
1057532-292-COT26;44103103;Tóner;Tóner 85A, tinta color negro, según especificaciones adjuntas.;10;EA
1057532-314-COT26;73101701;Servicios de producción de medicamentos o medicinas;TIAMINA 10 mg comprimido, con vencimiento mayor a 12 meses. Adjunta Resolución sanitaria de distribución de medicamentos.;6000;CMP
1057532-308-COT26;72102305;Servicios de reparación, mantenimiento o reparación de aire acondicionado;Servicio de Mantención Preventiva de equipos de Climatización de acuerdo a lo descrito en Formulario N°2 EE.TT, adjunto;1;EA
1057532-315-COT26;42251610;Pelotas o accesorios terapéuticos;Balón terapéutico Fonoaudiológico, según especificaciones técnicas adjuntas y adjuntar ficha de lo ofertado.;4;EA
1057532-315-COT26;42251616;Vibradores eléctricos para rehabilitación o terapia;Kit de vibración facial fonoaudiológico, según especificaciones técnicas adjuntas y adjuntar ficha de lo ofertado.;1;KIT
1057532-315-COT26;42251616;Vibradores eléctricos para rehabilitación o terapia;Batería de repuesto, según especificaciones técnicas adjuntas y adjuntar ficha de lo ofertado.;1;EA
1057532-315-COT26;42251622;Aparatos de ejercicio para rehabilitación o terapia pulmonar;Kit aireador fonoaudiológico, según especificaciones técnicas adjuntas y adjuntar ficha de lo ofertado.;1;KIT
1057532-315-COT26;42251610;Pelotas o accesorios terapéuticos;Ejercitadores linguales, según especificaciones técnicas adjuntas y adjuntar ficha de lo ofertado.;4;EA
1057532-315-COT26;42251610;Pelotas o accesorios terapéuticos;Ejercitador mandibular, según especificaciones técnicas adjuntas y adjuntar ficha de lo ofertado.;4;EA
1057532-299-COT26;49201609;Bandas de resistencia;Set de 5 bandas elásticas con resistencia progresiva desde suave hasta fuerte, en colores amarillo, rojo, verde, azul y negro. Cada banda mide 1,5 m de largo x 15 cm de ancho, ideal para rehabilitación, fortalecimiento muscular, entrenamiento funcional y deportivo. Niveles de resistencia (espesor): Amarilla: 0,15 mm (suave). Roja: 0,20 mm (media-suave). Verde: 0,25 mm (media). Azul: 0,35 mm (media-alta).Negra:0,45 mm (alta).LOS PRODUCTOS DEBERAN CUMPLIR CON LAS ESPECIFICACIONES TÉCNICAS ADJUNTAS;6;PACK
1057532-299-COT26;49201601;Pesas;Set mancuernas Neopreno 0,5 kg El Par de Mancuernas de neopreno 0,5 kg c/u. Características: Peso:  0,5kg Material interior: Hierro Recubrimiento:  Neopreno antideslizante Uso principal: Pilates, aeróbics, tonificación y rehabilitación Agarre: Superficie cómoda y antideslizante LOS PRODUCTOS DEBERAN CUMPLIR CON LAS ESPECIFICACIONES TÉCNICAS ADJUNTAS;6;PACK
1057532-299-COT26;46161508;Delimitadores o conos de tráfico;Set de 50 lentejas multicolores  (10 color naranja, 10 amarillos, 10 amarillo fluor, 10 rojas y 10 azules) con soporte para apilar y transportar. Ideal para entrenamientos de agilidad y velocidad, también se utilizan como delimitadores. Medidas: 19 cm x 5 cm Material: Plástico flexible Incluye bolsa tipo malla. LOS PRODUCTOS DEBERAN CUMPLIR CON LAS ESPECIFICACIONES TÉCNICAS ADJUNTAS;6;PACK
1057532-299-COT26;49201611;Máquinas de ejercicios múltiples;Pedalera con contador plegable Pedalera plegable para ejercicios de extremidades superiores e inferiores, destinada a fortalecimiento muscular, movilidad articular y rehabilitación física. Estructura metálica resistente con base antideslizante y pedales ergonómicos con correas ajustables.Tipo de estructura: Acero tubular. Sistema plegable: Sí Base: regatones antideslizantes.LOS PRODUCTOS DEBERAN CUMPLIR CON LAS ESPECIFICACIONES TÉCNICAS ADJUNTAS.;7;EA
1057532-299-COT26;49201514;Pelotas de ejercicio;Balón BOSU de entrenamiento funcional, compuesto por media esfera inflable con base rígida, destinado a ejercicios de equilibrio, coordinación, estabilidad y fortalecimiento muscular.Material superficie: Látex/PVC antideslizante.Base: PVC rígido resistente.Incluye: Manillas elásticas laterales.Incluye inflador manual Uso bilateral.Capacidad máxima usuario: 100 kg.Diámetro aproximado: 58 cm.LOS PRODUCTOS DEBERAN CUMPLIR CON LAS ESPECIFICACIONES TÉCNICAS ADJUNTAS.;6;EA
1057532-299-COT26;49161505;Balones de fútbol;Balón de fútbol: tamaño oficial N°5, confeccionado en cuero sintético TPU, cosido a máquina, con cámara interior de butilo. Uso recomendado para entrenamiento y recreación. Tamaño oficial: N°5 Circunferencia: 68–70 cm Peso oficial: 410–450 g LOS PRODUCTOS DEBERAN CUMPLIR CON LAS ESPECIFICACIONES TÉCNICAS ADJUNTAS.;1;EA
1057532-299-COT26;42251607;Poleas o accesorios para rehabilitación o terapia;Balones medicinales: Cubierta de PVC suave y duradera con relleno de arena natural interior que garantiza durabilidad para los usuarios. Peso: 1 Kilo. Diámetro: 12 cm. LOS PRODUCTOS DEBERAN CUMPLIR CON LAS ESPECIFICACIONES TÉCNICAS ADJUNTAS.;6;EA
1057532-299-COT26;42251607;Poleas o accesorios para rehabilitación o terapia;Balones medicinal:  Material: Silicona. Relleno: Arena. Diámetro: 15 cm Aprox. Peso: 2 kilos. Balón sin rebote. No requiere inflado. LOS PRODUCTOS DEBERAN CUMPLIR CON LAS ESPECIFICACIONES TÉCNICAS ADJUNTAS.;6;EA
1057532-299-COT26;42251607;Poleas o accesorios para rehabilitación o terapia;Balón medicinal de 1 kg fabricado en goma de alta calidad, diseñado para ofrecer resistencia, durabilidad y rebote. LOS PRODUCTOS DEBERAN CUMPLIR CON LAS ESPECIFICACIONES TÉCNICAS ADJUNTAS.;6;EA
1057532-299-COT26;42251612;Pesas, accesorios o sets para rehabilitación o terapia;Set de 2 pesas para tobillo y muñeca de 1 kg cada una, ajustables para entrenamiento funcional, rehabilitación y fortalecimiento muscular. Peso: 1 kg cada unidad (2 kg total el par) Material exterior: Tela nylon resistente Relleno: Arena de hierro o microesferas metálicas Sistema de cierre: Correa ajustable con velcro Uso: Tobillo y muñeca LOS PRODUCTOS DEBERAN CUMPLIR CON LAS ESPECIFICACIONES TÉCNICAS ADJUNTAS.;6;PACK
1057532-299-COT26;42251612;Pesas, accesorios o sets para rehabilitación o terapia;Set de 2 pesas para tobillo y muñeca de 2 kg cada una, ajustables para ejercicios de fortalecimiento, entrenamiento funcional y rehabilitación física. Peso: 2 kg cada unidad (4 kg total el par) Material exterior: Tela nylon resistente Relleno: Arena de hierro o microesferas metálicas Sistema de cierre: Correa ajustable con velcro Uso: Tobillo y muñeca LOS PRODUCTOS DEBERAN CUMPLIR CON LAS ESPECIFICACIONES TÉCNICAS ADJUNTAS.;6;PACK
1057532-299-COT26;42251610;Pelotas o accesorios terapéuticos;Pelota ejercitadora de mano  resistencia media: Peso: 80 gr Tamaño: 5 cm  Colores : Amarillo (nivel de resistencia) Material: Goma LOS PRODUCTOS DEBERAN CUMPLIR CON LAS ESPECIFICACIONES TÉCNICAS ADJUNTAS.;2;EA
1057532-299-COT26;42251612;Pesas, accesorios o sets para rehabilitación o terapia;Maleta Mancuernas Neopreno Práctico maletín de almacenamiento para mantener juntas y protegidas las mancuernas cuando no están en uso. Ofrecen una forma brillante de ejercitar la parte superior del cuerpo, mejorando el tono muscular y la definición. 3 Combinaciones diferentes de peso equilibrado: 1 kg (2 piezas), 2 kg (2 piezas), 3 kg (2 piezas). Las mancuernas son pesas versátiles y fáciles de usar.LOS PRODUCTOS DEBERAN CUMPLIR CON LAS ESPECIFICACIONES TÉCNICAS ADJUNTAS.;6;EA
1057532-298-COT26;42182702;Cintas métricas médicas;Cinta métrica de 1,5 mt retractil: Cinta Métrica Ergonómica para Medir Circunferencias  CARACTERÍSTICAS: Precisión milimétrica. Además, su mecanismo de alta calidad. Fácil extracción y bloqueo preciso. Cinta de 205 cm. LOS PRODUCTOS DEBERAN CUMPLIR CON LAS ESPECIFICACIONES TÉCNICAS ADJUNTAS. ES OBLIGATORIO COMPLETAR Y FIRMAR LOS FORMULARIOS ANEXOS PARA LA EMISIÓN DE LA ORDEN DE COMPRA.;1;EA
1057532-298-COT26;42181801;Unidades de oxímetros de pulso;Oxímetro de pulso:Oxímetro de pulso adulto portátil tipo dedo, destinado a la medición no invasiva de saturación de oxígeno en sangre (SpO2) y frecuencia cardíaca. Pantalla digital OLED/LED de fácil visualización, con apagado automático y diseño compacto para uso clínico y domiciliario.Tipo: Oxímetro de pulso digital para dedo.LOS PRODUCTOS DEBERAN CUMPLIR CON LAS ESPECIFICACIONES TÉCNICAS ADJUNTAS. ES OBLIGATORIO COMPLETAR Y FIRMAR LOS FORMULARIOS ANEXOS PARA LA EMISIÓN DE LA ORDEN DE COMPRA.;1;EA
1057532-298-COT26;42141809;Sets de electrodos de estimulación muscular;Pack de 4 electrodos autoadhesivos reutilizables para electroestimulación y terapia TENS/EMS/IF. Fabricados en material conductor de alta adherencia,reutilizables y compatibles con equipos de electroterapia de conexión tipo pin estándar de 2 mm. Cantidad por pack: 4 unidades.Medidas: 5 x 5 cm. LOS PRODUCTOS DEBERAN CUMPLIR CON LAS ESPECIFICACIONES TÉCNICAS ADJUNTAS. ES OBLIGATORIO COMPLETAR Y FIRMAR LOS FORMULARIOS ANEXOS PARA LA EMISIÓN DE LA ORDEN DE COMPRA.;34;PACK
1057532-305-COT26;72102602;Instalación de ventanas, puertas o accesorios;Mantencion Preventiva, correctiva o reparativa - MANTENCION A CADA UNO DE ESTOS EQUIPOS - BRAZO HIDRAULICO PISO 6 DEPARTAMENTO DE PROYECTOS - LECTOR DE HUELLA PISO 7 APS. - RETENEDOR MAGNETICO PISO 8 RECURSOS HUMANOS - RETENEDOR MAGNETICO PISO 9 DIRECCION DE SALUD;1;EA
1057532-303-COT26;85122201;Exámenes médicos;Procedimiento Cardio Vascular: 01 Test de Holter adulto para diagnosticar irregularidades en el ritmo cardíaco (arritmias) y evaluar síntomas como palpitaciones, mareos o desmayos durante la rutina diaria, este examen que registra de forma continua la actividad eléctrica del corazón durante 24 a 48 horas,  Los oferentes que sean de la Region de los Lagos, preferentemente de la ciudad de Osorno.;1;EA
1057727-5-COT26;56101504;Sillas;Silla de  Descanso Nórdica Negro 101x54.5x67 cm., según especificaciones adjuntas;3;EA
1057727-5-COT26;48101710;Fuentes de agua potable;Fuente de agua Alicante de poliresina 53 cm, según especificaciones adjuntas.;1;EA
1057727-5-COT26;11151709;Tejido sintético;Pasto Sintético 20 mm 2x5m., según especificaciones adjuntas.;1;EA
1057727-5-COT26;56121702;Libreros;Biblioteca Giratoria 46x46x157 Librero Estante Circular, según especificaciones adjuntas.;1;EA
1057532-302-COT26;91111703;Vestuario;CHALECOS GEOLOGOS AZUL MARINO UNISEX 1 TALLA S 1 TALLA M 2 TALLA L DE ACUERDO A ESPECIFICACIONES TÉCNICAS ADJUNTAS;4;EA
1057532-318-COT26;53111501;Botas de hombre;Botas de Seguridad / Según especificaciones adjuntas;3;PR
1057532-248-COT26;42251617;Cojines de asiento terapéuticos o accesorios;1 SET DE CUÑAS DE POSICIONAMIENTO PARA SALA KINESICA PRAIS. EL PRODUCTO DEBERÁ CUMPLIR CON LAS ESPECIFICACIONES TÉCNICAS ADJUNTAS ADEMÁS DE FIRMARLAS. ASIMISMO, SE SOLICITA COMPLETAR Y FIRMAR LOS FORMULARIOS ANEXOS.;1;KIT
1057532-312-COT26;72102602;Instalación de ventanas, puertas o accesorios;Confección de puerta de PVC, retiro de tabique de aluminio, puertas existentes, y confección de tabique donde se retiro una de las puertas.;1;UNII
1057532-300-COT26;60141102;Juegos de mesa;Memorice de prendas de vestir. Cada par de tarjetas presenta una prenda de vestir, como camisetas, pantalones, zapatos y accesorios. Con este juego, podrás ejercitar tu memoria y agilidad mental al encontrar las combinaciones correctas. LOS PRODUCTOS DEBERAN CUMPLIR CON LAS ESPECIFICACIONES TÉCNICAS ADJUNTAS;2;EA
1057532-300-COT26;31261501;Cubiertas y cajas de plástico;Caja Organizadora transparente 45 lt La Caja organizadora cuenta con dimensiones de 40 cm de ancho, 50 cm de largo y 31 cm de alto, ofreciendo un amplio espacio para almacenar tus pertenencias. LOS PRODUCTOS DEBERAN CUMPLIR CON LAS ESPECIFICACIONES TÉCNICAS ADJUNTAS;6;EA
1057532-274-COT26;31162604;Ganchos de seguridad;ARNES DE SEGURIDAD DE ACUERDO A ESPECIFICACIONES TÉCNICAS ADJUNTAS;2;EA
1057532-274-COT26;31162604;Ganchos de seguridad;CUERDA DE VIDA/ LINEA DE VIDA DE ACUERDO A ESPECIFICACIONES TÉCNICAS ADJUNTAS;2;EA
1057532-274-COT26;53111601;Zapatos de hombre;1 PAR DE ZAPATOS HOMBRE N°42,5 ( CM 27,5) DE ACUERDO A ESPECIFICACIONES TECNICAS ADJUNTAS;1;PR
1057532-221-COT26;42192207;Camillas de paciente o accesorios de camilla;Se requiere camilla portátil plegable tipo maleta con asas, pestillos y tacos de goma. Dimensiones máximas: 186x71x81 cm. Altura regulable (58-81 cm) y soporte mínimo de 250 kg. Acolchado de alta densidad (6 cm) y tapiz de cuero PVC o material sintético equivalente, cumpliendo con la exigencia normativa de usar términos genéricos . El material debe ser impermeable y de fácil desinfección clínica.;2;EA
1057532-229-COT26;52161525;Control remoto;3 Control remoto 4 canales Veloti  Características destacadas Contenido 1 Control remoto Dimensiones Alto 6.5 cm Ancho 4,5 cm Profundidad 1,5 cm Peso 0,028 kg Funciones Función Destacada 4 canales Otras características Tipo de producto Accesorios de Cerraduras Origen Nacional Embalaje 6 x 3,5 x 1,5 cm Garantía y Durabilidad Garantía Mínima Legal 6 meses, a partir de la entrega del product;3;EA
1057532-301-COT26;42241509;Componentes de órtesis termoplásticos;Termoplastico para la confección de ortesis/ferulas de 1,6mm: Plancha de termoplástico perforado de baja temperatura, ideal para la confección de ortesis y férulas personalizadas. Este material se activa a temperaturas que permiten moldearlo fácilmente, proporcionando una solución cómoda y efectiva para la inmovilización y soporte de extremidades.  LOS PRODUCTOS DEBERAN CUMPLIR CON LAS ESPECIFICACIONES TÉCNICAS ADJUNTAS;1;EA
1057532-301-COT26;42241509;Componentes de órtesis termoplásticos;Termoplastico para la confección de ortesis/ferulas de 3,2mm Plancha de termoplástico perforado de baja temperatura, ideal para la confección de ortesis y férulas personalizadas. Este material se activa a temperaturas que permiten moldearlo fácilmente, proporcionando una solución cómoda y efectiva para la inmovilización y soporte de extremidades. LOS PRODUCTOS DEBERAN CUMPLIR CON LAS ESPECIFICACIONES TÉCNICAS ADJUNTAS;1;EA
1057532-307-COT26;81112101;Proveedores de servicio de Internet (ISP);Servicio de Internet 940 megas garantizados + telefonía línea fija incluir dispositivo telefónico en comodato, de Junio a Diciembre 2026, incluido el servicio de instalación. La facturación debe ser por mes vencido.;1;EA
1057727-3-COT26;24111810;Tanques de almacenamiento de agua;Estanque de polietileno vertical 3200 litros. Considerar entrega en Hospital Rio Negro. Obligación adjuntar Fichas Técnicas de productos ofertados en formato PDF Se validarán ofertas que ingresen valores en formulario de compra ágil. SE EVALUARÁ MEJORES CONDICIONES DE COMPRA EN CUANTO A PRECIO, ENTREGA Y REVISIÓN TÉCNICA. Monto total Ofertas No deben superar el monto total de presupuesto disponible.;1;EA
1057727-3-COT26;27121704;Uniones Hidráulicas;Union estanque PVC-H CEM HE 32mm. Considerar entrega en Hospital Rio Negro. Obligación adjuntar Fichas Técnicas de productos ofertados en formato PDF Se validarán ofertas que ingresen valores en formulario de compra ágil. SE EVALUARÁ MEJORES CONDICIONES DE COMPRA EN CUANTO A PRECIO, ENTREGA Y REVISIÓN TÉCNICA. Monto total Ofertas No deben superar el monto total de presupuesto disponible.;4;EA
1057727-3-COT26;31231313;Tubería de plástico;PVC hidráulico 32 mm PN-10 (tiras de 06 mts c/u. Considerar entrega en Hospital Rio Negro. Obligación adjuntar Fichas Técnicas de productos ofertados en formato PDF Se validarán ofertas que ingresen valores en formulario de compra ágil. SE EVALUARÁ MEJORES CONDICIONES DE COMPRA EN CUANTO A PRECIO, ENTREGA Y REVISIÓN TÉCNICA. Monto total Ofertas No deben superar el monto total de presupuesto disponible.;2;EA
1057727-3-COT26;40161806;Malla de filtro;Filtro malla 1” (tipo Y ) PVC  130 MESH S/VALV.AZUD. Considerar entrega en Hospital Rio Negro. Obligación adjuntar Fichas Técnicas de productos ofertados en formato PDF Se validarán ofertas que ingresen valores en formulario de compra ágil. SE EVALUARÁ MEJORES CONDICIONES DE COMPRA EN CUANTO A PRECIO, ENTREGA Y REVISIÓN TÉCNICA. Monto total Ofertas No deben superar el monto total de presupuesto disponible.;2;EA
1057727-3-COT26;40151517;Bombas de aguas residuales;Bomba periférica PKM.60 0,5 HP 220 V. Considerar entrega en Hospital Rio Negro. Obligación adjuntar Fichas Técnicas de productos ofertados en formato PDF Se validarán ofertas que ingresen valores en formulario de compra ágil. SE EVALUARÁ MEJORES CONDICIONES DE COMPRA EN CUANTO A PRECIO, ENTREGA Y REVISIÓN TÉCNICA. Monto total Ofertas No deben superar el monto total de presupuesto disponible.;1;EA
1057727-3-COT26;26131801;Paneles de control eléctrico para generadores;Controlador electrónico 1,5 hp 220 V. 1,5 bar SKD-1. Considerar entrega en Hospital Rio Negro. Obligación adjuntar Fichas Técnicas de productos ofertados en formato PDF Se validarán ofertas que ingresen valores en formulario de compra ágil. SE EVALUARÁ MEJORES CONDICIONES DE COMPRA EN CUANTO A PRECIO, ENTREGA Y REVISIÓN TÉCNICA. Monto total Ofertas No deben superar el monto total de presupuesto disponible.;1;EA
1057727-3-COT26;40142604;Codos de tubo;Codo PVC-H CEM  HE 32mm. Considerar entrega en Hospital Rio Negro. Obligación adjuntar Fichas Técnicas de productos ofertados en formato PDF Se validarán ofertas que ingresen valores en formulario de compra ágil. SE EVALUARÁ MEJORES CONDICIONES DE COMPRA EN CUANTO A PRECIO, ENTREGA Y REVISIÓN TÉCNICA. Monto total Ofertas No deben superar el monto total de presupuesto disponible.;10;EA
1057727-3-COT26;27121704;Uniones Hidráulicas;Terminal PVC -H  HE  32mm. Considerar entrega en Hospital Rio Negro. Obligación adjuntar Fichas Técnicas de productos ofertados en formato PDF Se validarán ofertas que ingresen valores en formulario de compra ágil. SE EVALUARÁ MEJORES CONDICIONES DE COMPRA EN CUANTO A PRECIO, ENTREGA Y REVISIÓN TÉCNICA. Monto total Ofertas No deben superar el monto total de presupuesto disponible.;10;EA
1057727-3-COT26;27121704;Uniones Hidráulicas;Terminal PVC -H  HI   32 mm. Considerar entrega en Hospital Rio Negro. Obligación adjuntar Fichas Técnicas de productos ofertados en formato PDF Se validarán ofertas que ingresen valores en formulario de compra ágil. SE EVALUARÁ MEJORES CONDICIONES DE COMPRA EN CUANTO A PRECIO, ENTREGA Y REVISIÓN TÉCNICA. Monto total Ofertas No deben superar el monto total de presupuesto disponible.;10;EA
1057727-3-COT26;40141618;Válvulas de retención a bola;Válvula de corte de bola PVC CEM. S/unión 32mm. Considerar entrega en Hospital Rio Negro. Obligación adjuntar Fichas Técnicas de productos ofertados en formato PDF Se validarán ofertas que ingresen valores en formulario de compra ágil. SE EVALUARÁ MEJORES CONDICIONES DE COMPRA EN CUANTO A PRECIO, ENTREGA Y REVISIÓN TÉCNICA. Monto total Ofertas No deben superar el monto total de presupuesto disponible.;4;EA
1057727-3-COT26;31201519;Cinta para reparar tubería o manguito;Teflón maestro ¾”. Considerar entrega en Hospital Rio Negro. Obligación adjuntar Fichas Técnicas de productos ofertados en formato PDF Se validarán ofertas que ingresen valores en formulario de compra ágil. SE EVALUARÁ MEJORES CONDICIONES DE COMPRA EN CUANTO A PRECIO, ENTREGA Y REVISIÓN TÉCNICA. Monto total Ofertas No deben superar el monto total de presupuesto disponible.;10;EA
1057727-3-COT26;31201616;Adhesivos líquidos;Adhesivo Equivalente a Vinilit secado rápido 240cc. Considerar entrega en Hospital Rio Negro. Obligación adjuntar Fichas Técnicas de productos ofertados en formato PDF Se validarán ofertas que ingresen valores en formulario de compra ágil. SE EVALUARÁ MEJORES CONDICIONES DE COMPRA EN CUANTO A PRECIO, ENTREGA Y REVISIÓN TÉCNICA. Monto total Ofertas No deben superar el monto total de presupuesto disponible.;10;EA
1057727-3-COT26;31201616;Adhesivos líquidos;Adhesivo Equivalente a Vinilit secado lento 240cc. Considerar entrega en Hospital Rio Negro. Obligación adjuntar Fichas Técnicas de productos ofertados en formato PDF Se validarán ofertas que ingresen valores en formulario de compra ágil. SE EVALUARÁ MEJORES CONDICIONES DE COMPRA EN CUANTO A PRECIO, ENTREGA Y REVISIÓN TÉCNICA. Monto total Ofertas No deben superar el monto total de presupuesto disponible.;10;EA
1057727-3-COT26;31191501;Papeles de lija;Lija fierro N°80. Considerar entrega en Hospital Rio Negro. Obligación adjuntar Fichas Técnicas de productos ofertados en formato PDF Se validarán ofertas que ingresen valores en formulario de compra ágil. SE EVALUARÁ MEJORES CONDICIONES DE COMPRA EN CUANTO A PRECIO, ENTREGA Y REVISIÓN TÉCNICA. Monto total Ofertas No deben superar el monto total de presupuesto disponible.;10;EA
1057727-3-COT26;30151701;Tubos de bajada;Tiras tubo sanitario 110mm. Considerar entrega en Hospital Rio Negro. Obligación adjuntar Fichas Técnicas de productos ofertados en formato PDF Se validarán ofertas que ingresen valores en formulario de compra ágil. SE EVALUARÁ MEJORES CONDICIONES DE COMPRA EN CUANTO A PRECIO, ENTREGA Y REVISIÓN TÉCNICA. Monto total Ofertas No deben superar el monto total de presupuesto disponible.;6;EA
1057727-3-COT26;40142317;Codo de tubería;Codos PVC sanitario 110mm. Considerar entrega en Hospital Rio Negro. Obligación adjuntar Fichas Técnicas de productos ofertados en formato PDF Se validarán ofertas que ingresen valores en formulario de compra ágil. SE EVALUARÁ MEJORES CONDICIONES DE COMPRA EN CUANTO A PRECIO, ENTREGA Y REVISIÓN TÉCNICA. Monto total Ofertas No deben superar el monto total de presupuesto disponible.;10;EA
1057727-3-COT26;30161903;Material de revestimiento;TEE PVC Sanitario 110mm. Considerar entrega en Hospital Rio Negro. Obligación adjuntar Fichas Técnicas de productos ofertados en formato PDF Se validarán ofertas que ingresen valores en formulario de compra ágil. SE EVALUARÁ MEJORES CONDICIONES DE COMPRA EN CUANTO A PRECIO, ENTREGA Y REVISIÓN TÉCNICA. Monto total Ofertas No deben superar el monto total de presupuesto disponible.;6;EA
1057727-3-COT26;26101612;Motores multifásicos;Guarda motor DZS 12-ME10   4 – 6,3 Amperes. Considerar entrega en Hospital Rio Negro. Obligación adjuntar Fichas Técnicas de productos ofertados en formato PDF Se validarán ofertas que ingresen valores en formulario de compra ágil. SE EVALUARÁ MEJORES CONDICIONES DE COMPRA EN CUANTO A PRECIO, ENTREGA Y REVISIÓN TÉCNICA. Monto total Ofertas No deben superar el monto total de presupuesto disponible.;1;EA
1057727-3-COT26;26121635;Rollos de cable;Cable cordón H05VV-F 2X 2,5mm negro. Considerar entrega en Hospital Rio Negro. Obligación adjuntar Fichas Técnicas de productos ofertados en formato PDF Se validarán ofertas que ingresen valores en formulario de compra ágil. SE EVALUARÁ MEJORES CONDICIONES DE COMPRA EN CUANTO A PRECIO, ENTREGA Y REVISIÓN TÉCNICA. Monto total Ofertas No deben superar el monto total de presupuesto disponible.;30;MTR
1057727-3-COT26;31231313;Tubería de plástico;Tubo eléctrico Equivalente a Conduit 20mm x 3mts. Considerar entrega en Hospital Rio Negro. Obligación adjuntar Fichas Técnicas de productos ofertados en formato PDF Se validarán ofertas que ingresen valores en formulario de compra ágil. SE EVALUARÁ MEJORES CONDICIONES DE COMPRA EN CUANTO A PRECIO, ENTREGA Y REVISIÓN TÉCNICA. Monto total Ofertas No deben superar el monto total de presupuesto disponible.;10;EA
1057727-3-COT26;27112103;Abrazaderas;Abrazadera metálica zincada 25mm. Considerar entrega en Hospital Rio Negro. Obligación adjuntar Fichas Técnicas de productos ofertados en formato PDF Se validarán ofertas que ingresen valores en formulario de compra ágil. SE EVALUARÁ MEJORES CONDICIONES DE COMPRA EN CUANTO A PRECIO, ENTREGA Y REVISIÓN TÉCNICA. Monto total Ofertas No deben superar el monto total de presupuesto disponible.;50;EA
1057727-3-COT26;39121203;Conductos eléctricos;Caja estanca 100x100x 60. Considerar entrega en Hospital Rio Negro. Obligación adjuntar Fichas Técnicas de productos ofertados en formato PDF Se validarán ofertas que ingresen valores en formulario de compra ágil. SE EVALUARÁ MEJORES CONDICIONES DE COMPRA EN CUANTO A PRECIO, ENTREGA Y REVISIÓN TÉCNICA. Monto total Ofertas No deben superar el monto total de presupuesto disponible.;2;EA
1057727-3-COT26;30102301;Perfiles de aleaciones ferrosas;Perfil cerrado fierro 20x20x 2mm. Considerar entrega en Hospital Rio Negro. Obligación adjuntar Fichas Técnicas de productos ofertados en formato PDF Se validarán ofertas que ingresen valores en formulario de compra ágil. SE EVALUARÁ MEJORES CONDICIONES DE COMPRA EN CUANTO A PRECIO, ENTREGA Y REVISIÓN TÉCNICA. Monto total Ofertas No deben superar el monto total de presupuesto disponible.;8;EA
1057727-3-COT26;31162506;Soporte de pared;Tarugos Equivalente a Fisher 10mm. Considerar entrega en Hospital Rio Negro. Obligación adjuntar Fichas Técnicas de productos ofertados en formato PDF Se validarán ofertas que ingresen valores en formulario de compra ágil. SE EVALUARÁ MEJORES CONDICIONES DE COMPRA EN CUANTO A PRECIO, ENTREGA Y REVISIÓN TÉCNICA. Monto total Ofertas No deben superar el monto total de presupuesto disponible.;100;EA
1057727-3-COT26;31161502;Tornillos de anclaje;Tornillos 10 x 1 ½”. Considerar entrega en Hospital Rio Negro. Obligación adjuntar Fichas Técnicas de productos ofertados en formato PDF Se validarán ofertas que ingresen valores en formulario de compra ágil. SE EVALUARÁ MEJORES CONDICIONES DE COMPRA EN CUANTO A PRECIO, ENTREGA Y REVISIÓN TÉCNICA. Monto total Ofertas No deben superar el monto total de presupuesto disponible.;100;EA
1057727-8-COT26;56121702;Libreros;MUEBLE LIBRERO DE 5 PISOS O SEPARACIONES PARA NIÑO/A. Revisar Fig.2 de referencias técnicas adjunto. Considerar entrega en Hospital Rio Negro. Se validarán ofertas que ingresen valores en formulario de compra ágil. SE EVALUARÁ MEJORES CONDICIONES DE COMPRA EN CUANTO A PRECIO, ENTREGA Y REVISIÓN TÉCNICA. Ofertas No deben superar el monto total de presupuesto disponible.;1;EA
1057727-8-COT26;56101520;Clóset o armarios;LOCKER KIDS PARA 10 CASILLEROS DE METAL DE COLORES PARA NIÑOS/AS. Medidas: 136 × 45 × 120 cm. Revisar Fig.5 de referencias técnicas adjunto. Considerar entrega en Hospital Rio Negro. Se validarán ofertas que ingresen valores en formulario de compra ágil. SE EVALUARÁ MEJORES CONDICIONES DE COMPRA EN CUANTO A PRECIO, ENTREGA Y REVISIÓN TÉCNICA. Ofertas No deben superar el monto total de presupuesto disponible.;1;EA
1057727-8-COT26;56101808;Columpios o saltador o accesorios;JUEGO PARA NIÑOS/AS COLUMPIO. Medidas: 180cm Largo x 255cm Ancho x 186cm Alto. Revisar Fig.6 de referencias técnicas adjunto. Considerar entrega en Hospital Rio Negro. Se validarán ofertas que ingresen valores en formulario de compra ágil. SE EVALUARÁ MEJORES CONDICIONES DE COMPRA EN CUANTO A PRECIO, ENTREGA Y REVISIÓN TÉCNICA. Ofertas No deben superar el monto total de presupuesto disponible.;1;EA
1057727-2-COT26;56101522;Sillón;FUTON CAMA 3 CUERPOS, Color: Gris, Negro o azul. Revisar Fig.1 de referencias técnicas adjunto. Considerar entrega en Hospital Rio Negro. Se validarán ofertas que ingresen valores en formulario de compra ágil. SE EVALUARÁ MEJORES CONDICIONES DE COMPRA EN CUANTO A PRECIO, ENTREGA Y REVISIÓN TÉCNICA. Ofertas No deben superar el monto total de presupuesto disponible.;1;EA
1057727-2-COT26;56121702;Libreros;MUEBLE LIBRERO DE 5 PISOS O SEPARACIONES PARA NIÑO/A. Revisar Fig.2 de referencias técnicas adjunto. Considerar entrega en Hospital Rio Negro. Se validarán ofertas que ingresen valores en formulario de compra ágil. SE EVALUARÁ MEJORES CONDICIONES DE COMPRA EN CUANTO A PRECIO, ENTREGA Y REVISIÓN TÉCNICA. Ofertas No deben superar el monto total de presupuesto disponible.;1;EA
1057727-2-COT26;56101519;Mesas;MESA DE PARVULO. Estructura: Metálica, Cubierta: Terciado enchape en Formalita. Medidas: 75x120x55. Revisar Fig.3 de referencias técnicas adjunto. Considerar entrega en Hospital Rio Negro. Se validarán ofertas que ingresen valores en formulario de compra ágil. SE EVALUARÁ MEJORES CONDICIONES DE COMPRA EN CUANTO A PRECIO, ENTREGA Y REVISIÓN TÉCNICA. Ofertas No deben superar el monto total de presupuesto disponible.;1;EA
1057727-2-COT26;56101504;Sillas;SILLA DE PARVULO. Estructura: Tubo Acero Asiento, Respaldo: Terciado enchape en Formalita color. Medidas: 59x30x35. Revisar Fig.4 de referencias técnicas adjunto. Considerar entrega en Hospital Rio Negro. Se validarán ofertas que ingresen valores en formulario de compra ágil. SE EVALUARÁ MEJORES CONDICIONES DE COMPRA EN CUANTO A PRECIO, ENTREGA Y REVISIÓN TÉCNICA. Ofertas No deben superar el monto total de presupuesto disponible.;6;EA
1057727-2-COT26;56101520;Clóset o armarios;LOCKER KIDS PARA 10 CASILLEROS DE METAL DE COLORES PARA NIÑOS/AS. Medidas: 136 × 45 × 120 cm. Revisar Fig.5 de referencias técnicas adjunto. Considerar entrega en Hospital Rio Negro. Se validarán ofertas que ingresen valores en formulario de compra ágil. SE EVALUARÁ MEJORES CONDICIONES DE COMPRA EN CUANTO A PRECIO, ENTREGA Y REVISIÓN TÉCNICA. Ofertas No deben superar el monto total de presupuesto disponible.;1;EA
1057727-2-COT26;56101808;Columpios o saltador o accesorios;JUEGO PARA NIÑOS/AS COLUMPIO. Medidas: 180cm Largo x 255cm Ancho x 186cm Alto. Revisar Fig.6 de referencias técnicas adjunto. Considerar entrega en Hospital Rio Negro. Se validarán ofertas que ingresen valores en formulario de compra ágil. SE EVALUARÁ MEJORES CONDICIONES DE COMPRA EN CUANTO A PRECIO, ENTREGA Y REVISIÓN TÉCNICA. Ofertas No deben superar el monto total de presupuesto disponible.;1;EA
1057727-6-COT26;85122102;Servicios de terapia ocupacional;Servicios de 40 Quiromasaje profesional en Silla  Ergonométrica (1 vez a la semana dos veces al mes)  2 Sesiones grupales de Meditación y sonoterapia (20 personas).    Quiromasaje: Poseer título profesional de Técnico en Quiromasaje (mínimo 2 semestres) con experiencia demostrable, emitido por una institución de educación con reconocimiento nacional o extranjero. Sonoterapia: Capacitación profesional en relajación y terapia de Sonido.;1;KIT
1057532-277-COT26;49221501;Marcadores deportivos;2 SET AROS DE AGILIDAD PACK COLORES SURTIDOS DE ACUERDO A ESPECIFICACIONES TECNICAS ADJUNTAS;2;KIT
1057532-277-COT26;49221501;Marcadores deportivos;2 SET AGILIDAD: 10 CONOS 5 BARRAS DE ACUERDO A ESPECIFICACIONES TECNICAS ADJUNTAS;2;KIT
1057532-316-COT26;82121507;Impresión de papelería o formularios comerciales;"Folletos ""Acceso en Salud de Personas Migrantes"", según especificaciones técnicas descritas en Formulario N°2. El Servicio de Salud Osorno entregara el diseño del Folleto";500;EA
1057532-322-COT26;82121507;Impresión de papelería o formularios comerciales;"Folletos ""Acceso en Salud de Personas Migrantes"", según especificaciones técnicas descritas en Formulario N°2. El Servicio de Salud Osorno entregara el diseño del Folleto";500;EA
1057532-326-COT26;50192501;Sandwiches y canapés con relleno frescos;sándwich de pan fresco, tipo hallulla, con tomate, queso fresco y pepinillo, no artesanales, productos frescos. Los Sándwich deben ser entregados envueltos de forma individual en papel alusa y al interior con servilleta.;50;EA
1057532-326-COT26;50101634;Fruta fresca;Manzanas frescas;20;EA
1057532-326-COT26;50101634;Fruta fresca;Naranjas frescas;20;EA
1057532-326-COT26;52151504;Tazas o vasos desechables domésticos;Vasos polipapel 250 cc.;100;EA
1057532-326-COT26;52151617;Cucharas de madera de uso doméstico;Cucharas desechable de madera de 15 cm.;100;EA
1057532-326-COT26;52151502;Platos desechables domésticos;Platos desechables de cartón de 18 cm. Diámetro.;100;EA
1057532-326-COT26;50131701;Leche o productos de mantequilla;leche sin lactosa / formato litro.;3;LTR
1057532-326-COT26;50202310;Agua mineral;agua mineral con gas 1,6 litros.;5;BO
1057532-326-COT26;50221202;Cereales en barra;Barras de cereal sabor Frutos Rojos.;50;EA
1057532-326-COT26;50221202;Cereales en barra;Barras de cereal sabor Manzana.;50;EA
1057532-326-COT26;50181905;Galletas dulces o pastelitos;Galletas Dulces de 115 - 120 grs / marca conocida. No tuareg por exceso de azúcar.;17;PK
1057532-326-COT26;50181909;Galletas saladas;Galletas Saladas de 116 - 120 grs / marca conocida. No crakelet.;4;PK
1057532-326-COT26;50161509;Productos de edulcorantes o azúcares naturales;Endulzante liquido 400 ml.;1;BO
1057532-326-COT26;50201713;Bolsitas de te;Caja de té normal 100 bolsitas.;1;BX
1057532-326-COT26;50161509;Productos de edulcorantes o azúcares naturales;Azúcar. Formato kilo.;2;KGM
1057532-326-COT26;50201709;Café instantáneo;Café instantáneo 400 gramos.;1;JR
1057532-325-COT26;52151617;Cucharas de madera de uso doméstico;Cucharas desechable de madera de 15 cm.;100;EA
1057532-325-COT26;14111705;Servilletas de papel;servilletas de papel (paquete de 100 unidades.);1;PK
1057532-325-COT26;50131701;Leche o productos de mantequilla;leche sin lactosa / formato litro.;5;LTR
1057532-325-COT26;50202310;Agua mineral;agua mineral con gas 1,6 litros.;10;BO
1057532-325-COT26;50181905;Galletas dulces o pastelitos;Galletas Dulces de 115 - 120 grs / marca conocida. No tuareg por exceso de azúcar.;15;PK
1057532-325-COT26;50181909;Galletas saladas;Galletas Saladas de 116 - 120 grs / marca conocida. No crakelet.;9;PK
1057532-325-COT26;50192110;Nueces o frutos secos;Mix Frutos Secos de 30 grs;50;PK
1057532-325-COT26;50161509;Productos de edulcorantes o azúcares naturales;Azúcar formato kilo;2;KGM
1057532-325-COT26;50201709;Café instantáneo;Café instantáneo 400 gramos.;1;JR
1057532-325-COT26;50192501;Sandwiches y canapés con relleno frescos;sándwich de pan fresco, tipo hallulla, con tomate, queso fresco y pepinillo, no artesanales, productos frescos. Los Sándwich deben ser entregados envueltos de forma individual en papel alusa y al interior con servilleta.;60;EA
1057532-325-COT26;50101634;Fruta fresca;Manzanas frescas;30;EA
1057532-325-COT26;50101634;Fruta fresca;Naranjas frescas;30;EA
1057532-325-COT26;52151504;Tazas o vasos desechables domésticos;Vasos polipapel 250 cc.;100;EA
1057727-7-COT26;85141504;Curaciones energéticas;Servicio de terapias complementarias, 28 sesiones entregadas por especialista certificado. Se adjuntan requerimiento técnico.;1;KIT
1057532-324-COT26;50192501;Sandwiches y canapés con relleno frescos;Sándwich: pan fresco, tipo hallulla, con tomate, queso fresco y pepinillo, no artesanales, productos frescos. Los Sándwich deben ser entregados envueltos de forma individual en papel alusa.;25;EA
1057532-324-COT26;50192501;Sandwiches y canapés con relleno frescos;Sándwich: pan fresco, tipo hallulla, con mantequilla, doble queso sin bordes no artesanales (de marca reconocida). Los Sándwich deben ser entregados envueltos de forma individual en papel alusa.;20;EA
1057532-324-COT26;50101634;Fruta fresca;Naranjas frescas;20;EA
1057532-324-COT26;50101634;Fruta fresca;Manzanas frescas;25;EA
1057532-324-COT26;50221202;Cereales en barra;Barras de Cereal sabor Manzana;50;EA
1057532-324-COT26;50221202;Cereales en barra;Barras de Cereal sabor Frutos Rojos;50;EA
1057532-324-COT26;50131701;Leche o productos de mantequilla;Leche sin lactosa formato litro.;5;LTR
1057532-324-COT26;50202310;Agua mineral;Agua mineral con gas 1,6 litros.;5;BO
1057532-324-COT26;50201709;Café instantáneo;Café instantáneo 400 gramos.;1;JR
1057532-324-COT26;50161509;Productos de edulcorantes o azúcares naturales;Azúcar formato kilo.;2;KGM
1057532-324-COT26;52151504;Tazas o vasos desechables domésticos;Vasos Polipapel 250 cc.;100;EA
1057532-324-COT26;52151617;Cucharas de madera de uso doméstico;Cucharas de madera de 15 cm.;100;EA
1057532-324-COT26;52151502;Platos desechables domésticos;Platos desechables de cartón de 18 cm. Diámetro.;100;EA
1057532-324-COT26;14111705;Servilletas de papel;Servilletas de papel, paquete de 100 unidades.;1;PK
1057532-323-COT26;26111702;Pilas alcalinas;50 PILAS 3V LITIO DESFIBRILADOR AED PLUS ZOL, SEGÚN EETT ADJUNTAS;50;EA
1180747-6-COT26;24112110;Contenedores intermedios a granel;BASURERO DE ACUERDO A ESPECIFICACIONES TÉCNICAS ADJUNTAS;5;EA
1180747-6-COT26;24112110;Contenedores intermedios a granel;BASURERO METALICO CON TAPA 20 LT DE ACUERDO A ESPECIFICACIONES TÉCNICAS ADJUNTAS;1;EA
1180747-6-COT26;24112110;Contenedores intermedios a granel;BASURERO CLINICO DE ACUERDO A ESPECIFICACIONES TÉCNICAS ADJUNTAS;5;EA
1180747-6-COT26;24112110;Contenedores intermedios a granel;CONTENEDOR BASURA DE ACUERDO A ESPECIFICACIONES TÉCNICAS ADJUNTAS;2;EA
1180747-6-COT26;24112110;Contenedores intermedios a granel;CONTENEDOR DE RESIDUOS DE ACUERDO A ESPECIFICACIONES TÉCNICAS ADJUNTAS;1;EA
1180747-6-COT26;24112110;Contenedores intermedios a granel;PAPELERO DE ACUERDO A ESPECIFICACIONES TÉCNICAS ADJUNTAS;3;EA
1057532-328-COT26;42311511;Vendas de gasa;Apósito de gasa no tejida con algodón estéril 10x20 cm por unidad, 1capa. Proveedor debe dar cumplimiento de la Norma 226.DEBERÁ CUMPLIR CON LAS ESPECIFICACIONES TÉCNICAS ADJUNTAS ADEMÁS DE FIRMARLAS. ASIMISMO, SE SOLICITA OBLIGATORIAMENTE COMPLETAR Y FIRMAR LOS FORMULARIOS ADJUNTOS.;1600;EA
1057532-328-COT26;42311505;Vendas o vendajes para uso general;Apósito en malla antimicrobiana de captación bacteriana diaquilcarbomoilo (DACC) 7 X 9 CM por unidad, en caja de 40 unidades.Proveedor debe dar cumplimiento de la Norma 226.DEBERÁ CUMPLIR CON LAS ESPECIFICACIONES TÉCNICAS ADJUNTAS ADEMÁS DE FIRMARLAS. ASIMISMO, SE SOLICITA OBLIGATORIAMENTE COMPLETAR Y FIRMAR LOS FORMULARIOS ADJUNTOS.;3;BX
1057532-328-COT26;42311505;Vendas o vendajes para uso general;Apósito de parafina con acetato de clorhexidina al 0,5%. Es de liberación lenta y su acción antibacteriana es de larga duración. Medidas de 10x10 cm.Proveedor debe dar cumplimiento de la Norma 226.DEBERÁ CUMPLIR CON LAS ESPECIFICACIONES TÉCNICAS ADJUNTAS ADEMÁS DE FIRMARLAS. ASIMISMO, SE SOLICITA OBLIGATORIAMENTE COMPLETAR Y FIRMAR LOS FORMULARIOS ADJUNTOS.;164;EA
1057532-328-COT26;12161804;Emulsiones;Solución tópica de ácidos grasos hiperoxigenados (AGHO). Debe contener principalmente ácido linoleico, ácido oleico y ácido palmítico que hayan pasado por un proceso de hiperoxigenación. Además de Centella Asiática y Aloe Vera. Frasco de 30 ml con atomizador.Proveedor debe dar cumplimiento de la Norma 226.DEBERÁ CUMPLIR CON LAS ESPECIFICACIONES TÉCNICAS ADJUNTAS ADEMÁS DE FIRMARLAS. ASIMISMO, SE SOLICITA OBLIGATORIAMENTE COMPLETAR Y FIRMAR LOS FORMULARIOS ADJUNTOS.;80;EA
1057532-328-COT26;51241226;Preparados tópicos de urea;Crema Humectante con Urea 10% 340 ml con válvula pump. Producto Hipoalergénico. Testeado dermatológicamente. Cruelty Free.Crema Hidratante con Urea al 10%  Hipoalergenica. Frasco con válvula dispensadora de 340ml.Proveedor debe dar cumplimiento de la Norma 226.Proveedor debe dar cumplimiento de la Norma 226.DEBERÁ CUMPLIR CON LAS ESPECIFICACIONES TÉCNICAS ADJUNTAS ADEMÁS DE FIRMARLAS. ASIMISMO, SE SOLICITA OBLIGATORIAMENTE COMPLETAR Y FIRMAR LOS FORMULARIOS ADJUNTOS.;240;EA
1057532-319-COT26;24111503;Bolsas de plástico;Bolsa prepicada, según especificaciones adjuntas.;10;RO
1057532-317-COT26;82101901;Avisos en radio;Servicio de grabación y emisión de avisos radiales vacunación programática del escolar 2026, Según requerimientos técnicos indicados en Formulario N°2 adjunto.;1;EA
1057532-276-COT26;42311511;Vendas de gasa;Apósito de gasa no tejida con algodón estéril 10x20 cm por unidad, 1capa. Proveedor debe dar cumplimiento de la Norma 226.DEBERÁ CUMPLIR CON LAS ESPECIFICACIONES TÉCNICAS ADJUNTAS ADEMÁS DE FIRMARLAS. ASIMISMO, SE SOLICITA OBLIGATORIAMENTE COMPLETAR Y FIRMAR LOS FORMULARIOS ADJUNTOS.;1600;EA
1057532-276-COT26;42311505;Vendas o vendajes para uso general;Apósito en malla antimicrobiana de captación bacteriana diaquilcarbomoilo (DACC) 7 X 9 CM por unidad, en caja de 40 unidades. Proveedor debe dar cumplimiento de la Norma 226.DEBERÁ CUMPLIR CON LAS ESPECIFICACIONES TÉCNICAS ADJUNTAS ADEMÁS DE FIRMARLAS. ASIMISMO, SE SOLICITA OBLIGATORIAMENTE COMPLETAR Y FIRMAR LOS FORMULARIOS ADJUNTOS.;3;BX
1057532-276-COT26;42311505;Vendas o vendajes para uso general;Apósito de parafina con acetato de clorhexidina al 0,5%. Es de liberación lenta y su acción antibacteriana es de larga duración. Medidas de 10x10 cm en caja de 10 unidades. Proveedor debe dar cumplimiento de la Norma 226.DEBERÁ CUMPLIR CON LAS ESPECIFICACIONES TÉCNICAS ADJUNTAS ADEMÁS DE FIRMARLAS. ASIMISMO, SE SOLICITA OBLIGATORIAMENTE COMPLETAR Y FIRMAR LOS FORMULARIOS ADJUNTOS.;20;BX
1057532-276-COT26;12161804;Emulsiones;Solución tópica de ácidos grasos hiperoxigenados (AGHO). Debe contener principalmente ácido linoleico, ácido oleico y ácido palmítico que hayan pasado por un proceso de hiperoxigenación. Además de Centella Asiática y Aloe Vera. Frasco de 30 ml con atomizador, caja de 20 unidades. Proveedor debe dar cumplimiento de la Norma 226.DEBERÁ CUMPLIR CON LAS ESPECIFICACIONES TÉCNICAS ADJUNTAS ADEMÁS DE FIRMARLAS. ASIMISMO, SE SOLICITA OBLIGATORIAMENTE COMPLETAR Y FIRMAR LOS FORMULARIOS ADJUNTOS.;4;BX
1057532-276-COT26;51241226;Preparados tópicos de urea;Crema Humectante con Urea 10% 340 ml con válvula pump. Producto Hipoalergénico. Testeado dermatológicamente. Cruelty Free. En cajas de 15 unidades. Crema Hidratante con Urea al 10%, Hipoalergenica, Frasco con válvula dispensadora de 340ml. Proveedor debe dar cumplimiento de la Norma 226.DEBERÁ CUMPLIR CON LAS ESPECIFICACIONES TÉCNICAS ADJUNTAS ADEMÁS DE FIRMARLAS. ASIMISMO, SE SOLICITA OBLIGATORIAMENTE COMPLETAR Y FIRMAR LOS FORMULARIOS ADJUNTOS.;24;BX
1057532-321-COT26;91111703;Vestuario;CHALECOS GEOLOGOS AZUL MARINO UNISEX 1 TALLA S 1 TALLA M 2 TALLA L DE ACUERDO A ESPECIFICACIONES TÉCNICAS ADJUNTAS;4;EA
1180747-7-COT26;24131501;Refrigerador y congelador combinado;FRIGOBAR DE ACUERDO A ESPECIFICACIONES TECNICAS ADJUNTAS;1;EA
1180747-7-COT26;52141523;Hervidores y teteras;HERVIDOR DE ACUERDO A ESPECIFICACIONES TECNICAS ADJUNTAS;1;EA
1180747-7-COT26;52141502;Hornos microondas domésticos;MICROONDAS DE ACUERDO A ESPECIFICACIONES TECNICAS ADJUNTAS;1;EA
1180747-7-COT26;24131501;Refrigerador y congelador combinado;REFRIGERADOR DOMESTICO DE ACUERDO A ESPECIFICACIONES TECNICAS ADJUNTAS;1;EA
1180747-7-COT26;52161505;Televisores convencionales, de plasma y LCD;"TELEVISOR 42"" DE ACUERDO A ESPECIFICACIONES TECNICAS ADJUNTAS";1;EA
1057532-330-COT26;42251617;Cojines de asiento terapéuticos o accesorios;1 SET DE CUÑAS DE POSICIONAMIENTO PARA SALA KINESICA PRAIS. EL PRODUCTO DEBERÁ CUMPLIR CON LAS ESPECIFICACIONES TÉCNICAS ADJUNTAS ADEMÁS DE FIRMARLAS. ASIMISMO, SE SOLICITA COMPLETAR Y FIRMAR LOS FORMULARIOS ANEXOS.;1;KIT
1057532-320-COT26;73101701;Servicios de producción de medicamentos o medicinas;Cotizar medicamentos dermatológicos según cotización en Excel o propia y EETT adjunta//indicar lote y fecha de vencimiento, se solicita adjuntar ficha técnica para la evaluación//debe tener vencimiento igual o superior a 12 meses. La cotización debe venir detallada.;1;EA
1057532-329-COT26;85122201;Exámenes médicos;Procedimiento Cardio Vascular: 01 Test de Holter adulto para diagnosticar irregularidades en el ritmo cardíaco (arritmias) y evaluar síntomas como palpitaciones, mareos o desmayos durante la rutina diaria, este examen que registra de forma continua la actividad eléctrica del corazón durante 24 a 48 horas, Los oferentes que sean de la Region de los Lagos, preferentemente de la ciudad de Osorno. Examen será previamente coordinado;1;EA
