CodigoLicitacion;Numero;Nombre;CodigoEstado;Estado;Descripcion;Tipo;CodigoTipo;TipoConvocatoria;Moneda;Etapas;EstadoEtapas;C_CodigoOrganismo;C_NombreOrganismo;C_RutUnidad;C_CodigoUnidad;C_Unidad;C_DireccionUnidad;C_ComunaUnidad;C_RegionUnidad;C_RutUsuario;C_CodigoUsuario;C_Usuario;C_Cargo;FechaCreacion;FechaCierre;FechaInicio;FechaFinal;FechaPubRespuestas;FechaActoAperturaTecnica;FechaActoAperturaEconomica;FechaPublicacion;FechaAdjudicacion;FechaEstimadaAdjudicacion;FechaSoporteFisico;FechaTiempoEvaluacion;FechaEstimadaFirma;FechaVisitaTerreno;FechaEntregaAntecedentes;FechaInicioContrato;DiasCierreLicitacion;Informada;TomaRazon;EstadoPublicidadOfertas;JustificacionPublicidad;Contrato;Obras;CantidadReclamos;UnidadTiempoEvaluacion;DireccionVisita;DireccionEntrega;Estimacion;FuenteFinanciamiento;VisibilidadMonto;MontoEstimado;JustificacionMonto;Tiempo;UnidadTiempo;Modalidad;TipoPago;Resp_Pago;Resp_Email_Pago;Resp_Contrato;Resp_Email;Resp_Fono;ProhibicionContratacion;SubContratacion;UnidadTiempoDuracion;TiempoDuracionContrato;TipoDuracionContrato;ObservacionContract;ExtensionPlazo;EsBaseTipo;UnidadTiempoContratoLicitacion;ValorTiempoRenovacion;PeriodoTiempoRenovacion;EsRenovable;CodigoBIP;Adj_Tipo;Adj_Fecha;Adj_Numero;Adj_NumeroOferentes;Adj_UrlActa
1057532-104-R125;;CONV. TELE ELECTROCARDIOGRAFÍA A DISTANCIA RED APS;8;Adjudicada;CONVENIO DE SERVICIOS DE ARRIENDO E INFORME DE TELE ELECTROCARDIOGRAFÍA A DISTANCIA PARA LOS ESTABLECIMIENTOS DE SALUD DE LA RED DE APS DE LA PROVINCIA DE OSORNO, AÑO 2026 - 2027;LR;1;1;CLP;1;1;7296;SERVICIO DE SALUD OSORNO;61.607.600-0;1057532;Bienes y Servicios;Av. Juan Mackenna N°825, Edificio Plaza Sur;Osorno;Región de los Lagos ;;621550;Lesly Andrea Díaz Aburto;Administrativo;2025-10-14T10:53:21.997;2025-12-01T15:00:00;2025-10-30T18:00:00;2025-11-10T17:00:00;2025-11-14T17:00:00;2025-12-01T15:01:00;2025-12-01T15:01:00;2025-10-30T17:46:54.947;2026-01-02T13:06:26.253;2026-01-02T17:00:00;;;;;;2025-10-30T18:00:00;0;0;0;0;;;0;289;1;;;2;;0;0.0;;24;1;1;-1;;;;;;DE ACUERDO A NUMERAL 7.7 DE LAS BASES ADJUNTAS;0;4;24; ;;0;0;2;0; ;0;;2;2025-12-31T00:00:00;20517;3;http://www.mercadopublico.cl/Procurement/Modules/RFB/StepsProcessAward/PreviewAwardAct.aspx?qs=1S0IARHg6X/8oRFf1y7rcMzjp0btyPN7DZX/CGYerBk=
1057532-101-LE25;;CONVENIO SERVICIOS DE MANTENCIÓN DE EQUIPOS DE IMAGENOLOGÍA DE RAYOS X DENTAL Y OSTEOPULMONAR DE ESTABLECIMIENTOS DEPENDIENTES DEL SERVICIO DE SALUD OSORNO PERIODO 2026-202;8;Adjudicada;Contratar un servicio de mantención desde el 01 de enero de 2026 hasta el 31 de diciembre de 2027 llamado Convenio Servicios de Mantención de Equipos de Imagenología de Rayos X Dental y Osteopulmonar de establecimientos dependientes del SSO periodo 2026-2027;LE;1;1;CLP;1;1;7296;SERVICIO DE SALUD OSORNO;61.607.600-0;1057532;Bienes y Servicios;Av. Juan Mackenna N°825, Edificio Plaza Sur;Osorno;Región de los Lagos ;;6060;Rubén Uribe;Administrativo;2025-10-08T00:00:00;2025-12-15T15:01:00;2025-12-05T10:00:00;2025-12-10T15:00:00;2025-12-11T17:00:00;2025-12-15T15:01:00;2025-12-15T15:01:00;2025-12-05T07:52:40.48;2026-01-06T08:14:28.973;2026-01-13T17:00:00;;1900-01-21T00:00:00;2026-02-11T00:00:00;;;2025-12-05T10:00:00;0;0;0;1;;1;0;289;2;;;2;Servicio Salud Osorno;0;0.0;;24;2;1;4;Erwin Camino B.;;khris Silva;;;Según lo estipulado en numeral 7.7 de las bases.;0;4;24; ;;0;0;2;0; ;0;;2;2025-12-31T00:00:00;20520;1;http://www.mercadopublico.cl/Procurement/Modules/RFB/StepsProcessAward/PreviewAwardAct.aspx?qs=1lzqI2CLGmLYJkuDJfTP8J2OupUSt0Hh0motZt/eUXM=
1057532-111-LE25;;Convenio Servicios de Mantención de Equipos Críticos de Establecimientos dependientes del SSO Periodo 2026 - 2027 2do. Llamado;8;Adjudicada;El Servicio requiere contratar un servicio de mantención desde el 01 de enero de 2026 hasta el 31 de diciembre de 2027 llamado “Convenio de Servicios de Mantención de Equipos Críticos de Establecimientos dependientes del Servicio Salud Osorno Periodo 2026-2027, segundo llamado”. Dado que los equipos aquí considerados no contarán con garantía técnica de post venta del fabricante y/o proveedor que lo suministró, por lo tanto, esta licitación asegurará que se realicen todos los servicios de mantenciones preventivas programadas y cualquier reparación que surja durante dicho periodo.;LE;1;1;CLP;1;1;7296;SERVICIO DE SALUD OSORNO;61.607.600-0;1057532;Bienes y Servicios;;;Región de los Lagos ;;6060;Rubén Uribe;Administrativo;2025-10-23T00:00:00;2025-12-15T15:01:00;2025-12-03T17:01:00;2025-12-09T15:00:00;2025-12-10T17:00:00;2025-12-15T15:01:00;2025-12-15T15:01:00;2025-12-03T16:20:04.743;2026-01-09T08:28:35.757;2026-01-13T17:00:00;;1900-01-21T00:00:00;2026-02-11T00:00:00;;;2025-12-03T17:01:00;0;0;0;1;;1;0;289;2;;;2;Servicio Salud Osorno;0;0.0;;24;2;1;4;Erwin Camino B.;;khris Silva;;;Según lo estipulado en numeral 7.7 de las Bases.;0;4;24; ;;0;0;2;0; ;0;;2;2026-01-08T00:00:00;361;4;http://www.mercadopublico.cl/Procurement/Modules/RFB/StepsProcessAward/PreviewAwardAct.aspx?qs=Wi+avtbdEJlU5Q3quJApXcD7KUyR5CrCv8052SglE5Y=
1057532-125-B225;;Convenio Servicios de Mantención Equipo de Mamografía Móvil y Equipos de Imagenología SSO periodo 2026-2027;7;Desierta (o art. 3 ó 9 Ley 19.886);El Servicio requiere contratar un servicio de mantención desde el 01 de enero de 2026 hasta el 31 de diciembre de 2027 llamado “Convenio Servicios de Mantención de Equipo de Mamografía Móvil y Equipos de Imagenología del Servicio de Salud Osorno Periodo 2026-2027”. Dado que los equipos aquí considerados no contarán con garantía técnica de post venta del fabricante y/o proveedor que lo suministró, por lo tanto, esta licitación asegurará que se realicen todos los servicios de mantenciones preventivas programadas y cualquier reparación que surja durante dicho periodo.;B2;3;0;CLP;1;1;7296;SERVICIO DE SALUD OSORNO;61.607.600-0;1057532;Bienes y Servicios;Av. Juan Mackenna N°825, Edificio Plaza Sur;Osorno;Región de los Lagos ;;6060;Rubén Uribe;Administrativo;2025-11-28T00:00:00;2025-12-24T11:55:00;2025-12-04T09:46:00;2025-12-11T15:00:00;2025-12-15T17:00:00;2025-12-24T11:56:00;2025-12-24T11:56:00;2025-12-04T08:38:21.813;2026-01-09T09:38:12.37;2026-01-22T17:00:00;;1900-01-21T00:00:00;2026-02-20T00:00:00;;;2025-12-04T09:46:00;0;0;0;1;;0;0;289;2;;;2;Servicio Salud Osorno;0;0.0;;48;2;1;4;Erwin Camino B.;;khris Silva;;;Según lo estipulado en numeral 7.7 de las bases.;0;4;48; ;;0;0;2;0; ;0;;2;2026-01-08T00:00:00;367;1;http://www.mercadopublico.cl/Procurement/Modules/RFB/StepsProcessAward/PreviewAwardAct.aspx?qs=YgopHT6CFZT9VC0jBg0OF1ppy6rCkwuWvnnfbHkT0o8=
1057532-97-R126;;Convenio de Movilización dispositivos SSO año 2026;8;Adjudicada;Se requiere la contratación para los dispositivos Servicio de Salud Osorno año 2026 de acuerdo a las especificaciones técnicas señaladas en las bases de la licitación.;LP;1;1;CLP;1;1;7296;SERVICIO DE SALUD OSORNO;61.607.600-0;1057532;Bienes y Servicios;Av. Juan Mackenna N°825, Edificio Plaza Sur;Osorno;Región de los Lagos ;;2281976;Verónica Aracely Márquez Aguila;Comprador;2025-10-02T11:56:22.19;2025-10-30T15:00:00;2025-10-15T17:30:00;2025-10-20T17:00:00;2025-10-22T17:00:00;2025-10-30T15:01:00;2025-10-30T15:01:00;2025-10-15T17:20:44.647;2026-01-12T09:04:45.993;2025-12-02T17:00:00;;1900-01-16T00:00:00;;;;2025-10-15T17:30:00;0;0;0;0;;;0;289;2;;;1;;0;0.0;;12;2;1;-1;;;;;;;0;4;12; ;;0;0;2;0; ;0;;2;2026-01-09T00:00:00;378;7;http://www.mercadopublico.cl/Procurement/Modules/RFB/StepsProcessAward/PreviewAwardAct.aspx?qs=0ZE4yjwxeGyjeLnZHJDaE8UDIzV/J1Z/YrIhZSQOuqE=
1057532-122-LE25;;CONVENIO DE ACCESORIOS PARA VENTILADORES MECANICOS DE TRANSPORTE MONITORES DE SIGNOS VITALES Y DESFIBRILADORES DE BASE SAMU OSORNO PERIODO 2026”;8;Adjudicada;El Servicio ha elaborado las presentes Bases Administrativas y Técnicas que contienen todos los requerimientos para materializar el “Convenio de accesorios para ventiladores mecánicos de transporte, monitores de signos vitales y desfibriladores de base SAMU Osorno periodo 2026”.  Proceso de compra más eficiente al consolidar en una sola adquisición el suministro de accesorios para su uso en equipos médicos (ventiladores mecánicos de transporte, monitores de signos vitales y desfibriladores) de Base SAMU Osorno.;LE;1;1;CLP;1;1;7296;SERVICIO DE SALUD OSORNO;61.607.600-0;1057532;Bienes y Servicios;Av. Juan Mackenna N°825, Edificio Plaza Sur;Osorno;Región de los Lagos ;;6060;Rubén Uribe;Administrativo;2025-11-19T00:00:00;2025-12-15T15:01:00;2025-12-04T11:16:00;2025-12-09T15:00:00;2025-12-10T15:30:00;2025-12-15T15:01:00;2025-12-15T15:01:00;2025-12-04T11:13:20.877;2026-01-13T17:03:46.01;2026-01-13T17:00:00;;1900-01-21T00:00:00;2026-02-23T00:00:00;;;2025-12-04T11:16:00;0;0;0;1;;1;0;289;2;;;2;Servicio Salud Osorno;0;0.0;;12;2;1;4;Erwin Camino B.;;khris Silva;;;Según numeral 7.7 de las bases.;0;4;12; ;;0;0;2;0; ;0;;2;2026-01-13T00:00:00;502;6;http://www.mercadopublico.cl/Procurement/Modules/RFB/StepsProcessAward/PreviewAwardAct.aspx?qs=yBjIbsqcGTxaWY8kZGUDrJgESxdyqKbzeFoUxXZn9zU=
1057532-127-LE25;;CONVENIO DE SERVICIO DE MANTENCIONES PREVENTIVAS CORRECTIVAS YO REPARATIVAS 2026-2027 PARA BUS MITSUBISHI FUSO ROSA DEL HOSPITAL FUTA SRÜKA LAWENCHE KUNKO MAPU MO DEL SSO;7;Desierta (o art. 3 ó 9 Ley 19.886);F3-139-BMC-contar con los servicios de mantención preventiva, correctiva y/o reparativas para Bus Mitsubishi - Fuso Rosa, PPU: RK.LX-50 de Hospital Futa Srüka Lawenche Kunko Mapu MO de la Red Asistencial del Servicio de Salud Osorno y de esta manera mantener en buen estado mecánico, seguridad y confortabilidad bus Mitsubishi - Fuso Rosa, PPU: RK.LX-50, como a su vez mantener la garantía otorgada por la concesionaria del vehículo, lo anterior cuando corresponda.;LE;1;1;CLP;1;1;7296;SERVICIO DE SALUD OSORNO;61.607.600-0;1057532;Bienes y Servicios;Av. Juan Mackenna N°825, Edificio Plaza Sur;Osorno;Región de los Lagos ;;2167366;Bastian Miranda Coronado;PROFESIONAL;2025-12-10T00:00:00;2026-01-12T15:00:00;2026-01-02T12:06:00;2026-01-06T17:00:00;2026-01-08T17:00:00;2026-01-12T15:01:00;2026-01-12T15:01:00;2026-01-02T12:05:29.177;2026-01-15T12:23:25.28;2026-02-10T17:00:00;;1900-01-16T00:00:00;;;;2026-01-02T12:06:00;0;0;0;1;;2;0;289;2;;;1;SECTORIAL;1;30000000.0;;24;2;1;4;RODRIGO MARTINEZ ALVARADO;;FELIPE SALVO;;;;1;4;24; ;;0;0;2;0; ;0;;;;;1;http://www.mercadopublico.cl/Procurement/Modules/RFB/StepsProcessAward/PreviewAwardAct.aspx?qs=CwOiX8Mxvya+qZZ4s1S2/wocXyThKVgxf0HrZmJyFMI=
1057532-124-LE25;;CONVENIO SERVICIOS DE MANTENCIÓN DE AUTOCLAVES Y PLANTAS DE TRATAMIENTO DE AGUA DE ESTABLECIMIENTOS DEPENDIENTES DEL SERVICIO DE SALUD OSORNO PERIODO 2026-2027 SEGUNDO LLAMADO”;8;Adjudicada;El Servicio requiere contratar un servicio de mantención desde el 01 de enero de 2026 hasta el 31 de diciembre de 2027 llamado “Convenio Servicios de Mantención de Autoclaves y Plantas de Tratamiento de Agua de Establecimientos dependientes del Servicio de Salud Osorno Periodo 2026-2027, Segundo Llamado”. Dado que los equipos aquí considerados no contarán con garantía técnica de post venta del fabricante y/o proveedor que lo suministró, por lo tanto, esta licitación asegurará que se realicen todos los servicios de mantenciones preventivas programadas y cualquier reparación que surja durante dicho periodo.;LE;1;1;CLP;1;1;7296;SERVICIO DE SALUD OSORNO;61.607.600-0;1057532;Bienes y Servicios;Av. Juan Mackenna N°825, Edificio Plaza Sur;Osorno;Región de los Lagos ;;6060;Rubén Uribe;Administrativo;2025-11-24T00:00:00;2025-12-22T15:00:00;2025-12-01T10:00:00;2025-12-09T15:00:00;2025-12-10T17:00:00;2025-12-22T15:01:00;2025-12-22T15:01:00;2025-12-01T09:55:00;2026-01-23T11:08:15.75;2026-01-20T17:00:00;;1900-01-16T00:00:00;2026-02-18T00:00:00;;;2025-12-01T10:00:00;0;0;0;1;;1;0;289;2;;;2;Servicio Salud Osorno;0;0.0;;24;2;1;4;Erwin Camino B.;;Khris Silva V.;;;Según numeral 7.7 de las bases.;0;4;24; ;;0;0;2;0; ;0;;2;2026-01-22T00:00:00;1726;3;http://www.mercadopublico.cl/Procurement/Modules/RFB/StepsProcessAward/PreviewAwardAct.aspx?qs=jRCV6+1SSkDlDrt4yrn7FkjbCXeIRgWvjU0YaR7vWNk=
1057532-109-LP25;;CONVENIO CONTROL DE PLAGAS DSSO 2026 Y 2027;8;Adjudicada;CONVENIO POR EL SERVICIO DE DESRATIZACION, SANITIZACION, DESINSECTACION Y OTRAS DE PLAGAS PARA LA DIRECCION DEL SERVICIO DE SALUD OSORNO Y SUS ESTABLECIMIENTOS DEPENDIENTES, PARA LOS AÑOS 2026 Y 2027;LP;1;1;CLP;1;1;7296;SERVICIO DE SALUD OSORNO;61.607.600-0;1057532;Bienes y Servicios;Av. Juan Mackenna N°825, Edificio Plaza Sur;Osorno;Región de los Lagos ;;1952433;JUAN FELIPE ROJEL HUENTRO;PROFESIONAL DE APOYO;2025-10-21T16:19:29.53;2026-01-02T15:01:00;2025-12-12T18:30:00;2025-12-17T17:00:00;2025-12-18T17:00:00;2026-01-02T15:01:00;2026-01-02T15:01:00;2025-12-12T18:12:58.447;2026-01-23T09:31:35.32;2026-02-02T17:00:00;;1900-01-16T00:00:00;2026-03-03T00:00:00;;;2025-12-12T18:30:00;0;0;0;1;;0;0;289;2;;;1;Servicio de Salud Osorno;1;95481792.0;;24;2;1;4;Erwin Camino;;Carlos Lopez;;;De acuerdo a numeral 7.7 de las bases de licitación;1;4;24; ;;0;0;2;0; ;0;;2;2026-01-22T00:00:00;1719;7;http://www.mercadopublico.cl/Procurement/Modules/RFB/StepsProcessAward/PreviewAwardAct.aspx?qs=iHIOWXPLcYWZaXN/GfBgMARIDR7nZwkLnJQGndcXOMw=
1057532-110-LE25;;Convenio de Servicio Informes de radiografias y ma;8;Adjudicada;Convenio de servicio informes de radiografías y mamografías ambulatorias y urgentes para los Hospitales Dependientes del S.S.O. año 2025;LE;1;1;CLP;1;1;7296;SERVICIO DE SALUD OSORNO;61.607.600-0;1057532;Bienes y Servicios;Av. Juan Mackenna N°825, Edificio Plaza Sur;Osorno;Región de los Lagos ;;6060;Rubén Uribe;Administrativo;2025-10-23T08:48:41.757;2026-01-02T15:05:00;2025-12-23T16:00:00;2025-12-26T17:00:00;2025-12-29T17:00:00;2026-01-02T15:10:00;2026-01-02T15:10:00;2025-12-23T15:10:27.303;2026-01-26T11:51:41.917;2026-02-12T17:00:00;;1900-01-16T00:00:00;;;;2025-12-23T16:00:00;0;0;0;1;;1;0;289;2;;;1;Servicio de Salud Osorno;0;0.0;;13;2;1;4;RODRIGO MARTINEZ;;BARBARA MENDEZ;;;NO SE PERMITE SUBCONTRATACIÓN, DE ACUERDO A NUMERAL 7.7 DE LAS BASES ADJUNTAS.;0;4;13; ;;0;0;2;0; ;0;;2;2026-01-23T00:00:00;1738;2;http://www.mercadopublico.cl/Procurement/Modules/RFB/StepsProcessAward/PreviewAwardAct.aspx?qs=x9rV2QnBlzcV6o/+/u+ACbdDsYxySFm9gaiM0BejGzE=
1077241-20-CO25;;Confección de Contenciones Estampadas para Altas de Tratamiento de Ortodoncia del Programa de Resolución de Ortodoncia en Niños Niñas y Adolescentes;8;Adjudicada;El Servicio requiere contratar, a contar de la Resolución que Apruebe el correspondiente contrato y hasta el mes de mayo de 2026, un Convenio de Suministro que realice la confección de contenciones estampadas para altas de tratamiento de Ortodoncia del Programa Resolución de Ortodoncia en niños(as) y adolescente, con el objeto de dar finalización a tratamientos de ortodoncia realizado por medio del Programa “Construyendo Nuevas Sonrisas”, los cuales se ejecutan en el Hospital Base San José Osorno.;CO;3;0;CLP;1;1;7296;SERVICIO DE SALUD OSORNO;61.607.600-0;1077241;Administración de Fondos;Esperanza N°555;Puerto Octay;Región de los Lagos ;;6060;Rubén Uribe;Administrativo;2025-12-11T00:00:00;2026-01-08T15:00:00;2025-12-29T09:00:00;2026-01-02T15:00:00;2026-01-05T17:00:00;2026-01-08T15:05:00;2026-01-08T15:05:00;2025-12-29T08:49:59.417;2026-02-04T08:26:28.16;2026-02-18T17:00:00;;1900-01-31T00:00:00;2026-03-19T00:00:00;;;2025-12-29T09:00:00;0;0;0;1;;0;0;289;2;;;2;programa GORE Extrapresupuestario;0;0.0;;5;2;1;4;Erwin Camino B.;;Marco Gonzalez F.;;;Según numeral 7.6 de las bases;0;4;5; ;;0;0;2;0; ;0;;2;2026-02-03T00:00:00;2036;2;http://www.mercadopublico.cl/Procurement/Modules/RFB/StepsProcessAward/PreviewAwardAct.aspx?qs=DSGGlm1abTgxWJHWx8ClmN+ioJudSuoWeNXRDKnJpoo=
1057532-69-LP25;;Suministro Chip para Calderas HFSLKMM y PÚ MÚLEN DE QUILACAHUIN PERIODO DE 24 MESES AÑO 2026-2027;8;Adjudicada;ADQUIRIR CHIP PARA CALDERAS DE HOSPITALES INTERCULTURALES DURANTE EL PERIODO 2026-2027;LP;1;1;CLP;1;1;7296;SERVICIO DE SALUD OSORNO;61.607.600-0;1057532;Bienes y Servicios;Av. Juan Mackenna N°825, Edificio Plaza Sur;Osorno;Región de los Lagos ;;1529595;Ivan Vargas Ojeda;Comprador Administrativo;2025-08-18T00:00:00;2026-01-28T15:00:00;2026-01-08T10:45:00;2026-01-13T17:00:00;2026-01-14T17:00:00;2026-01-28T15:01:00;2026-01-28T15:01:00;2026-01-08T10:33:21.63;2026-02-09T17:00:02.873;2026-02-26T17:00:00;;1900-01-16T00:00:00;;;;2026-01-08T10:45:00;0;0;0;1;;0;0;289;2;;;2;Fondos Propios;1;144000000.0;;24;2;1;1;Rodrigo Martinez Alvarado;;Celia Castro Muñoz;;;DE ACUERDO A NUMERAL 7.7;1;4;24; ;;0;0;2;0; ;0;;2;2026-02-09T00:00:00;2355;2;http://www.mercadopublico.cl/Procurement/Modules/RFB/StepsProcessAward/PreviewAwardAct.aspx?qs=v8DiF34C5XI57jSas4yglsHwvuSoVftt918S9ff46LQ=
1057532-9-LE26;;CONVENIO DE SERVICIO DE MANTENCIONES PREVENTIVAS CORRECTIVAS YO REPARATIVAS 2026-2027 PARA BUS MITSUBISHI FUSO ROSA DEL HOSPITAL FUTA SRÜKA LAWENCHE KUNKO MAPU MO DEL SSO;8;Adjudicada;CONVENIO DE SERVICIO DE MANTENCIONES PREVENTIVAS CORRECTIVAS Y/O REPARATIVAS 2026-2027 PARA BUS MITSUBISHI FUSO ROSA DEL HOSPITAL FUTA SRÜKA LAWENCHE KUNKO MAPU MO DEL SSO;LE;1;1;CLP;1;1;7296;SERVICIO DE SALUD OSORNO;61.607.600-0;1057532;Bienes y Servicios;Av. Juan Mackenna N°825, Edificio Plaza Sur;Osorno;Región de los Lagos ;;2167366;Bastian Miranda Coronado;PROFESIONAL;2026-01-12T00:00:00;2026-01-26T15:00:00;2026-01-15T13:00:00;2026-01-19T17:00:00;2026-01-21T17:00:00;2026-01-26T15:01:00;2026-01-26T15:01:00;2026-01-15T12:49:00.497;2026-02-09T10:51:40.977;2026-02-24T17:00:00;;1900-01-16T00:00:00;;;;2026-01-15T13:00:00;0;0;0;1;;2;0;289;2;;;1;SECTORIAL;1;30000000.0;;24;2;1;4;RODRIGO MARTINEZ ALVARADO;;FELIPE SALVO;;;;1;4;24; ;;0;0;2;0; ;0;;2;2026-02-09T00:00:00;2351;1;http://www.mercadopublico.cl/Procurement/Modules/RFB/StepsProcessAward/PreviewAwardAct.aspx?qs=I6OdyJm10FNivKy6twDNZfFrGdUdOtDOpYtRP4EggoE=
1057922-7-LE26;;ADQUISICIÓN DE EQUIPAMIENTO PARA HABILITACIÓN DE COSAM RAHUE;8;Adjudicada;F5-002-BMC- ADQUISICIÓN DE EQUIPAMIENTO PARA HABILITACIÓN DE COSAM RAHUE  (*) Se reduce el plazo de publicación, debido a que los ítems a adquirir corresponden a equipos y equipamiento de simple  especificación técnica, y que la solicitud no contempla certificaciones ni cualquier otro antecedente técnico de compleja  obtención, que afecte negativamente la recopilación de antecedentes necesarios.;LE;1;1;CLP;1;1;7296;SERVICIO DE SALUD OSORNO;61.607.600-0;1057922;Activos Fijos;Av. Juan Mackenna N°825, Edificio Plaza Sur;Osorno;Región de los Lagos ;;2167366;Bastian Miranda Coronado;PROFESIONAL;2026-01-20T00:00:00;2026-01-28T17:01:00;2026-01-23T09:00:00;2026-01-26T17:00:00;2026-01-27T17:00:00;2026-01-28T17:02:00;2026-01-28T17:02:00;2026-01-23T08:59:23.87;2026-02-10T15:28:42.09;2026-02-16T17:00:00;;1900-01-16T00:00:00;;;;2026-01-23T09:00:00;0;0;0;1;;2;0;289;2;;;2;SECTORIAL;1;8000000.0;;;2;1;4;RODRIGO MARTINEZ ALVARADO;;MARIA ELENA MUÑOZ ;;;De acuerdo a lo estipulado en numeral 7.7 de las bases;1;1;0; ;;0;0;1;0; ;0;;2;2026-02-10T00:00:00;2376;13;http://www.mercadopublico.cl/Procurement/Modules/RFB/StepsProcessAward/PreviewAwardAct.aspx?qs=apxzDWVZAPoTFvwyOIwSmDkLSV3k7hnA/eoZ920OwsM=
1057532-129-LE25;;Convenio de Movilización para COSAM Rahue y COSAM Oriente dependientes del Servicio de Salud Osorno año 2026.;8;Adjudicada;Se requiere la contratación de Servicio de Movilización para COSAM Rahue y COSAM Oriente, dependientes del Servicio de Salud Osorno, año 2026. De acuerdo a las especificaciones técnicas señaladas en las bases de la licitación.;LE;1;1;CLP;1;1;7296;SERVICIO DE SALUD OSORNO;61.607.600-0;1057532;Bienes y Servicios;;;Región de los Lagos ;;2281976;Verónica Aracely Márquez Aguila;Comprador;2025-12-16T00:00:00;2025-12-26T15:01:00;2025-12-18T17:00:00;2025-12-22T17:00:00;2025-12-24T17:00:00;2025-12-26T15:02:00;2025-12-26T15:02:00;2025-12-18T16:58:07.413;2026-02-10T14:38:54.57;2026-01-26T17:00:00;;1900-01-16T00:00:00;;;;2025-12-18T17:00:00;0;0;0;1;;1;0;289;2;;;1;Servicio de Salud Osorno;1;40866650.0;;12;2;1;4;Erwin Camino;;Paola Ceballos;;;;1;4;12; ;;0;0;2;0; ;0;;2;2026-01-15T00:00:00;524;3;http://www.mercadopublico.cl/Procurement/Modules/RFB/StepsProcessAward/PreviewAwardAct.aspx?qs=+PwZrEqy8swhQXVLcHJU/Ksdz3wUu1rth15SuVc8b5Y=
1057532-132-L125;;F2-285-AVP// ADQUISICION DE INSUMOS DE ASEO PARA CTPEULLA PARA EL AÑO 2026;6;Cerrada;La adquisición y suministro de Insumos de Aseo son para la Comunidad Terapéutica Peulla, Lugar de Entrega: Av. Manuel Rodriguez #759, Osorno., por un período de doce (12) meses. La entrega será parcializada, Mensual, asegurando la disponibilidad de los insumos de aseo para el consumo en las dependencias de la Entidad. los proveedores deberan presentar oferta por la totalidad de los productos.;L1;1;1;CLP;1;0;7296;SERVICIO DE SALUD OSORNO;61.607.600-0;1057532;Bienes y Servicios;Ruta Puerto Octay U-55 (Calle de Servicio),;Osorno;Región de los Lagos ;;1515961;Alicia Vidal Paredes;Comprador Administrativo;2025-12-26T15:26:10.063;2026-02-10T16:00:00;2026-02-03T17:24:33.46;2026-02-04T17:00:00;2026-02-05T17:00:00;2026-02-10T16:01:00;2026-02-10T16:01:00;2026-02-03T17:24:33.46;2026-03-24T17:00:00;2026-03-24T17:00:00;;;;;;2026-02-03T17:24:33.46;0;0;0;1;Todas las ofertas técnicas serán visibles al público en general, través del portal www.mercadopublico.cl, desde el momento de la apertura electrónica.;0;0;289;2;;;2;;0;0.0;1;;2;0;-1;;;;;;;0;0;0; ;;0;0;0;0; ;0;;;;;;
1057532-123-CO25;;ARRIENDO DE EQUIPOS PARA EL MONITOREO AMBULATORIO DE LA PRESIÓN ARTERIAL Y SERVICIO DE INFORMES: INTERPRETACIÓN Y DIAGNÓSTICO DEL MONITOREO AMBULATORIO DE PRESIÓN ARTERIAL HOLTER DE PRESIÓN ARTERIAL POR VÍA TELEMÁTICA PARA 16 ESTABLECIMIENTOS DE APS;7;Desierta (o art. 3 ó 9 Ley 19.886);El Servicio requiere contratar a contar de la aprobación del contrato correspondiente y hasta el 31 de diciembre 2026, servicio de interpretación y diagnóstico de informes para el monitoreo ambulatorio de Presión Arterial (Holter presión arterial), con arriendo de equipos para 17 establecimientos de APS de la Provincia de Osorno año 2025 – 2026;CO;3;0;CLP;1;1;7296;SERVICIO DE SALUD OSORNO;61.607.600-0;1057532;Bienes y Servicios;Av. Juan Mackenna N°825, Edificio Plaza Sur;Osorno;Región de los Lagos ;;6060;Rubén Uribe;Administrativo;2025-11-24T00:00:00;2025-12-19T15:00:00;2025-12-09T11:30:00;2025-12-15T15:00:00;2025-12-16T17:00:00;2025-12-19T15:05:00;2025-12-19T15:05:00;2025-12-09T11:14:09.123;2026-02-12T10:35:05.087;2026-02-02T17:00:00;;1900-01-21T00:00:00;2026-03-03T00:00:00;;;2025-12-09T11:30:00;0;0;0;1;;0;0;289;2;;;1;;0;0.0;;12;2;1;4;Erwin Camino B.;;Consuelo Córdoba;;;7.7 de las bases de licitación.;0;4;12; ;;0;0;2;0; ;0;;;;;1;http://www.mercadopublico.cl/Procurement/Modules/RFB/StepsProcessAward/PreviewAwardAct.aspx?qs=eZU5tbYv1lzcLsjSt1NC/X09ZqAnKoADckFPsOePQ0Y=
1057922-2-LP26;;ADQUISICIÓN DE INSTRUMENTAL PARA HABILTACIÓN DE CESFAM+SAR RAHUE ALTO;6;Cerrada;Adquisición de equipos, mobiliario clínico e instrumental para habilitación de CESFAM con SAR Rahue Alto, con motivo del proyecto de Reposición del CESFAM con SAR Rahue Alto, Osorno, código BIP 30481028-0.;LP;1;1;CLP;1;0;7296;SERVICIO DE SALUD OSORNO;61.607.600-0;1057922;Activos Fijos;Av. Juan Mackenna N°825, Edificio Plaza Sur;Osorno;Región de los Lagos ;;1509881;Ariela Acevedo;PROFESIONAL APOYO;2026-01-15T00:00:00;2026-02-12T15:15:00;2026-01-23T11:00:00;2026-01-29T17:00:00;2026-02-02T17:00:00;2026-02-12T15:16:00;2026-02-12T15:16:00;2026-01-23T10:55:17.663;2026-02-23T17:00:00;2026-02-23T17:00:00;;1900-01-21T00:00:00;2026-03-24T00:00:00;;;2026-01-23T11:00:00;0;0;0;1;;0;0;289;2;;;2;;0;0.0;;;2;1;4;Rodrigo Martínez Alvarado;;Miguel Navarro Salgado;;;De acuerdo a lo establecido en numeral 7.7 de las bases;0;1;0; ;;0;0;1;0; ;0;;;;;;
1057532-130-L125;;Certificación de Ascensores año 2026 - 2027;8;Adjudicada;"El Servicio requiere contratar un servicio de ""CONVENIO DE SERVICIOS DE  CERTIFICACION DE 04 ASCENSORES DE HOSPITALES PU MÜLEN Y FÜTA SRÜKA LAWENCHE KÜNKO MAPU MO PERIODO 2026-2027"".";L1;1;1;CLP;1;1;7296;SERVICIO DE SALUD OSORNO;61.607.600-0;1057532;Bienes y Servicios;Ruta Puerto Octay U-55 (Calle de Servicio),;Osorno;Región de los Lagos ;;6060;Rubén Uribe;Administrativo;2025-12-22T11:50:10.013;2026-01-23T15:05:00;2026-01-07T10:36:06.11;2026-01-09T15:05:00;2026-01-13T17:00:00;2026-01-23T15:10:00;2026-01-23T15:10:00;2026-01-07T10:36:06.11;2026-02-12T16:34:51.85;2026-02-06T17:00:00;;;;;;2026-01-07T10:36:06.11;0;0;0;1;Todas las ofertas técnicas serán visibles al público en general, través del portal www.mercadopublico.cl, desde el momento de la apertura electrónica.;0;0;289;2;;;1;;1;3000000.0;0;;2;0;-1;;;;;;;1;0;0; ;;1;0;0;0; ;0;;2;2026-02-11T00:00:00;2486;4;http://www.mercadopublico.cl/Procurement/Modules/RFB/StepsProcessAward/PreviewAwardAct.aspx?qs=28JqPEQnfE4fVnkNUDEjqQH5Fv3g+CshRhKyt2GIWlA=
1057532-6-LR26;;ARRIENDO IMPRESORAS MULTIFUNCIONALES SSO;5;Publicada;SERVICIO DE ARRIENDO IMPRESORAS MULTIFUNCIONALES PARA EL SERVICIO DE SALUD OSORNO Y ESTABLECIMIENTOS DEPENDIENTES;LR;1;1;CLP;1;0;7296;SERVICIO DE SALUD OSORNO;61.607.600-0;1057532;Bienes y Servicios;Av. Juan Mackenna N°825, Edificio Plaza Sur;Osorno;Región de los Lagos ;;621550;Lesly Andrea Díaz Aburto;Administrativo;2026-01-08T12:32:56.85;2026-03-16T15:00:00;2026-02-12T18:00:00;2026-02-23T17:00:00;2026-02-27T17:00:00;2026-03-16T15:00:00;2026-03-16T15:00:00;2026-02-12T17:49:35.77;2026-04-16T17:00:00;2026-04-16T17:00:00;;;;;;2026-02-12T18:00:00;26;0;0;1;;0;0;289;1;;;2;;0;0.0;;36;1;1;1;RODRIGO MARTINEZ;;Alvaro Montecinos;;;DE ACUERDO A NUMERAL 7.7 DE LAS BASES ADJUNTAS.;0;4;36; ;;0;0;2;0; ;0;;;;;;
1057532-1-L126;;SERVICIO DE MANTENCIÓN Y INSTALACIÓN DE SENSORES DE HUMO PARA COSAM ORIENTE;8;Adjudicada;SE REQUIERE SERVICIO DE MANTENCIÓN Y INSTALACIÓN DE SENSORES DE HUMO PARA COSAM ORIENTE, SEGUN FORMULARIOS ADJUNTOS;L1;1;1;CLP;1;1;7296;SERVICIO DE SALUD OSORNO;61.607.600-0;1057532;Bienes y Servicios;Ruta Puerto Octay U-55 (Calle de Servicio),;Osorno;Región de los Lagos ;;2067506;NICOLAS ASENCIO MOREIRA;COMPRADOR;2026-01-05T10:39:15.58;2026-01-19T15:00:00;2026-01-12T11:20:16.98;2026-01-15T15:00:00;2026-01-16T16:00:00;2026-01-19T15:01:00;2026-01-19T15:01:00;2026-01-12T11:20:16.98;2026-02-13T16:21:10.85;2026-02-02T15:00:00;;;;;;2026-01-12T11:20:16.98;0;0;0;1;Todas las ofertas técnicas serán visibles al público en general, través del portal www.mercadopublico.cl, desde el momento de la apertura electrónica.;0;0;289;2;;;2;;1;4500000.0;1;;2;0;-1;;;;;;;1;0;0; ;;0;0;0;0; ;0;;2;2026-02-13T00:00:00;2227;2;http://www.mercadopublico.cl/Procurement/Modules/RFB/StepsProcessAward/PreviewAwardAct.aspx?qs=bpmDMhiVTrigtvJdlEF2MchV+s5bUtWeiNaBMFAAoxw=
1057532-5-LP26;;3 CUPOS PARA RESIDENCIA PROTEGIDA EN CONCEPCIÓN;6;Cerrada;ADQUISICIÓN 3 CUPOS PARA RESIDENCIA PROTEGIDA PARA EL SERVICIO DE SALUD OSORNO EN LA PROVINCIA DE CONCEPCIÓN;LP;1;1;CLP;1;0;7296;SERVICIO DE SALUD OSORNO;61.607.600-0;1057532;Bienes y Servicios;Av. Juan Mackenna N°825, Edificio Plaza Sur;Osorno;Región de los Lagos ;;621550;Lesly Andrea Díaz Aburto;Administrativo;2026-01-07T00:00:00;2026-02-16T15:00:00;2026-01-27T13:00:00;2026-01-29T17:00:00;2026-01-30T17:00:00;2026-02-16T15:01:00;2026-02-16T15:01:00;2026-01-26T12:07:37.217;2026-03-17T17:00:00;2026-03-17T17:00:00;;1900-01-16T00:00:00;;;;2026-01-27T13:00:00;0;0;0;1;;0;0;289;2;;;1;PPI Salud Mental;1;118759722.0;;24;2;1;4;RODRIGO MARTINEZ;;ANTONIA CAIFIL ;;;De acuerdo a numeral 7.7 de las bases administrativas y técnicas.;1;4;24; ;;0;0;2;0; ;0;;;;;;
1057532-17-L126;;F3-180-AVP//Adquisición de Alimentos (Carnes y Congelados) para Usuarios de CTPeulla año 2026;7;Desierta (o art. 3 ó 9 Ley 19.886);La adquisición y suministro de Alimentos (Carnes y Congelados) son para la Comunidad Terapéutica Peulla, Lugar de Entrega: García Hurtado #945, Osorno., por un período de doce (12) meses. La entrega será parcializada, Mensual, asegurando la disponibilidad de los Alimentos (Carnes y Congelados) para el consumo en las dependencias de la Entidad. Los proveedores deberán presentar oferta por la totalidad de los Alimentos.;L1;1;1;CLP;1;1;7296;SERVICIO DE SALUD OSORNO;61.607.600-0;1057532;Bienes y Servicios;Ruta Puerto Octay U-55 (Calle de Servicio),;Osorno;Región de los Lagos ;;1515961;Alicia Vidal Paredes;Comprador Administrativo;2026-01-27T19:27:36.013;2026-02-10T16:00:00;2026-02-03T17:27:00;2026-02-04T17:30:00;2026-02-05T17:30:00;2026-02-10T16:01:00;2026-02-10T16:01:00;2026-02-03T17:27:00;2026-02-16T12:12:19.713;2026-03-24T16:00:00;;;;;;2026-02-03T17:27:00;0;0;0;1;Todas las ofertas técnicas serán visibles al público en general, través del portal www.mercadopublico.cl, desde el momento de la apertura electrónica.;0;0;289;2;;;2;;1;4500000.0;0;;2;0;-1;;;;;;;1;0;0; ;;0;0;0;0; ;0;;;;;1;http://www.mercadopublico.cl/Procurement/Modules/RFB/StepsProcessAward/PreviewAwardAct.aspx?qs=uwneNN67KyK6yOs7pxv4P3xDrzLPV+ynxqz49cQybXM=
1180747-3-LR25;;Mejoramiento Eléctrico Hospital de Rio Negro;7;Desierta (o art. 3 ó 9 Ley 19.886);CONTRATAR LA COMPRA Y PROVISION DEL SISTEMA COMPLETO DE LA INSTALACION ELECTRICA Y CORRIENTES DEBILES DEL HOSPITAL DE RIO NEGRO, INCLUYENDO EL SISTEMA DE RESPALDO AUTÓNOMO.;LR;1;1;CLP;1;1;7296;SERVICIO DE SALUD OSORNO;61.607.600-0;1180747;Compras Convenio GORE Region de Los Lagos;AV. DECIMA REGION 480;Puerto Montt;Región de los Lagos ;;1952433;JUAN FELIPE ROJEL HUENTRO;PROFESIONAL DE APOYO;2025-07-14T15:33:18.23;2025-09-29T15:01:00;2025-08-20T12:05:00;2025-09-05T23:59:00;2025-09-17T17:00:00;2025-09-29T15:15:00;2025-09-29T15:15:00;2025-08-20T12:04:00;2026-02-17T15:33:54.98;2025-10-30T17:00:00;;1900-01-16T00:00:00;2025-11-28T00:00:00;;;2025-08-20T12:05:00;0;0;0;1;;0;2;289;2;;;1;FNDR;0;0.0;;28;2;1;4;Gobierno Regional de Los Lagos;;Carlos Toledo;;;;0;4;28; ;;1;0;2;0; ;0;;2;2026-02-17T00:00:00;3652;5;http://www.mercadopublico.cl/Procurement/Modules/RFB/StepsProcessAward/PreviewAwardAct.aspx?qs=FYOw+sMlFoMBjP8yvCMZfDRV1UY+gnSwBeYzo8HdKg0=
1057532-19-L126;;ADQUISICION DE AIRE MEDICINAL PARA IMPLEMENTACION  SALA DE GASES CLÍNICOS COSAM RAHUE;8;Adjudicada;Se requiere la compra de 6 cilindros de aire medicinal para la sala de gases clínicos del nuevo COSAM Rahue, la cual incluye cilindros, carga de gas medicinal y flete. Lo anterior debido a que el convenio de suministro que tiene actualmente el SSO es sólo para provisión de oxígeno, razón por la que es necesario realizar esta compra inicial, y posteriormente, hacer sólo el recambio de aire, que será aproximadamente cada 3 años. la compra debe incluir: 6 cilindros de 10M3 c/u, 60M3 de aire;L1;1;1;CLP;1;1;7296;SERVICIO DE SALUD OSORNO;61.607.600-0;1057532;Bienes y Servicios;Ruta Puerto Octay U-55 (Calle de Servicio),;Osorno;Región de los Lagos ;;2167366;Bastian Miranda Coronado;PROFESIONAL;2026-02-02T08:02:02.727;2026-02-13T15:15:00;2026-02-06T09:51:55.49;2026-02-09T17:00:00;2026-02-10T17:00:00;2026-02-13T15:16:00;2026-02-13T15:16:00;2026-02-06T09:51:55.49;2026-02-17T10:45:22.067;2026-03-06T17:00:00;;;;;;2026-02-06T09:51:55.49;0;0;0;1;Todas las ofertas técnicas serán visibles al público en general, través del portal www.mercadopublico.cl, desde el momento de la apertura electrónica.;0;0;289;2;;;1;;1;3420000.0;1;;2;0;-1;;;;;;;1;0;0; ;;0;0;0;0; ;0;;2;2026-02-17T00:00:00;3648;1;http://www.mercadopublico.cl/Procurement/Modules/RFB/StepsProcessAward/PreviewAwardAct.aspx?qs=h4ovqrmpm5Axz49nmeWpAO4zy6tcH+z1WozgLaxQMu4=
1180747-1-LR26;;Construcción Sala de Acogida Intercultural Sruka Hospital Base San José Osorno Nuevo llamado;5;Publicada;Construcción Sala de Acogida Intercultural (Sruka) Hospital Base San José Osorno;LR;1;1;CLP;1;0;7296;SERVICIO DE SALUD OSORNO;61.607.600-0;1180747;Compras Convenio GORE Region de Los Lagos;AV. DECIMA REGION 480;Puerto Montt;Región de los Lagos ;;1952433;JUAN FELIPE ROJEL HUENTRO;PROFESIONAL DE APOYO;2026-01-21T00:00:00;2026-04-06T15:01:00;2026-02-19T10:30:00;2026-03-16T23:59:00;2026-03-20T17:00:00;2026-04-06T15:15:00;2026-04-06T15:15:00;2026-02-19T10:29:10.62;2026-06-01T17:00:00;2026-06-01T17:00:00;;1900-01-16T00:00:00;2026-06-30T00:00:00;;;2026-02-19T10:30:00;42;0;0;1;;0;2;289;2;;;1;FNDR;1;383913000.0;;28;2;1;4;Gore;;cristobal Silva;;;;1;4;28; ;;1;0;2;0; ;0;;;;;;
1057532-16-L126;;F3-180-AVP//Adquisición de Alimentos (Abarrotes) para Usuarios de CTPeulla año 2026;7;Desierta (o art. 3 ó 9 Ley 19.886);La adquisición y suministro de Alimentos (Abarrotes) son para la Comunidad Terapéutica Peulla, Lugar de Entrega: Manuel Rodriguez #759, Osorno., por un período de doce (12) meses. La entrega será parcializada, Mensual, asegurando la disponibilidad de los Alimentos (Abarrotes) para el consumo en las dependencias de la Entidad. Los proveedores deberán presentar oferta por la totalidad de los Alimentos.;L1;1;1;CLP;1;1;7296;SERVICIO DE SALUD OSORNO;61.607.600-0;1057532;Bienes y Servicios;Ruta Puerto Octay U-55 (Calle de Servicio),;Osorno;Región de los Lagos ;;1515961;Alicia Vidal Paredes;Comprador Administrativo;2026-01-27T17:30:15.213;2026-02-09T17:00:00;2026-02-03T17:26:31.873;2026-02-04T16:00:00;2026-02-05T17:00:00;2026-02-09T17:01:00;2026-02-09T17:01:00;2026-02-03T17:26:31.873;2026-02-19T16:58:34.617;2026-03-11T16:00:00;;;;;;2026-02-03T17:26:31.873;0;0;0;1;Todas las ofertas técnicas serán visibles al público en general, través del portal www.mercadopublico.cl, desde el momento de la apertura electrónica.;0;0;289;2;;;2;;1;3000000.0;1;;2;0;-1;;;;;;;1;0;0; ;;0;0;0;0; ;0;;;;;2;http://www.mercadopublico.cl/Procurement/Modules/RFB/StepsProcessAward/PreviewAwardAct.aspx?qs=vrKk4Gn7Ousk+fmK6QbZMGwA8dRblydb6rGKJ1+S8uU=
1057922-1-LR26;;ADQUISICIÓN DE EQUIPOS MÉDICOS PARA HABILTACIÓN PARA CESFAM+SAR RAHUE ALTO;6;Cerrada;Adquisición de equipo y equipamiento médico para CESFAM con SAR Rahue Alto, con motivo del proyecto de Reposición del CESFAM con SAR Rahuel Alto, Osorno, código BIP 30481028-0.;LR;1;1;CLP;1;1;7296;SERVICIO DE SALUD OSORNO;61.607.600-0;1057922;Activos Fijos;Av. Juan Mackenna N°825, Edificio Plaza Sur;Osorno;Región de los Lagos ;;1509881;Ariela Acevedo;PROFESIONAL APOYO;2026-01-15T00:00:00;2026-02-25T15:15:00;2026-01-26T12:00:00;2026-02-09T17:00:00;2026-02-13T17:00:00;2026-02-25T15:16:00;2026-02-25T15:16:00;2026-01-26T11:43:00;2026-03-26T17:00:00;2026-03-26T17:00:00;;1900-01-21T00:00:00;2026-04-22T00:00:00;;;2026-01-26T12:00:00;0;0;0;1;;0;0;289;2;;;2;SECTORIAL;1;447106000.0;;;2;1;4;Rodrigo Martínez Alvarado;;Miguel Navarro Salgado;;;De acuerdo a lo establecido en numeral 7.7 de las bases;1;1;0; ;;0;0;1;0; ;0;;;;;;
1057532-7-LE26;;Convenio Mantención de Calderas y Red de Calefacción Establecimientos dependientes del SSO  periodo 2026 - 2027;7;Desierta (o art. 3 ó 9 Ley 19.886);El Servicio requiere contratar un servicio de mantención desde el 01 de enero de 2026 hasta el 31 de diciembre de 2027 llamado “Convenio Servicios De Mantención De Calderas Y Red De Calefacción/Vapor De Establecimientos Dependientes Del Servicio De Salud Osorno Periodo 2026-2027, Segundo Llamado”. Dado que los equipos aquí considerados no contarán con garantía técnica de post venta del fabricante y/o proveedor que lo suministró, por lo tanto, esta licitación asegurará que se realicen todos los servicios de mantenciones preventivas programadas y cualquier reparación que surja durante dicho periodo.;LE;1;1;CLP;1;1;7296;SERVICIO DE SALUD OSORNO;61.607.600-0;1057532;Bienes y Servicios;A COVENIR;Osorno;Región de los Lagos ;;6060;Rubén Uribe;Administrativo;2026-01-09T00:00:00;2026-02-06T15:00:00;2026-01-26T15:01:00;2026-02-02T15:00:00;2026-02-04T17:00:00;2026-02-06T15:01:00;2026-02-06T15:01:00;2026-01-26T12:37:55.467;2026-02-27T14:43:37.94;2026-03-06T17:00:00;;1900-01-31T00:00:00;2026-04-06T00:00:00;;;2026-01-26T15:01:00;0;0;0;1;;1;0;289;2;;;2;Servicio Salud Osorno;0;0.0;;24;2;1;1;Erwin Camino B.;;khris Silva;;;De acuerdo a lo indicado en numeral 7.7 de las presentes bases.;0;4;24; ;;0;0;2;0; ;0;;;;;1;http://www.mercadopublico.cl/Procurement/Modules/RFB/StepsProcessAward/PreviewAwardAct.aspx?qs=3QYKER7lNpWX1vBr74ttxkti8l/RoZPH/qFsJUqX76E=
1057532-15-LE26;;Convenio Accesorios Ventiladores 2do Llamado;6;Cerrada;El Servicio ha elaborado las presentes Bases Administrativas y Técnicas que contienen todos los requerimientos para materializar el “Convenio de accesorios para ventiladores mecánicos de transporte, monitores de signos vitales y desfibriladores de base SAMU Osorno periodo 2026 2do. llamado”.;LE;1;1;CLP;1;1;7296;SERVICIO DE SALUD OSORNO;61.607.600-0;1057532;Bienes y Servicios;Av. Juan Mackenna N°825, Edificio Plaza Sur;Osorno;Región de los Lagos ;;6060;Rubén Uribe;Administrativo;2026-01-27T14:12:04.267;2026-03-02T15:00:00;2026-02-20T13:01:00;2026-02-25T15:00:00;2026-02-26T15:30:00;2026-03-02T15:10:00;2026-03-02T15:10:00;2026-02-20T12:38:40.74;2026-03-31T17:00:00;2026-03-31T17:00:00;;1900-01-21T00:00:00;;;;2026-02-20T13:01:00;0;0;0;1;;1;0;289;2;;;2;Servicio Salud Osorno;0;0.0;;;2;1;4;Erwin Camino B.;;khris Silva Vargas;;;Según lo estipulado en numeral 7.4 de las bases;0;1;0; ;;0;0;1;0; ;0;;;;;;
1057532-11-LE26;;SERVICIO DE REGISTRO Y EMISIÓN LICENCIAS MÉDICAS;6;Cerrada;PROVISIÓN DEL SERVICIO DE REGISTRO Y EMISIÓN DE LICENCIAS MÉDICAS ELECTRÓNICAS PARA LA RED ASISTENCIAL DEL SERVICIO DE SALUD OSORNO;LE;1;1;CLP;1;0;7296;SERVICIO DE SALUD OSORNO;61.607.600-0;1057532;Bienes y Servicios;Av. Juan Mackenna N°825, Edificio Plaza Sur;Osorno;Región de los Lagos ;;1952433;JUAN FELIPE ROJEL HUENTRO;PROFESIONAL DE APOYO;2026-01-21T16:52:54.9;2026-03-02T15:00:00;2026-02-20T16:35:00;2026-02-23T17:00:00;2026-02-25T17:00:00;2026-03-02T15:01:00;2026-03-02T15:01:00;2026-02-20T16:32:59.81;2026-04-01T17:00:00;2026-04-01T17:00:00;;1900-01-16T00:00:00;;;;2026-02-20T16:35:00;0;0;0;1;;1;0;289;2;;;2;Servicio de Salud Osorno;0;0.0;;36;2;1;4;RODRIGO MARTINEZ;;Bruno Ojeda Alvarez;;;NO SE PERMITE SUBCONTRATACIÓN, DE ACUERDO A NUMERAL 7.7 DE LAS BASES ADJUNTAS.;0;4;36; ;;0;0;2;0; ;0;;;;;;
1057532-4-LP26;;SERVICIO RESIDENCIA PROTEGIDA ALTA COMPLEJIDAD OSORNO PARA 10 CUPOS;8;Adjudicada;SERVICIO DE RESIDENCIA PROTEGIDA DE ALTA COMPLEJIDAD EN LA CIUDAD DE OSORNO POR 10 CUPOS MENSUALES, PARA EL SERVICIO DE SALUD OSORNO;LP;1;1;CLP;1;1;7296;SERVICIO DE SALUD OSORNO;61.607.600-0;1057532;Bienes y Servicios;Av. Juan Mackenna N°825, Edificio Plaza Sur;Osorno;Región de los Lagos ;;621550;Lesly Andrea Díaz Aburto;Administrativo;2026-01-07T00:00:00;2026-02-16T15:00:00;2026-01-26T11:00:00;2026-01-28T17:00:00;2026-01-29T17:00:00;2026-02-16T15:01:00;2026-02-16T15:01:00;2026-01-26T10:39:17.037;2026-03-03T10:50:33.29;2026-03-17T15:34:00;;1900-01-16T00:00:00;;;;2026-01-26T11:00:00;0;0;0;1;;0;0;289;2;;;2;PPI Salud Mental;1;297226800.0;;12;2;1;4;RODRIGO MARTINEZ;;ANTONIA CAIFIL ;;;DE ACUERDO A LO ESTABLECIDO EN LAS BASES DE LICITACIÓN;1;4;12; ;;0;0;2;0; ;0;;2;2026-03-02T00:00:00;4073;1;http://www.mercadopublico.cl/Procurement/Modules/RFB/StepsProcessAward/PreviewAwardAct.aspx?qs=PvdXrgYC1WFgc72dkvlU5purAjxvvgNtkMaR6a4/tl8=
1057532-22-L126;;Confección de Ficha de Atención Prehospitalaria (SAMU Y DARA);6;Cerrada;Se requiere la confección de 260 talonarios de Atención Prehospitalaria Osorno y 400 talonarios de Atención Prehospitalaria SAMU Osorno,  de acuerdo a las especificaciones técnicas adjuntas en Formulario N°3, estos últimos con entrega parcializada de 200 al comienzo y los 200 restantes en el mes de junio 2026.;L1;1;1;CLP;1;1;7296;SERVICIO DE SALUD OSORNO;61.607.600-0;1057532;Bienes y Servicios;Ruta Puerto Octay U-55 (Calle de Servicio),;Osorno;Región de los Lagos ;;6060;Rubén Uribe;Administrativo;2026-02-10T10:11:20.357;2026-03-03T15:00:00;2026-02-24T11:39:22.08;2026-02-26T17:00:00;2026-02-27T17:00:00;2026-03-03T15:05:00;2026-03-03T15:05:00;2026-02-24T11:39:22.08;2026-03-24T17:00:00;2026-03-24T17:00:00;;;;;;2026-02-24T11:39:22.08;0;0;0;1;Todas las ofertas técnicas serán visibles al público en general, través del portal www.mercadopublico.cl, desde el momento de la apertura electrónica.;0;0;289;2;;;1;;1;3566040.0;0;;2;0;-1;;;;;;;1;0;0; ;;0;0;0;0; ;0;;;;;;
1057532-18-LP26;;CONVENIO MANT. CONVERSIONES AMBULANCIAS SSO;8;Adjudicada;CONVENIO DE SERVICIOS DE MANTENCIÓN PREVENTIVA, CORRECTIVA YO REPARATIVA PARA LAS CONVERSIONES EN AMBULANCIAS Y VEHÍCULOS CON EQUIPOS ESPECIALES DE LA RED DEL SERVICIO DE SALUD OSORNO AÑO 2026;LP;1;1;CLP;1;1;7296;SERVICIO DE SALUD OSORNO;61.607.600-0;1057532;Bienes y Servicios;Av. Juan Mackenna N°825, Edificio Plaza Sur;Osorno;Región de los Lagos ;;1408209;Rosa Vasquez;Jefe S Subdepartamento Abastecimiento SSO;2026-01-29T10:24:28.113;2026-02-25T15:00:00;2026-02-06T13:00:00;2026-02-10T17:00:00;2026-02-12T17:00:00;2026-02-25T15:01:00;2026-02-25T15:01:00;2026-02-06T12:27:15.8;2026-03-03T15:31:22.17;2026-03-27T17:00:00;;1900-01-16T00:00:00;;;;2026-02-06T13:00:00;0;0;0;1;;0;0;289;2;;;1;Servicio de Salud Osorno;1;96100000.0;;12;2;1;4;RODRIGO MARTINEZ;;FELIPE SALVO BARRIGA;;;;1;4;12; ;;0;0;2;0; ;0;;2;2026-03-03T00:00:00;4074;1;http://www.mercadopublico.cl/Procurement/Modules/RFB/StepsProcessAward/PreviewAwardAct.aspx?qs=5dmoKwkt1pppbiEQ8oPdbpDCSw8vrfHdln01hTS5mzM=
1057532-20-LE26;;Convenio mantención Autoclaves Tuttnauer de Establecimientos Dependientes del Servicio Salud Osorno Periodo 2026 - 2027;7;Desierta (o art. 3 ó 9 Ley 19.886);El Servicio requiere contratar un servicio de mantención desde febrero de 2026 hasta el 31 de diciembre de 2027 llamado “Convenio Servicios de Mantención de Autoclaves marca Tuttnauer de Establecimientos dependientes del Servicio de Salud Osorno Periodo 2026-2027”. Dado que los equipos aquí considerados no contarán con garantía técnica de post venta del fabricante y/o proveedor que lo suministró, por lo tanto, esta licitación asegurará que se realicen todos los servicios de mantenciones preventivas programadas y cualquier reparación que surja durante dicho periodo.;LE;1;1;CLP;1;1;7296;SERVICIO DE SALUD OSORNO;61.607.600-0;1057532;Bienes y Servicios;Av. Juan Mackenna N°825, Edificio Plaza Sur;Osorno;Región de los Lagos ;;6060;Rubén Uribe;Administrativo;2026-02-03T00:00:00;2026-02-23T15:05:00;2026-02-11T09:50:00;2026-02-16T15:00:00;2026-02-17T17:00:00;2026-02-23T15:10:00;2026-02-23T15:10:00;2026-02-11T08:52:33.39;2026-03-04T08:05:05.32;2026-03-24T17:00:00;;1900-01-16T00:00:00;2026-04-22T00:00:00;;;2026-02-11T09:50:00;0;0;0;1;;1;0;289;2;;;2;Servicio Salud Osorno;0;0.0;;24;2;1;4;Erwin Camino B.;;khris Silva;;;Según lo estipulado en numeral 7.7 de las bases.;0;4;24; ;;0;0;2;0; ;0;;;;;3;http://www.mercadopublico.cl/Procurement/Modules/RFB/StepsProcessAward/PreviewAwardAct.aspx?qs=xdC5sykfMvrvxMX84zKG6G5OxTEjpLU6CxQfCOIYnhA=
1057532-3-LP26;;CUPOS DÍA HOGAR PROTEGIDO MUJERES EN PROV. OSORNO;8;Adjudicada;CUPOS DÍA HOGAR PROTEGIDO MUJERES EN PROV. OSORNO;LP;1;1;CLP;1;1;7296;SERVICIO DE SALUD OSORNO;61.607.600-0;1057532;Bienes y Servicios;Av. Juan Mackenna N°825, Edificio Plaza Sur;Osorno;Región de los Lagos ;;621550;Lesly Andrea Díaz Aburto;Administrativo;2026-01-05T00:00:00;2026-02-16T15:00:00;2026-01-27T13:00:00;2026-01-29T17:00:00;2026-01-30T17:00:00;2026-02-16T15:01:00;2026-02-16T15:01:00;2026-01-26T12:46:37.903;2026-03-05T10:00:45.56;2026-03-17T17:00:00;;1900-01-16T00:00:00;;;;2026-01-27T13:00:00;0;0;0;1;;0;0;289;2;;;1;PPI Salud Mental;1;121432215.0;;12;2;1;4;RODRIGO MARTINEZ;;ANTONIA CAIFIL ;;;DE ACUERDO A NUMERAL 7.7 DE LAS BASES ADJUNTAS.;1;4;12; ;;0;0;2;0; ;0;;2;2026-03-04T00:00:00;4225;1;http://www.mercadopublico.cl/Procurement/Modules/RFB/StepsProcessAward/PreviewAwardAct.aspx?qs=YJGRx1oV0wzCzKzBVUtHxYrLXIJynunYcgG/Qya/zQQ=
1057532-2-LE26;;Consultoría Conservación Ed. Manuel Rodriguez SSO;7;Desierta (o art. 3 ó 9 Ley 19.886);Consultoría Proyecto Conservación Edificio Manuel Rodriguez - SSO;LE;1;1;CLP;1;0;7296;SERVICIO DE SALUD OSORNO;61.607.600-0;1057532;Bienes y Servicios;Av. Juan Mackenna N°825, Edificio Plaza Sur;Osorno;Región de los Lagos ;;1952433;JUAN FELIPE ROJEL HUENTRO;PROFESIONAL DE APOYO;2026-01-05T10:38:47.437;2026-03-06T15:00:00;2026-02-04T16:15:00;2026-02-18T17:00:00;2026-02-24T17:00:00;2026-03-06T15:01:00;2026-03-06T15:01:00;2026-02-04T16:01:59.243;2026-04-06T17:00:00;2026-04-06T17:00:00;;1900-01-16T00:00:00;2026-05-05T00:00:00;;;2026-02-04T16:15:00;0;0;0;1;;1;0;289;2;;;2;Servicio de Salud Osorno;1;69410000.0;;30;2;1;4;Erwin Camino;;Mario Barrientos;;;;1;4;30; ;;0;0;2;0; ;0;;;;;0;http://www.mercadopublico.cl/Procurement/Modules/RFB/StepsProcessAward/PreviewAwardAct.aspx?qs=8Onn/DHfB2fJYgJr4r4MXa+IV6cIdrKJwbFhPpylQN8=
1057922-3-LE26;;ADQUISICIÓN DE EQUIPOS DE FISIOTERAPIA PARA HABILTACIÓN DE CESFAM+SAR RAHUE ALTO;8;Adjudicada;Adquisición de equipos, mobiliario clínico e instrumental para habilitación de CESFAM con SAR Rahue Alto, con motivo del proyecto de Reposición del CESFAM con SAR Rahue Alto, Osorno, código BIP 30481028-0.;LE;1;1;CLP;1;1;7296;SERVICIO DE SALUD OSORNO;61.607.600-0;1057922;Activos Fijos;Av. Juan Mackenna N°825, Edificio Plaza Sur;Osorno;Región de los Lagos ;;1509881;Ariela Acevedo;PROFESIONAL APOYO;2026-01-16T00:00:00;2026-02-06T15:15:00;2026-01-23T10:00:00;2026-01-28T17:00:00;2026-01-29T17:00:00;2026-02-06T15:16:00;2026-02-06T15:16:00;2026-01-23T09:47:23.233;2026-03-09T17:37:00.307;2026-03-13T11:59:00;;1900-01-16T00:00:00;;;;2026-01-23T10:00:00;0;0;0;1;;2;0;289;2;;;2;;0;0.0;;;2;1;4;Rodrigo Martínez Alvarado;;Miguel Navarro Salgado;;;De acuerdo a lo establecido en numeral 7.7 de las bases;0;1;0; ;;0;0;1;0; ;0;;2;2026-03-09T00:00:00;4286;12;http://www.mercadopublico.cl/Procurement/Modules/RFB/StepsProcessAward/PreviewAwardAct.aspx?qs=M1cIOWD3ovhYCzIo9BsgdRU7/Hif0WJDzghTiyRRFg8=
1057532-23-LE26;;Arriendo de 03 vehículos para SSO 2026;5;Publicada;Arriendo de 03 vehículos para el traslado de los funcionarios del Servicio de Salud Osorno para el año 2026;LE;1;1;CLP;1;0;7296;SERVICIO DE SALUD OSORNO;61.607.600-0;1057532;Bienes y Servicios;Av. Juan Mackenna N°825, Edificio Plaza Sur;Osorno;Región de los Lagos ;;6060;Rubén Uribe;Administrativo;2026-02-11T00:00:00;2026-03-19T15:15:00;2026-03-09T11:00:00;2026-03-11T15:00:00;2026-03-13T15:00:00;2026-03-19T15:16:00;2026-03-19T15:16:00;2026-03-09T10:24:22.69;2026-04-14T17:00:00;2026-04-14T17:00:00;;1900-01-11T00:00:00;2026-05-04T00:00:00;;;2026-03-09T11:00:00;8;0;0;1;;1;0;289;2;;;1;Servicio de Salud Osorno;0;0.0;;10;2;1;4;RODRIGO MARTINEZ;;BARBARA MENDEZ;;;De acuerdo al Numeral 7.7. de las bases de licitación;0;4;10; ;;0;0;2;0; ;0;;;;;;
1057922-11-LE26;;ADQUISICION DE EQUIPAMIENTO MEDICO PARA CESFAM CON SAR CHUYACA;5;Publicada;ADQUISICION DE EQUIPAMIENTO MEDICO PARA CESFAM CON SAR CHUYACA  (*)Se reduce el plazo de publicación, debido a que los ítems a adquirir corresponden equipamiento de simple especificación  técnica (Ver Informe Técnico N°7 Adjunto);LE;1;1;CLP;1;0;7296;SERVICIO DE SALUD OSORNO;61.607.600-0;1057922;Activos Fijos;Av. Juan Mackenna N°825, Edificio Plaza Sur;Osorno;Región de los Lagos ;;2167366;Bastian Miranda Coronado;PROFESIONAL;2026-02-05T00:00:00;2026-03-17T15:15:00;2026-03-10T11:30:00;2026-03-12T17:00:00;2026-03-13T17:00:00;2026-03-17T15:16:00;2026-03-17T15:16:00;2026-03-10T11:00:42.837;2026-04-15T17:00:00;2026-04-15T17:00:00;;1900-01-16T00:00:00;;;;2026-03-10T11:30:00;6;0;0;1;;2;0;289;2;;;2;Sectorial;1;8460000.0;;;2;1;4;RODRIGO MARTINEZ ALVARADO;;MARIA ELENA MUÑOZ ;;;De acuerdo a lo establecido en el numeral 7.7;1;1;0; ;;0;0;1;0; ;0;;;;;;
1057532-8-LP26;;CONTRATACION SEGUROS GENERALES PARA VEHICULOS MOTORIZADOS PERTENECIENTES A LA RED DEL SERVICIO DE SALUD OSORNO POR 12 MESES;6;Cerrada;La Dirección del Servicio de Salud Osorno, ha estimado conveniente contratar Pólizas de Seguro para 40 vehículos motorizados que prestan servicios en la Red del Servicio de salud Osorno, ya sea como, Ambulancias 4x2,  Ambulancia 4x4, Camionetas, Todo Terrenos, Furgones, Minibuses, Station Wagon, SUV, Sedan, Camiones, Clínicas Dentales, Clínicas de Mamografía o como Transporte de personas, etc.;LP;1;1;CLP;1;0;7296;SERVICIO DE SALUD OSORNO;61.607.600-0;1057532;Bienes y Servicios;Av. Juan Mackenna N°825, Edificio Plaza Sur;Osorno;Región de los Lagos ;;2167366;Bastian Miranda Coronado;PROFESIONAL;2026-01-09T00:00:00;2026-03-11T15:00:00;2026-02-19T18:00:00;2026-03-02T17:00:00;2026-03-06T17:00:00;2026-03-11T15:01:00;2026-03-11T15:01:00;2026-02-19T17:45:52.457;2026-04-09T17:00:00;2026-04-09T17:00:00;;1900-01-16T00:00:00;;;;2026-02-19T18:00:00;0;0;0;1;;0;0;289;2;;;1;SECTORIAL;1;80000000.0;;12;2;1;4;RODRIGO MARTINEZ ALVARADO;;FELIPE SALVO;;;De acuerdo a lo indicado en numeral 7.7 de Bases;1;4;12; ;;0;0;2;0; ;0;;;;;;
1057922-7-LP25;;ADQ. EQUIPOS DE ESTERILIZACIÓN PARA CESFAM CHUYACA;8;Adjudicada;ADQUISICIÓN DE EQUIPOS DE ESTERILIZACIÓN PARA HABILITAR CESFAM CON SAR CHUYACA.;LP;1;1;CLP;1;1;7296;SERVICIO DE SALUD OSORNO;61.607.600-0;1057922;Activos Fijos;Av. Juan Mackenna N°825, Edificio Plaza Sur;Osorno;Región de los Lagos ;;1509881;Ariela Acevedo;PROFESIONAL APOYO;2025-03-20T12:25:14.047;2025-04-28T15:15:00;2025-04-07T09:00:00;2025-04-16T17:00:00;2025-04-21T17:00:00;2025-04-28T15:16:00;2025-04-28T15:16:00;2025-04-07T08:47:33.17;2025-05-23T14:33:04.707;2025-05-30T17:00:00;;1900-01-11T00:00:00;2025-06-18T00:00:00;;;2025-04-07T09:00:00;0;0;0;1;;0;0;289;2;;;1;SECTORIAL;1;158413000.0;;;2;1;4;Rodrigo Martínez Alvarado;;Miguel Navarro Salgado;;;;1;1;0; ;;0;0;1;0; ;0;;2;2025-05-23T00:00:00;8957;1;http://www.mercadopublico.cl/Procurement/Modules/RFB/StepsProcessAward/PreviewAwardAct.aspx?qs=E15V6SGn/073uNBMKFg/3pl4ah8LPahce54PGpDwgmQ=
1057532-35-LE25;;ADQUISICIÓN DE VILDAGLIPTINA 50 MG COMPRIMIDOS POR FALTANTE CENABAST PARA SERVICIO DE SALUD OSORNO.;8;Adjudicada;La presente licitación se requiere la Adquisición medicamento para la Red de Programas Ministeriales APS por faltante CENABAST para asegurar cobertura de terapéuticas en APS.;LE;1;1;CLP;1;1;7296;SERVICIO DE SALUD OSORNO;61.607.600-0;1057532;Bienes y Servicios;Av. Juan Mackenna N°825, Edificio Plaza Sur;Osorno;Región de los Lagos ;;1590644;JACQUELINE  OYARZUN ALVAREZ;Comprador administrativo;2025-04-28T00:00:00;2025-05-19T15:10:00;2025-05-07T14:00:00;2025-05-09T15:00:00;2025-05-12T15:00:00;2025-05-19T15:20:00;2025-05-19T15:20:00;2025-05-07T12:13:08.493;2025-05-30T16:02:47.75;2025-06-18T17:00:00;;;;;;2025-05-07T14:00:00;0;0;0;1;;2;0;289;1;;;2;Programas Ministeriales APS;0;0.0;Según Resolución adjunta;;1;1;1;Rodrigo Martinez Alvarado;;Eleuterio Román;;;De acuerdo a punto 7.5 de las bases.;0;4;0; ;;0;0;1;0; ;0;;2;2025-05-30T00:00:00;N°9069;6;http://www.mercadopublico.cl/Procurement/Modules/RFB/StepsProcessAward/PreviewAwardAct.aspx?qs=+GZVtgU69a4kOzMLbfIbUehy3Y0kJiJ7QiUhdexxjHI=
1057532-40-LE25;;15 CUPOS ADICIONALES DE SALA CUNA SSO;8;Adjudicada;CONTRATACION DE 15 CUPOS ADICIONALES BENEFICIO DE SALA CUNA PARA HIJOSAS FUNCIONARIAS DEPENDIENTES DEL SERVICIO DE SALUD OSORNO;LE;1;1;CLP;1;1;7296;SERVICIO DE SALUD OSORNO;61.607.600-0;1057532;Bienes y Servicios;Av. Juan Mackenna N°825, Edificio Plaza Sur;Osorno;Región de los Lagos ;;621550;Lesly Andrea Díaz Aburto;Administrativo;2025-05-16T15:56:21.503;2025-05-26T15:00:00;2025-05-20T12:50:00;2025-05-22T17:00:00;2025-05-23T17:00:00;2025-05-26T15:01:00;2025-05-26T15:01:00;2025-05-20T12:47:29.67;2025-06-12T16:42:05.51;2025-06-24T17:00:00;;;;;;2025-05-20T12:50:00;0;0;0;1;;1;0;289;1;;;1;;0;0.0;;7;1;1;1;RODRIGO MARTINEZ;;CLAUDIA MUÑOZ;;;DE ACUERDO AL NUMERAL 7.7 DE LAS BASES ADJUNTAS;0;4;7; ;;0;0;2;0; ;0;;2;2025-06-12T00:00:00;9489;2;http://www.mercadopublico.cl/Procurement/Modules/RFB/StepsProcessAward/PreviewAwardAct.aspx?qs=haIphxycl/+Ed+WVacR+ugu5ZHIJCCFIg+FHwNbFVYY=
1057532-34-LE25;;SERVICIO DE EXAMENES CON INFORME RADIOLOGICO;7;Desierta (o art. 3 ó 9 Ley 19.886);F3-200-BMC  Mantener la disponibilidad de exámenes de la especialidad de ecotomografía abdominal y mamaria para los usuarios requirentes de los Hospitales dependientes del Servicio de Salud Osorno.;LE;1;1;CLP;1;1;7296;SERVICIO DE SALUD OSORNO;61.607.600-0;1057532;Bienes y Servicios;Av. Juan Mackenna N°825, Edificio Plaza Sur;Osorno;Región de los Lagos ;;1545488;PAULINA NICOLE LONCOPAN CARRILLO;PROFESIONAL APOYO;2025-04-25T00:00:00;2025-06-16T15:00:00;2025-06-04T12:30:00;2025-06-06T17:00:00;2025-06-09T17:00:00;2025-06-16T15:01:00;2025-06-16T15:01:00;2025-06-04T11:57:17.197;2025-07-02T16:48:59.77;2025-07-29T17:00:00;;;;;;2025-06-04T12:30:00;0;0;0;1;;1;0;289;1;;;1;SECTORIAL;1;13000000.0;;7;1;1;4;RODRIGO MARTINEZ;;Barbara Mendez;;;;1;4;7; ;;0;0;2;0; ;0;;;;;1;http://www.mercadopublico.cl/Procurement/Modules/RFB/StepsProcessAward/PreviewAwardAct.aspx?qs=VqfX5Razs383LlSH40IYLBbfbyROKesHPjvAuLYlMAA=
1057922-12-LE25;;Caldera Mural GLP para Hospital de Puerto Octay;8;Adjudicada;Adquirir equipo para proveer agua caliente sanitaria y de calefacción para todo el Hospital de Puerto Octay;LE;1;1;CLP;1;1;7296;SERVICIO DE SALUD OSORNO;61.607.600-0;1057922;Activos Fijos;Av. Juan Mackenna N°825, Edificio Plaza Sur;Osorno;Región de los Lagos ;;6060;Rubén Uribe;Administrativo;2025-05-02T12:40:35.957;2025-06-16T15:15:00;2025-05-26T13:01:00;2025-06-02T17:00:00;2025-06-05T17:00:00;2025-06-16T15:16:00;2025-06-16T15:16:00;2025-05-26T11:53:00;2025-07-03T16:23:41.15;2025-06-30T17:00:00;;1900-01-11T00:00:00;;;;2025-05-26T13:01:00;0;0;0;1;;1;0;289;2;;;2;Servicio Salud Osorno;0;0.0;;;2;1;1;Erwin Camino B.;;khris Silva;;;Es Servicio NO autoriza la subcontratación parcial a terceros numeral 7.7 de las bases;0;1;0; ;;0;0;1;0; ;0;;2;2025-07-03T00:00:00;10819;2;http://www.mercadopublico.cl/Procurement/Modules/RFB/StepsProcessAward/PreviewAwardAct.aspx?qs=ziS+DqBoQmjM6humT3unrk4n2+gxikSwW1wELRplEO0=
1057532-49-LE25;;PRESTACIONES DE REHABILITACIÓN INTEGRAL TEA;7;Desierta (o art. 3 ó 9 Ley 19.886);ADQUISICIÓN DE PRESTACIONES DE REHABILITACIÓN INTEGRAL PARA EVALUACIÓN DIAGNÓSTICA Y TRATAMIENTO EN NIÑOS, NIÑAS Y ADOLESCENTES CON TRASTORNO DEL ESPECTRO AUTISTA;LE;1;1;CLP;1;0;7296;SERVICIO DE SALUD OSORNO;61.607.600-0;1057532;Bienes y Servicios;Av. Juan Mackenna N°825, Edificio Plaza Sur;Osorno;Región de los Lagos ;;621550;Lesly Andrea Díaz Aburto;Administrativo;2025-06-13T11:17:15.833;2025-07-07T15:00:00;2025-06-26T13:00:00;2025-06-30T17:00:00;2025-07-01T17:00:00;2025-07-07T15:01:00;2025-07-07T15:01:00;2025-06-26T12:41:21.973;2025-08-20T17:00:00;2025-08-20T17:00:00;;;;;;2025-06-26T13:00:00;0;0;0;1;;1;0;289;1;;;1;;0;0.0;;6;1;1;1;RODRIGO MARTINEZ;;KARIN AVILA;;;DE ACUERDO AL NUMERAL 7.7 DE LAS BASES ADJUNTAS.;0;4;6; ;;0;0;2;0; ;0;;;;;0;http://www.mercadopublico.cl/Procurement/Modules/RFB/StepsProcessAward/PreviewAwardAct.aspx?qs=AuQRC0Y+K7jzKWNfHU95v+nfDwS+osNC3ws3Ky24kXE=
1057922-13-LP25;;ADQUISICIÓN DE INSTRUMENTAL QUIRÚRGICO PARA HABILITACIÓN CESFAM CON SAR CHUYACA;8;Adjudicada;F5-015-AAN/ADQUISICIÓN DE INSTRUMENTAL QUIRÚRGICO PARA CESFAM CON SAR CHUYACA;LP;1;1;CLP;1;1;7296;SERVICIO DE SALUD OSORNO;61.607.600-0;1057922;Activos Fijos;Av. Juan Mackenna N°825, Edificio Plaza Sur;Osorno;Región de los Lagos ;;1509881;Ariela Acevedo;PROFESIONAL APOYO;2025-05-12T00:00:00;2025-06-06T15:15:00;2025-05-22T14:50:00;2025-05-27T15:00:00;2025-05-29T15:00:00;2025-06-06T15:16:00;2025-06-06T15:16:00;2025-05-22T14:48:20.93;2025-07-07T15:21:40.3;2025-07-07T17:00:00;;1900-01-11T00:00:00;2025-08-05T00:00:00;;;2025-05-22T14:50:00;0;0;0;1;;0;0;289;2;;;2;;0;0.0;;;2;1;4;Rodrigo Martínez Alvarado;;Miguel Navarro Salgado;;;;0;1;0; ;;0;0;1;0; ;0;;2;2025-07-04T00:00:00;10858;9;http://www.mercadopublico.cl/Procurement/Modules/RFB/StepsProcessAward/PreviewAwardAct.aspx?qs=ty5mJOC+YZfPmmlqv8s82AUarv2k6gmSUb/wY+ZLFpc=
1057532-47-L125;;Adquisición de Fármacos Programas Ministeriales no despachados CENABAST.;8;Adjudicada;Adquisición de Fármacos Programas Ministeriales por faltante CENABAST en riesgo de falta.;L1;1;1;CLP;1;1;7296;SERVICIO DE SALUD OSORNO;61.607.600-0;1057532;Bienes y Servicios;Ruta Puerto Octay U-55 (Calle de Servicio);Osorno;Región de los Lagos ;;1590644;JACQUELINE  OYARZUN ALVAREZ;Comprador administrativo;2025-06-03T15:28:40.097;2025-06-16T15:15:00;2025-06-11T10:57:50.41;2025-06-12T17:00:00;2025-06-13T17:00:00;2025-06-16T15:30:00;2025-06-16T15:30:00;2025-06-11T10:57:50.41;2025-07-09T10:12:48.603;2025-07-07T18:58:00;;;;;;2025-06-11T10:57:50.41;0;0;0;1;Todas las ofertas técnicas serán visibles al público en general, través del portal www.mercadopublico.cl, desde el momento de la apertura electrónica.;0;0;289;2;;;2;;1;5200000.0;0;;2;0;-1;;;;;;;1;0;0; ;;0;0;0;0; ;0;;2;2025-07-09T00:00:00;10873;8;http://www.mercadopublico.cl/Procurement/Modules/RFB/StepsProcessAward/PreviewAwardAct.aspx?qs=xn5yBNEe4xucQk8AvjjcsQqpPpZorQcRF/9yga0YnMg=
1057922-23-LE25;;ADQUISICION ELECTROESTIMULADOR CON BIOFEEDBACK-PNC;8;Adjudicada;F5-010-BMC-REPOSICIÓN Y ADQUISICIÓN DE EQUIPOS Y EQUIPAMIENTO PARA EL SERVICIO DE SALUD OSORNO, CONTEMPLADOS POR PLAN NACIONAL DEL CÁNCER 2025;LE;1;1;CLP;1;1;7296;SERVICIO DE SALUD OSORNO;61.607.600-0;1057922;Activos Fijos;Av. Juan Mackenna N°825, Edificio Plaza Sur;Osorno;Región de los Lagos ;;2167366;Bastian Miranda Coronado;PROFESIONAL;2025-06-16T11:20:22.79;2025-06-25T17:01:00;2025-06-19T12:00:00;2025-06-23T17:00:00;2025-06-24T17:00:00;2025-06-25T17:02:00;2025-06-25T17:02:00;2025-06-19T11:12:35.313;2025-07-09T11:25:27.64;2025-08-07T17:00:00;;1900-01-16T00:00:00;;;;2025-06-19T12:00:00;0;0;0;1;;2;0;289;2;;;2;SECTORIAL;1;10500000.0;;;2;1;4;RODRIGO MARTINEZ;;MARIA ELENA MUÑOZ;;;De acuerdo a lo establecido en numeral 7.6 de las bases.;1;1;0; ;;0;0;1;0; ;0;;2;2025-07-08T00:00:00;10871;1;http://www.mercadopublico.cl/Procurement/Modules/RFB/StepsProcessAward/PreviewAwardAct.aspx?qs=CHZ941ejsixEewYn8BFrlNsLIVVsKaDyGCzbyvcy0No=
1057922-14-LP25;;ADQUISICIÓN DE EQUIPOS CRR PARA PABELLÓN DEL HOSPITAL BASE SAN JOSE DE OSORNO;8;Adjudicada;F5-016-AAN/ADQUISICIÓN DE INSTRUMENTAL QUIRÚRGICO PARA CESFAM CON SAR CHUYACA;LP;1;1;CLP;1;1;7296;SERVICIO DE SALUD OSORNO;61.607.600-0;1057922;Activos Fijos;Av. Juan Mackenna N°825, Edificio Plaza Sur;Osorno;Región de los Lagos ;;1509881;Ariela Acevedo;PROFESIONAL APOYO;2025-05-15T00:00:00;2025-06-16T15:15:00;2025-05-26T11:30:00;2025-06-02T15:00:00;2025-06-04T15:00:00;2025-06-16T15:16:00;2025-06-16T15:16:00;2025-05-26T11:28:14.027;2025-07-09T08:56:18.157;2025-07-17T17:00:00;;1900-01-11T00:00:00;2025-08-18T00:00:00;;;2025-05-26T11:30:00;0;0;0;1;;0;0;289;2;;;2;;1;78420000.0;;;2;1;4;Rodrigo Martínez Alvarado;;Miguel Navarro Salgado;;;;1;1;0; ;;0;0;1;0; ;0;;2;2025-07-08T00:00:00;10870;6;http://www.mercadopublico.cl/Procurement/Modules/RFB/StepsProcessAward/PreviewAwardAct.aspx?qs=KxJWaK93EemOHNIENZfSZOLt2vO2+5Qk85o7T3XPCwU=
1077241-4-LE25;;Servicio de Movilización Programa Prevec año 2025;8;Adjudicada;El contrato comprenderá la prestación del Servicio de Movilización, por un período estimado de diez (10) meses, destinado al traslado de funcionarios, para facilitar las actividades de difusión, enrolamiento y tamizaje del Programa PREVEC, en zonas urbanas y rurales de la provincia de Osorno.;LE;1;1;CLP;1;1;7296;SERVICIO DE SALUD OSORNO;61.607.600-0;1077241;Administración de Fondos;Esperanza N°555;Puerto Octay;Región de los Lagos ;;1952433;JUAN FELIPE ROJEL HUENTRO;PROFESIONAL DE APOYO;2025-06-02T00:00:00;2025-06-13T15:15:00;2025-06-03T11:00:00;2025-06-05T15:00:00;2025-06-09T15:00:00;2025-06-13T15:16:00;2025-06-13T15:16:00;2025-06-03T10:40:59.967;2025-07-11T16:11:02.613;2025-07-11T16:00:00;;;;;;2025-06-03T11:00:00;0;0;0;1;;1;0;289;1;;;1;Programas;1;30000000.0;;10;1;1;4;Erwin Camino B.;;Mario Aburto;;;De acuerdo a numeral 7.6 de las bases de licitación;1;4;10; ;;0;0;2;0; ;0;;2;2025-07-11T00:00:00;10931;1;http://www.mercadopublico.cl/Procurement/Modules/RFB/StepsProcessAward/PreviewAwardAct.aspx?qs=scRQvLaaBtv+OdnXoN+HMl3IK8GavnOL+ZsoG9wLPJ8=
1057922-11-LP25;;ADQUISICIÓN DE AMBULANCIA DE EMERGENCIA BÁSICA 4X2 PARA CESFAM CON SAR CHUYACA DE OSORNO;8;Adjudicada;La presente licitación tiene como objetivo la adquisición de Ambulancias de Emergencia Básica 4x2 para CESFAM con SAR Chuyaca de Osorno, para cumplir con los requerimientos de los usuarios de la provincia.;LP;1;1;CLP;1;1;7296;SERVICIO DE SALUD OSORNO;61.607.600-0;1057922;Activos Fijos;Av. Juan Mackenna N°825, Edificio Plaza Sur;Osorno;Región de los Lagos ;;1590644;JACQUELINE  OYARZUN ALVAREZ;Comprador administrativo;2025-04-30T00:00:00;2025-06-16T15:00:00;2025-05-26T14:00:00;2025-05-30T15:00:00;2025-06-04T17:00:00;2025-06-16T15:01:00;2025-06-16T15:01:00;2025-05-26T11:53:00;2025-07-15T14:33:48.623;2025-07-15T17:00:00;;1900-01-16T00:00:00;;;;2025-05-26T14:00:00;0;0;0;1;;0;0;289;2;;;1;Financiamiento sectorial;0;0.0;De acuerdo al numeral 1.1.1 de las bases.;;2;1;4;Rodrigo Martinez Alvarado;;Felipe Salvo Barriga;;;;0;4;0; ;;0;0;1;0; ;0;;2;2025-07-15T00:00:00;12011;3;http://www.mercadopublico.cl/Procurement/Modules/RFB/StepsProcessAward/PreviewAwardAct.aspx?qs=88YeJ0iCxM2IrEhAfCuDTpM9pcg5AaZaIzOjMAB+5Eg=
1057532-42-LE25;;Servicio de Movilización para Vacunación SSO 2025;7;Desierta (o art. 3 ó 9 Ley 19.886);Servicio de Movilización de 2 vehículos, por 2 meses, para ejecución de servicio de vacunación y otros servicios de salud en la provincia de Osorno.;LE;1;1;CLP;1;1;7296;SERVICIO DE SALUD OSORNO;61.607.600-0;1057532;Bienes y Servicios;Av. Juan Mackenna N°825, Edificio Plaza Sur;Osorno;Región de los Lagos ;;1952433;JUAN FELIPE ROJEL HUENTRO;PROFESIONAL DE APOYO;2025-05-26T14:17:13.893;2025-06-23T15:15:00;2025-06-16T11:45:00;2025-06-17T15:00:00;2025-06-18T15:00:00;2025-06-23T15:16:00;2025-06-23T15:16:00;2025-06-16T11:44:44.63;2025-07-17T10:39:18.06;2025-07-21T17:00:00;;1900-01-11T00:00:00;;;;2025-06-16T11:45:00;0;0;0;1;;2;0;289;2;;;1;Programas;1;12000000.0;;2;2;1;4;Erwin Camino B.;;Carolina Lagos Calderón;;;De acuerdo a numeral 7.6 Subcontratación de las bases de licitación;1;4;2;RFB_CONTRACT_TIME_PERIOD_ALONG_TIME_EXECUTION;;0;0;2;0; ;0;;;;;2;http://www.mercadopublico.cl/Procurement/Modules/RFB/StepsProcessAward/PreviewAwardAct.aspx?qs=hLAi4ufK8Bcdkpd+Dy0ty3VDBKxFx6HkiCaQ75dmcOA=
1057532-54-CO25;;SERVICIO DE EXAMENES CON INFORME RADIOLOGICO;7;Desierta (o art. 3 ó 9 Ley 19.886);F3-200-BMC Mantener la disponibilidad de exámenes de la especialidad de ecotomografía abdominal y mamaria para los usuarios requirentes de los Hospitales dependientes del Servicio de Salud Osorno.;CO;3;0;CLP;1;0;7296;SERVICIO DE SALUD OSORNO;61.607.600-0;1057532;Bienes y Servicios;Av. Juan Mackenna N°825, Edificio Plaza Sur;Osorno;Región de los Lagos ;;2167366;Bastian Miranda Coronado;PROFESIONAL;2025-07-02T10:40:29.947;2025-07-21T15:00:00;2025-07-10T16:00:00;2025-07-14T17:00:00;2025-07-15T15:00:00;2025-07-21T15:01:00;2025-07-21T15:01:00;2025-07-10T15:16:19.78;2025-09-01T17:00:00;2025-09-01T17:00:00;;1900-01-16T00:00:00;;;;2025-07-10T16:00:00;0;0;0;1;;0;0;289;2;;;1;Sectorial;1;13000000.0;;5;2;1;4;RODRIGO MARTINEZ ALVARADO;;RODRIGO MARTINEZ ALVARADO;;;De acuerdo a lo establecido en numeral 7.7 de las bases;1;4;5; ;;0;0;2;0; ;0;;;;;0;http://www.mercadopublico.cl/Procurement/Modules/RFB/StepsProcessAward/PreviewAwardAct.aspx?qs=1Hfgzeu1HRTMNrxeI9rojyOsh10HAo38PDYFUmSLw9M=
1057922-22-LP25;;ADQUISICIÓN DE INSTRUMENTAL QUIRÚRGICO PARA HBSJO;7;Desierta (o art. 3 ó 9 Ley 19.886);F5-022-BMC Adquisición de Instrumental Quirúrgico para habilitación de Pabellón Angiografía del Hospital Base San José de Osorno.;LP;1;1;CLP;1;1;7296;SERVICIO DE SALUD OSORNO;61.607.600-0;1057922;Activos Fijos;Av. Juan Mackenna N°825, Edificio Plaza Sur;Osorno;Región de los Lagos ;;2167366;Bastian Miranda Coronado;PROFESIONAL;2025-06-16T00:00:00;2025-06-27T17:30:00;2025-06-17T17:30:00;2025-06-19T17:00:00;2025-06-23T17:00:00;2025-06-27T17:31:00;2025-06-27T17:31:00;2025-06-17T17:18:29.01;2025-07-23T17:36:43.107;2025-08-11T17:00:00;;1900-01-16T00:00:00;;;;2025-06-17T17:30:00;0;0;0;1;;0;0;289;2;;;2;Sectorial;1;74519000.0;;;2;1;4;RODRIGO MARTINEZ ALVARADO;;MARIA ELENA MUÑOZ ;;;De acuerdo a lo establecido en numeral 7.6 de las bases;1;1;0; ;;0;0;1;0; ;0;;;;;3;http://www.mercadopublico.cl/Procurement/Modules/RFB/StepsProcessAward/PreviewAwardAct.aspx?qs=jkwWDcTjuldUcFKicY9xZ8ooGJuqBL9jmDtgYQ+qF3U=
1057922-15-LR25;;ADQUISICIÓN DE INSTRUMENTAL PARA CRR PABELLÓN HBO;8;Adjudicada;F5-016-AAN/REPOSICION Y ADQUISICION EQUIPOS CRR PARA PABELLÓN DEL HOSPITAL BASE DE OSORNO;LR;1;1;CLP;1;1;7296;SERVICIO DE SALUD OSORNO;61.607.600-0;1057922;Activos Fijos;Av. Juan Mackenna N°825, Edificio Plaza Sur;Osorno;Región de los Lagos ;;1509881;Ariela Acevedo;PROFESIONAL APOYO;2025-05-23T00:00:00;2025-07-03T15:15:00;2025-06-02T17:30:00;2025-06-11T15:00:00;2025-06-13T15:00:00;2025-07-03T15:16:00;2025-07-03T15:16:00;2025-06-02T17:16:03.55;2025-07-23T16:59:51.98;2025-07-23T17:00:00;;1900-01-11T00:00:00;2025-08-01T00:00:00;;;2025-06-02T17:30:00;0;0;0;1;;0;0;289;2;;;1;;0;0.0;;;2;1;4;Rodrigo Martínez Alvarado;;Miguel Navarro Salgado;;;;0;1;0; ;;0;0;1;0; ;0;;2;2025-07-23T00:00:00;12090;10;http://www.mercadopublico.cl/Procurement/Modules/RFB/StepsProcessAward/PreviewAwardAct.aspx?qs=kTsas57WW4XvHpjIuHsX5CucNoCyXs9xT9EoJaBOVL4=
1057922-17-LP25;;ADQUISICION DE MOBILIARIO CLINICO CESFAM CHUYACA;8;Adjudicada;F5-011-BMC-ADQUISICIÓN DE MOBILIARIO CLÍNICO PARA CESFAM CON SAR CHUYACA;LP;1;1;CLP;1;1;7296;SERVICIO DE SALUD OSORNO;61.607.600-0;1057922;Activos Fijos;Av. Juan Mackenna N°825, Edificio Plaza Sur;Osorno;Región de los Lagos ;;2167366;Bastian Miranda Coronado;PROFESIONAL;2025-06-04T08:56:53.337;2025-06-23T15:15:00;2025-06-12T17:15:00;2025-06-16T17:00:00;2025-06-17T17:00:00;2025-06-23T15:16:00;2025-06-23T15:16:00;2025-06-12T16:55:01.083;2025-07-25T15:19:16.947;2025-08-05T17:00:00;;1900-01-16T00:00:00;;;;2025-06-12T17:15:00;0;0;0;1;;0;0;289;2;;;2;SECTORIAL;1;125108000.0;;;2;1;4;RODRIGO MARTINEZ;;MARIA ELENA MUÑOZ;;;De acuerdo a lo estipulado en numeral 7.6;1;1;0; ;;0;0;1;0; ;0;;2;2025-07-25T00:00:00;12105;15;http://www.mercadopublico.cl/Procurement/Modules/RFB/StepsProcessAward/PreviewAwardAct.aspx?qs=/b7clu0RdctlxWmQuiXYQ7glK9iINAaiv2cR5s3D40A=
1077241-3-LP25;;ADQUISICIÓN EQUIPOS EQUIPAMIENTO E INSTRUMENTAL EN EL MARCO DE PROGRAMA DE RESOLUCIÓN DE LISTAS DE ESPERA GORE-SSO;8;Adjudicada;Adquirir Equipos, equipamiento e instrumental en el marco de Programa de Resolución de Listas de Espera GORE-SSO con la finalidad de aumentar la resolución de casos en lista de espera de la Red Asistencial del SSO.;LP;1;1;CLP;1;1;7296;SERVICIO DE SALUD OSORNO;61.607.600-0;1077241;Administración de Fondos;Av. Juan Mackenna N°825, Edificio Plaza Sur;Osorno;Región de los Lagos ;;1509881;Ariela Acevedo;PROFESIONAL APOYO;2025-05-23T00:00:00;2025-06-30T15:15:00;2025-06-09T10:00:00;2025-06-17T15:00:00;2025-06-19T15:00:00;2025-06-30T15:16:00;2025-06-30T15:16:00;2025-06-09T09:57:25.69;2025-07-28T09:47:37.807;2025-07-30T17:00:00;;1900-01-11T00:00:00;2025-09-01T00:00:00;;;2025-06-09T10:00:00;0;0;0;1;;0;0;289;2;;;2;;0;0.0;;;2;1;4;Rodrigo Martínez Alvarado;;Marco González Faine;;;Según numeral 7.5.;0;1;0; ;;0;0;1;0; ;0;;2;2025-07-25T00:00:00;12102;6;http://www.mercadopublico.cl/Procurement/Modules/RFB/StepsProcessAward/PreviewAwardAct.aspx?qs=Yu8EM5wUdjrY+ct4x/jLTTY0T0uz64/2Pvsnqkjv0wQ=
1057532-43-L125;;Adquisición Escalas Wechsler de Inteligencia para Dispositivos SSO;8;Adjudicada;F2-180-NAM Se requiere la compra de escalas Wechsler para usuarios de dispositivos Newen y Cosam Oriente. -Escala Wechsler de Inteligencia para Niños – Quinta Edición (Batería WISCV). -Escala Wechsler de inteligencia para Adultos-IV (WAIS-IV);L1;1;1;CLP;1;1;7296;SERVICIO DE SALUD OSORNO;61.607.600-0;1057532;Bienes y Servicios;Ruta Puerto Octay U-55 (Calle de Servicio);Osorno;Región de los Lagos ;;2067506;NICOLAS ASENCIO MOREIRA;COMPRADOR;2025-05-27T15:01:12.887;2025-07-07T16:00:00;2025-06-30T07:32:55.703;2025-07-01T17:00:00;2025-07-02T17:00:00;2025-07-07T16:01:00;2025-07-07T16:01:00;2025-06-30T07:32:55.703;2025-07-31T16:49:41.44;2025-07-25T16:00:00;;;;;;2025-06-30T07:32:55.703;0;0;0;1;Todas las ofertas técnicas serán visibles al público en general, través del portal www.mercadopublico.cl, desde el momento de la apertura electrónica.;0;0;289;2;;;2;;1;1751000.0;1;;2;0;-1;;;;;;;1;0;0; ;;0;0;0;0; ;0;;2;2025-07-31T00:00:00;12175;4;http://www.mercadopublico.cl/Procurement/Modules/RFB/StepsProcessAward/PreviewAwardAct.aspx?qs=Dop36H8wG+hvNBj4YCGFaxpHIrhgw5PLNWTpWd7X6Kw=
1057532-51-LE25;;“ADQUISICION DE CINTAS DE GLICEMIA CON GLUCOMETROS EN COMODATO PARA RED ASISTENCIAL APS EN CUMPLIMIENTO DE PROGRAMAS MINISTERIALES DE APS”;8;Adjudicada;La presente licitación tiene por objeto cumplir con la estrategia Programa Cardiovascular, entregar cintas para autocontrol de glicemia en APS según orientación técnica Programa Ministerial Diabetes, en los establecimientos de Atención Primaria de la Red Asistencial S.S.O.;LE;1;1;CLP;1;1;7296;SERVICIO DE SALUD OSORNO;61.607.600-0;1057532;Bienes y Servicios;MANUEL ANTONIO MATTA N° 455;Osorno;Región de los Lagos ;;1590644;JACQUELINE  OYARZUN ALVAREZ;Comprador administrativo;2025-06-27T00:00:00;2025-07-21T17:10:00;2025-07-08T10:01:00;2025-07-11T12:00:00;2025-07-17T17:00:00;2025-07-21T17:20:00;2025-07-21T17:20:00;2025-07-08T09:37:00;2025-08-06T16:38:23.71;2025-08-18T17:00:00;;1900-01-16T00:00:00;;;;2025-07-08T10:01:00;0;0;0;1;;2;0;289;2;;;2;;0;0.0;;;2;1;1;Erwin Camino B.;;Eleuterio Roman L.;;;Resolución Exenta N°1082704.07.2025.numeral 7.7 de las bases.;0;1;0; ;;0;0;1;0; ;0;;2;2025-08-06T00:00:00;N°12341;4;http://www.mercadopublico.cl/Procurement/Modules/RFB/StepsProcessAward/PreviewAwardAct.aspx?qs=VCAq9M9QyOAluvBkSkmyvbUHlKpicxuH4DzSV2cYin0=
1057922-19-LP25;;ADQUISICION DE EQUIPOS DENTALES CESFAM CHUYACA;8;Adjudicada;F5-019-BMC ADQUISICIÓN DE EQUIPOS DENTALES PARA CESFAM CON SAR CHUYACA.;LP;1;1;CLP;1;1;7296;SERVICIO DE SALUD OSORNO;61.607.600-0;1057922;Activos Fijos;Av. Juan Mackenna N°825, Edificio Plaza Sur;Osorno;Región de los Lagos ;;2167366;Bastian Miranda Coronado;PROFESIONAL;2025-06-04T00:00:00;2025-07-03T15:15:00;2025-06-13T17:00:00;2025-06-17T15:00:00;2025-06-23T17:00:00;2025-07-03T15:16:00;2025-07-03T15:16:00;2025-06-13T16:23:59.737;2025-08-06T17:03:24.417;2025-08-18T17:00:00;;1900-01-16T00:00:00;;;;2025-06-13T17:00:00;0;0;0;1;;0;0;289;2;;;2;SECTORIAL;1;107582000.0;;;2;1;4;RODRIGO MARTINEZ;;MARIA ELENA MUÑOZ;;;;1;1;0; ;;0;0;1;0; ;0;;2;2025-08-06T00:00:00;12337;15;http://www.mercadopublico.cl/Procurement/Modules/RFB/StepsProcessAward/PreviewAwardAct.aspx?qs=YBeNuVWlSRaYDEIP6+eEspBkXoYurQzRVK8IRk4p0g4=
1057922-10-R125;;ADQUISICIÓN DE EQUIPOS PARA PLAN NACIONAL DEL CÁNCER;8;Adjudicada;REPOSICIÓN Y ADQUISICIÓN DE EQUIPOS Y EQUIPAMIENTO PARA EL SERVICIO DE SALUD OSORNO, CONTEMPLADOS POR PLAN NACIONAL DEL CÁNCER 2025;LP;1;1;CLP;1;1;7296;SERVICIO DE SALUD OSORNO;61.607.600-0;1057922;Activos Fijos;Av. Juan Mackenna N°825, Edificio Plaza Sur;Osorno;Región de los Lagos ;;1509881;Ariela Acevedo;PROFESIONAL APOYO;2025-04-22T00:00:00;2025-05-19T15:15:00;2025-04-28T12:20:00;2025-05-07T17:00:00;2025-05-09T17:00:00;2025-05-19T15:16:00;2025-05-19T15:16:00;2025-04-28T12:16:12.377;2025-08-14T14:53:23.113;2025-06-18T18:49:00;;1900-01-11T00:00:00;;;;2025-04-28T12:20:00;0;0;0;0;;;0;289;2;;;1;;0;0.0;;;2;1;-1;;;;;;;0;1;0; ;;0;0;1;0; ;0;;2;2025-08-14T00:00:00;12793;15;http://www.mercadopublico.cl/Procurement/Modules/RFB/StepsProcessAward/PreviewAwardAct.aspx?qs=U8sPUNUKzi/+kupzjvXEoWeBa5pOrN4BnnFqO9kX4Fg=
1057532-37-R125;;LICENCIAS SOFTWARE ARCHICAD COLLABORATE O EQUIV;8;Adjudicada;SUSCRIPCIÓN LICENCIAS SOFTWARE ARCHICAD COLLABORATE O EQUIVALENTE PARA EL SERVICIO DE SALUD OSORNO, POR 12 MESES, CON PAGO EN 12 CUOTAS.;LE;1;1;CLP;1;1;7296;SERVICIO DE SALUD OSORNO;61.607.600-0;1057532;Bienes y Servicios;Av. Juan Mackenna N°825, Edificio Plaza Sur;Osorno;Región de los Lagos ;;621550;Lesly Andrea Díaz Aburto;Administrativo;2025-05-07T12:17:55.67;2025-06-16T15:01:00;2025-06-09T10:00:00;2025-06-11T17:00:00;2025-06-12T17:00:00;2025-06-16T15:01:00;2025-06-16T15:01:00;2025-06-09T09:57:55.46;2025-08-14T09:51:22.35;2025-07-17T17:00:00;;;;;;2025-06-09T10:00:00;0;0;0;0;;;0;289;1;;;1;;0;0.0;;12;1;1;-1;;;;;;DE ACUERDO A NUMERAL 7.7 DE LAS BASES ADJUNTAS;0;4;12; ;;0;0;2;0; ;0;;2;2025-08-13T00:00:00;12787;2;http://www.mercadopublico.cl/Procurement/Modules/RFB/StepsProcessAward/PreviewAwardAct.aspx?qs=LdnpOamYR8waftZAloYHXb3LlHQJk0OKekDiCaCspSU=
1057922-6-LR25;;ADQ. Y HABILITACIÓN DE ANGIÓGRAFO MONOPLANO MULTIP;8;Adjudicada;Adquirir un angiógrafo monoplano multipropósito para su habilitación en el Hospital San José de Osorno.;LR;1;1;CLP;1;1;7296;SERVICIO DE SALUD OSORNO;61.607.600-0;1057922;Activos Fijos;Av. Juan Mackenna N°825, Edificio Plaza Sur;Osorno;Región de los Lagos ;;1509881;Ariela Acevedo;PROFESIONAL APOYO;2025-03-05T12:48:07.397;2025-04-11T15:15:00;2025-03-06T16:30:00;2025-03-19T15:00:00;2025-03-26T15:00:00;2025-04-11T15:16:00;2025-04-11T15:16:00;2025-03-05T16:35:00;2025-08-18T18:16:50.057;2025-09-08T17:00:00;;1900-01-11T00:00:00;2025-05-27T12:48:07.397;;;2025-03-06T16:30:00;0;0;1;1;;0;0;289;2;;;2;;0;0.0;;;2;1;4;Rodrigo Martínez Alvarado;;Miguel Navarro Salgado;;;;0;1;0; ;;0;0;1;0; ;0;;2;2025-08-18T00:00:00;12826;1;http://www.mercadopublico.cl/Procurement/Modules/RFB/StepsProcessAward/PreviewAwardAct.aspx?qs=kmoBavPYCdY/BQ64sbgEiLJ7+KEuQkjjJHoa2nCyYzA=
1077241-5-LE25;;“Licitación de Insumos de Ortodoncia para continuidad de atenciones de Programa de resolución de ortodoncia en niños niñas y adolescentes de la provincia de Osorno y región de los Lagos” - Código BIP: 40001626-0;8;Adjudicada;"La presente licitación de adquisición de insumos tiene como objetivo dar continuidad de atenciones de ""Programa de resolución de ortodoncia en niños, niñas y adolescentes de la provincia de Osorno y región de los Lagos” Código BIP: 40001626-0.";LE;1;1;CLP;1;1;7296;SERVICIO DE SALUD OSORNO;61.607.600-0;1077241;Administración de Fondos;Av. Juan Mackenna N°825, Edificio Plaza Sur;Osorno;Región de los Lagos ;;1590644;JACQUELINE  OYARZUN ALVAREZ;Comprador administrativo;2025-06-16T00:00:00;2025-07-07T15:10:00;2025-06-27T12:00:00;2025-07-02T15:00:00;2025-07-03T16:00:00;2025-07-07T15:20:00;2025-07-07T15:20:00;2025-06-27T09:56:09.47;2025-08-20T10:21:28.033;2025-08-21T17:00:00;;1900-01-16T00:00:00;;;;2025-06-27T12:00:00;0;0;0;1;;2;0;289;2;;;2;Programas Extra Presupuestario;0;0.0;Según lo indicado en Resolución Nro. 10621;;2;1;4;Rodrigo Martinez Alvarado;;Marco Gonzalez F.;;;De acuerdo al numeral 7.6 de las bases.;0;4;0; ;;0;0;1;0; ;0;;2;2025-08-19T00:00:00;N°12872;4;http://www.mercadopublico.cl/Procurement/Modules/RFB/StepsProcessAward/PreviewAwardAct.aspx?qs=rw1VoYYgd0D0W+7NuvqvFmpwFdlOrUIBjVfQQP6bLXw=
1180747-1-LR25;;Construcción Posta de Salud Rural La Poza;7;Desierta (o art. 3 ó 9 Ley 19.886);Se requiere la construcción de un edificio de 295 m2, mediante estructura de acero metalcom, la cual contempla recintos de atención médica, recintos técnicos y la construcción de una vivienda del paramedico, todo esto en una superficie de terreno de 500 m2.;LR;1;1;CLP;1;1;7296;SERVICIO DE SALUD OSORNO;61.607.600-0;1180747;Compras Convenio GORE Region de Los Lagos;AV. DECIMA REGION 480;Puerto Montt;Región de los Lagos ;;1952433;JUAN FELIPE ROJEL HUENTRO;PROFESIONAL DE APOYO;2025-05-16T10:59:11.26;2025-07-14T15:00:00;2025-05-23T14:00:00;2025-06-16T23:59:00;2025-07-07T17:00:00;2025-07-14T15:15:00;2025-07-14T15:15:00;2025-05-23T13:28:00;2025-08-22T16:03:27.63;2025-08-14T17:00:00;;1900-01-16T00:00:00;2025-09-15T00:00:00;;;2025-05-23T14:00:00;0;0;0;1;;0;2;289;2;;;1;FNDR;0;0.0;;28;2;1;4;Gobierno Regional de Los Lagos;;Carlos Toledo;;;;0;4;28; ;;1;0;2;0; ;0;;;;;6;http://www.mercadopublico.cl/Procurement/Modules/RFB/StepsProcessAward/PreviewAwardAct.aspx?qs=79Pp3vk2HGzgU4GbV9IYqo6ZtwzRxto7TBtUkF3kYsI=
1057922-28-LE25;;ADQUISICIÓN EQUIPOS MÉDICOS Y MOBILIARIO COSAM RAHUE;8;Adjudicada;F5-028-BMC-ADQUISICIÓN DE EQUIPOS MÉDICOS Y MOBILIARIO CLÍNICO PARA HABILITACIÓN DE COSAM RAHUE.;LE;1;1;CLP;1;1;7296;SERVICIO DE SALUD OSORNO;61.607.600-0;1057922;Activos Fijos;Av. Juan Mackenna N°825, Edificio Plaza Sur;Osorno;Región de los Lagos ;;2167366;Bastian Miranda Coronado;PROFESIONAL;2025-07-15T00:00:00;2025-08-04T15:15:00;2025-07-28T12:00:00;2025-07-29T17:00:00;2025-07-31T17:00:00;2025-08-04T15:16:00;2025-08-04T15:16:00;2025-07-28T11:38:18.953;2025-09-01T09:11:08.093;2025-09-02T18:00:00;;1900-01-11T00:00:00;;;;2025-07-28T12:00:00;0;0;0;1;;2;0;289;2;;;2;SECTORIAL;1;51813000.0;;;2;1;4;RODRIGO MARTINEZ;;MARIA ELENA MUÑOZ;;;De acuerdo a lo establecido en el numeral 7.7 de las bases.;1;1;0; ;;0;0;1;0; ;0;;2;2025-08-29T00:00:00;13748;15;http://www.mercadopublico.cl/Procurement/Modules/RFB/StepsProcessAward/PreviewAwardAct.aspx?qs=Fw5XAaOYsE+H4Zn+o5scMYH4aR6GlbSAp62tLPuKEOo=
1057922-31-LE25;;ADQUISICION DE INSTRUMENTAL QUIRURGICO PARA CECOSF EL ENCANTO;8;Adjudicada;F5-026-BMC-ADQUISICIÓN DE INSTRUMENTAL QUIRUGICO PARA CECOSF EL ENCANTO.;LE;1;1;CLP;1;1;7296;SERVICIO DE SALUD OSORNO;61.607.600-0;1057922;Activos Fijos;Av. Juan Mackenna N°825, Edificio Plaza Sur;Osorno;Región de los Lagos ;;2167366;Bastian Miranda Coronado;PROFESIONAL;2025-07-15T00:00:00;2025-08-11T15:15:00;2025-08-01T16:00:00;2025-08-05T17:00:00;2025-08-07T17:00:00;2025-08-11T15:16:00;2025-08-11T15:16:00;2025-08-01T15:30:05.6;2025-09-09T11:22:27.79;2025-09-09T17:00:00;;1900-01-11T00:00:00;;;;2025-08-01T16:00:00;0;0;0;1;;2;0;289;2;;;2;Sectorial;1;20122000.0;;;2;1;4;RODRIGO MARTINEZ ALVARADO;;MARIA ELENA MUÑOZ ;;;De acuerdo a lo establecido en numeral 7.7 de las bases.;1;1;0; ;;0;0;1;0; ;0;;2;2025-09-08T00:00:00;14096;9;http://www.mercadopublico.cl/Procurement/Modules/RFB/StepsProcessAward/PreviewAwardAct.aspx?qs=rMfCG4uUKp43SuKN0LQIT+fcsrqYXGJCgehL/fs3KBQ=
1057532-61-LE25;;Servicio de Movilización para Vacunación SSO 2025 nuevo llamado;8;Adjudicada;Servicio de Movilización de 2 vehículos, por 2 meses, para ejecución de servicio de vacunación y otros servicios de salud en la provincia de Osorno.;LE;1;1;CLP;1;1;7296;SERVICIO DE SALUD OSORNO;61.607.600-0;1057532;Bienes y Servicios;Av. Juan Mackenna N°825, Edificio Plaza Sur;Osorno;Región de los Lagos ;;1952433;JUAN FELIPE ROJEL HUENTRO;PROFESIONAL DE APOYO;2025-07-21T00:00:00;2025-08-12T15:15:00;2025-08-07T11:00:00;2025-08-08T15:00:00;2025-08-11T15:00:00;2025-08-12T15:16:00;2025-08-12T15:16:00;2025-08-07T10:56:20.063;2025-09-09T16:47:20.5;2025-09-09T17:00:00;;;;;;2025-08-07T11:00:00;0;0;0;1;;2;0;289;1;;;1;Programas;0;0.0;;2;1;1;4;Erwin Camino B.;;Carolina Lagos Calderón;;;De acuerdo a numeral 7.6 Subcontratación de las bases de licitación;0;4;2;RFB_CONTRACT_TIME_PERIOD_ALONG_TIME_EXECUTION;;0;0;2;0; ;0;;2;2025-09-09T00:00:00;14123;1;http://www.mercadopublico.cl/Procurement/Modules/RFB/StepsProcessAward/PreviewAwardAct.aspx?qs=EjWf99oQTCt8vMqTod6Arve+ZrbRSoSiz8LBNoRq+vY=
1057922-35-LE25;;ADQUISICIÓN DE EQUIPOS DENTALES PARA CECOSF EL ENCANTO COMUNA DE PUYEHUE;8;Adjudicada;F5-029-BMC- Adquisición de Equipos Dentales para CECOSF El Encanto;LE;1;1;CLP;1;1;7296;SERVICIO DE SALUD OSORNO;61.607.600-0;1057922;Activos Fijos;Av. Juan Mackenna N°825, Edificio Plaza Sur;Osorno;Región de los Lagos ;;2167366;Bastian Miranda Coronado;PROFESIONAL;2025-07-17T00:00:00;2025-08-14T15:15:00;2025-08-04T09:30:00;2025-08-06T17:00:00;2025-08-08T17:00:00;2025-08-14T15:16:00;2025-08-14T15:16:00;2025-08-04T09:10:16.843;2025-09-10T16:20:12.417;2025-09-12T17:00:00;;1900-01-11T00:00:00;;;;2025-08-04T09:30:00;0;0;0;1;;2;0;289;2;;;2;SECTORIAL;1;25000000.0;;;2;1;4;RODRIGO MARTINEZ;;MARIA ELENA MUÑOZ;;;;1;1;0; ;;0;0;1;0; ;0;;2;2025-09-10T00:00:00;14130;8;http://www.mercadopublico.cl/Procurement/Modules/RFB/StepsProcessAward/PreviewAwardAct.aspx?qs=kCjCrGfxLoxT0NWUjBnMsWzj9wR6opnW1kXl/IPUBF0=
1057922-26-LP25;;ADQUISICIÓN DE INSTRUMENTAL QUIRÚRGICO HBSJO;8;Adjudicada;F5-022-BMC Adquisición de Instrumental Quirúrgico para habilitación de Pabellón Angiografía del Hospital Base San José de Osorno.;LP;1;1;CLP;1;1;7296;SERVICIO DE SALUD OSORNO;61.607.600-0;1057922;Activos Fijos;Av. Juan Mackenna N°825, Edificio Plaza Sur;Osorno;Región de los Lagos ;;2167366;Bastian Miranda Coronado;PROFESIONAL;2025-07-11T00:00:00;2025-08-11T15:15:00;2025-08-01T12:45:00;2025-08-05T17:00:00;2025-08-07T17:00:00;2025-08-11T15:16:00;2025-08-11T15:16:00;2025-08-01T12:38:50.32;2025-09-10T15:57:47.18;2025-09-10T17:30:00;;1900-01-16T00:00:00;;;;2025-08-01T12:45:00;0;0;0;1;;0;0;289;2;;;2;SECTORIAL;1;74519000.0;;;2;1;4;RODRIGO MARTINEZ;;MARIA ELENA MUÑOZ;;;De acuerdo a lo establecido en numeral 7.6 de las bases;1;1;0; ;;0;0;1;0; ;0;;2;2025-09-10T00:00:00;14129;3;http://www.mercadopublico.cl/Procurement/Modules/RFB/StepsProcessAward/PreviewAwardAct.aspx?qs=DMnsXHBu3JtDWH8UNxlxZLvgG+JMnf+mxmdICIdjXNs=
1057532-57-L125;;Mantención Preventiva y Correctiva de Camillas de Transporte Ambulancias Base Samu;7;Desierta (o art. 3 ó 9 Ley 19.886);Se requiere ejecutar mantención preventiva y correctiva para las camillas de ambulancias de la Base SAMU Osorno. Se espera asegurar la disponibilidad de equipos en ambulancias de emergencia básica y avanzada, que prestan servicios a la provincia de Osorno.;L1;1;1;CLP;1;1;7296;SERVICIO DE SALUD OSORNO;61.607.600-0;1057532;Bienes y Servicios;Ruta Puerto Octay U-55 (Calle de Servicio);Osorno;Región de los Lagos ;;1529595;Ivan Vargas Ojeda;Comprador Administrativo;2025-07-14T15:12:18.167;2025-07-30T15:00:00;2025-07-23T09:39:49.81;2025-07-24T17:00:00;2025-07-25T17:00:00;2025-07-30T15:05:00;2025-07-30T15:05:00;2025-07-23T09:39:49.81;2025-09-11T15:55:45.36;2025-09-08T17:00:00;;;;;;2025-07-23T09:39:49.81;0;0;0;1;Todas las ofertas técnicas serán visibles al público en general, través del portal www.mercadopublico.cl, desde el momento de la apertura electrónica.;0;0;289;2;;;2;;1;3700000.0;1;;2;0;-1;;;;;;;1;0;0; ;;0;0;0;0; ;0;;;;;3;http://www.mercadopublico.cl/Procurement/Modules/RFB/StepsProcessAward/PreviewAwardAct.aspx?qs=UyRAFTh1miNmCbwPVWnhnRthXjFbX4NuAJU1jG4CCtg=
1057532-33-LP25;;CONVENIO DE SUMINISTRO DE MEDICAMENTOS PARA ESTABLECIMIENTO DEPENDIENTES Y DROGUERIA DEL S.S.O. POR 24 MESES.;8;Adjudicada;La presente licitación se requiere para contar con un Convenio de Suministro de Medicamentos e insumos para poder responder a incremento de demanda o incumplimiento de despachos de CENABAST.;LP;1;1;CLP;1;1;7296;SERVICIO DE SALUD OSORNO;61.607.600-0;1057532;Bienes y Servicios;Av. Juan Mackenna N°825, Edificio Plaza Sur;Osorno;Región de los Lagos ;;1590644;JACQUELINE  OYARZUN ALVAREZ;Comprador administrativo;2025-04-23T00:00:00;2025-06-06T15:10:00;2025-05-16T16:20:00;2025-05-27T15:00:00;2025-05-28T17:30:00;2025-06-06T15:20:00;2025-06-06T15:20:00;2025-05-16T11:07:00;2025-09-12T23:51:42.893;2025-09-12T18:00:00;;1900-01-31T00:00:00;;;;2025-05-16T16:20:00;0;0;0;1;;0;0;289;2;;;2;Programas Ministeriales;0;0.0;Según Resolución Exenta Adjunta;24;2;1;4;Rodrigo Martinez Alvarado;;D. Eleuterio Roman L.;;;De acuerdo a lo indicado en numeral 7.6 de las bases.;0;4;24; ;;0;0;2;0; ;0;;2;2025-09-12T00:00:00;14547;55;http://www.mercadopublico.cl/Procurement/Modules/RFB/StepsProcessAward/PreviewAwardAct.aspx?qs=iPLEMHi9CALaaYTTb3XVFN/yRpQ0MDa/3ckaAeSIluI=
1057532-41-R125;;ADQUISICION VESTUARIO INSTITUCIONAL AUXILIARES SSO;8;Adjudicada;ADQUISICION VESTUARIO INSTITUCIONAL PARA ESTAMENTO AUXILIARES SERVICIO SALUD OSORNO;LE;1;1;CLP;1;1;7296;SERVICIO DE SALUD OSORNO;61.607.600-0;1057532;Bienes y Servicios;Av. Juan Mackenna N°825, Edificio Plaza Sur;Osorno;Región de los Lagos ;;621550;Lesly Andrea Díaz Aburto;Administrativo;2025-05-19T12:00:36.287;2025-06-23T15:01:00;2025-06-05T10:00:00;2025-06-09T17:00:00;2025-06-11T17:00:00;2025-06-23T15:01:00;2025-06-23T15:01:00;2025-06-05T09:48:00;2025-09-22T10:25:26.863;2025-07-29T17:00:00;;;;;;2025-06-05T10:00:00;0;0;0;0;;;0;289;1;;;1;;0;0.0;;;1;1;-1;;;;;;DE ACUERDO A NUMERAL 7.7 DE LAS BASES ADJUNTAS;0;1;0; ;;0;0;1;0; ;0;;2;2025-09-16T00:00:00;15118;11;http://www.mercadopublico.cl/Procurement/Modules/RFB/StepsProcessAward/PreviewAwardAct.aspx?qs=y/k2573JsDBcB4O6wrnv+4BMJawlTnt1IYsBzE/z4AY=
1077241-8-LE25;;ADQUISICIÓN EQUIPOS EQUIPAMIENTO E INSTRUMENTAL EN EL MARCO DE PROGRAMA DE RESOLUCIÓN DE LISTAS DE ESPERA GORE-SSO - Código BIP: 40055305-0;8;Adjudicada;F3-113-AAN/Adquirir Equipos, equipamiento e instrumental en el marco de Programa de Resolución de Listas de Espera GORE-SSO con la finalidad de aumentar la resolución de casos en lista de espera de la Red Asistencial del SSO.;LE;1;1;CLP;1;1;7296;SERVICIO DE SALUD OSORNO;61.607.600-0;1077241;Administración de Fondos;Av. Juan Mackenna N°825, Edificio Plaza Sur;Osorno;Región de los Lagos ;;2167366;Bastian Miranda Coronado;PROFESIONAL;2025-07-23T00:00:00;2025-08-21T15:15:00;2025-08-11T16:30:00;2025-08-14T15:00:00;2025-08-18T15:00:00;2025-08-21T15:15:00;2025-08-21T15:15:00;2025-08-11T16:18:54.323;2025-10-02T11:56:52.78;2025-09-22T17:00:00;;1900-01-16T00:00:00;;;;2025-08-11T16:30:00;0;0;0;1;;2;0;289;2;;;2;;0;0.0;;;2;1;4;Rodrigo Martínez Alvarado;;Marco González Faine;;;Según numeral 7.7 de las bases.;0;1;0; ;;0;0;1;0; ;0;;2;2025-10-01T00:00:00;15681;7;http://www.mercadopublico.cl/Procurement/Modules/RFB/StepsProcessAward/PreviewAwardAct.aspx?qs=Q3BJyITs2xYWiUwiF4HzESqDIh1i0wVdMUVqN+i27b8=
1077241-9-LE25;;SERVICIO DE ENDOSCOPIA DIGESTIVA ALTA SSO;7;Desierta (o art. 3 ó 9 Ley 19.886);CONVENIO DE PRESTACIÓN DE SERVICIO DE ENDOSCOPIA DIGESTIVA ALTA PARA PACIENTES DE   HOSPITALES PTO. OCTAY, QUILACAHUIN Y FUTA SRUKA LAWENCHE DE LA RED DEL SERVICIO DE SALUD OSORNO;LE;1;1;CLP;1;1;7296;SERVICIO DE SALUD OSORNO;61.607.600-0;1077241;Administración de Fondos;Esperanza N°555;Puerto Octay;Región de los Lagos ;;621550;Lesly Andrea Díaz Aburto;Administrativo;2025-07-24T11:43:05.26;2025-09-12T15:00:00;2025-09-02T10:00:00;2025-09-05T17:00:00;2025-09-08T17:00:00;2025-09-12T15:01:00;2025-09-12T15:01:00;2025-09-02T09:51:46.903;2025-10-03T10:16:35.197;2025-10-13T17:00:00;;;;;;2025-09-02T10:00:00;0;0;0;1;;1;0;289;1;;;2;;0;0.0;;4;1;1;1;RODRIGO MARTINEZ;;Omar Contreras U.;;;;0;4;4; ;;0;0;2;0; ;0;;;;;1;http://www.mercadopublico.cl/Procurement/Modules/RFB/StepsProcessAward/PreviewAwardAct.aspx?qs=LsFgQkm7xL1LAkg0l0kEgJci/3YoKeAXuyMvnAu2hc8=
1057922-41-LE25;;ADQUISICIÓN CAJA SALPINGECTOMIA PARA CRR PABELLÓN DEL HOSPITAL BASE SAN JOSÉ DE OSORNO;8;Adjudicada;Reposición y adquisición equipos CRR para Pabellón del Hospital Base de Osorno;LE;1;1;CLP;1;1;7296;SERVICIO DE SALUD OSORNO;61.607.600-0;1057922;Activos Fijos;Av. Juan Mackenna N°825, Edificio Plaza Sur;Osorno;Región de los Lagos ;;1509881;Ariela Acevedo;PROFESIONAL APOYO;2025-08-19T00:00:00;2025-09-11T15:15:00;2025-09-04T14:30:00;2025-09-08T15:00:00;2025-09-09T15:00:00;2025-09-11T15:16:00;2025-09-11T15:16:00;2025-09-04T14:14:48.78;2025-10-03T09:51:54.48;2025-10-13T17:00:00;;1900-01-11T00:00:00;;;;2025-09-04T14:30:00;0;0;0;1;;2;0;289;2;;;2;;1;56524000.0;;;2;1;4;Rodrigo Martínez Alvarado;;Miguel Navarro Salgado;;;Según numeral 7.7 de las bases.;1;1;0; ;;0;0;1;0; ;0;;2;2025-10-02T00:00:00;15844;2;http://www.mercadopublico.cl/Procurement/Modules/RFB/StepsProcessAward/PreviewAwardAct.aspx?qs=6rL+zEpPy9zW9hMY6++MFvMW0+zEwxlZN033jL62/qg=
1057532-85-LE25;;Convenio de Servicio de Catering para Actividades y capacitaciones año 2025;8;Adjudicada;El Objetivo de la presente licitación es contratar el servicio de cafetería para diversas actividades ejecutadas por distintas unidades de la Dirección del Servicio de Salud Osorno, como una manera de amenizar reuniones, capacitaciones, jornadas laborales y eventos institucionales.;LE;1;1;CLP;1;1;7296;SERVICIO DE SALUD OSORNO;61.607.600-0;1057532;Bienes y Servicios;Av. Juan Mackenna N°825, Edificio Plaza Sur;Osorno;Región de los Lagos ;;6060;Rubén Uribe;Administrativo;2025-09-12T00:00:00;2025-09-25T15:00:00;2025-09-15T08:01:00;2025-09-17T17:00:00;2025-09-22T17:00:00;2025-09-25T15:01:00;2025-09-25T15:01:00;2025-09-15T07:55:43.97;2025-10-03T15:21:57.72;2025-10-24T17:00:00;;1900-01-16T00:00:00;;;;2025-09-15T08:01:00;0;0;0;1;;1;0;289;2;;;2;Servicio de Salud Osorno;0;0.0;;3;2;1;4;erwin Camino B.;;Alicia Vidal Paredes;;;De acuerdo a punto 7.7 de las bases.;0;4;3; ;;0;0;2;0; ;0;;1;2025-10-03T00:00:00;15847;1;http://www.mercadopublico.cl/Procurement/Modules/RFB/StepsProcessAward/PreviewAwardAct.aspx?qs=6/pvQIbZV5MSszxdgQDeZ6/jPEwjzvPL1cVc0EHwudo=
1057532-62-LE25;;SERVICIOS DE CAPACITACIÓN DEL DEPTO. AT PRIMARIA;8;Adjudicada;ADQUISICIÓN DE SERVICIOS DE CAPACITACIÓN DEL DEPTO. ATENCIÓN PRIMARIA,SERVICIO DE SALUD OSORNO.;LE;1;1;CLP;1;1;7296;SERVICIO DE SALUD OSORNO;61.607.600-0;1057532;Bienes y Servicios;Av. Juan Mackenna N°825, Edificio Plaza Sur;Osorno;Región de los Lagos ;;621550;Lesly Andrea Díaz Aburto;Administrativo;2025-07-25T10:25:40.593;2025-08-18T15:01:00;2025-08-07T11:00:00;2025-08-11T17:00:00;2025-08-12T17:00:00;2025-08-18T15:01:00;2025-08-18T15:01:00;2025-08-07T10:34:17;2025-10-06T09:18:43.23;2025-09-20T17:00:00;;;;;;2025-08-07T11:00:00;0;0;0;1;;1;0;289;1;;;1;;0;0.0;;;1;1;1;RODRIGO MARTINEZ;;Paula Espinoza Ch.;;;DE ACUERDO A NUMERAL 7.7 DE LAS BASES ADJUNTAS;0;1;0; ;;0;0;1;0; ;0;;2;2025-10-03T00:00:00;15850;12;http://www.mercadopublico.cl/Procurement/Modules/RFB/StepsProcessAward/PreviewAwardAct.aspx?qs=9F3FNjmFDSVZExWG+zqS0YMHw0WpdP1CLiYcwTsQHW8=
1057532-68-LE25;;INSUMOS PARA CURACIÓN AVANZADA DE HERIDAS SSO;15;Revocada;ADQUISICIÓN DE INSUMOS PARA CURACIÓN AVANZADA DE HERIDAS Y ÚLCERAS DE PIE DIABETICO Y ULCERA VENOSA EN APS, SERVICIO DE SALUD OSORNO;LE;1;1;CLP;1;1;7296;SERVICIO DE SALUD OSORNO;61.607.600-0;1057532;Bienes y Servicios;Av. Juan Mackenna N°825, Edificio Plaza Sur;Osorno;Región de los Lagos ;;621550;Lesly Andrea Díaz Aburto;Administrativo;2025-08-18T09:44:22.74;2025-09-01T15:01:00;2025-08-25T18:00:00;2025-08-26T17:00:00;2025-08-27T17:01:00;2025-09-01T15:02:00;2025-09-01T15:02:00;2025-08-25T17:37:43.427;2025-10-01T17:00:00;2025-10-01T17:00:00;;;;;;2025-08-25T18:00:00;0;0;0;1;;1;0;289;1;;;1;;0;0.0;;;1;1;1;RODRIGO MARTINEZ;;Yohana Matus M. ;;;DE ACUERDO A NUMERAL 7.7 DE LAS BASES ADJUNTAS.;0;1;0; ;;0;0;1;0; ;0;;;;;;
1180747-2-LP25;;Mejoramiento de Hospital Rio Negro;8;Adjudicada;Contratar el servicio de compra y sustitución de puertas vidriadas y ventanas para la obra de mejoramiento del Hospital de Rio Negro.;LP;1;1;CLP;1;1;7296;SERVICIO DE SALUD OSORNO;61.607.600-0;1180747;Compras Convenio GORE Region de Los Lagos;AV. DECIMA REGION 480;Puerto Montt;Región de los Lagos ;;1952433;JUAN FELIPE ROJEL HUENTRO;PROFESIONAL DE APOYO;2025-05-16T12:28:05.087;2025-07-23T15:00:00;2025-07-04T15:20:00;2025-07-15T23:59:00;2025-07-21T17:00:00;2025-07-23T15:15:00;2025-07-23T15:15:00;2025-07-04T15:19:27.977;2025-10-13T15:40:36.27;2025-09-29T16:00:00;;1900-01-16T00:00:00;2025-09-15T00:00:00;;;2025-07-04T15:20:00;0;0;0;1;;0;2;289;2;;;1;FNDR;1;280246728.0;;6;2;1;4;Gobierno Regional de Los Lagos;;Carlos Toledo;;;;1;4;6; ;;1;0;2;0; ;0;;2;2025-10-13T00:00:00;16046;11;http://www.mercadopublico.cl/Procurement/Modules/RFB/StepsProcessAward/PreviewAwardAct.aspx?qs=NqvMwyTSpiIqAgkFufaYRMrhJdSZP0WBNG5DIsfxRxc=
1057532-79-LE25;;Convenio Servicios de Mantención de Equipos Médicos  de establecimientos dependientes del SSO Periodo 2026-2027;7;Desierta (o art. 3 ó 9 Ley 19.886);El Servicio requiere contratar un servicio de mantención desde el 01 de enero de 2026 hasta el 31 de diciembre de 2027 llamado “Convenio de Servicios de Mantención de Equipos Médicos de Establecimientos dependientes del Servicio Salud Osorno Periodo 2026-2027”. Dado que los equipos aquí considerados no contarán con garantía técnica de post venta del fabricante y/o proveedor que lo suministró, por lo tanto, esta licitación asegurará que se realicen todos los servicios de mantenciones preventivas programadas y cualquier reparación que surja durante dicho periodo.;LE;1;1;CLP;1;1;7296;SERVICIO DE SALUD OSORNO;61.607.600-0;1057532;Bienes y Servicios;Av. Juan Mackenna N°825, Edificio Plaza Sur;Osorno;Región de los Lagos ;;6060;Rubén Uribe;Administrativo;2025-09-08T00:00:00;2025-09-26T15:00:00;2025-09-15T14:01:00;2025-09-22T15:00:00;2025-09-23T17:00:00;2025-09-26T15:01:00;2025-09-26T15:01:00;2025-09-15T13:54:24.183;2025-10-15T10:31:27.96;2025-10-27T17:00:00;;1900-01-21T00:00:00;;;;2025-09-15T14:01:00;0;0;0;1;;1;0;289;2;;;2;;0;0.0;;24;2;1;4;Erwin Camino B.;;khris Silva Vargas;;;Según numeral 7.7 de las bases.;0;4;24; ;;0;0;2;0; ;0;;;;;1;http://www.mercadopublico.cl/Procurement/Modules/RFB/StepsProcessAward/PreviewAwardAct.aspx?qs=GDTR1U6YUuYarlQV5/DTqG6+dyFwgX8Hi/Qd90huGHM=
1057922-42-LE25;;ADQUISICIÓN DE INSTRUMENTAL QUIRÚRGICO PARA CECOSF EL ENCANTO;8;Adjudicada;F5-026-BMC- ADQUISICION CECOSF EL ENCANTO, COMUNA PUYEHUE.;LE;1;1;CLP;1;1;7296;SERVICIO DE SALUD OSORNO;61.607.600-0;1057922;Activos Fijos;Av. Juan Mackenna N°825, Edificio Plaza Sur;Osorno;Región de los Lagos ;;2167366;Bastian Miranda Coronado;PROFESIONAL;2025-08-28T00:00:00;2025-09-29T15:15:00;2025-09-17T12:00:00;2025-09-23T17:00:00;2025-09-25T17:00:00;2025-09-29T15:16:00;2025-09-29T15:16:00;2025-09-17T11:58:40.64;2025-10-15T08:32:52.653;2025-10-28T17:00:00;;1900-01-11T00:00:00;;;;2025-09-17T12:00:00;0;0;0;1;;2;0;289;2;;;2;SECTORIAL;1;11382000.0;;;2;1;4;RODRIGO MARTINEZ;;MARIA ELENA MUÑOZ;;;De acuerdo a lo establecido en numeral 7.7 de las bases.;1;1;0; ;;0;0;1;0; ;0;;2;2025-10-14T00:00:00;16067;8;http://www.mercadopublico.cl/Procurement/Modules/RFB/StepsProcessAward/PreviewAwardAct.aspx?qs=UyB2vU3sAxj+S5Y13k+5Vzo+GauJngK+vh1G5poHFd4=
1077241-10-LE25;;Licitación de Insumos de Ortodoncia para continuidad de atenciones de Programa de resolución de ortodoncia en niños niñas y adolescentes de la provincia de Osorno y región de los Lagos 2° Llamado” - Código BIP: 40001626-0;8;Adjudicada;"La presente licitación de adquisición de insumos tiene como objetivo licitar las líneas desiertas del primer proceso de del  ""programa de resolución de ortodoncia en niños, niñas y adolescentes de la provincia de Osorno y región de los Lagos”.";LE;1;1;CLP;1;1;7296;SERVICIO DE SALUD OSORNO;61.607.600-0;1077241;Administración de Fondos;Av. Juan Mackenna N°825, Edificio Plaza Sur;Osorno;Región de los Lagos ;;1590644;JACQUELINE  OYARZUN ALVAREZ;Comprador administrativo;2025-08-21T00:00:00;2025-09-11T15:10:00;2025-09-01T12:00:00;2025-09-04T15:00:00;2025-09-05T15:00:00;2025-09-11T15:20:00;2025-09-11T15:20:00;2025-09-01T11:48:01.407;2025-10-16T11:23:43.767;2025-10-28T17:00:00;;1900-01-16T00:00:00;;;;2025-09-01T12:00:00;0;0;0;1;;2;0;289;2;;;2;Extrapresupuestario;0;0.0;Según resolución adjunta;;2;1;4;Rodrigo Martinez Alvarado;;D. Marco Gonzalez Faine;;;De acuerdo al numeral 7.7 de las bases.;0;4;0; ;;0;0;1;0; ;0;;2;2025-10-15T00:00:00;16105;4;http://www.mercadopublico.cl/Procurement/Modules/RFB/StepsProcessAward/PreviewAwardAct.aspx?qs=qTUIo9xSXVZ/Ylp4NrO2havolkMt9BZuMRbcFlcRoBI=
1077241-6-LE25;;Adquisición Máquinas de Ejercicios-Peulla;8;Adjudicada;F3-149-VMA-Renovación de máquinas de ejercicios que se encuentran deteriorados por vida útil y uso diario. Máquinas están destinadas al trabajo individual y grupal en el Taller de Actividad Física que es impartido para las personas en tratamiento de la unidad residencial.;LE;1;1;CLP;1;1;7296;SERVICIO DE SALUD OSORNO;61.607.600-0;1077241;Administración de Fondos;Esperanza N°555;Puerto Octay;Región de los Lagos ;;2281976;Verónica Aracely Márquez Aguila;Comprador;2025-07-07T16:02:35.023;2025-09-05T15:00:00;2025-08-26T15:30:00;2025-08-28T15:00:00;2025-08-29T15:00:00;2025-09-05T15:01:00;2025-09-05T15:01:00;2025-08-26T15:20:19.503;2025-10-16T17:16:19.84;2025-10-17T17:00:00;;1900-01-16T00:00:00;;;;2025-08-26T15:30:00;0;0;0;1;;2;0;289;2;;;1;EXTRAPRESUPUESTARIO;0;0.0;;;2;1;4;RODRIGO MARTINEZ ALVARADO;;MARIA INES ASENJO;;;;0;1;0; ;;0;0;1;0; ;0;;2;2025-10-16T00:00:00;N°16997;7;http://www.mercadopublico.cl/Procurement/Modules/RFB/StepsProcessAward/PreviewAwardAct.aspx?qs=FsK6tH9KQry0mIDVmwberQY2bTZjMhsonr+rQmkCZHo=
1057532-64-LP25;;CONVENIO DE ADQUISICION DE KIT POINT OF CARE POC CON ARRIENDO DE EQUIPO PARA ANALISIS DE MUESTRAS POR 12 MESES;8;Adjudicada;Mantener la estrategia POC implementada en Septiembre del 2024, que busca dotar a los establecimientos hospitalarios de la Red Asistencial SSO, de equipos e insumos para análisis de Laboratorio tipo POC y analizador de gases sanguíneos, y así contar con mayor resolutividad.;LP;1;1;CLP;1;1;7296;SERVICIO DE SALUD OSORNO;61.607.600-0;1057532;Bienes y Servicios;Av. Juan Mackenna N°825, Edificio Plaza Sur;Osorno;Región de los Lagos ;;1529595;Ivan Vargas Ojeda;Comprador Administrativo;2025-08-07T00:00:00;2025-10-01T15:00:00;2025-09-11T17:30:00;2025-09-16T17:00:00;2025-09-17T17:00:00;2025-10-01T15:01:00;2025-10-01T15:01:00;2025-09-11T16:55:41.463;2025-10-16T09:15:24.707;2025-10-30T17:00:00;;1900-01-16T00:00:00;;;;2025-09-11T17:30:00;0;0;0;1;;0;0;289;2;;;1;Fondos Propios;1;74000000.0;;12;2;1;4;Rodrigo Martinez Alvarado;;Sofia Reyes Alarcón;;;Según lo indicado en Numeral 7.7;1;4;12; ;;0;0;2;0; ;0;;2;2025-10-15T00:00:00;16095;2;http://www.mercadopublico.cl/Procurement/Modules/RFB/StepsProcessAward/PreviewAwardAct.aspx?qs=wZ4+TGCRXLYptEpUFgYXG5XdUiGPqbfGo9vKVBAWxtM=
1057922-24-R125;;ADQUISICIÓN DE EQUIPOS Y EQUIPAMIENTO MÉDICO PARA CESFAM CON SAR CHUYACA;8;Adjudicada;ADQUISICIÓN DE EQUIPO Y EQUIPAMIENTO MÉDICO PARA CESFAM CON SAR CHUYACA;LP;1;1;CLP;1;1;7296;SERVICIO DE SALUD OSORNO;61.607.600-0;1057922;Activos Fijos;Av. Juan Mackenna N°825, Edificio Plaza Sur;Osorno;Región de los Lagos ;;1509881;Ariela Acevedo;PROFESIONAL APOYO;2025-07-09T00:00:00;2025-08-11T15:15:00;2025-07-22T15:00:00;2025-07-28T17:00:00;2025-07-31T17:00:00;2025-08-11T15:16:00;2025-08-11T15:16:00;2025-07-22T14:41:24.617;2025-10-21T16:19:03.563;2025-09-30T17:00:00;;1900-01-11T00:00:00;;;;2025-07-22T15:00:00;0;0;0;0;;;0;289;2;;;2;;0;0.0;;4;2;1;-1;;;;;;De acuerdo a lo establecido en numeral 7.7 de las bases;0;4;4; ;;0;0;2;0; ;0;;2;2025-10-21T00:00:00;16821;31;http://www.mercadopublico.cl/Procurement/Modules/RFB/StepsProcessAward/PreviewAwardAct.aspx?qs=FSihO51hTE0lNb5/GuM3IzfP7KjYhKh3kdLv+309bdI=
1057532-77-LE25;;Convenio de Servicios de Mantención Preventiva Correctiva y Certificación de 04 Ascensores de los Hospitales  PU MÜLEN Y FSLKMM AÑOS 2026 - 2027;8;Adjudicada;El Servicio requiere contratar, para el período 01.01.2026 al 31.12.2027, el “Convenio de Mantención Preventiva, Correctiva y Certificación de 4 Ascensores de los Hospitales Pu Mülen y Füta Srüka Lawenche Künko Mapu Mo”. La licitación garantizará mantenciones programadas y reparaciones en ambos recintos, al no contar los equipos con garantía técnica de postventa.;LE;1;1;CLP;1;1;7296;SERVICIO DE SALUD OSORNO;61.607.600-0;1057532;Bienes y Servicios;Av. Juan Mackenna N°825, Edificio Plaza Sur;Osorno;Región de los Lagos ;;6060;Rubén Uribe;Administrativo;2025-09-08T00:00:00;2025-09-23T15:00:00;2025-09-11T14:31:00;2025-09-16T17:00:00;2025-09-17T17:00:00;2025-09-23T15:01:00;2025-09-23T15:01:00;2025-09-11T14:25:40.293;2025-10-23T12:52:54.11;2025-10-22T15:03:00;;1900-01-16T00:00:00;;;;2025-09-11T14:31:00;0;0;0;1;;1;0;289;2;;;2;Servicio Salud Osorno;0;0.0;;24;2;1;4;erwin Camino B;;Khris Silva V.;;;Según lo estipulado en numeral 7.7;0;4;24; ;;0;0;2;0; ;0;;2;2025-10-23T00:00:00;16861;2;http://www.mercadopublico.cl/Procurement/Modules/RFB/StepsProcessAward/PreviewAwardAct.aspx?qs=GMd2hcHGnX7CJ5Bu7CqMWvWc2//7LY2xsgYgcrH5du4=
1057532-66-LE25;;PRESTACIONES DE REHABILITACIÓN INTEGRAL TEA 2° LLAMADO;8;Adjudicada;ADQUISICIÓN DE PRESTACIONES DE REHABILITACIÓN INTEGRAL PARA EVALUACIÓN DIAGNÓSTICA Y TRATAMIENTO EN NIÑOS, NIÑAS Y ADOLESCENTES CON TRASTORNO DEL ESPECTRO AUTISTA, 2° LLAMADO;LE;1;1;CLP;1;1;7296;SERVICIO DE SALUD OSORNO;61.607.600-0;1057532;Bienes y Servicios;Av. Juan Mackenna N°825, Edificio Plaza Sur;Osorno;Región de los Lagos ;;621550;Lesly Andrea Díaz Aburto;Administrativo;2025-08-11T00:00:00;2025-09-22T15:01:00;2025-09-09T10:00:00;2025-09-12T17:00:00;2025-09-15T17:00:00;2025-09-22T15:01:00;2025-09-22T15:01:00;2025-09-09T09:19:19.78;2025-10-23T16:32:17.333;2025-10-22T17:00:00;;;;;;2025-09-09T10:00:00;0;0;0;1;;1;0;289;1;;;1;;0;0.0;;4;1;1;1;RODRIGO MARTINEZ;;KARIN AVILA;;;DE ACUERDO AL NUMERAL 7.7 DE LAS BASES ADJUNTAS.;0;4;4; ;;0;0;2;0; ;0;;2;2025-10-23T00:00:00;17416;2;http://www.mercadopublico.cl/Procurement/Modules/RFB/StepsProcessAward/PreviewAwardAct.aspx?qs=fcy8+ILYdjnFr5u4htIYvk/E5L6OEqUqQFAqxjVgrKs=
1057532-80-LE25;;CONVENIO DE SUMINISTRO DE SERVICIO DE OXIGENOTERAPIA DOMICILIARIA PARA USUARIOS INGRESADOS AL PROGRAMA CUIDADOS PALIATIVOS UNIVERSALES APS SERVICIO DE SALUD OSORNO;8;Adjudicada;El Servicio requiere de un convenio para el suministro de oxigenoterapia domiciliaria a pacientes beneficiarios de ley 21.375 por enfermedad terminal o grave del Programa Cuidados Paliativos Universales APS, por un periodo estimado de 15 meses, de acuerdo a indicación médica en las distintas comunas de la provincia de Osorno y que no cumplan los requisitos para la entrega de oxígeno por otros medios, como es el Programa de Oxígeno ambulatorio o por GES N°4.;LE;1;1;CLP;1;1;7296;SERVICIO DE SALUD OSORNO;61.607.600-0;1057532;Bienes y Servicios;Av. Juan Mackenna N°825, Edificio Plaza Sur;Osorno;Región de los Lagos ;;1590644;JACQUELINE  OYARZUN ALVAREZ;Comprador administrativo;2025-09-08T00:00:00;2025-10-06T15:10:00;2025-09-25T12:30:00;2025-09-29T15:00:00;2025-09-30T15:00:00;2025-10-06T15:15:00;2025-10-06T15:15:00;2025-09-25T11:53:27.307;2025-10-23T16:29:14.283;2025-11-18T17:00:00;;1900-01-16T00:00:00;;;;2025-09-25T12:30:00;0;0;0;1;;1;0;289;2;;;2;Servicio de Salud Osorno;1;12750000.0;Según Resolución Exenta 15577 adjunta;15;2;1;1;Rodrigo Martinez Alvarado;;Maria Teresa Jaramillo;;;De acuerdo a lo indicado en numeral 7.7 de las bases.;1;4;15; ;;0;0;2;0; ;0;;2;2025-10-23T00:00:00;N°17410;1;http://www.mercadopublico.cl/Procurement/Modules/RFB/StepsProcessAward/PreviewAwardAct.aspx?qs=Oi7/TKTKtBrQb08LWYmLtr7m3OMuDLjPf+GQDbVhh4o=
1057532-78-LE25;;Convenio Servicios de Mantención de Equipos Críticos de Establecimientos dependientes del SSO Periodo 2026 - 2027;7;Desierta (o art. 3 ó 9 Ley 19.886);El Servicio requiere contratar un servicio de mantención desde el 01 de enero de 2026 hasta el 31 de diciembre de 2027 llamado “Convenio de Servicios de Mantención de Equipos Críticos de Establecimientos dependientes del Servicio Salud Osorno Periodo 2026-2027”.;LE;1;1;CLP;1;1;7296;SERVICIO DE SALUD OSORNO;61.607.600-0;1057532;Bienes y Servicios;;;Región de los Lagos ;;6060;Rubén Uribe;Administrativo;2025-09-08T00:00:00;2025-10-06T15:00:00;2025-09-26T15:01:00;2025-10-02T15:00:00;2025-10-03T17:00:00;2025-10-06T15:01:00;2025-10-06T15:01:00;2025-09-26T14:48:44.623;2025-10-28T08:05:56.737;2025-11-04T17:00:00;;1900-01-21T00:00:00;;;;2025-09-26T15:01:00;0;0;0;1;;1;0;289;2;;;2;Servicio Salud Osorno;0;0.0;;24;2;1;4;Erwin Camino B.;;Khris Silva Vargas;;;Según lo estipulado en numeral 7.7 de las Bases.;0;4;24; ;;0;0;2;0; ;0;;;;;2;http://www.mercadopublico.cl/Procurement/Modules/RFB/StepsProcessAward/PreviewAwardAct.aspx?qs=PhQGTgH0RuJIQ733tgbI6VGUpFfoXtU0gwiF49g1lSE=
1057922-48-LE25;;ADQUISICIÓN DE MOBILIARIO DE FARMACIA PARA CESFAM CON SAR CHUYACA;8;Adjudicada;ADQUISICIÓN DE MOBILIARIO DE FARMACIA PARA CESFAM CON SAR CHUYACA.;LE;1;1;CLP;1;1;7296;SERVICIO DE SALUD OSORNO;61.607.600-0;1057922;Activos Fijos;Av. Juan Mackenna N°825, Edificio Plaza Sur;Osorno;Región de los Lagos ;;1509881;Ariela Acevedo;PROFESIONAL APOYO;2025-09-16T00:00:00;2025-10-08T15:15:00;2025-10-01T09:20:00;2025-10-03T17:00:00;2025-10-06T17:00:00;2025-10-08T15:16:00;2025-10-08T15:16:00;2025-10-01T09:11:45.813;2025-10-30T11:14:47.22;2025-11-07T17:00:00;;1900-01-11T00:00:00;;;;2025-10-01T09:20:00;0;0;0;1;;2;0;289;2;;;2;;1;49196000.0;;;2;1;4;Rodrigo Martínez Alvarado;;Miguel Navarro Salgado;;;De acuerdo a lo establecido en numeral 7.7 de las bases;1;1;0; ;;0;0;1;0; ;0;;2;2025-10-29T00:00:00;17484;1;http://www.mercadopublico.cl/Procurement/Modules/RFB/StepsProcessAward/PreviewAwardAct.aspx?qs=GWZFtQSF0c25hyHK1DaCO4+EDu8DH/3QHSEV592V+UY=
1057922-25-LP25;;ADQUISICION DE EQUIPOS PARA CESFAM CON SAR CHUYACA;8;Adjudicada;F5-021-BMC-ADQUISICIÓN DE EQUIPO Y EQUIPAMIENTO MÉDICO PARA CESFAM CON SAR  CHUYACA  F5-034-BMC-Adquisición de equipos médicos y no médicos para CESFAM con SAR Chuyaca, Osorno.;LP;1;1;CLP;1;1;7296;SERVICIO DE SALUD OSORNO;61.607.600-0;1057922;Activos Fijos;Av. Juan Mackenna N°825, Edificio Plaza Sur;Osorno;Región de los Lagos ;;1509881;Ariela Acevedo;PROFESIONAL APOYO;2025-07-09T00:00:00;2025-10-06T15:15:00;2025-09-24T15:30:00;2025-09-26T17:00:00;2025-09-30T17:00:00;2025-10-06T15:16:00;2025-10-06T15:16:00;2025-09-24T15:28:26.54;2025-10-31T10:37:31.743;2025-11-04T17:00:00;;1900-01-11T00:00:00;;;;2025-09-24T15:30:00;0;0;0;1;;0;0;289;2;;;2;SECTORIAL;1;73989000.0;;;2;1;4;RODRIGO MARTINEZ;;MARIA FERNANDA OLARTE MORA;;;De acuerdo a lo establecido en numeral 7.7 de las bases;1;1;0; ;;0;0;1;0; ;0;;2;2025-10-30T00:00:00;17494;7;http://www.mercadopublico.cl/Procurement/Modules/RFB/StepsProcessAward/PreviewAwardAct.aspx?qs=dKgQbBiJwzA22eZ1Zl5GMVgNLakwdq1gSHyM837Lf6Q=
1057532-95-LE25;;SERVICIO DE TRANSPORTE SANITARIO POR VIA AEREA SSO;7;Desierta (o art. 3 ó 9 Ley 19.886);La licitación busca contratar un servicio integral de transporte sanitario aéreo para pacientes del Servicio de Salud Osorno que requieran evacuación aeromédica desde centros o zonas de difícil acceso hacia recintos de mayor complejidad. El servicio incluirá aeronaves habilitadas, tripulación y personal de salud calificado, coordinación con SAMU, combustible, mantención, tasas aéreas, entre otros.;LE;1;1;CLP;1;0;7296;SERVICIO DE SALUD OSORNO;61.607.600-0;1057532;Bienes y Servicios;Av. Juan Mackenna N°825, Edificio Plaza Sur;Osorno;Región de los Lagos ;;1952433;JUAN FELIPE ROJEL HUENTRO;PROFESIONAL DE APOYO;2025-09-29T15:53:11.92;2025-11-03T15:15:00;2025-10-23T14:30:00;2025-10-27T15:00:00;2025-10-29T15:00:00;2025-11-03T15:16:00;2025-11-03T15:16:00;2025-10-23T14:07:13.017;2025-12-02T17:00:00;2025-12-02T17:00:00;;1900-01-16T00:00:00;2025-12-31T00:00:00;;;2025-10-23T14:30:00;0;0;0;1;;1;0;289;2;;;2;Servicio de Salud Osorno;1;30000000.0;;3;2;1;4;Erwin Camino B.;;Raúl Núñez Vega;;;De acuerdo al numeral 7.7 de las Bases Administrativas;1;4;3; ;;0;0;2;0; ;0;;;;;0;http://www.mercadopublico.cl/Procurement/Modules/RFB/StepsProcessAward/PreviewAwardAct.aspx?qs=9NXVVWLYkzk//h+8AzvkxM02cEE4ijefBFM2UV8G6t0=
1077241-13-LE25;;SERVICIO DE ENDOSCOPIA DIGESTIVA ALTA 2° LLAMADO SSO;7;Desierta (o art. 3 ó 9 Ley 19.886);CONVENIO DE PRESTACIÓN DE SERVICIO DE ENDOSCOPIA DIGESTIVA ALTA PARA PACIENTES DE HOSPITALES PTO. OCTAY, QUILACAHUIN Y FUTA SRUKA LAWENCHE DE LA RED DEL SERVICIO DE SALUD OSORNO;LE;1;1;CLP;1;0;7296;SERVICIO DE SALUD OSORNO;61.607.600-0;1077241;Administración de Fondos;Esperanza N°555;Puerto Octay;Región de los Lagos ;;621550;Lesly Andrea Díaz Aburto;Administrativo;2025-10-13T00:00:00;2025-11-06T15:00:00;2025-10-29T10:30:00;2025-11-03T17:00:00;2025-11-04T17:00:00;2025-11-06T15:01:00;2025-11-06T15:01:00;2025-10-29T10:07:37.36;2025-12-06T17:00:00;2025-12-06T17:00:00;;;;;;2025-10-29T10:30:00;0;0;0;1;;1;0;289;1;;;2;;0;0.0;;2;1;1;1;RODRIGO MARTINEZ;;Omar Contreras U.;;;;0;4;2;RFB_CONTRACT_TIME_PERIOD_ALONG_TIME_EXECUTION;;0;0;2;0; ;0;;;;;0;http://www.mercadopublico.cl/Procurement/Modules/RFB/StepsProcessAward/PreviewAwardAct.aspx?qs=94izq4Uy3sVJLs46Hd51nccuKVIWGW/YLC3e9suRvII=
1057532-82-LE25;;ADQUISICION DE KITS PARA DETECCION DE VIRUS Y BACTERIAS RESPIRATORIAS POR METODO MOLECULAR RAPIDO POC MOLECULAR.;8;Adjudicada;La presente licitación de adquisición de Kits para detención de virus y bacterias respiratorias por método molecular rápido (POC Molecular), permitirán a Hospital Puerto Octay, Hospital Rio Negro y Hospital Purranque otorgar prestaciones de laboratorio relativas a la detección de infecciones respiratorias por métodos rápidos y altamente específicos/sensibles.;LE;1;1;CLP;1;1;7296;SERVICIO DE SALUD OSORNO;61.607.600-0;1057532;Bienes y Servicios;Av. Juan Mackenna N°825, Edificio Plaza Sur;Osorno;Región de los Lagos ;;1590644;JACQUELINE  OYARZUN ALVAREZ;Comprador administrativo;2025-09-11T00:00:00;2025-10-06T15:10:00;2025-09-25T16:30:00;2025-09-29T15:00:00;2025-09-30T15:00:00;2025-10-06T15:20:00;2025-10-06T15:20:00;2025-09-25T15:50:50.49;2025-11-07T09:47:43.97;2025-11-17T17:00:00;;1900-01-16T00:00:00;;;;2025-09-25T16:30:00;0;0;0;1;;2;0;289;2;;;2;Presupuestó del Servicio de Salud Osorno.;1;31529050.0;Según Resolución Exenta 15578 adjunta.;;2;1;1;Rodrigo Martinez Alvarado;;D. Sofia Reyes Alarcón;;;De acuerdo a punto 7.7 de las bases.;1;4;0; ;;0;0;1;0; ;0;;2;2025-11-06T00:00:00;N°17720;2;http://www.mercadopublico.cl/Procurement/Modules/RFB/StepsProcessAward/PreviewAwardAct.aspx?qs=ZQl1lh0Gp90VYCamIEPZGPXQEJsUsNyAZ632n0dEwoM=
1057532-71-LE25;;ARRIENDO DE EQUIPOS PARA EL MONITOREO AMBULATORIO DE LA PRESIÓN ARTERIAL Y SERVICIO DE INFORMES: INTERPRETACIÓN Y DIAGNÓSTICO DEL MONITOREO AMBULATORIO DE PRESIÓN ARTERIAL HOLTER DE PRESIÓN ARTERIAL POR VÍA TELEMÁTICA PARA 16 ESTABLECIMIENTOS DE APS D;7;Desierta (o art. 3 ó 9 Ley 19.886);El Servicio requiere contratar a contar de la aprobación del contrato correspondiente y hasta el 31 de diciembre 2026, servicio de interpretación y diagnóstico de informes para el monitoreo ambulatorio de Presión Arterial (Holter presión arterial), con arriendo de equipos para 17 establecimientos de APS de la Provincia de Osorno año 2025 – 2026;LE;1;1;CLP;1;0;7296;SERVICIO DE SALUD OSORNO;61.607.600-0;1057532;Bienes y Servicios;Av. Juan Mackenna N°825, Edificio Plaza Sur;Osorno;Región de los Lagos ;;6060;Rubén Uribe;Administrativo;2025-08-28T00:00:00;2025-11-10T15:00:00;2025-10-29T18:15:00;2025-11-03T15:00:00;2025-11-04T17:00:00;2025-11-10T15:05:00;2025-11-10T15:05:00;2025-10-29T18:07:10.763;2025-12-22T17:00:00;2025-12-22T17:00:00;;1900-01-21T00:00:00;;;;2025-10-29T18:15:00;0;0;0;1;;1;0;289;2;;;1;;0;0.0;;14;2;1;1;Erwin Camino B.;;Consuelo Córdoba;;;7. de las bases de licitación.;0;4;14; ;;0;0;2;0; ;0;;;;;0;http://www.mercadopublico.cl/Procurement/Modules/RFB/StepsProcessAward/PreviewAwardAct.aspx?qs=S9iSOnTMvuwdIFsyYdw+LrhJpqdnJvNWG5JSF3aMumU=
1057922-47-LP25;;ADQUISICIÓN EQUIPOS DE TECNOLOGÍAS DE LA INFORMACIÓN PARA CESFAM CON SAR CHUYACA;8;Adjudicada;Adquisición equipos de tecnologías de la Información como Computadores, Impresoras (Térmicas, Etiquetadoras, multifuncional, etc..), equipos de comunicaciones, huelleros.;LP;1;1;CLP;1;1;7296;SERVICIO DE SALUD OSORNO;61.607.600-0;1057922;Activos Fijos;Av. Juan Mackenna N°825, Edificio Plaza Sur;Osorno;Región de los Lagos ;;1509881;Ariela Acevedo;PROFESIONAL APOYO;2025-09-08T00:00:00;2025-10-13T15:15:00;2025-09-22T16:30:00;2025-09-26T15:00:00;2025-09-30T15:00:00;2025-10-13T15:16:00;2025-10-13T15:16:00;2025-09-22T16:04:39.337;2025-11-11T16:56:51.007;2025-11-11T17:00:00;;1900-01-11T00:00:00;;;;2025-09-22T16:30:00;0;0;0;1;;0;0;289;2;;;2;;0;0.0;;;2;1;4;Rodrigo Martínez Alvarado;;Bruno Ojeda Álvarez;;;De acuerdo a lo establecido en numeral 7.7 de las bases;0;1;0; ;;0;0;1;0; ;0;;2;2025-11-11T00:00:00;17804;21;http://www.mercadopublico.cl/Procurement/Modules/RFB/StepsProcessAward/PreviewAwardAct.aspx?qs=8fUnHOXO1E9BlcuXjyrUhrwFFf/kORvAMH7E4HqG/GM=
1057532-91-LE25;;Servicio de Mudanza para Profesionales Funcionarios;8;Adjudicada;La presente licitación tiene por objeto contratar el servicio de mudanzas requeridas por los profesionales funcionarios que solicitan beneficio de acuerdo a lo que señala el art. 29 inciso 1° de la Ley N° 15.076, ya sea por inicio etapa destinación y formación, inicio formación de especialidad y retorno de especialidad para cumplir con periodo asistencial obligatorio para el año 2025.;LE;1;1;CLP;1;1;7296;SERVICIO DE SALUD OSORNO;61.607.600-0;1057532;Bienes y Servicios;Av. Juan Mackenna N°825, Edificio Plaza Sur;Osorno;Región de los Lagos ;;6060;Rubén Uribe;Administrativo;2025-09-16T00:00:00;2025-10-03T15:00:00;2025-09-16T15:46:00;2025-09-22T17:00:00;2025-09-23T17:00:00;2025-10-03T15:01:00;2025-10-03T15:01:00;2025-09-16T15:35:00;2025-11-12T14:51:56.44;2025-10-27T17:00:00;;1900-01-16T00:00:00;;;;2025-09-16T15:46:00;0;0;0;1;;1;0;289;2;;;1;Servicio de Salud Osorno;0;0.0;;3;2;1;4;Erwin Camino B.;;Alicia Vidal P.;;;Según lo estipulado en numeral 7.7 de las bases;0;4;3; ;;0;0;2;0; ;0;;2;2025-11-07T00:00:00;17734;4;http://www.mercadopublico.cl/Procurement/Modules/RFB/StepsProcessAward/PreviewAwardAct.aspx?qs=9jc92MCHtbQpsq0F64mZIkitOJcuTPHMd0KZsrhVPbQ=
1057532-58-LE25;;Adquisición de Insumos para el Control de Salud Cardiovascular en Atención Primaria;8;Adjudicada;Mejorar/Reponer insumos para el control de salud de la persona con ECNT que se atiende en los centro de Atención Primaria de la provincia de Osorno;LE;1;1;CLP;1;1;7296;SERVICIO DE SALUD OSORNO;61.607.600-0;1057532;Bienes y Servicios;MANUEL ANTONIO MATTA N° 455;Osorno;Región de los Lagos ;;6060;Rubén Uribe;Administrativo;2025-07-17T00:00:00;2025-09-15T15:10:00;2025-09-03T16:01:00;2025-09-08T15:00:00;2025-09-10T17:00:00;2025-09-15T15:20:00;2025-09-15T15:20:00;2025-09-03T15:00:14.467;2025-11-13T15:14:18.277;2025-10-14T18:00:00;;1900-01-16T00:00:00;;;;2025-09-03T16:01:00;0;0;0;1;;2;0;289;2;;;2;P.A.G.E.D Componente cardio Vascular;1;17886560.0;;;2;1;1;Erwin Camino B.;;Consuelo Córdoba;;;Según lo estipulado en el numeral 7.7 de las bases aprobadas por Resolución Exenta N°1374929.08.2025;1;1;0; ;;0;0;1;0; ;0;;2;2025-11-13T00:00:00;17942;11;http://www.mercadopublico.cl/Procurement/Modules/RFB/StepsProcessAward/PreviewAwardAct.aspx?qs=qaqOSg1rlY+TnivviH2oRR7r2h0ZNMUnUEzX3SPG6nk=
1077241-12-LE25;;ADQUISICIÓN ELECTROBISTURÍ CON MÓDULO DE ÁRGON PARA PROGRAMA DE CAPACITACIÓN PARA LA PREVENCIÓN Y DIAGNÓSTICO PRECOZ DEL CÁNCER COLORRECTAL PREVEC;8;Adjudicada;Contar con equipo electrobisturí para ejecución de colonoscopías y para entrenamiento de cirujanos de la provincia o Macrored en procedimientos colonoscópicos, en contexto Programa Prevec, con el objetivo de asegurar la calidad y seguridad de estos procedimientos, de acuerdo a estándares internacionales.;LE;1;1;CLP;1;1;7296;SERVICIO DE SALUD OSORNO;61.607.600-0;1077241;Administración de Fondos;Av. Juan Mackenna N°825, Edificio Plaza Sur;Osorno;Región de los Lagos ;;1509881;Ariela Acevedo;PROFESIONAL APOYO;2025-10-07T00:00:00;2025-11-03T15:15:00;2025-10-23T17:00:00;2025-10-27T15:00:00;2025-10-28T15:00:00;2025-11-03T15:16:00;2025-11-03T15:16:00;2025-10-23T16:40:47.377;2025-11-17T12:39:22.847;2025-12-04T17:00:00;;1900-01-11T00:00:00;;;;2025-10-23T17:00:00;0;0;0;1;;2;0;289;2;;;2;Fondos GORE;1;52000000.0;;;2;1;4;Rodrigo Martínez Alvarado;;Mario Aburto Foitzich;;;Según numeral 7.7 de las bases.;1;1;0; ;;0;0;1;0; ;0;;2;2025-11-17T00:00:00;18299;2;http://www.mercadopublico.cl/Procurement/Modules/RFB/StepsProcessAward/PreviewAwardAct.aspx?qs=Sm/f6eJ5We2Z8I5yxysyj3toRshR61ZdXmDxWxHCf7A=
1057532-100-LP25;;CUPOS DÍA HOGAR PROTEGIDO HOMBRES EN PROV. OSORNO;8;Adjudicada;ADQUISICIÓN 8 CUPOS DÍA HOGAR PROTEGIDO PARA HOMBRES PARA EL SERVICIO DE SALUD OSORNO EN LA PROVINCIA DE OSORNO;LP;1;1;CLP;1;1;7296;SERVICIO DE SALUD OSORNO;61.607.600-0;1057532;Bienes y Servicios;Av. Juan Mackenna N°825, Edificio Plaza Sur;Osorno;Región de los Lagos ;;621550;Lesly Andrea Díaz Aburto;Administrativo;2025-10-08T00:00:00;2025-10-24T15:00:00;2025-10-14T10:00:00;2025-10-17T17:00:00;2025-10-21T17:00:00;2025-10-24T15:00:00;2025-10-24T15:00:00;2025-10-14T09:10:00;2025-11-18T17:48:05.493;2025-11-24T17:00:00;;;;;;2025-10-14T10:00:00;0;0;0;1;;0;0;289;1;;;1;;0;0.0;;12;1;0;1;RODRIGO MARTINEZ;;ANTONIA CAIFIL ;;;DE ACUERDO A NUMERAL 7.7 DE LAS BASES ADJUNTAS.;0;4;12; ;;0;0;2;0; ;0;;2;2025-11-18T00:00:00;18463;1;http://www.mercadopublico.cl/Procurement/Modules/RFB/StepsProcessAward/PreviewAwardAct.aspx?qs=w1Hcgipyc2MAcjBISCHQnRMrzdsDhv1PTDtKfgtc1qo=
1057532-90-LP25;;Convenio Servicios de Mantención Equipo de Mamografía Móvil y Equipos de Imagenología SSO periodo  2026-2027;7;Desierta (o art. 3 ó 9 Ley 19.886);El Servicio requiere contratar un servicio de mantención desde el 01 de enero de 2026 hasta el 31 de diciembre de 2027 llamado   “Convenio Servicios de Mantención de Equipo de Mamografía Móvil y Equipos de Imagenología del Servicio de Salud Osorno  Periodo 2026-2027”. Dado que los equipos aquí considerados no contarán con garantía técnica de post venta del fabricante y/o  proveedor que lo suministró, por lo tanto, esta licitación asegurará que se realicen todos los servicios de mantenciones  preventivas programadas y cualquier reparación que surja durante dicho periodo.;LP;1;1;CLP;1;0;7296;SERVICIO DE SALUD OSORNO;61.607.600-0;1057532;Bienes y Servicios;Av. Juan Mackenna N°825, Edificio Plaza Sur;Osorno;Región de los Lagos ;;6060;Rubén Uribe;Administrativo;2025-09-15T00:00:00;2025-11-18T15:00:00;2025-10-29T13:00:00;2025-11-05T15:00:00;2025-11-07T17:00:00;2025-11-18T17:00:00;2025-11-18T17:00:00;2025-10-29T12:46:08.857;2025-12-17T17:00:00;2025-12-17T17:00:00;;1900-01-21T00:00:00;;;;2025-10-29T13:00:00;0;0;0;1;;0;0;289;2;;;2;Servicio Salud Osorno;0;0.0;;48;2;1;1;Erwin Camino B.;;khris Silva;;;Según lo estipulado en numeral 7.7 de las bases.;0;4;48; ;;0;0;2;0; ;0;;;;;0;http://www.mercadopublico.cl/Procurement/Modules/RFB/StepsProcessAward/PreviewAwardAct.aspx?qs=cxVH68AsfCp7/fc45x8BUa8YQXJvBJHJiP/HS46PAxs=
1057532-53-LP25;;CONVENIO DE SERVICIOS DE MANTENCION PREVENTIVA CORRECTIVA YO REPARATIVA PARA VEHICULOS MULTIMARCAS DEPENDIENTES DEL SERVICIO DE SALUD OSORNO 2026-2027;8;Adjudicada;F3-138-BMC-Contar con los servicios de mantención preventiva, correctiva y/o reparativas para vehículos multimarcas de la Red  Asistencial del Servicio de Salud Osorno y de esta manera mantener en buen estado mecánico, seguridad y confortabilidad todo los vehículos motorizados.;LP;1;1;CLP;1;1;7296;SERVICIO DE SALUD OSORNO;61.607.600-0;1057532;Bienes y Servicios;Av. Juan Mackenna N°825, Edificio Plaza Sur;Osorno;Región de los Lagos ;;2167366;Bastian Miranda Coronado;PROFESIONAL;2025-07-02T00:00:00;2025-10-30T10:00:00;2025-10-10T16:05:00;2025-10-15T17:00:00;2025-10-20T17:00:00;2025-10-30T10:00:00;2025-10-30T10:00:00;2025-10-10T16:04:28.833;2025-11-18T10:24:28.67;2025-12-01T17:00:00;;1900-01-16T00:00:00;;;;2025-10-10T16:05:00;0;0;0;1;;0;0;289;2;;;1;SECTORIAL;1;200000000.0;;24;2;1;4;RODRIGO MARTINEZ;;FELIPE SALVO BARRIGA ;;;;1;4;24; ;;0;0;2;0; ;0;;2;2025-11-17T00:00:00;18408;1;http://www.mercadopublico.cl/Procurement/Modules/RFB/StepsProcessAward/PreviewAwardAct.aspx?qs=cXkvXqyHvvh5q/HnpxwFe3oEyIxRlRAj+2agL544ULI=
1057922-46-LE25;;ADQUISICIÓN EQUIPOS Y EQUIPAMIENTO PARA HABILITACIÓN DE CECOSF EL ENCANTO;8;Adjudicada;Adquisición de equipos y equipamiento para habilitación de CECOSF El Encanto, comuna de Puyehue.;LE;1;1;CLP;1;1;7296;SERVICIO DE SALUD OSORNO;61.607.600-0;1057922;Activos Fijos;Av. Juan Mackenna N°825, Edificio Plaza Sur;Osorno;Región de los Lagos ;;1509881;Ariela Acevedo;PROFESIONAL APOYO;2025-09-05T00:00:00;2025-10-13T15:15:00;2025-10-03T10:00:00;2025-10-07T17:00:00;2025-10-09T17:00:00;2025-10-13T15:16:00;2025-10-13T15:16:00;2025-10-03T09:34:06.03;2025-11-19T12:48:42.22;2025-11-21T17:00:00;;1900-01-11T00:00:00;;;;2025-10-03T10:00:00;0;0;0;1;;2;0;289;2;;;2;;1;32287000.0;;;2;1;4;Rodrigo Martínez Alvarado;;Miguel Navarro Salgado;;;De acuerdo a lo establecido en numeral 7.7 de las bases.;1;1;0; ;;0;0;1;0; ;0;;2;2025-11-19T00:00:00;18474;23;http://www.mercadopublico.cl/Procurement/Modules/RFB/StepsProcessAward/PreviewAwardAct.aspx?qs=JRZAgZj+j0pSHOZ/ZbztGEk/1dy/6O1flkADIw3gwL4=
1077241-16-LE25;;Insumos personalizados Programa Preventivo Cáncer;8;Adjudicada;Adquisición de insumos personalizados para Programa de Promoción, Prevención y Diagnóstico precoz de cánceres más prevalentes en mujeres de la Provincia de Osorno y “Mer-chandising” para programa de prevención de cáncer de pulmón y otros asociados a consumo de tabaco.;LE;1;1;CLP;1;1;7296;SERVICIO DE SALUD OSORNO;61.607.600-0;1077241;Administración de Fondos;Esperanza N°555;Puerto Octay;Región de los Lagos ;;2281976;Verónica Aracely Márquez Aguila;Comprador;2025-10-23T12:25:41.603;2025-11-10T15:00:00;2025-10-29T15:30:00;2025-11-03T17:00:00;2025-11-04T17:00:00;2025-11-10T15:01:00;2025-11-10T15:01:00;2025-10-29T15:06:05.243;2025-11-20T16:46:48.46;2025-12-09T15:00:00;;1900-01-16T00:00:00;;;;2025-10-29T15:30:00;0;0;0;1;;2;0;289;2;;;1;;1;11472950.0;;;2;1;4;RODRIGO MARTINEZ ALVARADO;;Carla Nannig ;;;De acuerdo a numeral 7.7 de las bases adjuntas.;1;1;0; ;;0;0;1;0; ;0;;2;2025-11-20T00:00:00;18502;1;http://www.mercadopublico.cl/Procurement/Modules/RFB/StepsProcessAward/PreviewAwardAct.aspx?qs=NufDzueECIyXH7QqKdWVP5tc0k6RnKWt1grEiA3pxQQ=
1057532-67-LE25;;ADQUISICION VESTUARIO INSTITUCIONAL AUXILIARES SSO 2° LLAMADO;8;Adjudicada;ADQUISICION VESTUARIO INSTITUCIONAL PARA ESTAMENTO AUXILIARES SERVICIO SALUD OSORNO, 2° LLAMADO;LE;1;1;CLP;1;1;7296;SERVICIO DE SALUD OSORNO;61.607.600-0;1057532;Bienes y Servicios;Av. Juan Mackenna N°825, Edificio Plaza Sur;Osorno;Región de los Lagos ;;621550;Lesly Andrea Díaz Aburto;Administrativo;2025-08-11T00:00:00;2025-10-09T15:00:00;2025-09-29T10:30:00;2025-10-02T17:00:00;2025-10-03T17:00:00;2025-10-09T15:01:00;2025-10-09T15:01:00;2025-09-29T10:08:41.02;2025-11-21T16:47:18.14;2025-11-10T17:00:00;;;;;;2025-09-29T10:30:00;0;0;0;1;;1;0;289;1;;;1;;0;0.0;;;1;1;1;RODRIGO MARTINEZ;;DAVID SERRANO;;;DE ACUERDO A NUMERAL 7.7 DE LAS BASES ADJUNTAS;0;1;0; ;;0;0;1;0; ;0;;2;2025-11-21T00:00:00;18527;5;http://www.mercadopublico.cl/Procurement/Modules/RFB/StepsProcessAward/PreviewAwardAct.aspx?qs=o98JXJtazYxIEWPpB0u6SdLwXTuLyb+PIvepCYE50rA=
1057922-44-R125;;ADQUISICIÓN DE ELECTRODOMÉSTICOS PARA CESFAM CON SAR CHUYACA Y CECOSF EL ENCANTO COMUNA DE PUYEHUE;8;Adjudicada;F5-034-BMC-ADQUISICION DE EQUIPOS MEDICOS Y NO MEDICOS PARA CESFAM CON SAR CHUYACA.  F5-037-BMC-ADQUISICION DE EQUIPOS Y EQUIPAMIENTO PARA HABILITACION DE CECOSF EL ENCANTO, COMUNA DE PUYEHUE;LE;1;1;CLP;1;1;7296;SERVICIO DE SALUD OSORNO;61.607.600-0;1057922;Activos Fijos;Av. Juan Mackenna N°825, Edificio Plaza Sur;Osorno;Región de los Lagos ;;2167366;Bastian Miranda Coronado;PROFESIONAL;2025-08-29T00:00:00;2025-09-29T15:15:00;2025-09-22T10:15:00;2025-09-23T15:00:00;2025-09-25T15:00:00;2025-09-29T15:16:00;2025-09-29T15:16:00;2025-09-22T10:10:28.88;2025-11-21T16:43:09.753;2025-10-28T17:00:00;;1900-01-11T00:00:00;;;;2025-09-22T10:15:00;0;0;0;0;;;0;289;2;;;2;;0;0.0;;;2;1;-1;;;;;;De acuerdo a lo establecido en numeral 7.7 de las bases administrativas;0;1;0; ;;0;0;1;0; ;0;;2;2025-11-21T00:00:00;18525;7;http://www.mercadopublico.cl/Procurement/Modules/RFB/StepsProcessAward/PreviewAwardAct.aspx?qs=3HAcZ6RNaAHXiOHdJKldBvPqyN/ZfYil3O9p36rWqmA=
1057532-103-LE25;;“CONVENIO DE SUMINISTRO DE AYUDAS TÉCNICAS AÑO 2026”;8;Adjudicada;La presente licitación tiene como objeto proveer de ayudas técnicas (AATT) a la red asistencial en el contexto de las Garantías Explícitas en Salud en su Problema de Salud 36 y del Piloto NO GES de AATT de 45 a 64 años. Dicha adquisición permitirá que los establecimientos de salud de nuestra red asistencial puedan cumplir con la garantía GES, entregando AATT a los usuarios(as) de la provincia de Osorno según sus necesidades. Si bien el contrato de suministro es centralizado a nivel de la Dirección del Servicio de Salud, cada Hospital dependiente del Servicio, ha programado la compra estimada de Ayudas Técnicas y será responsable del proceso administrativo para la gestión desde el momento de la emisión de Orden de compra y Pago de Factura. Las entregas serán en la Droguería del SSO para los establecimientos HPU, HRN, HPO, HPu Mulen y HFSRKMM, y en el HBSJO.;LE;1;1;CLP;1;1;7296;SERVICIO DE SALUD OSORNO;61.607.600-0;1057532;Bienes y Servicios;Av. Juan Mackenna N°825, Edificio Plaza Sur;Osorno;Región de los Lagos ;;1590644;JACQUELINE  OYARZUN ALVAREZ;Comprador administrativo;2025-10-13T00:00:00;2025-11-03T15:05:00;2025-10-21T18:30:00;2025-10-27T15:00:00;2025-10-28T15:00:00;2025-11-03T15:10:00;2025-11-03T15:10:00;2025-10-21T16:12:59.873;2025-11-21T15:32:04.117;2025-12-03T17:00:00;;1900-01-16T00:00:00;;;;2025-10-21T18:30:00;0;0;0;1;;1;0;289;2;;;2;Programas Ayudas Tecnicas 2026;0;0.0;Según Resolución Exenta adjunta;12;2;1;4;Rodrigo Martinez Alvarado;;Camila Alvarez Velasquez;;;De acuerdo al numeral 7.8 de las bases.;0;4;12; ;;0;0;2;0; ;0;;2;2025-11-21T00:00:00;N°18516;7;http://www.mercadopublico.cl/Procurement/Modules/RFB/StepsProcessAward/PreviewAwardAct.aspx?qs=L8JY1I3n9kOUlywX6TQZVmdj7oTD+8G4xJwagIcQ4sE=
1057532-75-LP25;;ARRIENDO DE 159 EQUIPOS COMPUTACIONALES AIO;7;Desierta (o art. 3 ó 9 Ley 19.886);F3-184-NAM Arriendo de 159 Equipos PC AIO y plataforma de seguimiento de requerimientos para apoyar los procesos clínicos y administrativos.   Dar continuidad al actual contrato de arriendo de 159 PC AIO.;LP;1;1;CLP;1;1;7296;SERVICIO DE SALUD OSORNO;61.607.600-0;1057532;Bienes y Servicios;Av. Juan Mackenna N°825, Edificio Plaza Sur;Osorno;Región de los Lagos ;;2067506;NICOLAS ASENCIO MOREIRA;COMPRADOR;2025-09-01T00:00:00;2025-10-14T15:00:00;2025-09-24T17:15:00;2025-09-29T17:00:00;2025-09-30T17:00:00;2025-10-14T15:01:00;2025-10-14T15:01:00;2025-09-24T17:09:27.257;2025-11-21T09:11:06.29;2025-11-12T17:00:00;;1900-01-16T00:00:00;;;;2025-09-24T17:15:00;0;0;0;1;;0;0;289;2;;;1;Sectorial;1;333308520.0;;36;2;1;4;Rodrigo Martinez;;Alvaro Montecinos;;;De acuerdo lo establecido en numeral 7.7 de Subcontratación de las bases;1;4;36; ;;0;0;2;0; ;0;;2;2025-11-20T00:00:00;18504;3;http://www.mercadopublico.cl/Procurement/Modules/RFB/StepsProcessAward/PreviewAwardAct.aspx?qs=xtj60l886XN6DXis6q3929g1+iAsSjIzLo+hbrAN7lA=
1057532-84-LP25;;Convenio Servicios de Mantención de Autoclaves y Planta de Tratamiento Agua de establecimientos dependientes del SSO periodo 2026 - 2027;8;Adjudicada;El Servicio de Salud Osorno, en adelante “el Servicio”, representado por su Director, actúa como entidad licitante en el Propuesta Pública para el “CONVENIO SERVICIOS DE MANTENCIÓN DE AUTOCLAVES Y PLANTAS DE TRATAMIENTO DE AGUA DE ESTABLECIMIENTOS DEPENDIENTES DEL SERVICIO DE SALUD OSORNO PERIODO 2026-2027” de acuerdo a las condiciones establecidas en las presentes bases administrativas, técnicas y anexos, aprobados previamente por la autoridad competente y de acuerdo a lo solicitado en Formulario Solicitud de Compra N°95 del Depto. de Ingeniería Clínica del Servicio Salud Osorno.;LP;1;1;CLP;1;1;7296;SERVICIO DE SALUD OSORNO;61.607.600-0;1057532;Bienes y Servicios;Av. Juan Mackenna N°825, Edificio Plaza Sur;Osorno;Región de los Lagos ;;6060;Rubén Uribe;Administrativo;2025-09-11T00:00:00;2025-10-13T15:01:00;2025-09-22T16:01:00;2025-09-29T15:00:00;2025-10-01T17:00:00;2025-10-13T15:01:00;2025-10-13T15:01:00;2025-09-22T15:27:24.35;2025-11-24T14:47:58.123;2025-11-11T17:30:00;;;;;;2025-09-22T16:01:00;0;0;0;1;;0;0;289;2;;;2;Servicio de Salud Osorno;0;0.0;;24;2;1;4;Erwin Camino B.;;Khris Silva Vargas;;;Según numeral 7.7 de las bases.;0;4;24; ;;0;0;2;0; ;0;;2;2025-11-24T00:00:00;18545;3;http://www.mercadopublico.cl/Procurement/Modules/RFB/StepsProcessAward/PreviewAwardAct.aspx?qs=egzZ6/APgeFqxWzxVNBd+Rui0lx5ETaMJ84p4/T7YTA=
1057532-94-LP25;;Convenio Servicios de Mantención de Grupos Electrógenos de Establecimientos dependientes del SSO periodo 2026 - 2027;8;Adjudicada;El Servicio requiere contratar un servicio de mantención desde el 01 de enero de 2026 hasta el 31 de diciembre de 2027 llamado “Convenio Servicios De Mantención De Grupos Electrógenos De Establecimientos Dependientes Del Servicio De Salud Osorno Periodo 2026-2027”.;LP;1;1;CLP;1;1;7296;SERVICIO DE SALUD OSORNO;61.607.600-0;1057532;Bienes y Servicios;;;Región de los Lagos ;;6060;Rubén Uribe;Administrativo;2025-09-25T00:00:00;2025-10-21T15:00:00;2025-10-01T16:15:00;2025-10-08T15:00:00;2025-10-10T17:00:00;2025-10-21T15:01:00;2025-10-21T15:01:00;2025-10-01T16:06:14.493;2025-11-24T15:21:47.9;2025-11-19T17:00:00;;1900-01-21T00:00:00;;;;2025-10-01T16:15:00;0;0;0;1;;0;0;289;2;;;2;Servicio Salud Osorno;0;0.0;;24;2;1;4;Erwin Camino B.;;Khris Silva Vargas;;;Numeral 7.7 de las presentes bases.;0;4;24; ;;0;0;2;0; ;0;;2;2025-11-24T00:00:00;18546;5;http://www.mercadopublico.cl/Procurement/Modules/RFB/StepsProcessAward/PreviewAwardAct.aspx?qs=b5Y7eqCrTYmyQAKGZWm19EO2vl6oZL7NBJ/XJ9c91Ec=
1057727-4-LE25;;SER. ALIMENTACIÓN Y ORGANIZACION NAVIDAD SSO;8;Adjudicada;F1-217-NAM Contratar un servicio integral de organización, producción y alimentación para la Celebración de Navidad – Bienestar 2025, destinada a los hijos de los funcionarios del Servicio de Salud Osorno, a realizarse el sábado 6 de diciembre de 2025, en Osorno, entre 14:00 y 20:00 hrs, incluyendo infraestructura, animación y cumplimiento sanitario.;LE;1;1;CLP;1;1;7296;SERVICIO DE SALUD OSORNO;61.607.600-0;1057727;Bienestar;Av. Juan Mackenna N°825, Edificio Plaza Sur;Osorno;Región de los Lagos ;;2067506;NICOLAS ASENCIO MOREIRA;COMPRADOR;2025-11-11T12:39:21.48;2025-11-24T15:00:00;2025-11-13T11:16:00;2025-11-18T17:00:00;2025-11-20T17:00:00;2025-11-24T15:01:00;2025-11-24T15:01:00;2025-11-13T11:14:35.997;2025-11-27T14:28:33.82;2025-12-23T17:00:00;;1900-01-16T00:00:00;;;;2025-11-13T11:16:00;0;0;0;1;;2;0;289;2;;;1;Bienestar;1;30000000.0;;;2;1;4;Rodrigo Martinez Alvarado;;Claudia Centeno;;;DE ACUERDO A NUMERAL 7.7 DE LAS BASES;1;1;0; ;;0;0;1;0; ;0;;2;2025-11-27T00:00:00;18578;2;http://www.mercadopublico.cl/Procurement/Modules/RFB/StepsProcessAward/PreviewAwardAct.aspx?qs=VjpZ1l3b52lJDm08CilzwMBf/BEoc9OsjKq92NdElto=
1077241-18-CO25;;CON. EXAMENES DE ENDOSCOPIA DIGESTIVA ALTA 3°LLAMADO SSO;7;Desierta (o art. 3 ó 9 Ley 19.886);CONVENIO DE PRESTACIÓN DE SERVICIO DE ENDOSCOPIA DIGESTIVA ALTA PARA PACIENTES DE HOSPITALES PTO. OCTAY, QUILACAHUIN Y FUTA SRUKA LAWENCHE DE LA RED DEL SERVICIO DE SALUD OSORNO, 3° LLAMADO;CO;3;0;CLP;1;0;7296;SERVICIO DE SALUD OSORNO;61.607.600-0;1077241;Administración de Fondos;Esperanza N°555;Puerto Octay;Región de los Lagos ;;621550;Lesly Andrea Díaz Aburto;Administrativo;2025-11-13T00:00:00;2025-11-27T15:00:00;2025-11-20T13:00:00;2025-11-24T17:00:00;2025-11-25T17:00:00;2025-11-27T15:01:00;2025-11-27T15:01:00;2025-11-20T12:49:03.917;2025-12-27T17:00:00;2025-12-27T17:00:00;;;;;;2025-11-20T13:00:00;0;0;0;1;;0;0;289;1;;;2;;0;0.0;;2;1;1;1;RODRIGO MARTINEZ;;Omar Contreras;;;;0;4;2;RFB_CONTRACT_TIME_PERIOD_ALONG_TIME_EXECUTION;;0;0;2;0; ;0;;;;;0;http://www.mercadopublico.cl/Procurement/Modules/RFB/StepsProcessAward/PreviewAwardAct.aspx?qs=dvlMnAP6Ra9LleFYZEphiPHmoGub05W07Kw95slXWxc=
1057922-54-LE25;;ADQUISICIÓN DE EQUIPAMIENTO DE ESTIMULACIÓN PARA HABILITACIÓN COSAM RAHUE;8;Adjudicada;Adquisición de equipamiento médico menor para habilitación de COSAM Rahue, comuna de Osorno.;LE;1;1;CLP;1;1;7296;SERVICIO DE SALUD OSORNO;61.607.600-0;1057922;Activos Fijos;Av. Juan Mackenna N°825, Edificio Plaza Sur;Osorno;Región de los Lagos ;;1509881;Ariela Acevedo;PROFESIONAL APOYO;2025-10-27T00:00:00;2025-11-10T15:15:00;2025-11-04T15:30:00;2025-11-06T17:00:00;2025-11-07T17:00:00;2025-11-10T15:16:00;2025-11-10T15:16:00;2025-11-04T15:18:57.957;2025-11-28T09:38:14.077;2025-12-10T17:00:00;;1900-01-11T00:00:00;;;;2025-11-04T15:30:00;0;0;0;1;;2;0;289;2;;;2;;1;13722000.0;;;2;1;4;Rodrigo Martínez Alvarado;;Miguel Navarro Salgado;;;De acuerdo a lo establecido en numeral 7.7 de las bases;1;1;0; ;;0;0;1;0; ;0;;2;2025-11-27T00:00:00;18596;10;http://www.mercadopublico.cl/Procurement/Modules/RFB/StepsProcessAward/PreviewAwardAct.aspx?qs=O7arRHZhjMrrDM0HzE6eGAAI+JOoXGiinAddR1fZk8Q=
1057532-70-R125;;ONVENIO SERVICIOS DE MANTENCIÓN EQUIPOS DE IMAGENOLOGÍA DE ESTABLECIMIENTOS DEPENDIENTES D PERIODO 2026-2027;8;Adjudicada;contratar un servicio de mantención desde el 01 de enero de 2026 hasta el 31 de diciembre de 2027 llamado “Convenio de Servicios de Mantención de Equipos de Imagenología de Establecimientos dependientes del Servicio Salud Osorno Periodo 2026-2027;LE;1;1;CLP;1;1;7296;SERVICIO DE SALUD OSORNO;61.607.600-0;1057532;Bienes y Servicios;Av. Juan Mackenna N°825, Edificio Plaza Sur;Osorno;Región de los Lagos ;;6060;Rubén Uribe;Administrativo;2025-08-20T00:00:00;2025-09-15T15:00:00;2025-09-04T12:01:00;2025-09-09T17:00:00;2025-09-11T17:00:00;2025-09-15T15:01:00;2025-09-15T15:01:00;2025-09-04T09:42:00;2025-11-28T08:53:47.617;2025-10-14T17:00:00;;1900-01-16T00:00:00;2025-11-12T00:00:00;;;2025-09-04T12:01:00;0;0;0;0;;;0;289;2;;;2;;0;0.0;;24;2;1;-1;;;;;;Según lo estipulado en numeral 7.7 de las bases.;0;4;24; ;;0;0;2;0; ;0;;2;2025-11-26T00:00:00;18568;7;http://www.mercadopublico.cl/Procurement/Modules/RFB/StepsProcessAward/PreviewAwardAct.aspx?qs=LIUNJYFTM6NbvAXB72UeX9/g74/j9yM6Aec8EtxfU2U=
