CodigoLicitacion;Correlativo;CodigoProducto;CodigoCategoria;Categoria;NombreProducto;DescripcionItem;UnidadMedida;Cantidad;RutGanador;NombreGanador;MontoUnitarioGanador;CantidadAdjudicada
1057532-104-R125;1;85122201;85122200;Salud, servicios sanitarios y alimentación / Medicina y servicios de salud / Evaluaciones de salud individuales;Exámenes médicos;CONVENIO DE SERVICIOS DE ARRIENDO E INFORME DE TELE ELECTROCARDIOGRAFÍA A DISTANCIA PARA LOS ESTABLECIMIENTOS DE SALUD DE LA RED DE APS DE LA PROVINCIA DE OSORNO, AÑO 2026 - 2027;Unidad;1.0;76.391.638-3;INFORME REMOTO LIMITADA;1.0;1.0
1057532-101-LE25;1;73152101;73152100;Servicios de producción y fabricación industrial / Servicios de apoyo o soporte a la fabricación / Servicios de mantenimiento y reparación de equipo de fabricación;Servicio de mantenimiento de equipo de fabricación;Mantención Equipos de Rayos X Dental;Unidad;12.0;7.632.958-3;HANS ROBERT LUDWIG LAIMBOCK LUEBERT;1.0;1.0
1057532-111-LE25;1;42281703;42281700;Equipamiento y suministros médicos / Productos para la esterilización médica / Soluciones y equipo de limpieza pre-esterilización;Equipos para el cuidado de los instrumentos;Mantención de monitores de signos vitales y desfibriladores;Unidad;696.0;76.872.632-9;SUPPORT MEDICAL SPA;1.0;1.0
1057532-111-LE25;2;42281703;42281700;Equipamiento y suministros médicos / Productos para la esterilización médica / Soluciones y equipo de limpieza pre-esterilización;Equipos para el cuidado de los instrumentos;Mantención de ventiladores mecánicos de transporte;Unidad;12.0;76.292.956-2;SERICK MAX MEDICA LIMITADA;1.0;1.0
1057532-125-B225;1;73152101;73152100;Servicios de producción y fabricación industrial / Servicios de apoyo o soporte a la fabricación / Servicios de mantenimiento y reparación de equipo de fabricación;Servicio de mantenimiento de equipo de fabricación;Mantención de equipos Imagenología marca Siemens;Unidad;8.0;;;0.0;0.0
1057532-97-R126;1;78111802;78111800;Servicios de transporte, almacenaje y correo / Transporte de pasajeros / Transporte de pasajeros por carretera;Servicios de autobuses regulares, recorridos fijos o servicios programados;Movilización Unidad Comunidad Terapéutica Peulla;Unidad;1.0;;;0.0;0.0
1057532-97-R126;2;78111802;78111800;Servicios de transporte, almacenaje y correo / Transporte de pasajeros / Transporte de pasajeros por carretera;Servicios de autobuses regulares, recorridos fijos o servicios programados;Movilización Unidad comunitario para personas con demencia Kümelen (usuarios y funcionarios);Unidad;1.0;;;0.0;0.0
1057532-97-R126;3;78111802;78111800;Servicios de transporte, almacenaje y correo / Transporte de pasajeros / Transporte de pasajeros por carretera;Servicios de autobuses regulares, recorridos fijos o servicios programados;Movilización Unidad comunitario para personas con demencia Kümelen (funcionarios);Unidad;1.0;78.005.774-2;TRANSPORTES C Y D SPA;1.0;1.0
1057532-97-R126;4;78111802;78111800;Servicios de transporte, almacenaje y correo / Transporte de pasajeros / Transporte de pasajeros por carretera;Servicios de autobuses regulares, recorridos fijos o servicios programados;Movilización Unidad de Memoria Ayekan;Unidad;1.0;;;0.0;0.0
1057532-97-R126;5;78111802;78111800;Servicios de transporte, almacenaje y correo / Transporte de pasajeros / Transporte de pasajeros por carretera;Servicios de autobuses regulares, recorridos fijos o servicios programados;Movilización Unidad Atención integral e intensiva de salud mental en domicilio Newen;Unidad;1.0;;;0.0;0.0
1057532-97-R126;6;78111802;78111800;Servicios de transporte, almacenaje y correo / Transporte de pasajeros / Transporte de pasajeros por carretera;Servicios de autobuses regulares, recorridos fijos o servicios programados;Movilización Unidad Centro de Salud Mental Comunitaria (COSAM) Rahue (programa atención ambulatoria domiciliaria y PAZGA);Unidad;1.0;;;0.0;0.0
1057532-97-R126;7;78111802;78111800;Servicios de transporte, almacenaje y correo / Transporte de pasajeros / Transporte de pasajeros por carretera;Servicios de autobuses regulares, recorridos fijos o servicios programados;Movilización Unidad Centro de Salud Mental Comunitaria (COSAM) Rahue (traslado funcionarios);Unidad;1.0;;;0.0;0.0
1057532-97-R126;8;78111802;78111800;Servicios de transporte, almacenaje y correo / Transporte de pasajeros / Transporte de pasajeros por carretera;Servicios de autobuses regulares, recorridos fijos o servicios programados;Movilización Unidad Centro de Salud Mental Comunitaria (COSAM) Oriente;Unidad;1.0;;;0.0;0.0
1057532-97-R126;9;78111802;78111800;Servicios de transporte, almacenaje y correo / Transporte de pasajeros / Transporte de pasajeros por carretera;Servicios de autobuses regulares, recorridos fijos o servicios programados;Movilización Unidad Centro de Salud Mental Comunitaria (COSAM) Rahue (programa atención ambulatoria domiciliaria y PAZGA) (vehículo de apoyo);Unidad;1.0;;;0.0;0.0
1057532-122-LE25;1;42181716;42181700;Equipamiento y suministros médicos / Productos para exámenes y control de pacientes / Unidades de electrocardiografía (ECG) y productos relacionados;Accesorios de electrocardiografía (ECG);Parches DEA, Saturometría, ECG, Papel impresión, compatible con Equipos marca Zoll;Unidad;1.0;79.895.670-1;PV EQUIP  SA;1.0;1.0
1057532-122-LE25;2;42181606;42181600;Equipamiento y suministros médicos / Productos para exámenes y control de pacientes / Unidades de presión sanguínea y productos relacionados;Mangas de inflación de presión sanguínea o mangas neumáticas o adaptadores;Mangueras y brazaletes PANI con conexión rápida;Unidad;1.0;;;0.0;0.0
1057532-122-LE25;3;42271503;42271500;Equipamiento y suministros médicos / Productos de resucitación, anestesia y respiratorios / Productos para el control respiratorio;Monitores de dióxido de carbono al final de la espiración (ETCO2) o suministros;Líneas de Cinografía Invasiva;Unidad;1.0;79.510.190-k;INVERSIONES Y SERVICIOS BALDER LIMITADA;534600.0;1.0
1057532-122-LE25;4;42181802;42181800;Equipamiento y suministros médicos / Productos para exámenes y control de pacientes / Oxímetros de pulso;Cables de oximetros de pulso;Cable Transductor línea de presión arterial invasiva;Unidad;1.0;79.510.190-k;INVERSIONES Y SERVICIOS BALDER LIMITADA;33000.0;1.0
1057532-122-LE25;5;42271505;42271500;Equipamiento y suministros médicos / Productos de resucitación, anestesia y respiratorios / Productos para el control respiratorio;Kits de monitorización respiratoria o sus accesorios;Saturometría compatible con modelo GE V100;Unidad;1.0;79.510.190-k;INVERSIONES Y SERVICIOS BALDER LIMITADA;317000.0;1.0
1057532-122-LE25;6;42181716;42181700;Equipamiento y suministros médicos / Productos para exámenes y control de pacientes / Unidades de electrocardiografía (ECG) y productos relacionados;Accesorios de electrocardiografía (ECG);Saturometría, temperatura y ECG compatible con modelo benevisión n1;Unidad;1.0;79.510.190-k;INVERSIONES Y SERVICIOS BALDER LIMITADA;1306000.0;1.0
1057532-122-LE25;7;42271505;42271500;Equipamiento y suministros médicos / Productos de resucitación, anestesia y respiratorios / Productos para el control respiratorio;Kits de monitorización respiratoria o sus accesorios;Circuitos respiratorios desechables compatible con equipo Weinmann Medumat;Unidad;1.0;;;0.0;0.0
1057532-122-LE25;8;42271505;42271500;Equipamiento y suministros médicos / Productos de resucitación, anestesia y respiratorios / Productos para el control respiratorio;Kits de monitorización respiratoria o sus accesorios;Circuitos respiratorios desechables compatible con equipo Dräger Oxylog;Unidad;1.0;;;0.0;0.0
1057532-122-LE25;9;42271707;42271700;Equipamiento y suministros médicos / Productos de resucitación, anestesia y respiratorios / Sistemas y dispositivos de terapia de entrega de oxígeno;Sensores o reguladores de caudal, o componentes;Manómetros y reguladores de oxígeno;Unidad;1.0;76.866.699-7;COMERCIAL VR LIMITADA;1650000.0;1.0
1057532-127-LE25;1;78180103;78180100;Servicios de transporte, almacenaje y correo / Servicios de mantención o reparaciones de transportes / Mantención o reparación de vehículos;Servicios de cambio de fluidos de aceite o de la transmisión;CONVENIO DE SERVICIO DE MANTENCIONES PREVENTIVAS, CORRECTIVAS Y/O REPARATIVAS 2026-2027 PARA BUS MITSUBISHI FUSO ROSA DEL HOSPITAL FUTA SRÜKA LAWENCHE KUNKO MAPU MO DEL SSO.;Unidad;1.0;;;0.0;0.0
1057532-124-LE25;1;73152101;73152100;Servicios de producción y fabricación industrial / Servicios de apoyo o soporte a la fabricación / Servicios de mantenimiento y reparación de equipo de fabricación;Servicio de mantenimiento de equipo de fabricación;Mantención Autoclaves marca Tuttnauer;Unidad;8.0;;;0.0;0.0
1057532-124-LE25;2;73152101;73152100;Servicios de producción y fabricación industrial / Servicios de apoyo o soporte a la fabricación / Servicios de mantenimiento y reparación de equipo de fabricación;Servicio de mantenimiento de equipo de fabricación;Mantención Autoclaves marca Matachana;Unidad;2.0;76.191.588-6;SEGURA Y COMPANIA LIMITADA;600000.0;1.0
1057532-124-LE25;3;73152101;73152100;Servicios de producción y fabricación industrial / Servicios de apoyo o soporte a la fabricación / Servicios de mantenimiento y reparación de equipo de fabricación;Servicio de mantenimiento de equipo de fabricación;Mantención Planta de Tratamiento de Agua, marca RO PURYTAS;Unidad;20.0;76.191.588-6;SEGURA Y COMPANIA LIMITADA;1300000.0;1.0
1057532-109-LP25;1;70141605;70141600;Servicios agrícolas, pesqueros, forestales y relacionados con la fauna / Producción, administración y protección de cultivos / Protección de cultivos;Servicios integrados de gestión de plagas;CONVENIO POR EL SERVICIO DE DESRATIZACION, SANITIZACION, DESINSECTACION Y OTRAS DE PLAGAS PARA LA DIRECCION DEL SERVICIO DE SALUD OSORNO Y SUS ESTABLECIMIENTOS DEPENDIENTES, PARA LOS AÑOS 2026 Y 2027;Unidad;1.0;12.390.665-9;GERARDO MAURICIO YELOR SOLÍS;1.0;1.0
1057532-110-LE25;1;85121808;85121800;Salud, servicios sanitarios y alimentación / Medicina y servicios de salud / Laboratorios clínicos;Laboratorios de rayos X;Convenio de servicio informes de radiografías y mamografías ambulatorias y urgentes para los Hospitales Dependientes del S.S.O. año 2025;Unidad;1.0;96.995.590-3;SERVICIOS MÉDICOS AMBULATORIOS ATRYS HEALTH CHILE SPA;1.0;1.0
1077241-20-CO25;1;85122005;85122000;Salud, servicios sanitarios y alimentación / Medicina y servicios de salud / Servicios dentales;Servicios de ortodoncia;CONFECCIÓN DE CONTENCIONES ESTAMPADAS PARA ALTAS DE TRATAMIENTO DE ORTODONCIA DEL PROGRAMA DE RESOLUCIÓN DE ORTODONCIA EN NIÑOS, NIÑAS Y ADOLESCENTES - Código BIP 40001626-0”.;Unidad;1.0;12.154.274-9;GERMÁN ANDRÉS RIVERA FREZ;23529.0;1.0
1057532-69-LP25;1;70151903;70151900;Servicios agrícolas, pesqueros, forestales y relacionados con la fauna / Cultivos forestales / Recursos forestales;Recursos de madera combustible;SUMINISTRO DE CHIP PARA CALDERAS DE HOSPITAL PÜ MÜLEN DE QUILACAHUIN Y HOSPITAL FÜTA SRÜKA LAWENCHE DE SAN JUAN. ESTABLECIMIENTOS DEPENDIENTES DEL SERVICIO DE SALUD OSORNO, AÑO 2026-2027;Metro Cúbico;1.0;77.066.489-6;COMERCIALIZADORA Y DISTRIBUIDORA FERRAMENTA SPA;24910.0;1.0
1057532-9-LE26;1;78180103;78180100;Servicios de transporte, almacenaje y correo / Servicios de mantención o reparaciones de transportes / Mantención o reparación de vehículos;Servicios de cambio de fluidos de aceite o de la transmisión;CONVENIO DE SERVICIO DE MANTENCIONES PREVENTIVAS, CORRECTIVAS Y/O REPARATIVAS 2026-2027 PARA BUS MITSUBISHI FUSO ROSA DEL HOSPITAL FUTA SRÜKA LAWENCHE KUNKO MAPU MO DEL SSO.;Unidad;1.0;92.475.000-6;KAUFMANN SA VEHICULOS MOTORIZADOS;1.0;1.0
1057922-7-LE26;1;42192207;42192200;Equipamiento y suministros médicos / Equipamiento para instalaciones médicas / Artículos para transporte de paciente;Camillas de paciente o accesorios de camilla;Camilla de examen;Unidad;4.0;77.749.210-1;COMERCIALIZADORA DE PRODUCTOS MEDICOS Y DEPORTIVOS PTM CHILE SPA;350000.0;4.0
1057922-7-LE26;2;24101626;24101600;Equipamiento para manejo y estiba de materiales / Maquinaria para manejo de materiales / Equipo de elevación;Escaleras mecánicas o pasillos mecánicos;Escabel;Unidad;5.0;77.749.210-1;COMERCIALIZADORA DE PRODUCTOS MEDICOS Y DEPORTIVOS PTM CHILE SPA;34167.0;5.0
1057922-7-LE26;3;42192210;42192200;Equipamiento y suministros médicos / Equipamiento para instalaciones médicas / Artículos para transporte de paciente;Sillas de ruedas;Set Silla de Ruedas;Kit;1.0;;;0.0;0.0
1057922-7-LE26;4;42281914;42281900;Equipamiento y suministros médicos / Productos para la esterilización médica / Suministros de envasado y envoltura de esterilización;Contenedores desechables de esterilización;Set Contenedores;Kit;1.0;;;0.0;0.0
1057922-7-LE26;5;24101615;24101600;Equipamiento para manejo y estiba de materiales / Maquinaria para manejo de materiales / Equipo de elevación;Rampas de carga;Tarima Plástica;Unidad;2.0;;;0.0;0.0
1057922-7-LE26;6;24112405;24112400;Equipamiento para manejo y estiba de materiales / Recipientes para almacenamiento / Cofres, armarios y baúles para almacenaje;Armarios;Set Lockers;Kit;1.0;;;0.0;0.0
1057532-129-LE25;1;78111802;78111800;Servicios de transporte, almacenaje y correo / Transporte de pasajeros / Transporte de pasajeros por carretera;Servicios de autobuses regulares, recorridos fijos o servicios programados;Movilización Unidad Centro de Salud Mental comunitario COSAM Rahue (programa atención ambulatoria domiciliaria y PAZGA);Unidad;1.0;77.172.073-0;"BARRÍA &amp; MEDINA TRANSPORTES LIMITADA";1.0;1.0
1057532-129-LE25;2;78111802;78111800;Servicios de transporte, almacenaje y correo / Transporte de pasajeros / Transporte de pasajeros por carretera;Servicios de autobuses regulares, recorridos fijos o servicios programados;Movilización Unidad Centro de Salud Mental comunitario COSAM Oriente;Unidad;1.0;79.554.260-4;SOC COMERCIAL OASIS LIMITADA;1.0;1.0
1057532-132-L125;1;24111503;24111500;Equipamiento para manejo y estiba de materiales / Recipientes para almacenamiento / Bolsas;Bolsas de plástico;Bolsas Transparentes;Paquete;12.0;;;0.0;0.0
1057532-132-L125;2;12181501;12181500;Productos químicos industriales / Ceras y aceites / Ceras;Ceras sintéticas;Cera en Crema - color rojo;Paquete;120.0;;;0.0;0.0
1057532-132-L125;4;12161902;12161900;Productos químicos industriales / Aditivos / Surfactantes;Detergentes surfactantes;Detergente Liquido;Unidad;48.0;;;0.0;0.0
1057532-132-L125;5;12131706;12131700;Productos químicos industriales / Materiales explosivos / Iniciadores;Cerillas;Fosforos en caja chica, pack de 10 cajas;Caja;24.0;;;0.0;0.0
1057532-132-L125;6;52121602;52121600;Muebles, accesorios, electrodomésticos y productos electrónicos / Ropa de cama, mantelerías, paños de cocina y toallas / Mantelerías de cocina, de mesa y accesorios;Servilletas;Servilletas de mesa 200 und;Paquete;72.0;;;0.0;0.0
1057532-132-L125;7;41104211;41104200;Equipamiento para laboratorios / Equipos e insumos para laboratorio / Equipo y suministros de purificación de agua para laboratorio;Suavizantes;Suavizante para Ropa;Bidón;12.0;;;0.0;0.0
1057532-132-L125;8;53102704;53102700;Ropa, maletas y productos de aseo personal / Ropa / Uniformes;Uniformes de garzones o cocineros;Cofias para Cocina;Paquete;12.0;;;0.0;0.0
1057532-123-CO25;1;85122201;85122200;Salud, servicios sanitarios y alimentación / Medicina y servicios de salud / Evaluaciones de salud individuales;Exámenes médicos;SERVICIO DE INFORMES: INTERPRETACIÓN Y DIAGNÓSTICO DEL MONITOREO AMBULATORIO DE PRESIÓN ARTERIAL (HOLTER DE PRESIÓN ARTERIAL) POR VÍA TELEMÁTICA, CON ARRIENDO DE EQUIPOS PARA 17 ESTABLECIMIENTOS DE APS DE LA PROVINCIA DE OSORNO,   AÑOS 2025 - 2026;Unidad;1.0;;;0.0;0.0
1057922-2-LP26;1;42181515;42181500;Equipamiento y suministros médicos / Productos para exámenes y control de pacientes / Evaluación de diagnóstico y productos para examen de uso general;Bandejas de examen;BANDEJA ACERO INOXIDABLE;Unidad;4.0;;;0.0;0.0
1057922-2-LP26;2;42181515;42181500;Equipamiento y suministros médicos / Productos para exámenes y control de pacientes / Evaluación de diagnóstico y productos para examen de uso general;Bandejas de examen;BANDEJA EXAMEN (DIAGNÓSTICO);Unidad;180.0;;;0.0;0.0
1057922-2-LP26;3;42152508;42152500;Equipamiento y suministros médicos / Equipos y suministros odontológicos / Suministros dentales generales;Jeringas dentales, agujas o jeringas con agujas;JERINGAS CARPULE;Unidad;120.0;;;0.0;0.0
1057922-2-LP26;4;42141606;42141600;Equipamiento y suministros médicos / Suministros y productos clínicos / Palanganas y bacinillas de cama y orinales y equipos de ingreso;Palanganas médicas para fines múltiples;RIÑÓN ACERO INOXIDABLE;Unidad;49.0;;;0.0;0.0
1057922-2-LP26;5;42142405;42142400;Equipamiento y suministros médicos / Suministros y productos clínicos / Productos médicos para vacío y succión;Estuches para sets de instrumental médico o sus accesorios;SET BÁSICO OPERATORIO;Unidad;12.0;;;0.0;0.0
1057922-2-LP26;6;42142405;42142400;Equipamiento y suministros médicos / Suministros y productos clínicos / Productos médicos para vacío y succión;Estuches para sets de instrumental médico o sus accesorios;SET CIRUGÍA MENOR;Unidad;14.0;;;0.0;0.0
1057922-2-LP26;7;42295132;42295100;Equipamiento y suministros médicos / Productos quirúrgicos / Equipo quirúrgico, accesorios y productos relacionados;Estuches para instrumentos quirúrgicos o accesorios;SET COMPLEJO OPERATORIO;Unidad;6.0;;;0.0;0.0
1057922-2-LP26;8;42142405;42142400;Equipamiento y suministros médicos / Suministros y productos clínicos / Productos médicos para vacío y succión;Estuches para sets de instrumental médico o sus accesorios;SET CURACIÓN;Unidad;109.0;;;0.0;0.0
1057922-2-LP26;9;42312202;42312200;Equipamiento y suministros médicos / Productos para el cuidado de heridas / Sutura y productos relacionados;Equipos o bandejas o paquetes o juegos de sutura;SET SUTURA;Unidad;23.0;;;0.0;0.0
1057922-2-LP26;10;42182013;42182000;Equipamiento y suministros médicos / Productos para exámenes y control de pacientes / Espéculos y accesorios para auscultación médica;Especulo del examen vaginal;SET ESPÉCULOS;Unidad;16.0;;;0.0;0.0
1057922-2-LP26;11;42143106;42143100;Equipamiento y suministros médicos / Suministros y productos clínicos / Equipo y suministros de obstetricia y ginecología;Kits de drenaje ginecológico o accesorios;SET EXAMEN GINECOLÓGICO;Unidad;16.0;;;0.0;0.0
1057922-2-LP26;12;42291802;42291800;Equipamiento y suministros médicos / Productos quirúrgicos / Abrazaderas quirúrgicas, fórceps, ligadores quirúrgicos e instrumentos relacionados;Abrazaderas, pinzas o fórceps quirúrgicos, o accesorios;SET EXTRACCIONES (CIRUGÍA MENOR);Unidad;6.0;;;0.0;0.0
1057922-2-LP26;13;42143102;42143100;Equipamiento y suministros médicos / Suministros y productos clínicos / Equipo y suministros de obstetricia y ginecología;Dispositivos uterinos o accesorios;SET INSERCIÓN DIU;Unidad;12.0;;;0.0;0.0
1057922-2-LP26;14;53131618;53131600;Ropa, maletas y productos de aseo personal / Artículos de baño o tocador / Artículos de baño y cuerpo;Utensilios de pedicura;SET INSTRUMENTAL DE PODOLOGÍA;Unidad;6.0;;;0.0;0.0
1057922-2-LP26;15;42142601;42142600;Equipamiento y suministros médicos / Suministros y productos clínicos / Jeringas y accesorios;Jeringas médicas de aspiración o irrigación;SET LAVADO DE OÍDOS;Unidad;3.0;;;0.0;0.0
1057922-2-LP26;16;42271710;42271700;Equipamiento y suministros médicos / Productos de resucitación, anestesia y respiratorios / Sistemas y dispositivos de terapia de entrega de oxígeno;Catéteres o kits de cateterización nasal médica;SET TAPONAMIENTO NASAL;Unidad;9.0;;;0.0;0.0
1057532-130-L125;1;72101506;72101500;Servicios de construcción y mantenimiento / Servicios de atención, mantenimiento y reparaciones de edificios / Servicios de apoyo para la construcción;Servicios de mantenimiento de ascensores;Servicio de certificación de Ascensores de los Hospital Pu Mülen de Quilacahuín y Füta Srüka Lawenche Künko Mapu Mo de San Juan de la Costa;Unidad;1.0;76.954.737-1;DS CERTIFICACIONES SPA;1237600.0;1.0
1057532-6-LR26;1;43212110;43212100;Tecnologías de la información, telecomunicaciones y radiodifusión / Equipos informáticos y accesorios / Impresoras;Impresoras multifunción o multifuncionales;SERVICIO DE ARRIENDO IMPRESORAS MULTIFUNCIONALES PARA EL SERVICIO DE SALUD OSORNO Y ESTABLECIMIENTOS DEPENDIENTES;Unidad;1.0;;;0.0;0.0
1057532-1-L126;1;46191505;46191500;Equipos y suministros de defensa, orden público, protección y seguridad / Protección contra incendios / Equipos de prevención de incendios;Sistemas de alarma de incendio;Servicio de mantención preventiva y correctiva de 50 sensores de humo, con suministro e instalación de micas y panel Jablotron 100, integración del sistema, pruebas operativas y entrega de informes técnicos por personal certificado.;Unidad;1.0;76.228.205-4;INGENIERIA INVERSIONES TECNOLOGIA Y CONSTRUCCION ENGINEERING SPA;3500000.0;1.0
1057532-5-LP26;1;30222501;30222500;Artículos para estructuras, obras y construcciones / Construcciones permanentes / Construcciones para alojamiento;Casas residenciales;ADQUISICIÓN 3 CUPOS RESIDENCIA PROTEGIDA DE PARA EL SERVICIO DE SALUD OSORNO EN LA PROVINCIA DE CONCEPCIÓN;Unidad;1.0;;;0.0;0.0
1057532-17-L126;1;93131607;93131600;Organizaciones y consultorías políticas, demográficas, económicas, sociales y de administración pública / Ayuda y asistencia humanitaria / Política, planificación y programas de alimentación y nutrición;Servicios de distribución de alimentos;Adquisición de Alimentos (Carnes y Congelados) con Entrega a Domicilio Parcializada (Mensual);Unidad;1.0;;;0.0;0.0
1180747-3-LR25;1;72131702;72131700;Servicios de construcción y mantenimiento / Construcción de edificios en general / Construcción de obras civiles y infraestructuras;Construcción de obras civiles;CONTRATAR LA COMPRA Y PROVISION DEL SISTEMA COMPLETO DE LA INSTALACION ELECTRICA Y CORRIENTES DEBILES DEL HOSPITAL DE RIO NEGRO, INCLUYENDO EL SISTEMA DE RESPALDO AUTÓNOMO;Unidad;1.0;;;0.0;0.0
1057532-19-L126;1;42271718;42271700;Equipamiento y suministros médicos / Productos de resucitación, anestesia y respiratorios / Sistemas y dispositivos de terapia de entrega de oxígeno;Accesorios para productos de administración de oxigenoterapia o sus suministros;Cilindro de Aire Medicinal de 10 M3 c/u con carga, instalación, capacitación  y flete;Unidad;6.0;90.100.000-K;LINDE GAS CHILE S.A.;473971.0;6.0
1180747-1-LR26;1;72131702;72131700;Servicios de construcción y mantenimiento / Construcción de edificios en general / Construcción de obras civiles y infraestructuras;Construcción de obras civiles;Construcción Sala de Acogida Intercultural (Sruka) Hospital Base San José Osorno, nuevo llamado;Unidad;1.0;;;0.0;0.0
1057532-16-L126;1;93131607;93131600;Organizaciones y consultorías políticas, demográficas, económicas, sociales y de administración pública / Ayuda y asistencia humanitaria / Política, planificación y programas de alimentación y nutrición;Servicios de distribución de alimentos;Adquisición de Alimentos (Abarrotes) con Entrega a Domicilio Parcializada (Mensual);Unidad;1.0;;;0.0;0.0
1057922-1-LR26;1;41101802;41101800;Equipamiento para laboratorios / Equipos e insumos para laboratorio / Equipo de física de electrones y de estado sólido para laboratorio;Generadores de rayos X;RAYOS X OSTEOPULMONAR;Unidad;1.0;;;0.0;0.0
1057922-1-LR26;2;42281508;42281500;Equipamiento y suministros médicos / Productos para la esterilización médica / Equipos y accesorios de esterilizadores y autoclaves;Esterilizadores o autoclaves de vapor;AUTOCLAVES + LAVADORA TERMODESINFECTADORA;Unidad;1.0;;;0.0;0.0
1057922-1-LR26;3;30201903;30201900;Artículos para estructuras, obras y construcciones / Estructuras prefabricadas / Construcciones médicas prefabricadas;Unidades dentales;UNIDAD DENTAL;Unidad;6.0;;;0.0;0.0
1057922-1-LR26;4;41111808;41111800;Equipamiento para laboratorios / Instrumentos de medida y experimentación / Equipo de examen no invasivo;Equipo de examen por rayos X;RAYOS X DENTAL;Unidad;1.0;;;0.0;0.0
1057532-7-LE26;1;72102301;72102300;Servicios de construcción y mantenimiento / Servicios de atención, mantenimiento y reparaciones de edificios / Gasfitería, calefacción y aire acondicionado;Supervisión de instalación, ajuste o mantenimiento de calderas;Convenio Servicios de Mantención de Calderas y Red de Calefacción/Vapor de Establecimientos Dependientes del Servicio de Salud Osorno Periodo 2026-2027 Segundo Llamado;Unidad;8.0;;;0.0;0.0
1057532-15-LE26;1;42181606;42181600;Equipamiento y suministros médicos / Productos para exámenes y control de pacientes / Unidades de presión sanguínea y productos relacionados;Mangas de inflación de presión sanguínea o mangas neumáticas o adaptadores;Mangueras y brazaletes PANI una o dos vías, con conexión rápida;Unidad;1.0;;;0.0;0.0
1057532-15-LE26;2;42271505;42271500;Equipamiento y suministros médicos / Productos de resucitación, anestesia y respiratorios / Productos para el control respiratorio;Kits de monitorización respiratoria o sus accesorios;Circuitos respiratorios desechables compatible con equipo Weinmann Medumat Transport;Unidad;1.0;;;0.0;0.0
1057532-15-LE26;3;42271505;42271500;Equipamiento y suministros médicos / Productos de resucitación, anestesia y respiratorios / Productos para el control respiratorio;Kits de monitorización respiratoria o sus accesorios;Circuitos respiratorios desechables compatible con equipo Dräger Oxylog;Unidad;1.0;;;0.0;0.0
1057532-11-LE26;1;43232408;43232400;Tecnologías de la información, telecomunicaciones y radiodifusión / Software / Programas de desarrollo;Software de desarrollo de plataforma Web;PROVISIÓN DEL SERVICIO DE REGISTRO Y EMISIÓN DE LICENCIAS MÉDICAS ELECTRÓNICAS PARA LA RED ASISTENCIAL DEL SERVICIO DE SALUD OSORNO;Unidad;1.0;;;0.0;0.0
1057532-4-LP26;1;30222501;30222500;Artículos para estructuras, obras y construcciones / Construcciones permanentes / Construcciones para alojamiento;Casas residenciales;10 CUPOS RESIDENCIA PROTEGIDA DE ALTA COMPLEJIDAD PARA EL SERVICIO DE SALUD OSORNO EN LA CIUDAD DE OSORNO;Unidad;1.0;77.625.119-4;SOCIALES TORRES SPA;81432.0;1.0
1057532-22-L126;1;82121507;82121500;Servicios editoriales, de diseño, publicidad, gráficos y artistas / Servicios de impresión y reproducción / Impresión;Impresión de papelería o formularios comerciales;Ficha Atención Prehospitalaria;Block;660.0;;;0.0;0.0
1057532-18-LP26;1;78180103;78180100;Servicios de transporte, almacenaje y correo / Servicios de mantención o reparaciones de transportes / Mantención o reparación de vehículos;Servicios de cambio de fluidos de aceite o de la transmisión;CONVENIO DE SERVICIOS DE MANTENCIÓN PREVENTIVA, CORRECTIVA Y/O REPARATIVA PARA LAS CONVERSIONES EN AMBULANCIAS Y VEHÍCULOS CON EQUIPOS ESPECIALES DE LA RED DEL SERVICIO DE SALUD OSORNO AÑO 2026;Unidad;1.0;16.906.109-2;FRANCISCO ALEJANDRO ARRIAGADA NAHUELPÁN;1.0;1.0
1057532-20-LE26;1;73152101;73152100;Servicios de producción y fabricación industrial / Servicios de apoyo o soporte a la fabricación / Servicios de mantenimiento y reparación de equipo de fabricación;Servicio de mantenimiento de equipo de fabricación;Mantención Autoclaves marca Tuttnauer;Unidad;8.0;;;0.0;0.0
1057532-3-LP26;1;94131601;94131600;Organizaciones sociales, laborales y clubes / Organizaciones, asociaciones y movimientos cívicos / Organizaciones de beneficencia;Hogares de beneficencia;ADQUISICIÓN 8 CUPOS DÍA HOGAR PROTEGIDO PARA HOMBRES PARA EL SERVICIO DE SALUD OSORNO EN LA PROVINCIA DE OSORNO;Unidad;1.0;65.129.460-6;AGRUPACION DE MONITORES PARA REHABILITACION EN SALUD MENTAL (AMORE);35500.0;1.0
1057532-2-LE26;1;80101504;80101500;Servicios profesionales, administrativos y consultorías de gestión empresarial / Consultorías o asesorías en gestión empresarial / Servicios de consultoría en gestión de empresas;Asesorías en planificación estratégica;Consultoría Proyecto Conservación Edificio Manuel Rodriguez - Servicio de Salud Osorno;Unidad;1.0;;;0.0;0.0
1057922-3-LE26;1;49201503;49201500;Equipos, suministros y accesorios deportivos y recreativos / Equipos para entrenamiento físico / Equipo de entrenamiento para aeróbic;Bicicletas estáticas;BICICLETA ESTÁTICA HORIZONTAL;Unidad;2.0;50.196.460-3;QUIMICOLOR LTDA;2490000.0;2.0
1057922-3-LE26;2;49201503;49201500;Equipos, suministros y accesorios deportivos y recreativos / Equipos para entrenamiento físico / Equipo de entrenamiento para aeróbic;Bicicletas estáticas;BICICLETA ESTÁTICA VERTICAL;Unidad;1.0;50.196.460-3;QUIMICOLOR LTDA;1950000.0;1.0
1057922-3-LE26;3;49201611;49201600;Equipos, suministros y accesorios deportivos y recreativos / Equipos para entrenamiento físico / Equipo de entrenamiento de pesas y resistencia;Máquinas de ejercicios múltiples;TROTADORA;Unidad;1.0;50.196.460-3;QUIMICOLOR LTDA;4500000.0;1.0
1057922-3-LE26;4;42294710;42294700;Equipamiento y suministros médicos / Productos quirúrgicos / Equipo de perfusión de corazón abierto, monitores, accesorios y productos relacionados;Equipos y accesorios de calentador o enfriador de perfusión o calentador y enfriador dual;CALENTADOR DE COMPRESAS;Unidad;2.0;78.087.900-9;INVERSIONES BIESTER LTDA;1950000.0;2.0
1057922-3-LE26;5;42251623;42251600;Equipamiento y suministros médicos / Productos de rehabilitación, terapia ocupacional y física / Equipo y dispositivos para ejercicios de rehabilitación;Aparatos de terapia ultrasónica o suministros;TERAPIA COMBINADA;Unidad;1.0;96.625.550-1;ANDOVER ALIANZA MEDICA S A;5134769.0;1.0
1057922-3-LE26;6;42142105;42142100;Equipamiento y suministros médicos / Suministros y productos clínicos / Productos de terapia para frío y calor;Unidades o sistemas terapéuticos de calentar o de enfriar;ULTRASONIDO TERAPÉUTICO;Unidad;2.0;96.625.550-1;ANDOVER ALIANZA MEDICA S A;2925105.0;2.0
1057532-23-LE26;1;78111808;78111800;Servicios de transporte, almacenaje y correo / Transporte de pasajeros / Transporte de pasajeros por carretera;Arriendo de vehículos;Arriendo de 01 vehículo para el traslado de los funcionarios del mamógrafo móvil del Servicio de Salud Osorno.;Unidad;1.0;;;0.0;0.0
1057532-23-LE26;2;78111808;78111800;Servicios de transporte, almacenaje y correo / Transporte de pasajeros / Transporte de pasajeros por carretera;Arriendo de vehículos;Arriendo de 01 vehículo para la conducción de los funcionarios de la Subdirección Administrativa del Servicio de Salud Osorno.;Unidad;1.0;;;0.0;0.0
1057532-23-LE26;3;78111808;78111800;Servicios de transporte, almacenaje y correo / Transporte de pasajeros / Transporte de pasajeros por carretera;Arriendo de vehículos;Arriendo de 01 vehículo para la conducción de los funcionarios de la Subdirección de Gestión Asistencial del Servicio de Salud Osorno.;Unidad;1.0;;;0.0;0.0
1057922-11-LE26;1;42181904;42181900;Equipamiento y suministros médicos / Productos para exámenes y control de pacientes / Unidades de control de cuidado intenso y productos relacionados;Unidades de transporte o de señales vitales móviles de multiparámetro o accesorios;Set Termo Vacuna;Kit;1.0;;;0.0;0.0
1057922-11-LE26;2;42192207;42192200;Equipamiento y suministros médicos / Equipamiento para instalaciones médicas / Artículos para transporte de paciente;Camillas de paciente o accesorios de camilla;Camilla Rehabilitación;Unidad;2.0;;;0.0;0.0
1057532-8-LP26;1;84131503;84131500;Servicios financieros, pensiones y seguros / Seguros y jubilación / Seguros para estructuras, propiedades y bienes;Seguro de automóviles o camiones;SEGUROS GENERALES PARA VEHÍCULOS MOTORIZADOS PERTENECIENTES AL SERVICIO DE SALUD OSORNO;Unidad;1.0;;;0.0;0.0
1057922-7-LP25;1;42281508;42281500;Equipamiento y suministros médicos / Productos para la esterilización médica / Equipos y accesorios de esterilizadores y autoclaves;Esterilizadores o autoclaves de vapor;AUTOCLAVES + LAVADORA TERMODESINFECTADORA;Unidad;1.0;76.142.730-k;GEMCO GENERAL MACHINERY S.A.;120186176.0;1.0
1057532-35-LE25;1;73101701;73101700;Servicios de producción y fabricación industrial / Industrias de plásticos y productos químicos / Producción farmacéutica;Servicios de producción de medicamentos o medicinas;VILDAGLIPTINA 50 MG COMPRIMIDO SEGUN ESPECIFICACIONES TECNICAS.;Comprimido;120000.0;77.240.238-4;EMCURE PHARMA CHILE SPA;92.0;120000.0
1057532-40-LE25;1;91111901;91111900;Servicios de cuidado personal y domésticos / Servicio doméstico y de cuidados / Cuidado de niños, personas enfermas y ancianos;Jardines infantiles o salas cunas;15 CUPOS ADICIONALES SALA CUNA PARA HIJOS/AS FUNCIONARIAS SSO;Unidad;1.0;76.796.544-3;SOCIEDAD EDUCACIONAL SAN GABRIEL SPA;1.0;1.0
1057532-34-LE25;1;85121808;85121800;Salud, servicios sanitarios y alimentación / Medicina y servicios de salud / Laboratorios clínicos;Laboratorios de rayos X;SERVICIO DE EXAMENES CON INFORME RADIOLOGICO DE ECOTOMOGRAFIA ABDOMINAL Y MAMARIA PARA LOS HOSPITALES ACREDITADOS DEPENDIENTES DEL SERVICIO DE SALUD OSORNO, AÑO 2025;Unidad;1.0;;;0.0;0.0
1057922-12-LE25;1;40102001;40102000;Equipamiento para el acondicionamiento, distribución y filtrado de fluidos / Control de temperatura y ventilación / Calderas;Caldera de tubo de fuego;Caldera Mural GLP;Unidad;1.0;76.444.101-k;CLIMA DEL AIRE SPA;14950000.0;1.0
1057532-49-LE25;1;85121502;85121500;Salud, servicios sanitarios y alimentación / Medicina y servicios de salud / Servicios de atención primaria;Consultas de médicos de atención primaria;ADQUISICIÓN DE PRESTACIONES DE REHABILITACIÓN INTEGRAL PARA EVALUACIÓN DIAGNÓSTICA Y TRATAMIENTO EN NIÑOS, NIÑAS Y ADOLESCENTES CON TRASTORNO DEL ESPECTRO AUTISTA;Unidad;1.0;;;0.0;0.0
1057922-13-LP25;1;41122808;41122800;Equipamiento para laboratorios / Suministros para laboratorios / Estantes, soportes y bandejas de laboratorio;Bandejas de uso general;BANDEJA ACERO INOXIDABLE;Unidad;4.0;88.041.000-8;OLLER Y CIA LTDA;86919.0;4.0
1057922-13-LP25;2;42181515;42181500;Equipamiento y suministros médicos / Productos para exámenes y control de pacientes / Evaluación de diagnóstico y productos para examen de uso general;Bandejas de examen;BANDEJA EXAMEN (DIAGNÓSTICO DENTAL);Unidad;160.0;76.311.356-6;MAINZ MEDICAL SPA;44517.0;160.0
1057922-13-LP25;3;42152508;42152500;Equipamiento y suministros médicos / Equipos y suministros odontológicos / Suministros dentales generales;Jeringas dentales, agujas o jeringas con agujas;JERINGAS CARPULE;Unidad;120.0;76.311.356-6;MAINZ MEDICAL SPA;40241.0;120.0
1057922-13-LP25;4;42141606;42141600;Equipamiento y suministros médicos / Suministros y productos clínicos / Palanganas y bacinillas de cama y orinales y equipos de ingreso;Palanganas médicas para fines múltiples;RIÑÓN ACERO INOXIDABLE;Unidad;49.0;76.139.337-5;ENDOTEC S.A.;13881.0;49.0
1057922-13-LP25;5;42151661;42151600;Equipamiento y suministros médicos / Equipos y suministros odontológicos / Instrumentos y dispositivos dentales y de sub-especialidad;Estuches o bolsas de instrumental odontológico;SET BÁSICO OPERATORIO DENTAL;Unidad;8.0;76.311.356-6;MAINZ MEDICAL SPA;235165.0;8.0
1057922-13-LP25;6;42142405;42142400;Equipamiento y suministros médicos / Suministros y productos clínicos / Productos médicos para vacío y succión;Estuches para sets de instrumental médico o sus accesorios;SET CIRUGÍA MENOR;Unidad;9.0;76.139.337-5;ENDOTEC S.A.;510446.0;9.0
1057922-13-LP25;7;42151661;42151600;Equipamiento y suministros médicos / Equipos y suministros odontológicos / Instrumentos y dispositivos dentales y de sub-especialidad;Estuches o bolsas de instrumental odontológico;SET COMPLEJO OPERATORIO DENTAL;Unidad;4.0;88.041.000-8;OLLER Y CIA LTDA;3017230.0;4.0
1057922-13-LP25;8;42142405;42142400;Equipamiento y suministros médicos / Suministros y productos clínicos / Productos médicos para vacío y succión;Estuches para sets de instrumental médico o sus accesorios;SET CURACIÓN;Unidad;64.0;76.139.337-5;ENDOTEC S.A.;33089.0;64.0
1057922-13-LP25;9;42295105;42295100;Equipamiento y suministros médicos / Productos quirúrgicos / Equipo quirúrgico, accesorios y productos relacionados;Mesas de instrumentos para uso de parto obstétrico o quirúrgico, accesorios o productos relacionados;SET DE PARTO;Unidad;2.0;88.041.000-8;OLLER Y CIA LTDA;691575.0;2.0
1057922-13-LP25;10;42312202;42312200;Equipamiento y suministros médicos / Productos para el cuidado de heridas / Sutura y productos relacionados;Equipos o bandejas o paquetes o juegos de sutura;SET DE SUTURA;Unidad;24.0;76.311.356-6;MAINZ MEDICAL SPA;331128.0;24.0
1057922-13-LP25;11;42293303;42293300;Equipamiento y suministros médicos / Productos quirúrgicos / Distractores, extendedores, separadores quirúrgicos y productos relacionados;Espéculos quirúrgicos;SET ESPÉCULOS;Unidad;8.0;;;0.0;0.0
1057922-13-LP25;12;42143102;42143100;Equipamiento y suministros médicos / Suministros y productos clínicos / Equipo y suministros de obstetricia y ginecología;Dispositivos uterinos o accesorios;SET EXAMEN GINECOLÓGICO;Unidad;10.0;76.139.337-5;ENDOTEC S.A.;85551.0;10.0
1057922-13-LP25;13;42143105;42143100;Equipamiento y suministros médicos / Suministros y productos clínicos / Equipo y suministros de obstetricia y ginecología;Unidades de extracción de obstetricia o accesorios;SET EXTRACCIÓN IMPLANTE;Unidad;6.0;88.041.000-8;OLLER Y CIA LTDA;94477.0;6.0
1057922-13-LP25;14;42151659;42151600;Equipamiento y suministros médicos / Equipos y suministros odontológicos / Instrumentos y dispositivos dentales y de sub-especialidad;Kit de extracción de fragmentos dentales;SET EXTRACCIONES (CIRUGÍA MENOR DENTAL);Unidad;4.0;88.041.000-8;OLLER Y CIA LTDA;3476780.0;4.0
1057922-13-LP25;15;42143101;42143100;Equipamiento y suministros médicos / Suministros y productos clínicos / Equipo y suministros de obstetricia y ginecología;Catéteres o kits intrauterinos;SET INSERCIÓN DIU;Unidad;6.0;;;0.0;0.0
1057922-13-LP25;16;42143101;42143100;Equipamiento y suministros médicos / Suministros y productos clínicos / Equipo y suministros de obstetricia y ginecología;Catéteres o kits intrauterinos;SET INSERCIÓN IMPLANTE;Unidad;6.0;88.041.000-8;OLLER Y CIA LTDA;94477.0;6.0
1057922-13-LP25;17;53131618;53131600;Ropa, maletas y productos de aseo personal / Artículos de baño o tocador / Artículos de baño y cuerpo;Utensilios de pedicura;SET INSTRUMENTAL DE PODOLOGÍA;Unidad;15.0;76.311.356-6;MAINZ MEDICAL SPA;772935.0;15.0
1057922-13-LP25;18;42293508;42293500;Equipamiento y suministros médicos / Productos quirúrgicos / Cánulas, puntas y estiletes de irrigación, succión quirúrgica y productos relacionados;Suministros y accesorios de irrigación o aspiración otorrinolaringológica;SET LAVADO DE OÍDOS;Unidad;3.0;76.311.356-6;MAINZ MEDICAL SPA;86949.0;3.0
1057922-13-LP25;19;42143502;42143500;Equipamiento y suministros médicos / Suministros y productos clínicos / Productos y accesorios de otorrinolaringología;Dispositivos de irrigación nasal o accesorios;SET TAPONAMIENTO NASAL;Unidad;6.0;76.311.356-6;MAINZ MEDICAL SPA;257354.0;6.0
1057532-47-L125;1;51141722;51141700;Medicamentos y productos farmacéuticos / Medicamentos para el sistema nervioso central / Agentes antipsicóticos;Fumarato de quetiapina;QUETIAPINA 25 MG COMPRIMIDO RECUBIERTO ENVASADO EN BLISTER. ENVASERESISTENTE CON SELLO QUE ASEGURE LA INVIOLABILIDAD DEL CONTENIDO. Según EETT adjuntas.;Comprimido;110000.0;77.337.544-5;SCM PHARMA SPA;21.0;109980.0
1057532-47-L125;2;51181805;51181800;Medicamentos y productos farmacéuticos / Hormonas y antagonistas hormonales / Estrógenos, progesteronas y anticonceptivos internos;Levonorgestrel;LEVONORGESTREL 0.03 MG BLISTER DE 28 O 35 GRAGEAS O COMPRIMIDO RECUBIERTO CAJA 1 CICLO. Según EETT adjuntas.;Unidad;1500.0;;;0.0;0.0
1057922-23-LE25;1;42141805;42141800;Equipamiento y suministros médicos / Suministros y productos clínicos / Equipo de electroterapia;Estimuladores o kits neuromusculares;ELECTROESTIMULADOR CON BIOFEEDBACK;Unidad;1.0;96.625.550-1;ANDOVER ALIANZA MEDICA S A;8795338.0;1.0
1057922-14-LP25;1;42281703;42281700;Equipamiento y suministros médicos / Productos para la esterilización médica / Soluciones y equipo de limpieza pre-esterilización;Equipos para el cuidado de los instrumentos;LIMPIADORA A VAPOR;Unidad;2.0;77.981.200-6;COMERCIAL PRO CLINIC LIMITADA;9558800.0;2.0
1057922-14-LP25;2;42291604;42291600;Equipamiento y suministros médicos / Productos quirúrgicos / Instrumentos quirúrgicos de corte, trampas y productos relacionados;Sierras de mano, seguetas o mangos de sierra quirúrgicos para huesos;MOTOR PEQUEÑOS FRAGMENTOS;Unidad;2.0;93.745.000-1;JOHNSON Y JOHNSON DE CHILE S A;19494043.0;2.0
1057922-14-LP25;3;42271609;42271600;Equipamiento y suministros médicos / Productos de resucitación, anestesia y respiratorios / Productos de comprobación y tratamiento de las funciones pulmonares;Monitores o accesorios de estudio del sueño;MONITOR PROFUNDIDAD ANESTÉSICA;Unidad;2.0;96.533.330-4;HEMISFERIO SUR S.A.;2600000.0;2.0
1077241-4-LE25;1;78111802;78111800;Servicios de transporte, almacenaje y correo / Transporte de pasajeros / Transporte de pasajeros por carretera;Servicios de autobuses regulares, recorridos fijos o servicios programados;Servicio de movilización de 01 vehiculo de acuerdo a especificaciones técnicas, durante un periodo de 10 meses, para acercar las actividades de tamizaje de cáncer colorrectal a los grupos de riesgo, de la Provincia de Osorno.;Unidad;1.0;78.005.774-2;TRANSPORTES C Y D SPA;1.0;1.0
1057922-11-LP25;1;25101703;25101700;Vehículos y equipamiento en general / Vehículos motorizados / Vehículos de emergencia;Ambulancias;AMBULANCIA EMERGENCIA BÁSICA 4X2, según especificaciones técnicas.;Unidad;1.0;96.877.150-7;PENA SPOERER Y CIA S.A.;78660013.0;1.0
1057532-42-LE25;1;78111802;78111800;Servicios de transporte, almacenaje y correo / Transporte de pasajeros / Transporte de pasajeros por carretera;Servicios de autobuses regulares, recorridos fijos o servicios programados;Servicio de movilización de (02) vehículos tipo minibús (Van-Furgones),  habilitados para transporte privado remunerado de pasajeros, con una capacidad  mínima de (07) asientos, incluyendo al conductor. El servicio tendrá una vigencia de (02) meses y debe;Unidad;2.0;;;0.0;0.0
1057532-54-CO25;1;85121808;85121800;Salud, servicios sanitarios y alimentación / Medicina y servicios de salud / Laboratorios clínicos;Laboratorios de rayos X;SERVICIO DE EXAMENES CON INFORME RADIOLOGICO DE ECOTOMOGRAFIA ABDOMINAL Y MAMARIA PARA LOS HOSPITALES ACREDITADOS DEPENDIENTES DEL SERVICIO DE SALUD OSORNO, AÑO 2025;Unidad;1.0;;;0.0;0.0
1057922-22-LP25;1;42191907;42191900;Equipamiento y suministros médicos / Equipamiento para instalaciones médicas / Armarios o muebles clínicos;Armarios o baúles de almacenamiento de instrumental médico;Caja Vascular Fístula;Unidad;5.0;;;0.0;0.0
1057922-22-LP25;2;42191907;42191900;Equipamiento y suministros médicos / Equipamiento para instalaciones médicas / Armarios o muebles clínicos;Armarios o baúles de almacenamiento de instrumental médico;Caja Vascular Periférica;Unidad;3.0;;;0.0;0.0
1057922-22-LP25;3;42191907;42191900;Equipamiento y suministros médicos / Equipamiento para instalaciones médicas / Armarios o muebles clínicos;Armarios o baúles de almacenamiento de instrumental médico;Caja Vascular Abdominal;Unidad;2.0;;;0.0;0.0
1057922-22-LP25;4;42191907;42191900;Equipamiento y suministros médicos / Equipamiento para instalaciones médicas / Armarios o muebles clínicos;Armarios o baúles de almacenamiento de instrumental médico;Caja CX Menor;Unidad;4.0;;;0.0;0.0
1057922-15-LR25;1;42295140;42295100;Equipamiento y suministros médicos / Productos quirúrgicos / Equipo quirúrgico, accesorios y productos relacionados;Armarios o baúles para instrumental quirúrgico;CAJA VARICES;Unidad;6.0;96.756.540-7;B BRAUN MEDICAL SPA;2973310.0;6.0
1057922-15-LR25;2;42191907;42191900;Equipamiento y suministros médicos / Equipamiento para instalaciones médicas / Armarios o muebles clínicos;Armarios o baúles de almacenamiento de instrumental médico;CAJA COLECISTECTOMÍA;Unidad;6.0;96.756.540-7;B BRAUN MEDICAL SPA;31861300.0;6.0
1057922-15-LR25;3;42295140;42295100;Equipamiento y suministros médicos / Productos quirúrgicos / Equipo quirúrgico, accesorios y productos relacionados;Armarios o baúles para instrumental quirúrgico;CAJA HERNIA;Unidad;4.0;96.756.540-7;B BRAUN MEDICAL SPA;3997220.0;4.0
1057922-15-LR25;4;42295140;42295100;Equipamiento y suministros médicos / Productos quirúrgicos / Equipo quirúrgico, accesorios y productos relacionados;Armarios o baúles para instrumental quirúrgico;CAJA AMIGDALECTOMÍA-MC IVOR;Unidad;3.0;96.756.540-7;B BRAUN MEDICAL SPA;4702440.0;3.0
1057922-15-LR25;5;42295140;42295100;Equipamiento y suministros médicos / Productos quirúrgicos / Equipo quirúrgico, accesorios y productos relacionados;Armarios o baúles para instrumental quirúrgico;CAJA AMIGDALECTOMÍA-RUSSEL DAVIS;Unidad;3.0;96.756.540-7;B BRAUN MEDICAL SPA;4208630.0;3.0
1057922-15-LR25;6;42295140;42295100;Equipamiento y suministros médicos / Productos quirúrgicos / Equipo quirúrgico, accesorios y productos relacionados;Armarios o baúles para instrumental quirúrgico;CAJA PTERIGION;Unidad;2.0;78.075.900-3;OFTOMED S.A.;3177834.0;2.0
1057922-15-LR25;7;42295140;42295100;Equipamiento y suministros médicos / Productos quirúrgicos / Equipo quirúrgico, accesorios y productos relacionados;Armarios o baúles para instrumental quirúrgico;CAJA CATARATA;Unidad;7.0;78.075.900-3;OFTOMED S.A.;6033419.0;7.0
1057922-15-LR25;8;42295140;42295100;Equipamiento y suministros médicos / Productos quirúrgicos / Equipo quirúrgico, accesorios y productos relacionados;Armarios o baúles para instrumental quirúrgico;CAJA VITRECTOMÍA;Unidad;2.0;78.075.900-3;OFTOMED S.A.;18589083.0;2.0
1057922-15-LR25;9;42295140;42295100;Equipamiento y suministros médicos / Productos quirúrgicos / Equipo quirúrgico, accesorios y productos relacionados;Armarios o baúles para instrumental quirúrgico;CAJA SALPINGECTOMÍA;Unidad;2.0;;;0.0;0.0
1057922-15-LR25;10;42295140;42295100;Equipamiento y suministros médicos / Productos quirúrgicos / Equipo quirúrgico, accesorios y productos relacionados;Armarios o baúles para instrumental quirúrgico;CAJA DE MANO;Unidad;2.0;96.756.540-7;B BRAUN MEDICAL SPA;5777530.0;2.0
1057922-15-LR25;11;42295140;42295100;Equipamiento y suministros médicos / Productos quirúrgicos / Equipo quirúrgico, accesorios y productos relacionados;Armarios o baúles para instrumental quirúrgico;CAJA TÚNEL CARPIANO;Unidad;1.0;96.756.540-7;B BRAUN MEDICAL SPA;2328460.0;1.0
1057922-17-LP25;1;42192207;42192200;Equipamiento y suministros médicos / Equipamiento para instalaciones médicas / Artículos para transporte de paciente;Camillas de paciente o accesorios de camilla;Camilla Altura Regulable;Unidad;2.0;76.116.604-2;BLUEMEDICAL SPA;2500000.0;2.0
1057922-17-LP25;2;42192207;42192200;Equipamiento y suministros médicos / Equipamiento para instalaciones médicas / Artículos para transporte de paciente;Camillas de paciente o accesorios de camilla;Camilla Examen;Unidad;31.0;76.116.604-2;BLUEMEDICAL SPA;895980.0;31.0
1057922-17-LP25;3;42192207;42192200;Equipamiento y suministros médicos / Equipamiento para instalaciones médicas / Artículos para transporte de paciente;Camillas de paciente o accesorios de camilla;Camilla Ginecológica;Unidad;3.0;;;0.0;0.0
1057922-17-LP25;4;42192207;42192200;Equipamiento y suministros médicos / Equipamiento para instalaciones médicas / Artículos para transporte de paciente;Camillas de paciente o accesorios de camilla;Camilla Reanimación;Unidad;1.0;;;0.0;0.0
1057922-17-LP25;5;42192404;42192400;Equipamiento y suministros médicos / Equipamiento para instalaciones médicas / Transporte de equipo médico y traslado de productos;Carros médicos o accesorios;Carro De Procedimientos;Unidad;3.0;76.116.604-2;BLUEMEDICAL SPA;1920000.0;3.0
1057922-17-LP25;6;42192404;42192400;Equipamiento y suministros médicos / Equipamiento para instalaciones médicas / Transporte de equipo médico y traslado de productos;Carros médicos o accesorios;Carro Ropa Limpia;Unidad;1.0;76.116.604-2;BLUEMEDICAL SPA;1640000.0;1.0
1057922-17-LP25;7;42192102;42192100;Equipamiento y suministros médicos / Equipamiento para instalaciones médicas / Asientos y taburetes clínicos y productos relacionados;Sillones reclinables de hospital o accesorios;Sillón Clínico;Unidad;9.0;92.999.000-5;IMPORTADORA Y DISTRIBUIDORA ARQUIMED LTDA;1790000.0;9.0
1057922-17-LP25;8;42192102;42192100;Equipamiento y suministros médicos / Equipamiento para instalaciones médicas / Asientos y taburetes clínicos y productos relacionados;Sillones reclinables de hospital o accesorios;Sillón Podológico;Unidad;1.0;78.322.700-2;COMERCIALIZADORA DOCTOR S CHOICE SPA;4633505.0;1.0
1057922-17-LP25;9;42192207;42192200;Equipamiento y suministros médicos / Equipamiento para instalaciones médicas / Artículos para transporte de paciente;Camillas de paciente o accesorios de camilla;Camilla Transporte;Unidad;5.0;78.874.470-6;STRYKER CORPORATION CHILE Y COMPANIA LIMITADA;3500000.0;5.0
1057922-17-LP25;10;42192404;42192400;Equipamiento y suministros médicos / Equipamiento para instalaciones médicas / Transporte de equipo médico y traslado de productos;Carros médicos o accesorios;Carro De Paro Equipado;Unidad;1.0;76.116.604-2;BLUEMEDICAL SPA;11600000.0;1.0
1077241-3-LP25;1;42295140;42295100;Equipamiento y suministros médicos / Productos quirúrgicos / Equipo quirúrgico, accesorios y productos relacionados;Armarios o baúles para instrumental quirúrgico;CAJA CIRUGÍA ENDOSCÓPICA NASAL;Unidad;1.0;;;0.0;0.0
1077241-3-LP25;2;42295140;42295100;Equipamiento y suministros médicos / Productos quirúrgicos / Equipo quirúrgico, accesorios y productos relacionados;Armarios o baúles para instrumental quirúrgico;CAJA MIRINGOTOMÍA OÍDOS (CONF.2);Unidad;1.0;;;0.0;0.0
1077241-3-LP25;3;42295121;42295100;Equipamiento y suministros médicos / Productos quirúrgicos / Equipo quirúrgico, accesorios y productos relacionados;Microscopios, recodos o aumentadores quirúrgicos o accesorios;MICROSCOPIO ESPECULAR OFTALMOLOGÍA;Unidad;1.0;96.705.150-0;ALTA TECNOLOGIA MEDICA SPA;12019205.0;1.0
1077241-3-LP25;4;42272501;42272500;Equipamiento y suministros médicos / Productos de resucitación, anestesia y respiratorios / Aparatos, accesorios y suministros de anestesia;Aparatos de anestesia con gas;MÁQUINA DE SEDACIÓN ÓXIDO NITROSO;Unidad;1.0;;;0.0;0.0
1077241-3-LP25;5;42295140;42295100;Equipamiento y suministros médicos / Productos quirúrgicos / Equipo quirúrgico, accesorios y productos relacionados;Armarios o baúles para instrumental quirúrgico;CAJAS INSTRUMENTAL BÁSICO QUIRÚRGICO TRAUMATOLOGÍA;Unidad;3.0;;;0.0;0.0
1077241-3-LP25;6;42295140;42295100;Equipamiento y suministros médicos / Productos quirúrgicos / Equipo quirúrgico, accesorios y productos relacionados;Armarios o baúles para instrumental quirúrgico;CAJAS CIRUGÍA MAXILOFACIAL;Unidad;5.0;96.756.540-7;B BRAUN MEDICAL SPA;2074230.0;5.0
1057532-43-L125;1;42182304;42182300;Equipamiento y suministros médicos / Productos para exámenes y control de pacientes / Productos para examen neurológico;Sets o kits de pruebas psicodiagnósticas;Escala Wechsler de Inteligencia para Niños - Quinta Edición (Batería WISC-V);Kit;1.0;77.934.872-5;PRO DISTRIBUIDORA DE ARTÍCULOS EDUCATIVOS, DEPORTIVOS Y OTROS SPA;735000.0;1.0
1057532-43-L125;2;42182304;42182300;Equipamiento y suministros médicos / Productos para exámenes y control de pacientes / Productos para examen neurológico;Sets o kits de pruebas psicodiagnósticas;Escala Wechsler de Inteligencia para Adultos WAIS-IV;Kit;1.0;77.934.872-5;PRO DISTRIBUIDORA DE ARTÍCULOS EDUCATIVOS, DEPORTIVOS Y OTROS SPA;735000.0;1.0
1057532-51-LE25;1;41115830;41115800;Equipamiento para laboratorios / Instrumentos de medida y experimentación / Analizadores, accesorios y suministros clínicos y de diagnósticos;Analizadores de glucosa;Adquisición de Cintas medición de glicemia  Se debe incluir 1 lancetero + 1 lanceta compatible entre ellas por cada frasco de cintas y 1000 equipos glucómetros compatibles 100% con las cintas medición de glicemia.;Unidad;215000.0;82.999.400-3;ROCHE CHILE LIMITADA;194.0;215000.0
1057922-19-LP25;1;42151624;42151600;Equipamiento y suministros médicos / Equipos y suministros odontológicos / Instrumentos y dispositivos dentales y de sub-especialidad;Piezas de mano dentales o accesorios;Kit Rotatorio;Unidad;16.0;79.595.850-9;DENTAL LAVAL LIMITADA;531568.0;16.0
1057922-19-LP25;2;30201903;30201900;Artículos para estructuras, obras y construcciones / Estructuras prefabricadas / Construcciones médicas prefabricadas;Unidades dentales;Unidad Dental;Unidad;4.0;86.710.300-7;SINTEC IMPORTADORA DE EQUIPOS DENTALES LIMITADA;16200630.0;4.0
1057922-19-LP25;3;42152008;42152000;Equipamiento y suministros médicos / Equipos y suministros odontológicos / Equipo y suministros para imágenes dentales;Unidades de Rayos X dentales;Rayos X dental;Unidad;1.0;86.710.300-7;SINTEC IMPORTADORA DE EQUIPOS DENTALES LIMITADA;7815126.0;1.0
1057922-19-LP25;4;41111808;41111800;Equipamiento para laboratorios / Instrumentos de medida y experimentación / Equipo de examen no invasivo;Equipo de examen por rayos X;Digitalizador de Placas;Unidad;1.0;86.316.500-8;IMPORTADORA SURDENT LIMITADA;9098466.0;1.0
1057922-10-R125;1;41115307;41115300;Equipamiento para laboratorios / Instrumentos de medida y experimentación / Equipo de generación y medición de luz y ondas;Láser;LASER ALTA POTENCIA;Unidad;1.0;;;0.0;0.0
1057922-10-R125;2;41102909;41102900;Equipamiento para laboratorios / Equipos e insumos para laboratorio / Equipo de histología;Procesores de tejidos;PROCESADOR DE TEJIDOS;Unidad;1.0;;;0.0;0.0
1057922-10-R125;3;24131501;24131500;Equipamiento para manejo y estiba de materiales / Refrigeración industrial / Refrigeradores industriales;Refrigerador y congelador combinado;REFRIGERADOR CLÍNICO ONCOLOGÍA;Unidad;1.0;92.999.000-5;IMPORTADORA Y DISTRIBUIDORA ARQUIMED LTDA;2879000.0;1.0
1057922-10-R125;4;24131501;24131500;Equipamiento para manejo y estiba de materiales / Refrigeración industrial / Refrigeradores industriales;Refrigerador y congelador combinado;REFRIGERADOR CLÍNICO FARMACIA;Unidad;1.0;;;0.0;0.0
1057922-10-R125;5;42201712;42201700;Equipamiento y suministros médicos / Productos para imágenes y de medicina nuclear / Artículos para imágenes de ultrasonido, doppler y eco;Unidades de ecografía o eco pulso o doppler o ultrasonido médico para uso diagnóstico general;ECÓGRAFO RODABLE;Unidad;1.0;;;0.0;0.0
1057532-37-R125;1;43232604;43232600;Tecnologías de la información, telecomunicaciones y radiodifusión / Software / Software específico para la industria;Software de diseño asistido por computador (CAD);LICENCIAS SOFTWARE ARCHICAD COLLABORATE O EQUIVALENTE, SUSCRIPCIÓN 12 MESES, PAGO EN 12 CUOTAS.;Unidad;5.0;77.607.976-6;TICHILE SPA;2400000.0;5.0
1057922-6-LR25;1;42201806;42201800;Equipamiento y suministros médicos / Productos para imágenes y de medicina nuclear / Artículos radiográficos de diagnóstico médico;Equipo médico de radiología y fluoroscopia (RF);ANGIÓGRAFO MONOPLANO MULTIPROPÓSITO;Unidad;1.0;90.761.000-4;PHILIPS CHILENA S.A.;2198027598.0;1.0
1077241-5-LE25;1;42151644;42151600;Equipamiento y suministros médicos / Equipos y suministros odontológicos / Instrumentos y dispositivos dentales y de sub-especialidad;Apoyos dentales para la boca;ALAMBRE PARA CONTENCIÓN TRENZADO BOND-A- BRAID;Tubo;20.0;;;0.0;0.0
1077241-5-LE25;2;42152709;42152700;Equipamiento y suministros médicos / Equipos y suministros odontológicos / Equipo y suministros ortodónticos y prostodónticos;Elásticos ortodónticos;ROLLO CADENETA ELÁSTICA CORTA GRIS;Rollo;21.0;77.133.853-4;ALLDENTAL SPA;8118.0;21.0
1077241-5-LE25;3;42152709;42152700;Equipamiento y suministros médicos / Equipos y suministros odontológicos / Equipo y suministros ortodónticos y prostodónticos;Elásticos ortodónticos;CADENETA ELÁSTICA CONTINUA GRIS;Unidad;21.0;77.133.853-4;ALLDENTAL SPA;8118.0;21.0
1077241-5-LE25;4;42152709;42152700;Equipamiento y suministros médicos / Equipos y suministros odontológicos / Equipo y suministros ortodónticos y prostodónticos;Elásticos ortodónticos;ROLLO CADENETA ELÁSTICA LARGA GRIS;Rollo;21.0;77.133.853-4;ALLDENTAL SPA;8118.0;21.0
1077241-5-LE25;5;42152713;42152700;Equipamiento y suministros médicos / Equipos y suministros odontológicos / Equipo y suministros ortodónticos y prostodónticos;Alicates ortodónticos;ALICATE UNIVERSAL WEINGART COD 003-120-00 –;Unidad;2.0;;;0.0;0.0
1077241-5-LE25;6;42152713;42152700;Equipamiento y suministros médicos / Equipos y suministros odontológicos / Equipo y suministros ortodónticos y prostodónticos;Alicates ortodónticos;ALICATE DE CORTE DISTAL COD 003-700-00;Unidad;7.0;;;0.0;0.0
1077241-5-LE25;7;42152713;42152700;Equipamiento y suministros médicos / Equipos y suministros odontológicos / Equipo y suministros ortodónticos y prostodónticos;Alicates ortodónticos;ALICATE DE CORTE LIGADURAS MINI COD 014-151-00;Unidad;7.0;;;0.0;0.0
1077241-5-LE25;8;42152713;42152700;Equipamiento y suministros médicos / Equipos y suministros odontológicos / Equipo y suministros ortodónticos y prostodónticos;Alicates ortodónticos;ALICATE ANGLE/TWEED PARA DOBLAR ARCOS COD 003-442-00 -;Unidad;4.0;;;0.0;0.0
1077241-5-LE25;9;42152713;42152700;Equipamiento y suministros médicos / Equipos y suministros odontológicos / Equipo y suministros ortodónticos y prostodónticos;Alicates ortodónticos;ALICATE PARA QUITAR BRACKTES COD 004-346-00- ACERO INOXIDABLE;Unidad;3.0;;;0.0;0.0
1077241-5-LE25;10;42152713;42152700;Equipamiento y suministros médicos / Equipos y suministros odontológicos / Equipo y suministros ortodónticos y prostodónticos;Alicates ortodónticos;ALICATE 3 PUNTAS REF 003-200-00 - ACERO INOXIDABLE;Unidad;2.0;;;0.0;0.0
1077241-5-LE25;11;42151644;42151600;Equipamiento y suministros médicos / Equipos y suministros odontológicos / Instrumentos y dispositivos dentales y de sub-especialidad;Apoyos dentales para la boca;RETRACTOR DE LABIOS Y MEJILLA PLÁSTICO TRANSPARENTE PARA CEMENTACIÓN DE BRACKET;Unidad;6.0;;;0.0;0.0
1077241-5-LE25;12;42151627;42151600;Equipamiento y suministros médicos / Equipos y suministros odontológicos / Instrumentos y dispositivos dentales y de sub-especialidad;Espejos o mangos de espejos dentales;ESPEJO DE RODIO PARA FOTOGRAFÍA INTRAORAL OCLUSAL ESTERILIZABLE;Unidad;4.0;77.133.853-4;ALLDENTAL SPA;32294.0;4.0
1077241-5-LE25;13;42151640;42151600;Equipamiento y suministros médicos / Equipos y suministros odontológicos / Instrumentos y dispositivos dentales y de sub-especialidad;Pinzas dentales;PINZA PARA TUBOS  CON PRENSIÓN CONTÍNUA;Unidad;4.0;77.133.853-4;ALLDENTAL SPA;10336.0;4.0
1077241-5-LE25;14;42151640;42151600;Equipamiento y suministros médicos / Equipos y suministros odontológicos / Instrumentos y dispositivos dentales y de sub-especialidad;Pinzas dentales;KIT POSICIONADOR DE BRACKTES  2-2.5/3-3.5/4-4.5/5-5.5;Kit;2.0;;;0.0;0.0
1077241-5-LE25;15;42152709;42152700;Equipamiento y suministros médicos / Equipos y suministros odontológicos / Equipo y suministros ortodónticos y prostodónticos;Elásticos ortodónticos;Elásticos intraorales de látex 1/8 light (2 oz), 100 unidades por paquete. Similar Unitek.;Paquete;490.0;79.673.350-0;ARTICULOS DENTALES ORTOTEK - PUNTO DENTAL LIMITADA;685.0;490.0
1077241-5-LE25;16;42152709;42152700;Equipamiento y suministros médicos / Equipos y suministros odontológicos / Equipo y suministros ortodónticos y prostodónticos;Elásticos ortodónticos;Elásticos intraorales de látex 1/8 heavy (6 oz), 100 unidades por paquete. Similar Unitek.;Paquete;950.0;79.673.350-0;ARTICULOS DENTALES ORTOTEK - PUNTO DENTAL LIMITADA;685.0;950.0
1077241-5-LE25;17;42152709;42152700;Equipamiento y suministros médicos / Equipos y suministros odontológicos / Equipo y suministros ortodónticos y prostodónticos;Elásticos ortodónticos;Elásticos intraorales de látex 1/8 medium (4 oz) 100 unidades por paquete. Similar Unitek.;Paquete;950.0;79.673.350-0;ARTICULOS DENTALES ORTOTEK - PUNTO DENTAL LIMITADA;685.0;950.0
1077241-5-LE25;18;42152709;42152700;Equipamiento y suministros médicos / Equipos y suministros odontológicos / Equipo y suministros ortodónticos y prostodónticos;Elásticos ortodónticos;Elásticos intraorales de látex 5/16 light  (2 oz)  100 unidades por paquete. Similar Unitek.;Paquete;2500.0;79.673.350-0;ARTICULOS DENTALES ORTOTEK - PUNTO DENTAL LIMITADA;685.0;2500.0
1077241-5-LE25;19;42152709;42152700;Equipamiento y suministros médicos / Equipos y suministros odontológicos / Equipo y suministros ortodónticos y prostodónticos;Elásticos ortodónticos;Elásticos intraorales de látex 5/16  medium (4 oz) 100 unidades por paquete. Similar Unitek.;Paquete;2500.0;79.673.350-0;ARTICULOS DENTALES ORTOTEK - PUNTO DENTAL LIMITADA;685.0;2500.0
1077241-5-LE25;20;42152709;42152700;Equipamiento y suministros médicos / Equipos y suministros odontológicos / Equipo y suministros ortodónticos y prostodónticos;Elásticos ortodónticos;Elásticos intraorales de látex 5/16  heavy (6 oz)   100 unidades por paquete. Similar Unitek;Paquete;490.0;79.673.350-0;ARTICULOS DENTALES ORTOTEK - PUNTO DENTAL LIMITADA;685.0;490.0
1077241-5-LE25;21;42152709;42152700;Equipamiento y suministros médicos / Equipos y suministros odontológicos / Equipo y suministros ortodónticos y prostodónticos;Elásticos ortodónticos;Elásticos intraorales de látex 3/16 light (2 oz) 100 unidades por paquete. Similar Unitek.;Paquete;490.0;79.673.350-0;ARTICULOS DENTALES ORTOTEK - PUNTO DENTAL LIMITADA;685.0;490.0
1077241-5-LE25;22;42152709;42152700;Equipamiento y suministros médicos / Equipos y suministros odontológicos / Equipo y suministros ortodónticos y prostodónticos;Elásticos ortodónticos;Elásticos intraorales de látex 3/16 medium (4 oz) 100 unidades por paquete. Similar Unitek.;Paquete;960.0;79.673.350-0;ARTICULOS DENTALES ORTOTEK - PUNTO DENTAL LIMITADA;685.0;950.0
1077241-5-LE25;23;42152709;42152700;Equipamiento y suministros médicos / Equipos y suministros odontológicos / Equipo y suministros ortodónticos y prostodónticos;Elásticos ortodónticos;Elásticos intraorales de látex 3/16 heavy (6 oz) 100 unidades por paquete. Similar Unitek.;Paquete;950.0;79.673.350-0;ARTICULOS DENTALES ORTOTEK - PUNTO DENTAL LIMITADA;685.0;950.0
1077241-5-LE25;24;42152412;42152400;Equipamiento y suministros médicos / Equipos y suministros odontológicos / Materiales dentales;Ceras de material plástico utilizado en odontología;CERA DE ALIVIO PARA ORTODONCIA CAJA POR 50 UNIDADES;Caja;430.0;79.673.350-0;ARTICULOS DENTALES ORTOTEK - PUNTO DENTAL LIMITADA;41000.0;45.0
1077241-5-LE25;25;42151620;42151600;Equipamiento y suministros médicos / Equipos y suministros odontológicos / Instrumentos y dispositivos dentales y de sub-especialidad;Limas o raspadores dentales;FRESA DE CARBIDE PARA CONTRA ÁNGULO  REDONDA  016 AUMENTAR;Unidad;25.0;;;0.0;0.0
1077241-5-LE25;26;42151620;42151600;Equipamiento y suministros médicos / Equipos y suministros odontológicos / Instrumentos y dispositivos dentales y de sub-especialidad;Limas o raspadores dentales;FRESA DE CARBIDE PARA CONTRA ÁNGULO  REDONDA  018;Unidad;25.0;;;0.0;0.0
1077241-5-LE25;27;42151620;42151600;Equipamiento y suministros médicos / Equipos y suministros odontológicos / Instrumentos y dispositivos dentales y de sub-especialidad;Limas o raspadores dentales;FRESA DE CARBIDE PARA CONTRA ÁNGULO  REDONDA  021;Unidad;25.0;;;0.0;0.0
1077241-5-LE25;28;42151620;42151600;Equipamiento y suministros médicos / Equipos y suministros odontológicos / Instrumentos y dispositivos dentales y de sub-especialidad;Limas o raspadores dentales;FRESA DE CARBIDE PARA CONTRA ÁNGULO  REDONDA  023;Unidad;25.0;;;0.0;0.0
1077241-5-LE25;29;42152703;42152700;Equipamiento y suministros médicos / Equipos y suministros odontológicos / Equipo y suministros ortodónticos y prostodónticos;Pernos o puntales dentales o suministros relacionados;Arco niti termoactivo 17x25 superior EN PAQUETE DE 10 UNIDADES;Unidad;430.0;79.673.350-0;ARTICULOS DENTALES ORTOTEK - PUNTO DENTAL LIMITADA;1350.0;430.0
1077241-5-LE25;30;42152703;42152700;Equipamiento y suministros médicos / Equipos y suministros odontológicos / Equipo y suministros ortodónticos y prostodónticos;Pernos o puntales dentales o suministros relacionados;Arco niti termoactivo 17x25 inferior EN PAQUETE DE 10 UNIDADES IGUAL O SIMILAR 3M.;Unidad;430.0;79.673.350-0;ARTICULOS DENTALES ORTOTEK - PUNTO DENTAL LIMITADA;1350.0;430.0
1077241-5-LE25;31;42152703;42152700;Equipamiento y suministros médicos / Equipos y suministros odontológicos / Equipo y suministros ortodónticos y prostodónticos;Pernos o puntales dentales o suministros relacionados;"ARCO DE ACERO SUPERIOR .017” X .025"" EN PAQUETE DE 10 UNIDADES";Unidad;430.0;79.673.350-0;ARTICULOS DENTALES ORTOTEK - PUNTO DENTAL LIMITADA;471.0;430.0
1077241-5-LE25;32;42152703;42152700;Equipamiento y suministros médicos / Equipos y suministros odontológicos / Equipo y suministros ortodónticos y prostodónticos;Pernos o puntales dentales o suministros relacionados;"ARCO DE ACERO INFERIOR .017” X .025"" EN PAQUETE DE 10 UNIDADES";Unidad;430.0;79.673.350-0;ARTICULOS DENTALES ORTOTEK - PUNTO DENTAL LIMITADA;471.0;430.0
1077241-5-LE25;33;42152703;42152700;Equipamiento y suministros médicos / Equipos y suministros odontológicos / Equipo y suministros ortodónticos y prostodónticos;Pernos o puntales dentales o suministros relacionados;ARCOS NITINOL CLASICO .016 X .022 SUPERIOR EN PAQUETE DE 10 UNIDADES;Unidad;430.0;79.673.350-0;ARTICULOS DENTALES ORTOTEK - PUNTO DENTAL LIMITADA;1010.0;430.0
1077241-5-LE25;34;42152703;42152700;Equipamiento y suministros médicos / Equipos y suministros odontológicos / Equipo y suministros ortodónticos y prostodónticos;Pernos o puntales dentales o suministros relacionados;ARCOS NITINOL CLASICO .016 X .022 INFERIOR EN PAQUETE DE 10 UNIDADES;Unidad;430.0;79.673.350-0;ARTICULOS DENTALES ORTOTEK - PUNTO DENTAL LIMITADA;1010.0;430.0
1077241-5-LE25;35;42152703;42152700;Equipamiento y suministros médicos / Equipos y suministros odontológicos / Equipo y suministros ortodónticos y prostodónticos;Pernos o puntales dentales o suministros relacionados;"ARCO DE NITINOL CLASICO SUPERIOR .017” X .025"" EN PAQUETE DE 10 UNIDADES";Unidad;490.0;79.673.350-0;ARTICULOS DENTALES ORTOTEK - PUNTO DENTAL LIMITADA;1010.0;490.0
1077241-5-LE25;36;42152703;42152700;Equipamiento y suministros médicos / Equipos y suministros odontológicos / Equipo y suministros ortodónticos y prostodónticos;Pernos o puntales dentales o suministros relacionados;ARCOS NITINOL CLASICO .017 X .025 INFERIOR EN PAQUETE DE 10 UNIDADES;Unidad;490.0;79.673.350-0;ARTICULOS DENTALES ORTOTEK - PUNTO DENTAL LIMITADA;1010.0;490.0
1077241-5-LE25;37;42152703;42152700;Equipamiento y suministros médicos / Equipos y suministros odontológicos / Equipo y suministros ortodónticos y prostodónticos;Pernos o puntales dentales o suministros relacionados;ARCO DE ACERO INFERIOR .019” X .025” EN PAQUETE DE 10 UNIDADES;Unidad;400.0;79.673.350-0;ARTICULOS DENTALES ORTOTEK - PUNTO DENTAL LIMITADA;472.5;400.0
1077241-5-LE25;38;42152703;42152700;Equipamiento y suministros médicos / Equipos y suministros odontológicos / Equipo y suministros ortodónticos y prostodónticos;Pernos o puntales dentales o suministros relacionados;ARCO DE ACERO SUPERIOR .019 X .025” EN PAQUETE DE 10 UNIDADES;Unidad;400.0;79.673.350-0;ARTICULOS DENTALES ORTOTEK - PUNTO DENTAL LIMITADA;472.5;400.0
1077241-5-LE25;39;42152703;42152700;Equipamiento y suministros médicos / Equipos y suministros odontológicos / Equipo y suministros ortodónticos y prostodónticos;Pernos o puntales dentales o suministros relacionados;ARCO DE NITINOL CLASICO SUPERIOR .016” EN PAQUETE DE 10 UNIDADES;Unidad;400.0;79.673.350-0;ARTICULOS DENTALES ORTOTEK - PUNTO DENTAL LIMITADA;740.0;400.0
1077241-5-LE25;40;42152703;42152700;Equipamiento y suministros médicos / Equipos y suministros odontológicos / Equipo y suministros ortodónticos y prostodónticos;Pernos o puntales dentales o suministros relacionados;ARCO DE NITINOL CLASICO INFERIOR .016” EN PAQUETE DE 10 UNIDADES;Unidad;400.0;79.673.350-0;ARTICULOS DENTALES ORTOTEK - PUNTO DENTAL LIMITADA;740.0;400.0
1077241-5-LE25;41;42152703;42152700;Equipamiento y suministros médicos / Equipos y suministros odontológicos / Equipo y suministros ortodónticos y prostodónticos;Pernos o puntales dentales o suministros relacionados;"ARCO DE ACERO SUPERIOR .020"" EN PAQUETE DE 10 UNIDADES";Unidad;400.0;79.673.350-0;ARTICULOS DENTALES ORTOTEK - PUNTO DENTAL LIMITADA;465.0;400.0
1077241-5-LE25;42;42152703;42152700;Equipamiento y suministros médicos / Equipos y suministros odontológicos / Equipo y suministros ortodónticos y prostodónticos;Pernos o puntales dentales o suministros relacionados;"ARCO DE ACERO INFERIOR .020"" EN PAQUETE DE 10 UNIDADES";Unidad;400.0;79.673.350-0;ARTICULOS DENTALES ORTOTEK - PUNTO DENTAL LIMITADA;465.0;400.0
1077241-5-LE25;43;42152713;42152700;Equipamiento y suministros médicos / Equipos y suministros odontológicos / Equipo y suministros ortodónticos y prostodónticos;Alicates ortodónticos;ALICATE UNIVERSAL PARA DOBLAR Y CORTAR ALAMBRES;Unidad;1.0;;;0.0;0.0
1077241-5-LE25;44;42152713;42152700;Equipamiento y suministros médicos / Equipos y suministros odontológicos / Equipo y suministros ortodónticos y prostodónticos;Alicates ortodónticos;ALICATE P/QUITAR BANDAS OLIVER-JONES;Unidad;3.0;;;0.0;0.0
1077241-5-LE25;45;42152715;42152700;Equipamiento y suministros médicos / Equipos y suministros odontológicos / Equipo y suministros ortodónticos y prostodónticos;Bandas de montadura ortodónticas;BANDA METÁLICA SIN TUBO INFERIOR DERECHO Nº29 IGUAL O SIMILAR 3M;Unidad;50.0;77.133.853-4;ALLDENTAL SPA;469.0;50.0
1077241-5-LE25;46;42152715;42152700;Equipamiento y suministros médicos / Equipos y suministros odontológicos / Equipo y suministros ortodónticos y prostodónticos;Bandas de montadura ortodónticas;BANDA METÁLICA SIN TUBO INFERIOR DERECHO Nº29.5 IGUAL O SIMILAR 3M;Unidad;50.0;77.133.853-4;ALLDENTAL SPA;469.0;50.0
1077241-5-LE25;47;42152715;42152700;Equipamiento y suministros médicos / Equipos y suministros odontológicos / Equipo y suministros ortodónticos y prostodónticos;Bandas de montadura ortodónticas;BANDA METÁLICA SIN TUBO INFERIOR DERECHO Nº30 IGUAL O SIMILAR 3M;Unidad;50.0;77.133.853-4;ALLDENTAL SPA;469.0;50.0
1077241-5-LE25;48;42152715;42152700;Equipamiento y suministros médicos / Equipos y suministros odontológicos / Equipo y suministros ortodónticos y prostodónticos;Bandas de montadura ortodónticas;BANDA METÁLICA SIN TUBO INFERIOR DERECHO Nº30.5 IGUAL O SIMILAR 3M;Unidad;50.0;77.133.853-4;ALLDENTAL SPA;469.0;50.0
1077241-5-LE25;49;42152715;42152700;Equipamiento y suministros médicos / Equipos y suministros odontológicos / Equipo y suministros ortodónticos y prostodónticos;Bandas de montadura ortodónticas;BANDA METÁLICA SIN TUBO INFERIOR DERECHO Nº31 IGUAL O SIMILAR 3M;Unidad;50.0;77.133.853-4;ALLDENTAL SPA;469.0;50.0
1077241-5-LE25;50;42152715;42152700;Equipamiento y suministros médicos / Equipos y suministros odontológicos / Equipo y suministros ortodónticos y prostodónticos;Bandas de montadura ortodónticas;BANDA METÁLICA SIN TUBO INFERIOR DERECHO Nº31.5 IGUAL O SIMILAR 3M;Unidad;50.0;77.133.853-4;ALLDENTAL SPA;469.0;50.0
1077241-5-LE25;51;42152715;42152700;Equipamiento y suministros médicos / Equipos y suministros odontológicos / Equipo y suministros ortodónticos y prostodónticos;Bandas de montadura ortodónticas;BANDA METÁLICA SIN TUBO INFERIOR DERECHO Nº32 IGUAL O SIMILAR 3M;Unidad;50.0;77.133.853-4;ALLDENTAL SPA;469.0;50.0
1077241-5-LE25;52;42152715;42152700;Equipamiento y suministros médicos / Equipos y suministros odontológicos / Equipo y suministros ortodónticos y prostodónticos;Bandas de montadura ortodónticas;BANDA METÁLICA SIN TUBO INFERIOR DERECHO Nº32.5 IGUAL O SIMILAR 3M;Unidad;50.0;77.133.853-4;ALLDENTAL SPA;469.0;50.0
1077241-5-LE25;53;42152715;42152700;Equipamiento y suministros médicos / Equipos y suministros odontológicos / Equipo y suministros ortodónticos y prostodónticos;Bandas de montadura ortodónticas;BANDA METÁLICA SIN TUBO INFERIOR DERECHO Nº33 IGUAL O SIMILAR 3M;Unidad;50.0;77.133.853-4;ALLDENTAL SPA;469.0;50.0
1077241-5-LE25;54;42152715;42152700;Equipamiento y suministros médicos / Equipos y suministros odontológicos / Equipo y suministros ortodónticos y prostodónticos;Bandas de montadura ortodónticas;BANDA METÁLICA SIN TUBO INFERIOR DERECHO Nº33.5 IGUAL O SIMILAR 3M;Unidad;50.0;77.133.853-4;ALLDENTAL SPA;469.0;50.0
1077241-5-LE25;55;42152715;42152700;Equipamiento y suministros médicos / Equipos y suministros odontológicos / Equipo y suministros ortodónticos y prostodónticos;Bandas de montadura ortodónticas;BANDA METALICA S/TUBO INF. DER. N°34  SIMILAR 3M;Unidad;50.0;77.133.853-4;ALLDENTAL SPA;469.0;50.0
1077241-5-LE25;56;42152715;42152700;Equipamiento y suministros médicos / Equipos y suministros odontológicos / Equipo y suministros ortodónticos y prostodónticos;Bandas de montadura ortodónticas;BANDA METALICA S/TUBO INF. DER. N°34+ SIMILAR 3M;Unidad;50.0;77.133.853-4;ALLDENTAL SPA;469.0;50.0
1077241-5-LE25;57;42152715;42152700;Equipamiento y suministros médicos / Equipos y suministros odontológicos / Equipo y suministros ortodónticos y prostodónticos;Bandas de montadura ortodónticas;BANDA METALICA S/TUBO INF. DER. N°35 SIMILAR 3M;Unidad;50.0;77.133.853-4;ALLDENTAL SPA;469.0;50.0
1077241-5-LE25;58;42152715;42152700;Equipamiento y suministros médicos / Equipos y suministros odontológicos / Equipo y suministros ortodónticos y prostodónticos;Bandas de montadura ortodónticas;BANDA METALICA S/TUBO INF. DER. N°35+ SIMILAR 3M;Unidad;50.0;77.133.853-4;ALLDENTAL SPA;469.0;50.0
1077241-5-LE25;59;42152715;42152700;Equipamiento y suministros médicos / Equipos y suministros odontológicos / Equipo y suministros ortodónticos y prostodónticos;Bandas de montadura ortodónticas;BANDA METALICA S/TUBO INF. DER. N°36  SIMILAR 3M;Unidad;50.0;77.133.853-4;ALLDENTAL SPA;469.0;50.0
1077241-5-LE25;60;42152715;42152700;Equipamiento y suministros médicos / Equipos y suministros odontológicos / Equipo y suministros ortodónticos y prostodónticos;Bandas de montadura ortodónticas;BANDA METALICA S/TUBO INF. DER. N°36+  SIMILAR 3M;Unidad;50.0;77.133.853-4;ALLDENTAL SPA;469.0;50.0
1077241-5-LE25;61;42152715;42152700;Equipamiento y suministros médicos / Equipos y suministros odontológicos / Equipo y suministros ortodónticos y prostodónticos;Bandas de montadura ortodónticas;BANDA METALICA S/TUBO INF. DER. N°37  SIMILAR 3M;Unidad;50.0;77.133.853-4;ALLDENTAL SPA;469.0;50.0
1077241-5-LE25;62;42152715;42152700;Equipamiento y suministros médicos / Equipos y suministros odontológicos / Equipo y suministros ortodónticos y prostodónticos;Bandas de montadura ortodónticas;BANDA METALICA S/TUBO INF. DER. N°37+  SIMILAR 3M;Unidad;50.0;77.133.853-4;ALLDENTAL SPA;469.0;50.0
1077241-5-LE25;63;42152715;42152700;Equipamiento y suministros médicos / Equipos y suministros odontológicos / Equipo y suministros ortodónticos y prostodónticos;Bandas de montadura ortodónticas;BANDA METALICA S/TUBO INF. DER. N°38  SIMILAR 3M;Unidad;50.0;77.133.853-4;ALLDENTAL SPA;469.0;50.0
1077241-5-LE25;64;42152715;42152700;Equipamiento y suministros médicos / Equipos y suministros odontológicos / Equipo y suministros ortodónticos y prostodónticos;Bandas de montadura ortodónticas;BANDA METALICA S/TUBO INF. DER. N°38+ SIMILAR 3M;Unidad;50.0;77.133.853-4;ALLDENTAL SPA;469.0;50.0
1077241-5-LE25;65;42152715;42152700;Equipamiento y suministros médicos / Equipos y suministros odontológicos / Equipo y suministros ortodónticos y prostodónticos;Bandas de montadura ortodónticas;BANDA METALICA S/TUBO INF. DER. N°39  SIMILAR 3M;Unidad;50.0;77.133.853-4;ALLDENTAL SPA;469.0;50.0
1077241-5-LE25;66;42152715;42152700;Equipamiento y suministros médicos / Equipos y suministros odontológicos / Equipo y suministros ortodónticos y prostodónticos;Bandas de montadura ortodónticas;BANDA METALICA S/TUBO INF. DER. N°39+ SIMILAR 3M;Unidad;50.0;77.133.853-4;ALLDENTAL SPA;469.0;50.0
1077241-5-LE25;67;42152715;42152700;Equipamiento y suministros médicos / Equipos y suministros odontológicos / Equipo y suministros ortodónticos y prostodónticos;Bandas de montadura ortodónticas;BANDA METALICA S/TUBO INF. DER. N°40  SIMILAR 3M;Unidad;50.0;77.133.853-4;ALLDENTAL SPA;469.0;50.0
1077241-5-LE25;68;42152715;42152700;Equipamiento y suministros médicos / Equipos y suministros odontológicos / Equipo y suministros ortodónticos y prostodónticos;Bandas de montadura ortodónticas;BANDA METÁLICA S/ TUBO INFERIOR DERECHO Nº40.5 IGUAL O SIMILAR 3M;Unidad;50.0;77.133.853-4;ALLDENTAL SPA;469.0;50.0
1077241-5-LE25;69;42152715;42152700;Equipamiento y suministros médicos / Equipos y suministros odontológicos / Equipo y suministros ortodónticos y prostodónticos;Bandas de montadura ortodónticas;BANDA METÁLICA S/ TUBO INFERIOR DERECHO Nº41 IGUAL O SIMILAR 3M;Unidad;50.0;77.133.853-4;ALLDENTAL SPA;469.0;50.0
1077241-5-LE25;70;42152715;42152700;Equipamiento y suministros médicos / Equipos y suministros odontológicos / Equipo y suministros ortodónticos y prostodónticos;Bandas de montadura ortodónticas;BANDA METÁLICA S/ TUBO INFERIOR DERECHO Nº41.5 IGUAL O SIMILAR 3M;Unidad;50.0;77.133.853-4;ALLDENTAL SPA;469.0;50.0
1077241-5-LE25;71;42152715;42152700;Equipamiento y suministros médicos / Equipos y suministros odontológicos / Equipo y suministros ortodónticos y prostodónticos;Bandas de montadura ortodónticas;BANDA METÁLICA S/ TUBO INFERIOR DERECHO Nº42 IGUAL O SIMILAR 3M;Unidad;50.0;77.133.853-4;ALLDENTAL SPA;469.0;50.0
1077241-5-LE25;72;42152715;42152700;Equipamiento y suministros médicos / Equipos y suministros odontológicos / Equipo y suministros ortodónticos y prostodónticos;Bandas de montadura ortodónticas;BANDA METÁLICA S/ TUBO INFERIOR IZQUIERDO Nº29 IGUAL O SIMILAR 3M;Unidad;50.0;77.133.853-4;ALLDENTAL SPA;469.0;50.0
1077241-5-LE25;73;42152715;42152700;Equipamiento y suministros médicos / Equipos y suministros odontológicos / Equipo y suministros ortodónticos y prostodónticos;Bandas de montadura ortodónticas;BANDA METÁLICA S/ TUBO INFERIOR IZQUIERDO Nº29.5 IGUAL O SIMILAR 3M;Unidad;50.0;77.133.853-4;ALLDENTAL SPA;469.0;50.0
1077241-5-LE25;74;42152715;42152700;Equipamiento y suministros médicos / Equipos y suministros odontológicos / Equipo y suministros ortodónticos y prostodónticos;Bandas de montadura ortodónticas;BANDA METÁLICA SIN TUBO INFERIOR IZQUIERDO Nº30 IGUAL O SIMILAR 3M;Unidad;50.0;77.133.853-4;ALLDENTAL SPA;469.0;50.0
1077241-5-LE25;75;42152715;42152700;Equipamiento y suministros médicos / Equipos y suministros odontológicos / Equipo y suministros ortodónticos y prostodónticos;Bandas de montadura ortodónticas;BANDA METÁLICA SIN TUBO INFERIOR IZQUIERDO Nº30.5 IGUAL O SIMILAR 3M;Unidad;50.0;77.133.853-4;ALLDENTAL SPA;469.0;50.0
1077241-5-LE25;76;42152715;42152700;Equipamiento y suministros médicos / Equipos y suministros odontológicos / Equipo y suministros ortodónticos y prostodónticos;Bandas de montadura ortodónticas;BANDA METÁLICA SIN TUBO INFERIOR IZQUIERDO Nº31 IGUAL O SIMILAR 3M;Unidad;50.0;77.133.853-4;ALLDENTAL SPA;469.0;50.0
1077241-5-LE25;77;42152715;42152700;Equipamiento y suministros médicos / Equipos y suministros odontológicos / Equipo y suministros ortodónticos y prostodónticos;Bandas de montadura ortodónticas;BANDA METÁLICA SIN TUBO INFERIOR IZQUIERDO Nº31.5 IGUAL O SIMILAR 3M;Unidad;50.0;77.133.853-4;ALLDENTAL SPA;469.0;50.0
1077241-5-LE25;78;42152715;42152700;Equipamiento y suministros médicos / Equipos y suministros odontológicos / Equipo y suministros ortodónticos y prostodónticos;Bandas de montadura ortodónticas;BANDA METÁLICA SIN TUBO INFERIOR IZQUIERDO Nº32 IGUAL O SIMILAR 3M;Unidad;50.0;77.133.853-4;ALLDENTAL SPA;469.0;50.0
1077241-5-LE25;79;42152715;42152700;Equipamiento y suministros médicos / Equipos y suministros odontológicos / Equipo y suministros ortodónticos y prostodónticos;Bandas de montadura ortodónticas;BANDA METÁLICA SIN TUBO INFERIOR IZQUIERDO Nº32.5 IGUAL O SIMILAR 3M;Unidad;50.0;77.133.853-4;ALLDENTAL SPA;469.0;50.0
1077241-5-LE25;80;42152715;42152700;Equipamiento y suministros médicos / Equipos y suministros odontológicos / Equipo y suministros ortodónticos y prostodónticos;Bandas de montadura ortodónticas;BANDA METÁLICA SIN TUBO INFERIOR IZQUIERDO Nº33 IGUAL O SIMILAR 3M;Unidad;50.0;77.133.853-4;ALLDENTAL SPA;469.0;50.0
1077241-5-LE25;81;42152715;42152700;Equipamiento y suministros médicos / Equipos y suministros odontológicos / Equipo y suministros ortodónticos y prostodónticos;Bandas de montadura ortodónticas;BANDA METÁLICA SIN TUBO INFERIOR IZQUIERDO Nº33.5 IGUAL O SIMILAR 3M;Unidad;50.0;77.133.853-4;ALLDENTAL SPA;469.0;50.0
1077241-5-LE25;82;42152715;42152700;Equipamiento y suministros médicos / Equipos y suministros odontológicos / Equipo y suministros ortodónticos y prostodónticos;Bandas de montadura ortodónticas;BANDA METALICA S/TUBO INF. IZQ. N°34  SIMILAR 3M;Unidad;50.0;77.133.853-4;ALLDENTAL SPA;469.0;50.0
1077241-5-LE25;83;42152715;42152700;Equipamiento y suministros médicos / Equipos y suministros odontológicos / Equipo y suministros ortodónticos y prostodónticos;Bandas de montadura ortodónticas;BANDA METALICA S/TUBO INF. IZQ. N°34+ SIMILAR 3M;Unidad;50.0;77.133.853-4;ALLDENTAL SPA;469.0;50.0
1077241-5-LE25;84;42152715;42152700;Equipamiento y suministros médicos / Equipos y suministros odontológicos / Equipo y suministros ortodónticos y prostodónticos;Bandas de montadura ortodónticas;BANDA METALICA S/TUBO INF. IZQ. N°35  SIMILAR 3M;Unidad;50.0;77.133.853-4;ALLDENTAL SPA;469.0;50.0
1077241-5-LE25;85;42152715;42152700;Equipamiento y suministros médicos / Equipos y suministros odontológicos / Equipo y suministros ortodónticos y prostodónticos;Bandas de montadura ortodónticas;BANDA METALICA S/TUBO INF. IZQ. N°35+  SIMILAR 3M;Unidad;50.0;77.133.853-4;ALLDENTAL SPA;469.0;50.0
1077241-5-LE25;86;42152715;42152700;Equipamiento y suministros médicos / Equipos y suministros odontológicos / Equipo y suministros ortodónticos y prostodónticos;Bandas de montadura ortodónticas;BANDA METALICA S/TUBO INF. IZQ. N°36  SIMILAR 3M;Unidad;50.0;77.133.853-4;ALLDENTAL SPA;469.0;50.0
1077241-5-LE25;87;42152715;42152700;Equipamiento y suministros médicos / Equipos y suministros odontológicos / Equipo y suministros ortodónticos y prostodónticos;Bandas de montadura ortodónticas;BANDA METALICA S/TUBO INF. IZQ. N°36+   SIMILAR 3M;Unidad;50.0;77.133.853-4;ALLDENTAL SPA;469.0;50.0
1077241-5-LE25;88;42152715;42152700;Equipamiento y suministros médicos / Equipos y suministros odontológicos / Equipo y suministros ortodónticos y prostodónticos;Bandas de montadura ortodónticas;BANDA METALICA S/TUBO INF. IZQ. N°37   SIMILAR 3M;Unidad;50.0;77.133.853-4;ALLDENTAL SPA;469.0;50.0
1077241-5-LE25;89;42152715;42152700;Equipamiento y suministros médicos / Equipos y suministros odontológicos / Equipo y suministros ortodónticos y prostodónticos;Bandas de montadura ortodónticas;BANDA METALICA S/TUBO INF. IZQ. N°37+    SIMILAR 3M;Unidad;50.0;77.133.853-4;ALLDENTAL SPA;469.0;50.0
1077241-5-LE25;90;42152715;42152700;Equipamiento y suministros médicos / Equipos y suministros odontológicos / Equipo y suministros ortodónticos y prostodónticos;Bandas de montadura ortodónticas;BANDA METALICA S/TUBO INF. IZQ. N°38  SIMILAR 3M;Unidad;50.0;77.133.853-4;ALLDENTAL SPA;469.0;50.0
1077241-5-LE25;91;42152715;42152700;Equipamiento y suministros médicos / Equipos y suministros odontológicos / Equipo y suministros ortodónticos y prostodónticos;Bandas de montadura ortodónticas;BANDA METALICA S/TUBO INF. IZQ. N°38+ SIMILAR 3M;Unidad;50.0;77.133.853-4;ALLDENTAL SPA;469.0;50.0
1077241-5-LE25;92;42152715;42152700;Equipamiento y suministros médicos / Equipos y suministros odontológicos / Equipo y suministros ortodónticos y prostodónticos;Bandas de montadura ortodónticas;BANDA METALICA S/TUBO INF. IZQ. N°39  SIMILAR 3M;Unidad;50.0;77.133.853-4;ALLDENTAL SPA;469.0;50.0
1077241-5-LE25;93;42152715;42152700;Equipamiento y suministros médicos / Equipos y suministros odontológicos / Equipo y suministros ortodónticos y prostodónticos;Bandas de montadura ortodónticas;BANDA METALICA S/TUBO INF. IZQ. N°39+  SIMILAR 3M;Unidad;50.0;77.133.853-4;ALLDENTAL SPA;469.0;50.0
1077241-5-LE25;94;42152715;42152700;Equipamiento y suministros médicos / Equipos y suministros odontológicos / Equipo y suministros ortodónticos y prostodónticos;Bandas de montadura ortodónticas;BANDA METALICA S/TUBO INF. IZQ. N°40 SIMILAR 3M;Unidad;50.0;77.133.853-4;ALLDENTAL SPA;469.0;50.0
1077241-5-LE25;95;42152715;42152700;Equipamiento y suministros médicos / Equipos y suministros odontológicos / Equipo y suministros ortodónticos y prostodónticos;Bandas de montadura ortodónticas;BANDA METÁLICA SIN TUBO INFERIOR IZQUIERDO Nº40.5 IGUAL O SIMILAR 3M;Unidad;50.0;77.133.853-4;ALLDENTAL SPA;469.0;50.0
1077241-5-LE25;96;42152715;42152700;Equipamiento y suministros médicos / Equipos y suministros odontológicos / Equipo y suministros ortodónticos y prostodónticos;Bandas de montadura ortodónticas;BANDA METÁLICA SIN TUBO INFERIOR IZQUIERDO Nº41 IGUAL O SIMILAR 3M;Unidad;50.0;77.133.853-4;ALLDENTAL SPA;469.0;50.0
1077241-5-LE25;97;42152715;42152700;Equipamiento y suministros médicos / Equipos y suministros odontológicos / Equipo y suministros ortodónticos y prostodónticos;Bandas de montadura ortodónticas;BANDA METÁLICA SIN TUBO INFERIOR IZQUIERDO Nº41.5 IGUAL O SIMILAR 3M;Unidad;50.0;77.133.853-4;ALLDENTAL SPA;469.0;50.0
1077241-5-LE25;98;42152715;42152700;Equipamiento y suministros médicos / Equipos y suministros odontológicos / Equipo y suministros ortodónticos y prostodónticos;Bandas de montadura ortodónticas;BANDA METÁLICA SIN TUBO INFERIOR IZQUIERDO Nº42 IGUAL O SIMILAR 3M;Unidad;50.0;77.133.853-4;ALLDENTAL SPA;469.0;50.0
1077241-5-LE25;99;42152715;42152700;Equipamiento y suministros médicos / Equipos y suministros odontológicos / Equipo y suministros ortodónticos y prostodónticos;Bandas de montadura ortodónticas;BANDA METÁLICA SIN TUBO SUPERIOR DERECHO Nº29 IGUAL O SIMILAR 3M;Unidad;50.0;77.133.853-4;ALLDENTAL SPA;469.0;50.0
1077241-5-LE25;100;42152715;42152700;Equipamiento y suministros médicos / Equipos y suministros odontológicos / Equipo y suministros ortodónticos y prostodónticos;Bandas de montadura ortodónticas;BANDA METÁLICA SIN TUBO SUPERIOR DERECHO Nº29.5 IGUAL O SIMILAR 3M;Unidad;50.0;77.133.853-4;ALLDENTAL SPA;469.0;50.0
1077241-5-LE25;101;42152715;42152700;Equipamiento y suministros médicos / Equipos y suministros odontológicos / Equipo y suministros ortodónticos y prostodónticos;Bandas de montadura ortodónticas;BANDA METÁLICA SIN TUBO SUPERIOR DERECHO Nº30 IGUAL O SIMILAR 3M;Unidad;50.0;77.133.853-4;ALLDENTAL SPA;469.0;50.0
1077241-5-LE25;102;42152715;42152700;Equipamiento y suministros médicos / Equipos y suministros odontológicos / Equipo y suministros ortodónticos y prostodónticos;Bandas de montadura ortodónticas;BANDA METÁLICA SIN TUBO SUPERIOR DERECHO Nº30.5 IGUAL O SIMILAR 3M;Unidad;50.0;77.133.853-4;ALLDENTAL SPA;469.0;50.0
1077241-5-LE25;103;42152715;42152700;Equipamiento y suministros médicos / Equipos y suministros odontológicos / Equipo y suministros ortodónticos y prostodónticos;Bandas de montadura ortodónticas;BANDA METÁLICA SIN TUBO SUPERIOR DERECHO Nº31 IGUAL O SIMILAR 3M;Unidad;50.0;77.133.853-4;ALLDENTAL SPA;469.0;50.0
1077241-5-LE25;104;42152715;42152700;Equipamiento y suministros médicos / Equipos y suministros odontológicos / Equipo y suministros ortodónticos y prostodónticos;Bandas de montadura ortodónticas;BANDA METÁLICA SIN TUBO SUPERIOR DERECHO Nº31.5 IGUAL O SIMILAR 3M;Unidad;50.0;77.133.853-4;ALLDENTAL SPA;469.0;50.0
1077241-5-LE25;105;42152715;42152700;Equipamiento y suministros médicos / Equipos y suministros odontológicos / Equipo y suministros ortodónticos y prostodónticos;Bandas de montadura ortodónticas;BANDA METÁLICA SIN TUBO SUPERIOR DERECHO Nº32 IGUAL O SIMILAR 3M;Unidad;50.0;77.133.853-4;ALLDENTAL SPA;469.0;50.0
1077241-5-LE25;106;42152715;42152700;Equipamiento y suministros médicos / Equipos y suministros odontológicos / Equipo y suministros ortodónticos y prostodónticos;Bandas de montadura ortodónticas;BANDA METÁLICA SIN TUBO SUPERIOR DERECHO Nº32.5 IGUAL O SIMILAR 3M;Unidad;50.0;77.133.853-4;ALLDENTAL SPA;469.0;50.0
1077241-5-LE25;107;42152715;42152700;Equipamiento y suministros médicos / Equipos y suministros odontológicos / Equipo y suministros ortodónticos y prostodónticos;Bandas de montadura ortodónticas;BANDA METÁLICA SIN TUBO SUPERIOR DERECHO Nº33 IGUAL O SIMILAR 3M;Unidad;50.0;77.133.853-4;ALLDENTAL SPA;469.0;50.0
1077241-5-LE25;108;42152715;42152700;Equipamiento y suministros médicos / Equipos y suministros odontológicos / Equipo y suministros ortodónticos y prostodónticos;Bandas de montadura ortodónticas;BANDA METÁLICA SIN TUBO SUPERIOR DERECHO Nº33.5 IGUAL O SIMILAR 3M;Unidad;50.0;77.133.853-4;ALLDENTAL SPA;469.0;50.0
1077241-5-LE25;109;42152715;42152700;Equipamiento y suministros médicos / Equipos y suministros odontológicos / Equipo y suministros ortodónticos y prostodónticos;Bandas de montadura ortodónticas;BANDA METALICA S/TUBO SUP. DER. N°34  SIMILAR 3M;Unidad;50.0;77.133.853-4;ALLDENTAL SPA;469.0;50.0
1077241-5-LE25;110;42152715;42152700;Equipamiento y suministros médicos / Equipos y suministros odontológicos / Equipo y suministros ortodónticos y prostodónticos;Bandas de montadura ortodónticas;BANDA METALICA S/TUBO  SUP.DER. N°34+  SIMILAR 3M;Unidad;50.0;77.133.853-4;ALLDENTAL SPA;469.0;50.0
1077241-5-LE25;111;42152715;42152700;Equipamiento y suministros médicos / Equipos y suministros odontológicos / Equipo y suministros ortodónticos y prostodónticos;Bandas de montadura ortodónticas;BANDA METALICA S/TUBO SUP.DER. N°35  SIMILAR 3M;Unidad;50.0;77.133.853-4;ALLDENTAL SPA;469.0;50.0
1077241-5-LE25;112;42152715;42152700;Equipamiento y suministros médicos / Equipos y suministros odontológicos / Equipo y suministros ortodónticos y prostodónticos;Bandas de montadura ortodónticas;BANDA METALICA S/TUBO SUP.DER. N°35+  SIMILAR 3M;Unidad;50.0;77.133.853-4;ALLDENTAL SPA;469.0;50.0
1077241-5-LE25;113;42152715;42152700;Equipamiento y suministros médicos / Equipos y suministros odontológicos / Equipo y suministros ortodónticos y prostodónticos;Bandas de montadura ortodónticas;BANDA METALICA S/TUBO SUP.DER. N°36  SIMILAR 3M;Unidad;50.0;77.133.853-4;ALLDENTAL SPA;469.0;50.0
1077241-5-LE25;114;42152715;42152700;Equipamiento y suministros médicos / Equipos y suministros odontológicos / Equipo y suministros ortodónticos y prostodónticos;Bandas de montadura ortodónticas;BANDA METALICA S/TUBO SUP.DER. N°36+  SIMILAR 3M;Unidad;50.0;77.133.853-4;ALLDENTAL SPA;469.0;50.0
1077241-5-LE25;115;42152715;42152700;Equipamiento y suministros médicos / Equipos y suministros odontológicos / Equipo y suministros ortodónticos y prostodónticos;Bandas de montadura ortodónticas;BANDA METALICA S/TUBO SUP.DER. N°37  SIMILAR 3M;Unidad;50.0;77.133.853-4;ALLDENTAL SPA;469.0;50.0
1077241-5-LE25;116;42152715;42152700;Equipamiento y suministros médicos / Equipos y suministros odontológicos / Equipo y suministros ortodónticos y prostodónticos;Bandas de montadura ortodónticas;BANDA METALICA S/TUBO SUP.DER. N°37+  SIMILAR 3M;Unidad;50.0;77.133.853-4;ALLDENTAL SPA;469.0;50.0
1077241-5-LE25;117;42152715;42152700;Equipamiento y suministros médicos / Equipos y suministros odontológicos / Equipo y suministros ortodónticos y prostodónticos;Bandas de montadura ortodónticas;BANDA METALICA S/TUBO SUP.DER. N°38 SIMILAR 3M;Unidad;50.0;77.133.853-4;ALLDENTAL SPA;469.0;50.0
1077241-5-LE25;118;42152715;42152700;Equipamiento y suministros médicos / Equipos y suministros odontológicos / Equipo y suministros ortodónticos y prostodónticos;Bandas de montadura ortodónticas;BANDA METALICA S/TUBO SUP.DER. N°38+  SIMILAR 3M;Unidad;50.0;77.133.853-4;ALLDENTAL SPA;469.0;50.0
1077241-5-LE25;119;42152715;42152700;Equipamiento y suministros médicos / Equipos y suministros odontológicos / Equipo y suministros ortodónticos y prostodónticos;Bandas de montadura ortodónticas;BANDA METALICA S/TUBO SUP.DER. N°39  SIMILAR 3M;Unidad;50.0;77.133.853-4;ALLDENTAL SPA;469.0;50.0
1077241-5-LE25;120;42152715;42152700;Equipamiento y suministros médicos / Equipos y suministros odontológicos / Equipo y suministros ortodónticos y prostodónticos;Bandas de montadura ortodónticas;BANDA METALICA S/TUBO SUP.DER. N°39+  SIMILAR 3M;Unidad;50.0;77.133.853-4;ALLDENTAL SPA;469.0;50.0
1077241-5-LE25;121;42152715;42152700;Equipamiento y suministros médicos / Equipos y suministros odontológicos / Equipo y suministros ortodónticos y prostodónticos;Bandas de montadura ortodónticas;BANDA METALICA S/TUBO SUP.DER. N°40  SIMILAR 3M;Unidad;50.0;77.133.853-4;ALLDENTAL SPA;469.0;50.0
1077241-5-LE25;122;42152715;42152700;Equipamiento y suministros médicos / Equipos y suministros odontológicos / Equipo y suministros ortodónticos y prostodónticos;Bandas de montadura ortodónticas;BANDA METÁLICA SIN TUBO SUPERIOR DERECHO Nº40.5 IGUAL O SIMILAR 3M;Unidad;50.0;77.133.853-4;ALLDENTAL SPA;469.0;50.0
1077241-5-LE25;123;42152715;42152700;Equipamiento y suministros médicos / Equipos y suministros odontológicos / Equipo y suministros ortodónticos y prostodónticos;Bandas de montadura ortodónticas;BANDA METÁLICA SIN TUBO SUPERIOR DERECHO Nº41 IGUAL O SIMILAR 3M;Unidad;50.0;77.133.853-4;ALLDENTAL SPA;469.0;50.0
1077241-5-LE25;124;42152715;42152700;Equipamiento y suministros médicos / Equipos y suministros odontológicos / Equipo y suministros ortodónticos y prostodónticos;Bandas de montadura ortodónticas;BANDA METÁLICA SIN TUBO SUPERIOR DERECHO Nº41.5 IGUAL O SIMILAR 3M;Unidad;50.0;77.133.853-4;ALLDENTAL SPA;469.0;50.0
1077241-5-LE25;125;42152715;42152700;Equipamiento y suministros médicos / Equipos y suministros odontológicos / Equipo y suministros ortodónticos y prostodónticos;Bandas de montadura ortodónticas;BANDA METÁLICA SIN TUBO SUPERIOR DERECHO Nº42 IGUAL O SIMILAR 3M;Unidad;50.0;77.133.853-4;ALLDENTAL SPA;469.0;50.0
1077241-5-LE25;126;42152715;42152700;Equipamiento y suministros médicos / Equipos y suministros odontológicos / Equipo y suministros ortodónticos y prostodónticos;Bandas de montadura ortodónticas;BANDA METÁLICA SIN TUBO SUPERIOR IZQUIERDO Nº29 IGUAL O SIMILAR 3M;Unidad;29.0;77.133.853-4;ALLDENTAL SPA;469.0;50.0
1077241-5-LE25;127;42152715;42152700;Equipamiento y suministros médicos / Equipos y suministros odontológicos / Equipo y suministros ortodónticos y prostodónticos;Bandas de montadura ortodónticas;BANDA METÁLICA SIN TUBO SUPERIOR IZQUIERDO Nº29.5 IGUAL O SIMILAR 3M;Unidad;50.0;77.133.853-4;ALLDENTAL SPA;469.0;50.0
1077241-5-LE25;128;42152715;42152700;Equipamiento y suministros médicos / Equipos y suministros odontológicos / Equipo y suministros ortodónticos y prostodónticos;Bandas de montadura ortodónticas;BANDA METÁLICA SIN TUBO SUPERIOR IZQUIERDO Nº30 IGUAL O SIMILAR 3M;Unidad;50.0;77.133.853-4;ALLDENTAL SPA;469.0;50.0
1077241-5-LE25;129;42152715;42152700;Equipamiento y suministros médicos / Equipos y suministros odontológicos / Equipo y suministros ortodónticos y prostodónticos;Bandas de montadura ortodónticas;BANDA METÁLICA SIN TUBO SUPERIOR IZQUIERDO Nº30.5 IGUAL O SIMILAR 3M;Unidad;50.0;77.133.853-4;ALLDENTAL SPA;469.0;50.0
1077241-5-LE25;130;42152715;42152700;Equipamiento y suministros médicos / Equipos y suministros odontológicos / Equipo y suministros ortodónticos y prostodónticos;Bandas de montadura ortodónticas;BANDA METÁLICA SIN TUBO SUPERIOR IZQUIERDO Nº31 IGUAL O SIMILAR 3M;Unidad;50.0;77.133.853-4;ALLDENTAL SPA;469.0;50.0
1077241-5-LE25;131;42152715;42152700;Equipamiento y suministros médicos / Equipos y suministros odontológicos / Equipo y suministros ortodónticos y prostodónticos;Bandas de montadura ortodónticas;BANDA METÁLICA SIN TUBO SUPERIOR IZQUIERDO Nº31.5 IGUAL O SIMILAR 3M;Unidad;50.0;77.133.853-4;ALLDENTAL SPA;469.0;50.0
1077241-5-LE25;132;42152715;42152700;Equipamiento y suministros médicos / Equipos y suministros odontológicos / Equipo y suministros ortodónticos y prostodónticos;Bandas de montadura ortodónticas;BANDA METÁLICA SIN TUBO SUPERIOR IZQUIERDO Nº32 IGUAL O SIMILAR 3M;Unidad;50.0;77.133.853-4;ALLDENTAL SPA;469.0;50.0
1077241-5-LE25;133;42152715;42152700;Equipamiento y suministros médicos / Equipos y suministros odontológicos / Equipo y suministros ortodónticos y prostodónticos;Bandas de montadura ortodónticas;BANDA METÁLICA SIN TUBO SUPERIOR IZQUIERDO Nº32.5 IGUAL O SIMILAR 3M;Unidad;50.0;77.133.853-4;ALLDENTAL SPA;469.0;50.0
1077241-5-LE25;134;42152715;42152700;Equipamiento y suministros médicos / Equipos y suministros odontológicos / Equipo y suministros ortodónticos y prostodónticos;Bandas de montadura ortodónticas;BANDA METÁLICA SIN TUBO SUPERIOR IZQUIERDO Nº33 IGUAL O SIMILAR 3M;Unidad;50.0;77.133.853-4;ALLDENTAL SPA;469.0;50.0
1077241-5-LE25;135;42152715;42152700;Equipamiento y suministros médicos / Equipos y suministros odontológicos / Equipo y suministros ortodónticos y prostodónticos;Bandas de montadura ortodónticas;BANDA METÁLICA SIN TUBO SUPERIOR IZQUIERDO Nº33.5 IGUAL O SIMILAR 3M;Unidad;50.0;77.133.853-4;ALLDENTAL SPA;469.0;50.0
1077241-5-LE25;136;42152715;42152700;Equipamiento y suministros médicos / Equipos y suministros odontológicos / Equipo y suministros ortodónticos y prostodónticos;Bandas de montadura ortodónticas;BANDA METALICA S/TUBO SUP. IZQ. N°34 SIMILAR A 3M;Unidad;50.0;77.133.853-4;ALLDENTAL SPA;469.0;50.0
1077241-5-LE25;137;42152715;42152700;Equipamiento y suministros médicos / Equipos y suministros odontológicos / Equipo y suministros ortodónticos y prostodónticos;Bandas de montadura ortodónticas;BANDA METALICA S/TUBO SUP. IZQ. N°34+ SIMILAR 3M;Unidad;50.0;77.133.853-4;ALLDENTAL SPA;469.0;50.0
1077241-5-LE25;138;42152715;42152700;Equipamiento y suministros médicos / Equipos y suministros odontológicos / Equipo y suministros ortodónticos y prostodónticos;Bandas de montadura ortodónticas;BANDA METALICA S/TUBO SUP. IZQ. N°35 SIMILAR 3M;Unidad;50.0;77.133.853-4;ALLDENTAL SPA;469.0;50.0
1077241-5-LE25;139;42152715;42152700;Equipamiento y suministros médicos / Equipos y suministros odontológicos / Equipo y suministros ortodónticos y prostodónticos;Bandas de montadura ortodónticas;BANDA METALICA S/TUBO SUP. IZQ. N°35+ SIMILAR 3M;Unidad;50.0;77.133.853-4;ALLDENTAL SPA;469.0;50.0
1077241-5-LE25;140;42152715;42152700;Equipamiento y suministros médicos / Equipos y suministros odontológicos / Equipo y suministros ortodónticos y prostodónticos;Bandas de montadura ortodónticas;BANDA METALICA S/TUBO SUP. IZQ. N°36 SIMILAR 3M;Unidad;50.0;77.133.853-4;ALLDENTAL SPA;469.0;50.0
1077241-5-LE25;141;42152715;42152700;Equipamiento y suministros médicos / Equipos y suministros odontológicos / Equipo y suministros ortodónticos y prostodónticos;Bandas de montadura ortodónticas;BANDA METALICA S/TUBO SUP. IZQ. N°36+  SIMILAR 3M;Unidad;50.0;77.133.853-4;ALLDENTAL SPA;469.0;50.0
1077241-5-LE25;142;42152715;42152700;Equipamiento y suministros médicos / Equipos y suministros odontológicos / Equipo y suministros ortodónticos y prostodónticos;Bandas de montadura ortodónticas;BANDA METALICA S/TUBO SUP. IZQ. N°37 SIMILAR 3M;Unidad;50.0;77.133.853-4;ALLDENTAL SPA;469.0;50.0
1077241-5-LE25;143;42152715;42152700;Equipamiento y suministros médicos / Equipos y suministros odontológicos / Equipo y suministros ortodónticos y prostodónticos;Bandas de montadura ortodónticas;BANDA METALICA S/TUBO SUP. IZQ. N°37+ SIMILAR 3M;Unidad;50.0;77.133.853-4;ALLDENTAL SPA;469.0;50.0
1077241-5-LE25;144;42152715;42152700;Equipamiento y suministros médicos / Equipos y suministros odontológicos / Equipo y suministros ortodónticos y prostodónticos;Bandas de montadura ortodónticas;BANDA METALICA S/TUBO SUP. IZQ. N°38 SIMILAR 3M;Unidad;50.0;77.133.853-4;ALLDENTAL SPA;469.0;50.0
1077241-5-LE25;145;42152715;42152700;Equipamiento y suministros médicos / Equipos y suministros odontológicos / Equipo y suministros ortodónticos y prostodónticos;Bandas de montadura ortodónticas;BANDA METALICA S/TUBO SUP. IZQ. N°38+ SIMILAR 3M;Unidad;50.0;77.133.853-4;ALLDENTAL SPA;469.0;50.0
1077241-5-LE25;146;42152715;42152700;Equipamiento y suministros médicos / Equipos y suministros odontológicos / Equipo y suministros ortodónticos y prostodónticos;Bandas de montadura ortodónticas;BANDA METALICA S/TUBO SUP. IZQ. N°39  SIMILAR 3M;Unidad;50.0;77.133.853-4;ALLDENTAL SPA;469.0;50.0
1077241-5-LE25;147;42152715;42152700;Equipamiento y suministros médicos / Equipos y suministros odontológicos / Equipo y suministros ortodónticos y prostodónticos;Bandas de montadura ortodónticas;BANDA METALICA S/TUBO SUP. IZQ. N°39+  SIMILAR 3M;Unidad;50.0;77.133.853-4;ALLDENTAL SPA;469.0;50.0
1077241-5-LE25;148;42152715;42152700;Equipamiento y suministros médicos / Equipos y suministros odontológicos / Equipo y suministros ortodónticos y prostodónticos;Bandas de montadura ortodónticas;BANDA METALICA S/TUBO SUP. IZQ. N°40  SIMILAR 3M;Unidad;50.0;77.133.853-4;ALLDENTAL SPA;469.0;50.0
1077241-5-LE25;149;42152715;42152700;Equipamiento y suministros médicos / Equipos y suministros odontológicos / Equipo y suministros ortodónticos y prostodónticos;Bandas de montadura ortodónticas;BANDA METÁLICA SIN TUBO SUPERIOR IZQUIERDO Nº40.5 IGUAL O SIMILAR 3M;Unidad;50.0;77.133.853-4;ALLDENTAL SPA;469.0;50.0
1077241-5-LE25;150;42152715;42152700;Equipamiento y suministros médicos / Equipos y suministros odontológicos / Equipo y suministros ortodónticos y prostodónticos;Bandas de montadura ortodónticas;BANDA METÁLICA SIN TUBO SUPERIOR IZQUIERDO Nº41 IGUAL O SIMILAR 3M;Unidad;50.0;77.133.853-4;ALLDENTAL SPA;469.0;50.0
1077241-5-LE25;151;42152715;42152700;Equipamiento y suministros médicos / Equipos y suministros odontológicos / Equipo y suministros ortodónticos y prostodónticos;Bandas de montadura ortodónticas;BANDA METÁLICA SIN TUBO SUPERIOR IZQUIERDO Nº41.5 IGUAL O SIMILAR 3M;Unidad;50.0;77.133.853-4;ALLDENTAL SPA;469.0;50.0
1077241-5-LE25;152;42152715;42152700;Equipamiento y suministros médicos / Equipos y suministros odontológicos / Equipo y suministros ortodónticos y prostodónticos;Bandas de montadura ortodónticas;BANDA METÁLICA SIN TUBO SUPERIOR IZQUIERDO Nº42 IGUAL O SIMILAR 3M;Unidad;50.0;77.133.853-4;ALLDENTAL SPA;469.0;50.0
1077241-5-LE25;153;42152105;42152100;Equipamiento y suministros médicos / Equipos y suministros odontológicos / Equipo y suministros dentales para impresión;Cubetas de impresión dental;CUBETAS ACERO INOXIDABLE PARA DENTADO INFERIOR TAMAÑO S;Unidad;20.0;79.673.350-0;ARTICULOS DENTALES ORTOTEK - PUNTO DENTAL LIMITADA;3200.0;20.0
1077241-5-LE25;154;42152105;42152100;Equipamiento y suministros médicos / Equipos y suministros odontológicos / Equipo y suministros dentales para impresión;Cubetas de impresión dental;CUBETAS ACERO INOXIDABLE PARA DENTADO SUPERIOR TAMAÑO S;Unidad;20.0;79.673.350-0;ARTICULOS DENTALES ORTOTEK - PUNTO DENTAL LIMITADA;3200.0;20.0
1077241-5-LE25;155;42152105;42152100;Equipamiento y suministros médicos / Equipos y suministros odontológicos / Equipo y suministros dentales para impresión;Cubetas de impresión dental;CUBETAS PARA DENTADO INFERIOR TAMAÑO XS;Unidad;20.0;79.673.350-0;ARTICULOS DENTALES ORTOTEK - PUNTO DENTAL LIMITADA;3200.0;20.0
1077241-5-LE25;156;42152105;42152100;Equipamiento y suministros médicos / Equipos y suministros odontológicos / Equipo y suministros dentales para impresión;Cubetas de impresión dental;CUBETAS PARA DENTADO SUPERIOR TAMAÑO XS;Unidad;20.0;79.673.350-0;ARTICULOS DENTALES ORTOTEK - PUNTO DENTAL LIMITADA;3200.0;20.0
1077241-5-LE25;157;42152709;42152700;Equipamiento y suministros médicos / Equipos y suministros odontológicos / Equipo y suministros ortodónticos y prostodónticos;Elásticos ortodónticos;"ELASTICO EXTRAORALES 3/8 ""16  OZ 1000/BAG BOLSA 1000 UNIDADES";Bolsa;20.0;79.673.350-0;ARTICULOS DENTALES ORTOTEK - PUNTO DENTAL LIMITADA;23000.0;20.0
1077241-5-LE25;158;42152709;42152700;Equipamiento y suministros médicos / Equipos y suministros odontológicos / Equipo y suministros ortodónticos y prostodónticos;Elásticos ortodónticos;"ELASTICO EXTRAORALES 1/2 ""16  OZ 1000/BAG BOLSA 1000 UNIDADES";Bolsa;20.0;77.133.853-4;ALLDENTAL SPA;50000.0;20.0
1077241-5-LE25;159;42151651;42151600;Equipamiento y suministros médicos / Equipos y suministros odontológicos / Instrumentos y dispositivos dentales y de sub-especialidad;Separadores dentales;SEPARADORES DENTALASTICS AZULES ORTODONCIA;Unidad;9600.0;79.673.350-0;ARTICULOS DENTALES ORTOTEK - PUNTO DENTAL LIMITADA;30.2;9600.0
1077241-5-LE25;160;42151644;42151600;Equipamiento y suministros médicos / Equipos y suministros odontológicos / Instrumentos y dispositivos dentales y de sub-especialidad;Apoyos dentales para la boca;MASCARAS DE TRACCION FRONTAL;Unidad;20.0;76.942.799-6;COMERCIALIZADORA E IMPORTADORA BLASDENT SPA;25979.0;20.0
1077241-5-LE25;161;42152703;42152700;Equipamiento y suministros médicos / Equipos y suministros odontológicos / Equipo y suministros ortodónticos y prostodónticos;Pernos o puntales dentales o suministros relacionados;MICRO TORNILLO ACERO IGUAL O SIMILAR A BIORAY 8X1.5 MM;Unidad;100.0;77.133.853-4;ALLDENTAL SPA;9916.0;100.0
1077241-5-LE25;162;42152703;42152700;Equipamiento y suministros médicos / Equipos y suministros odontológicos / Equipo y suministros ortodónticos y prostodónticos;Pernos o puntales dentales o suministros relacionados;MICRO TORNILLO ACERO IGUAL O SIMILAR A BIORAY 8X2.0 MM;Unidad;50.0;77.133.853-4;ALLDENTAL SPA;12857.0;50.0
1077241-5-LE25;163;42152703;42152700;Equipamiento y suministros médicos / Equipos y suministros odontológicos / Equipo y suministros ortodónticos y prostodónticos;Pernos o puntales dentales o suministros relacionados;MICRO TORNILLO ACERO IGUAL O SIMILAR A BIORAY 10X2.0 MM;Unidad;50.0;77.133.853-4;ALLDENTAL SPA;12857.0;50.0
1077241-5-LE25;164;42152703;42152700;Equipamiento y suministros médicos / Equipos y suministros odontológicos / Equipo y suministros ortodónticos y prostodónticos;Pernos o puntales dentales o suministros relacionados;MICRO TORNILLO ACERO IGUAL O SIMILAR A BIORAY 12X2.0 MM;Unidad;50.0;77.133.853-4;ALLDENTAL SPA;12857.0;50.0
1077241-5-LE25;165;42152703;42152700;Equipamiento y suministros médicos / Equipos y suministros odontológicos / Equipo y suministros ortodónticos y prostodónticos;Pernos o puntales dentales o suministros relacionados;MICRO TORNILLO ACERO IGUAL O SIMILAR A BIORAY 14X2.0 MM;Unidad;50.0;77.133.853-4;ALLDENTAL SPA;12857.0;50.0
1077241-5-LE25;166;42152703;42152700;Equipamiento y suministros médicos / Equipos y suministros odontológicos / Equipo y suministros ortodónticos y prostodónticos;Pernos o puntales dentales o suministros relacionados;MICRO TORNILLO ACERO IGUAL O SIMILAR A BIORAY 17X2.0 MM;Unidad;50.0;;;0.0;0.0
1180747-1-LR25;1;72131702;72131700;Servicios de construcción y mantenimiento / Construcción de edificios en general / Construcción de obras civiles y infraestructuras;Construcción de obras civiles;Construcción Posta de Salud Rural La Poza, San Pablo;Unidad;1.0;;;0.0;0.0
1057922-28-LE25;1;56101530;56101500;Muebles y mobiliario / Muebles de alojamiento / Muebles;Armarios de almacenamiento;Mueble Almacenamiento Medicamentos;Unidad;6.0;93.020.000-k;TECNIGEN S A;4980000.0;6.0
1057922-28-LE25;2;42181904;42181900;Equipamiento y suministros médicos / Productos para exámenes y control de pacientes / Unidades de control de cuidado intenso y productos relacionados;Unidades de transporte o de señales vitales móviles de multiparámetro o accesorios;Monitor Signos Vitales Básicos;Unidad;2.0;76.116.604-2;BLUEMEDICAL SPA;2575000.0;2.0
1057922-28-LE25;3;42181701;42181700;Equipamiento y suministros médicos / Productos para exámenes y control de pacientes / Unidades de electrocardiografía (ECG) y productos relacionados;Unidades de electrocardiografía (ECG);Electrocardiógrafo;Unidad;1.0;92.999.000-5;IMPORTADORA Y DISTRIBUIDORA ARQUIMED LTDA;1898000.0;1.0
1057922-28-LE25;4;41116203;41116200;Equipamiento para laboratorios / Instrumentos de medida y experimentación / Suministros y equipos para tratamiento de enfermos;Accesorios de monitores o medidores;Monitor Desfibrilador;Unidad;1.0;92.999.000-5;IMPORTADORA Y DISTRIBUIDORA ARQUIMED LTDA;5998000.0;1.0
1057922-31-LE25;1;42151624;42151600;Equipamiento y suministros médicos / Equipos y suministros odontológicos / Instrumentos y dispositivos dentales y de sub-especialidad;Piezas de mano dentales o accesorios;Bandeja Examen Diagnostico Dental;Unidad;20.0;76.139.337-5;ENDOTEC S.A.;29271.0;20.0
1057922-31-LE25;2;42151813;42151800;Equipamiento y suministros médicos / Equipos y suministros odontológicos / Rellenos y acabados dentales y suministros para pulir;Tubos de obturación dental;Set básico operatorio (obturaciones);Unidad;15.0;76.311.356-6;MAINZ MEDICAL SPA;231968.0;15.0
1057922-31-LE25;3;42151659;42151600;Equipamiento y suministros médicos / Equipos y suministros odontológicos / Instrumentos y dispositivos dentales y de sub-especialidad;Kit de extracción de fragmentos dentales;Set extracciones (cirugía menor);Unidad;6.0;;;0.0;0.0
1057922-31-LE25;4;42141606;42141600;Equipamiento y suministros médicos / Suministros y productos clínicos / Palanganas y bacinillas de cama y orinales y equipos de ingreso;Palanganas médicas para fines múltiples;Bandeja acero inoxidable;Unidad;15.0;76.311.356-6;MAINZ MEDICAL SPA;41884.0;15.0
1057922-31-LE25;5;42295134;42295100;Equipamiento y suministros médicos / Productos quirúrgicos / Equipo quirúrgico, accesorios y productos relacionados;Sets suministros quirúrgicos generales o accesorios;Set examen ginecológico;Unidad;6.0;;;0.0;0.0
1057922-31-LE25;6;42143101;42143100;Equipamiento y suministros médicos / Suministros y productos clínicos / Equipo y suministros de obstetricia y ginecología;Catéteres o kits intrauterinos;Set inserción DIU;Unidad;4.0;;;0.0;0.0
1057922-31-LE25;7;42295105;42295100;Equipamiento y suministros médicos / Productos quirúrgicos / Equipo quirúrgico, accesorios y productos relacionados;Mesas de instrumentos para uso de parto obstétrico o quirúrgico, accesorios o productos relacionados;Riñon acero inoxidable;Unidad;5.0;76.311.356-6;MAINZ MEDICAL SPA;10674.0;5.0
1057922-31-LE25;8;42312312;42312300;Equipamiento y suministros médicos / Productos para el cuidado de heridas / Productos para la limpieza de heridas y desbridamiento;Bandejas de cuidado o limpieza cutáneos;Set atención parto;Unidad;1.0;76.311.356-6;MAINZ MEDICAL SPA;834554.0;1.0
1057922-31-LE25;9;42312201;42312200;Equipamiento y suministros médicos / Productos para el cuidado de heridas / Sutura y productos relacionados;Sutura;Set curación;Unidad;10.0;76.311.356-6;MAINZ MEDICAL SPA;68328.0;10.0
1057922-31-LE25;10;42312201;42312200;Equipamiento y suministros médicos / Productos para el cuidado de heridas / Sutura y productos relacionados;Sutura;Set de sutura;Unidad;3.0;76.311.356-6;MAINZ MEDICAL SPA;266249.0;3.0
1057922-31-LE25;11;42143502;42143500;Equipamiento y suministros médicos / Suministros y productos clínicos / Productos y accesorios de otorrinolaringología;Dispositivos de irrigación nasal o accesorios;Set taponamiento nasal;Unidad;1.0;76.311.356-6;MAINZ MEDICAL SPA;276911.0;1.0
1057532-61-LE25;1;78111802;78111800;Servicios de transporte, almacenaje y correo / Transporte de pasajeros / Transporte de pasajeros por carretera;Servicios de autobuses regulares, recorridos fijos o servicios programados;Servicio de movilización con vehículos tipo minibús (Van - Furgones),  habilitados para transporte privado remunerado de pasajeros, por un periodo de 02 meses, en la provincia de Osorno y ciudad de Pto. Montt.;Unidad;2.0;10.116.752-6;JUAN EDGARDO ÁLVAREZ QUEULO;5950000.0;2.0
1057922-35-LE25;1;41111808;41111800;Equipamiento para laboratorios / Instrumentos de medida y experimentación / Equipo de examen no invasivo;Equipo de examen por rayos X;Rayos X Dental;Unidad;1.0;86.316.500-8;IMPORTADORA SURDENT LIMITADA;11938555.0;1.0
1057922-35-LE25;2;42151701;42151700;Equipamiento y suministros médicos / Equipos y suministros odontológicos / Muebles para la clínica dental;Sillas de examen dental o piezas o accesorios relacionados;Unidad Dental Completa;Unidad;1.0;76.047.492-4;COMERCIAL SIROMAX SPA;8403361.0;1.0
1057922-26-LP25;1;42191907;42191900;Equipamiento y suministros médicos / Equipamiento para instalaciones médicas / Armarios o muebles clínicos;Armarios o baúles de almacenamiento de instrumental médico;Caja Vascular Fístula;Unidad;5.0;76.311.356-6;MAINZ MEDICAL SPA;3807795.0;5.0
1057922-26-LP25;2;42191907;42191900;Equipamiento y suministros médicos / Equipamiento para instalaciones médicas / Armarios o muebles clínicos;Armarios o baúles de almacenamiento de instrumental médico;Caja Vascular Periférica;Unidad;3.0;;;0.0;0.0
1057922-26-LP25;3;42191907;42191900;Equipamiento y suministros médicos / Equipamiento para instalaciones médicas / Armarios o muebles clínicos;Armarios o baúles de almacenamiento de instrumental médico;Caja Vascular Abdominal;Unidad;2.0;;;0.0;0.0
1057922-26-LP25;4;42191907;42191900;Equipamiento y suministros médicos / Equipamiento para instalaciones médicas / Armarios o muebles clínicos;Armarios o baúles de almacenamiento de instrumental médico;Caja CX Menor;Unidad;4.0;96.756.540-7;B BRAUN MEDICAL SPA;2375240.0;4.0
1057532-57-L125;1;73152101;73152100;Servicios de producción y fabricación industrial / Servicios de apoyo o soporte a la fabricación / Servicios de mantenimiento y reparación de equipo de fabricación;Servicio de mantenimiento de equipo de fabricación;Mantención Preventiva y Correctiva Camilla de Transportes Base Samu;Unidad;6.0;;;0.0;0.0
1057532-33-LP25;1;51141531;51141500;Medicamentos y productos farmacéuticos / Medicamentos para el sistema nervioso central / Anticonvulsivos;Ácido valproico;AC VALPROICO 10MG/GOTA O 375MG/ML FRA25ML;Unidad;1.0;76.079.782-0;WINPHARM SPA;16000.0;1.0
1057532-33-LP25;2;51131613;51131600;Medicamentos y productos farmacéuticos / Medicamentos hematólicos / Anticoagulantes;Dicumarol;ACENOCUMAROL 4 MG CM/CM REC RANURADO.;Comprimido;1.0;76.830.090-9;FARMACEUTICA CARIBEAN SPA;100.0;1.0
1057532-33-LP25;3;51141501;51141500;Medicamentos y productos farmacéuticos / Medicamentos para el sistema nervioso central / Anticonvulsivos;Acetazolamida;ACETAZOLAMIDA 250 MG CM/CM REC.;Comprimido;1.0;77.596.940-7;LABORATORIO CHILE S A;110.0;1.0
1057532-33-LP25;4;51102301;51102300;Medicamentos y productos farmacéuticos / Medicamentos anti infecciosos / Medicamentos antivirales;Aciclovir;ACICLOVIR 400 MG CM/CM REC;Comprimido;1.0;76.986.924-7;MDC HEALTH SPA;57.0;1.0
1057532-33-LP25;5;51142002;51142000;Medicamentos y productos farmacéuticos / Medicamentos para el sistema nervioso central / Analgésicos no narcóticos / antipiréticos;Ácido acetilsalicílico;ÁCIDO ACETILSALICÍLICO CM 100 MG;Comprimido;1.0;87.674.400-7;LABORATORIO PASTEUR S.A.;9.0;1.0
1057532-33-LP25;6;12162201;12162200;Productos químicos industriales / Aditivos / Anti-oxidantes;Ácido ascórbico;ACIDO ASCORBICO CM 500 MG;Comprimido;1.0;76.830.090-9;FARMACEUTICA CARIBEAN SPA;40.0;1.0
1057532-33-LP25;7;51191905;51191900;Medicamentos y productos farmacéuticos / Agentes que afectan el agua y los electrolitos / Suplementos dietéticos y productos de terapia alimenticia;Suplementos vitamínicos;ACIDO FOLICO CM  5 MG;Comprimido;1.0;96.884.770-8;ITF-LABOMED FARMACEUTICA LIMITADA;15.0;1.0
1057532-33-LP25;8;51142012;51142000;Medicamentos y productos farmacéuticos / Medicamentos para el sistema nervioso central / Analgésicos no narcóticos / antipiréticos;Ácido mefenámico;ACIDO MEFENÁMICO CM 500 MG;Comprimido;1.0;76.986.924-7;MDC HEALTH SPA;35.0;1.0
1057532-33-LP25;9;51142017;51142000;Medicamentos y productos farmacéuticos / Medicamentos para el sistema nervioso central / Analgésicos no narcóticos / antipiréticos;Salsalato o ácido salicilsalicílico;ÁCIDO SALICÍLICO 16,7% + ÁCIDO LÁCTICO 15% EN COLODIÓN FRASCO 20 ML;Frasco;1.0;76.830.090-9;FARMACEUTICA CARIBEAN SPA;19078.0;1.0
1057532-33-LP25;10;51131808;51131800;Medicamentos y productos farmacéuticos / Medicamentos hematólicos / Agentes hemostáticos sistémicos y coagulantes;Ácido aminocaproico;ACIDO TRANEXÁMICO 1G/10 ML SOL INY AMP O FAM;Ampolla;1.0;76.830.090-9;FARMACEUTICA CARIBEAN SPA;2000.0;1.0
1057532-33-LP25;11;51141531;51141500;Medicamentos y productos farmacéuticos / Medicamentos para el sistema nervioso central / Anticonvulsivos;Ácido valproico;ACIDO VALPROICO 250MG/5ML FC 120ML JBE.;Frasco;1.0;91.637.000-8;LABORATORIOS RECALCINE SA;10000.0;1.0
1057532-33-LP25;12;51141531;51141500;Medicamentos y productos farmacéuticos / Medicamentos para el sistema nervioso central / Anticonvulsivos;Ácido valproico;ACIDO VALPROICO 500 CM;Comprimido;1.0;91.637.000-8;LABORATORIOS RECALCINE SA;185.0;1.0
1057532-33-LP25;13;51141531;51141500;Medicamentos y productos farmacéuticos / Medicamentos para el sistema nervioso central / Anticonvulsivos;Ácido valproico;ACIDO VALPROICO 500 MG CM LIBERACIÓN PROLONGADA;Comprimido;1.0;91.637.000-8;LABORATORIOS RECALCINE SA;916.0;1.0
1057532-33-LP25;14;51141531;51141500;Medicamentos y productos farmacéuticos / Medicamentos para el sistema nervioso central / Anticonvulsivos;Ácido valproico;ACIDO VALPROICO CM 200 MG;Comprimido;1.0;76.237.266-5;LABORATORIOS ANDROMACO S.A.;67.5;1.0
1057532-33-LP25;15;51141531;51141500;Medicamentos y productos farmacéuticos / Medicamentos para el sistema nervioso central / Anticonvulsivos;Ácido valproico;ACIDO VALPROICO CM REC ENT 250 MG;Comprimido;1.0;76.237.266-5;LABORATORIOS ANDROMACO S.A.;68.3;1.0
1057532-33-LP25;16;73101701;73101700;Servicios de producción y fabricación industrial / Industrias de plásticos y productos químicos / Producción farmacéutica;Servicios de producción de medicamentos o medicinas;ADAPALENO 0,1% GEL TÓPICO;Unidad;1.0;;;0.0;0.0
1057532-33-LP25;17;73101701;73101700;Servicios de producción y fabricación industrial / Industrias de plásticos y productos químicos / Producción farmacéutica;Servicios de producción de medicamentos o medicinas;ADAPALENO 0,1% + PEROXIDO DE BENZOILO 2,5% GEL TÓPICO TUBO;Tubo;1.0;;;0.0;0.0
1057532-33-LP25;18;73101701;73101700;Servicios de producción y fabricación industrial / Industrias de plásticos y productos químicos / Producción farmacéutica;Servicios de producción de medicamentos o medicinas;ADAPALENO 0,3% GEL TÓPICO TUBO;Tubo;1.0;;;0.0;0.0
1057532-33-LP25;19;51121501;51121500;Medicamentos y productos farmacéuticos / Medicamentos cardiovasculares / Agentes antiarrítmicos;Adenosina;ADENOSINA  6MG/2ML SOL. INY.;Ampolla;1.0;76.423.281-K;PISA FARMACEUTICA DE CHILE SPA;5700.0;1.0
1057532-33-LP25;20;73101701;73101700;Servicios de producción y fabricación industrial / Industrias de plásticos y productos químicos / Producción farmacéutica;Servicios de producción de medicamentos o medicinas;ADIFENINA/PROPIFENAZONA SUPOSITORIO 440/50 MG;Supositorio;1.0;76.830.090-9;FARMACEUTICA CARIBEAN SPA;1225.0;1.0
1057532-33-LP25;21;42271802;42271800;Equipamiento y suministros médicos / Productos de resucitación, anestesia y respiratorios / Productos para terapia respiratoria en aerosol y humidificación;Nebulizadores o accesorios;AEROCAMARA ADULTO BIVAL P/INH 451A800 ML;Unidad;1.0;;;0.0;0.0
1057532-33-LP25;22;42271802;42271800;Equipamiento y suministros médicos / Productos de resucitación, anestesia y respiratorios / Productos para terapia respiratoria en aerosol y humidificación;Nebulizadores o accesorios;AEROCAMARA PED. 1 MES A 5 AÑOS P/INHALAD;Unidad;1.0;;;0.0;0.0
1057532-33-LP25;23;42271802;42271800;Equipamiento y suministros médicos / Productos de resucitación, anestesia y respiratorios / Productos para terapia respiratoria en aerosol y humidificación;Nebulizadores o accesorios;AEROCAMARA PEDIAT 6 A 9 AÑOS P/INH AER;Unidad;1.0;;;0.0;0.0
1057532-33-LP25;24;51102702;51102700;Medicamentos y productos farmacéuticos / Medicamentos anti infecciosos / Antisépticos;Agua destilada para irrigación;AGUA BIDESTILADA AM 5 ML;Ampolla;1.0;76.830.090-9;FARMACEUTICA CARIBEAN SPA;184.0;1.0
1057532-33-LP25;25;42142614;42142600;Equipamiento y suministros médicos / Suministros y productos clínicos / Jeringas y accesorios;Aparatos de inyección hipodérmica o accesorios;AGUA ESTERIL P/INYECTABLE MATRAZ  500 ML;Unidad;1.0;;;0.0;0.0
1057532-33-LP25;26;42142614;42142600;Equipamiento y suministros médicos / Suministros y productos clínicos / Jeringas y accesorios;Aparatos de inyección hipodérmica o accesorios;AGUA ESTERIL P/INYECTABLES 10 ML AM;Ampolla;1.0;76.830.090-9;FARMACEUTICA CARIBEAN SPA;300.0;1.0
1057532-33-LP25;27;51131909;51131900;Medicamentos y productos farmacéuticos / Medicamentos hematólicos / Sustitutos de plasma sanguíneo, extensores y expansores;Albúmina humana;ALBUMINA HUMANA 20% SOL. PERF.IV FAM 50ML.;Frasco Ampolla;1.0;96.859.930-5;LIBRA CHILE S A;34500.0;1.0
1057532-33-LP25;28;51102710;51102700;Medicamentos y productos farmacéuticos / Medicamentos anti infecciosos / Antisépticos;Antisépticos basados en alcohol o acetona;ALCOHOL ETILICO 70° FCO 1000 ML;Frasco;1.0;5.758.394-0;ARTURO TOMÁS CAMPOMANES LÓPEZ;2800.0;1.0
1057532-33-LP25;29;51102710;51102700;Medicamentos y productos farmacéuticos / Medicamentos anti infecciosos / Antisépticos;Antisépticos basados en alcohol o acetona;ALCOHOL ETILICO 70° FCO 200 A 250 ML;Frasco;1.0;79.581.120-6;DIFEM LABORATORIOS S A;1222.0;1.0
1057532-33-LP25;30;51211501;51211500;Medicamentos y productos farmacéuticos / Medicamentos varios / Medicamentos antigota;Allopurinol;ALOPURINOL 100 MG CM;Comprimido;1.0;76.830.090-9;FARMACEUTICA CARIBEAN SPA;26.0;1.0
1057532-33-LP25;31;51101586;51101500;Medicamentos y productos farmacéuticos / Medicamentos anti infecciosos / Antibióticos;Amikacina;AMIKACINA 500 MG/2 ML SOL. INY. AM/FAM;Ampolla;1.0;76.642.770-7;LABVITALIS S.A.;325.0;1.0
1057532-33-LP25;32;51121511;51121500;Medicamentos y productos farmacéuticos / Medicamentos cardiovasculares / Agentes antiarrítmicos;Clorhidrato de amiodarona;AMIODARONA 200MG CM;Comprimido;1.0;76.830.090-9;FARMACEUTICA CARIBEAN SPA;108.0;1.0
1057532-33-LP25;33;51141601;51141600;Medicamentos y productos farmacéuticos / Medicamentos para el sistema nervioso central / Antidepresivos;Hidrocloruro de amitriptilina;AMITRIPTILINA CLORHIDRATO CM 25 MG;Comprimido;1.0;77.596.940-7;LABORATORIO CHILE S A;30.0;1.0
1057532-33-LP25;34;73101701;73101700;Servicios de producción y fabricación industrial / Industrias de plásticos y productos químicos / Producción farmacéutica;Servicios de producción de medicamentos o medicinas;AMLODIPINO  5 MG CM;Comprimido;1.0;76.669.630-9;OPKO CHILE S.A.;10.0;1.0
1057532-33-LP25;35;73101701;73101700;Servicios de producción y fabricación industrial / Industrias de plásticos y productos químicos / Producción farmacéutica;Servicios de producción de medicamentos o medicinas;AMLODIPINO 10 MG CM;Comprimido;1.0;76.830.090-9;FARMACEUTICA CARIBEAN SPA;13.0;1.0
1057532-33-LP25;36;51101511;51101500;Medicamentos y productos farmacéuticos / Medicamentos anti infecciosos / Antibióticos;Amoxicilina;AMOXICILINA + AC. CLAVULÁNICO CM 875/125 MG;Comprimido;1.0;76.669.630-9;OPKO CHILE S.A.;275.0;1.0
1057532-33-LP25;37;51101511;51101500;Medicamentos y productos farmacéuticos / Medicamentos anti infecciosos / Antibióticos;Amoxicilina;AMOXICILINA + ACIDO CLAVULÁNICO CM 500/125 MG;Comprimido;1.0;76.956.140-4;ETHON PHARMACEUTICALS  COMERCIALIZADORA  IMP EXP Y DIST SPA;99.9;1.0
1057532-33-LP25;38;51101511;51101500;Medicamentos y productos farmacéuticos / Medicamentos anti infecciosos / Antibióticos;Amoxicilina;AMOXICILINA 500MG/5 ML POLVO/SUSP FRA 60ML;Frasco;1.0;76.669.630-9;OPKO CHILE S.A.;1048.0;1.0
1057532-33-LP25;39;51101511;51101500;Medicamentos y productos farmacéuticos / Medicamentos anti infecciosos / Antibióticos;Amoxicilina;AMOXICILINA CM 500 MG.;Comprimido;1.0;76.986.924-7;MDC HEALTH SPA;49.0;1.0
1057532-33-LP25;40;51101511;51101500;Medicamentos y productos farmacéuticos / Medicamentos anti infecciosos / Antibióticos;Amoxicilina;AMOXICILINA FCO 250mg/5ml SUSPENSIÓN ORAL.;Frasco;1.0;;;0.0;0.0
1057532-33-LP25;41;51101567;51101500;Medicamentos y productos farmacéuticos / Medicamentos anti infecciosos / Antibióticos;Ampicilina;AMPICILINA 1G POLV/LIOF SOL. INYECT F.AM;Frasco Ampolla;1.0;;;0.0;0.0
1057532-33-LP25;42;51141631;51141600;Medicamentos y productos farmacéuticos / Medicamentos para el sistema nervioso central / Antidepresivos;Clorhidrato de bupropión;ANFEBUTAMONA CM LIBERACION PROLONGADA 150 MG (BUPROPION);Comprimido;1.0;77.596.940-7;LABORATORIO CHILE S A;250.0;1.0
1057532-33-LP25;43;73101701;73101700;Servicios de producción y fabricación industrial / Industrias de plásticos y productos químicos / Producción farmacéutica;Servicios de producción de medicamentos o medicinas;ARIPIPRAZOL CM 10 MG;Comprimido;1.0;77.596.940-7;LABORATORIO CHILE S A;72.0;1.0
1057532-33-LP25;44;51151801;51151800;Medicamentos y productos farmacéuticos / Medicamentos para el sistema nervioso autónomo / Agentes bloqueadores adrenérgicos;Atenolol;ATENOLOL CM 50 MG;Comprimido;1.0;76.237.266-5;LABORATORIOS ANDROMACO S.A.;9.9;1.0
1057532-33-LP25;45;51121818;51121800;Medicamentos y productos farmacéuticos / Medicamentos cardiovasculares / Agentes antihiperlipidémicos / hipocolesterolémicos;Atorvastatina;ATORVASTATINA CM 20 MG;Comprimido;1.0;76.669.630-9;OPKO CHILE S.A.;12.0;1.0
1057532-33-LP25;46;51151616;51151600;Medicamentos y productos farmacéuticos / Medicamentos para el sistema nervioso autónomo / Agentes bloqueadores colinérgicos;Atropina;ATROPINA 1 MG/1 ML SOL. INY. AM/FAM;Ampolla;1.0;88.597.500-3;LABORATORIO BIOSANO S A;120.0;1.0
1057532-33-LP25;47;51151616;51151600;Medicamentos y productos farmacéuticos / Medicamentos para el sistema nervioso autónomo / Agentes bloqueadores colinérgicos;Atropina;ATROPINA/PAPAVERINA CM 0,5/40 MG;Comprimido;1.0;76.830.090-9;FARMACEUTICA CARIBEAN SPA;44.0;1.0
1057532-33-LP25;48;51101572;51101500;Medicamentos y productos farmacéuticos / Medicamentos anti infecciosos / Antibióticos;Azitromicina;AZITROMICIN 200MG/5ML P/SUSP FRA 15A30ML;Frasco;1.0;77.596.940-7;LABORATORIO CHILE S A;1875.0;1.0
1057532-33-LP25;49;51101572;51101500;Medicamentos y productos farmacéuticos / Medicamentos anti infecciosos / Antibióticos;Azitromicina;AZITROMICINA CM 500 MG;Comprimido;1.0;77.596.940-7;LABORATORIO CHILE S A;170.0;1.0
1057532-33-LP25;50;51161616;51161600;Medicamentos y productos farmacéuticos / Medicamentos para el tracto respiratorio / Antihistamínicos o bloqueadores H2;Betahistina;BETAHISTINA 16 MG CM;Comprimido;1.0;76.285.229-2;GALENICUM HEALTH CHILE SPA;279.0;1.0
1057532-33-LP25;51;51181701;51181700;Medicamentos y productos farmacéuticos / Hormonas y antagonistas hormonales / Corticosteroides;Betametasona;BETAMETASONA FOSFATO DISOD. 4 MG/MLSOL.INY. AM/FAM;Ampolla;1.0;76.642.770-7;LABVITALIS S.A.;120.0;1.0
1057532-33-LP25;52;51181701;51181700;Medicamentos y productos farmacéuticos / Hormonas y antagonistas hormonales / Corticosteroides;Betametasona;BETAMETASONA CREMA TUBO 0.1% 15grs;Tubo;1.0;76.669.630-9;OPKO CHILE S.A.;385.0;1.0
1057532-33-LP25;53;51181701;51181700;Medicamentos y productos farmacéuticos / Hormonas y antagonistas hormonales / Corticosteroides;Betametasona;BETAMETASONA FOSF/ACET 3/3MG 3A5 ML FAM;Frasco Ampolla;1.0;77.596.940-7;LABORATORIO CHILE S A;10406.0;1.0
1057532-33-LP25;54;51121725;51121700;Medicamentos y productos farmacéuticos / Medicamentos cardiovasculares / Medicamentos antihipertensivos;Fumarato de bisoprolol;BISOPROLOL CM 2,5mg;Comprimido;1.0;76.986.924-7;MDC HEALTH SPA;35.0;1.0
1057532-33-LP25;55;51161705;51161700;Medicamentos y productos farmacéuticos / Medicamentos para el tracto respiratorio / Medicamentos para alteraciones del tracto respiratorio;Bromuro de ipratropio;BROMURO DE IPRATROPIO 20 MCG INH. 200 DOSIS;Unidad;1.0;76.065.775-1;FAES FARMA CHILE SALUD Y NUTRICION SPA;5250.0;1.0
1057532-33-LP25;56;51161703;51161700;Medicamentos y productos farmacéuticos / Medicamentos para el tracto respiratorio / Medicamentos para alteraciones del tracto respiratorio;Budesonida;BUDESONIDA / FORMOTEROL  160/4,5 MCG INH 200 DOSIS;Unidad;1.0;76.956.140-4;ETHON PHARMACEUTICALS  COMERCIALIZADORA  IMP EXP Y DIST SPA;16450.0;1.0
1057532-33-LP25;57;51161703;51161700;Medicamentos y productos farmacéuticos / Medicamentos para el tracto respiratorio / Medicamentos para alteraciones del tracto respiratorio;Budesonida;BUDESONIDA 200 MCG INH 200 DOSIS;Unidad;1.0;91.637.000-8;LABORATORIOS RECALCINE SA;3700.0;1.0
1057532-33-LP25;58;51142905;51142900;Medicamentos y productos farmacéuticos / Medicamentos para el sistema nervioso central / Fármacos anestésicos, complementos relacionados y analépticos;Bupivacaína;BUPIVACAÍNA FA 0,5%/10ml;Frasco Ampolla;1.0;91.546.000-3;LABORATORIO SANDERSON SPA;476.0;1.0
1057532-33-LP25;59;51142905;51142900;Medicamentos y productos farmacéuticos / Medicamentos para el sistema nervioso central / Fármacos anestésicos, complementos relacionados y analépticos;Bupivacaína;BUPIVACAÍNA HIPERBÁRICA AM  15mg/2ml AM;Ampolla;1.0;91.546.000-3;LABORATORIO SANDERSON SPA;1100.0;1.0
1057532-33-LP25;60;51182403;51182400;Medicamentos y productos farmacéuticos / Hormonas y antagonistas hormonales / Sales de calcio y reguladores del calcio;Gluconato de calcio;CALCIO c/vit D 450A600 MG/400UI CM/CP CM;Comprimido;1.0;76.237.266-5;LABORATORIOS ANDROMACO S.A.;98.3;1.0
1057532-33-LP25;61;51171501;51171500;Medicamentos y productos farmacéuticos / Medicamentos para el sistema gastrointestinal / Antiácidos y antiflatulentos;Carbonato de calcio;CALCIO CARBONATO CM 500mg;Comprimido;1.0;76.986.924-7;MDC HEALTH SPA;13.0;1.0
1057532-33-LP25;62;73101701;73101700;Servicios de producción y fabricación industrial / Industrias de plásticos y productos químicos / Producción farmacéutica;Servicios de producción de medicamentos o medicinas;CALCITRIOL CM 0,25mg;Comprimido;1.0;;;0.0;0.0
1057532-33-LP25;63;51121703;51121700;Medicamentos y productos farmacéuticos / Medicamentos cardiovasculares / Medicamentos antihipertensivos;Captopril;CAPTOPRIL CM 25mg;Comprimido;1.0;76.830.090-9;FARMACEUTICA CARIBEAN SPA;39.0;1.0
1057532-33-LP25;64;51141513;51141500;Medicamentos y productos farmacéuticos / Medicamentos para el sistema nervioso central / Anticonvulsivos;Carbamazepina;CARBAMAZEPINA CM 200 MG;Comprimido;1.0;76.237.266-5;LABORATORIOS ANDROMACO S.A.;35.0;1.0
1057532-33-LP25;65;51141513;51141500;Medicamentos y productos farmacéuticos / Medicamentos para el sistema nervioso central / Anticonvulsivos;Carbamazepina;CARBAMAZEPINA CM LIBERACION PROLONGADA 400 MG;Comprimido;1.0;;;0.0;0.0
1057532-33-LP25;66;51211618;51211600;Medicamentos y productos farmacéuticos / Medicamentos varios / Antídotos y eméticos;Antídoto de carbón activado;CARBÓN ACTIVADO SOBRE 50grs;Sobre;1.0;;;0.0;0.0
1057532-33-LP25;67;51141903;51141900;Medicamentos y productos farmacéuticos / Medicamentos para el sistema nervioso central / Tranquilizantes y fármacos ansiolíticos y antimaníacos;Carbonato de litio;CARBONATO DE LITIO CM DE LIBERACION PROLONGADA 450 MG;Comprimido;1.0;76.830.090-9;FARMACEUTICA CARIBEAN SPA;396.0;1.0
1057532-33-LP25;68;51121709;51121700;Medicamentos y productos farmacéuticos / Medicamentos cardiovasculares / Medicamentos antihipertensivos;Carvedilol;CARVEDILOL CM 12,5 MG;Comprimido;1.0;76.956.140-4;ETHON PHARMACEUTICALS  COMERCIALIZADORA  IMP EXP Y DIST SPA;28.0;1.0
1057532-33-LP25;69;51121709;51121700;Medicamentos y productos farmacéuticos / Medicamentos cardiovasculares / Medicamentos antihipertensivos;Carvedilol;CARVEDILOL CM 25 MG;Comprimido;1.0;77.596.940-7;LABORATORIO CHILE S A;30.0;1.0
1057532-33-LP25;70;51121709;51121700;Medicamentos y productos farmacéuticos / Medicamentos cardiovasculares / Medicamentos antihipertensivos;Carvedilol;CARVEDILOL CM 6,25 MG;Comprimido;1.0;76.956.140-4;ETHON PHARMACEUTICALS  COMERCIALIZADORA  IMP EXP Y DIST SPA;18.9;1.0
1057532-33-LP25;71;51101580;51101500;Medicamentos y productos farmacéuticos / Medicamentos anti infecciosos / Antibióticos;Cefadroxilo;CEFADROXILO CM 500mg;Comprimido;1.0;80.447.400-5;MUNNICH PHARMA MEDICAL SPA;113.09;1.0
1057532-33-LP25;72;51101580;51101500;Medicamentos y productos farmacéuticos / Medicamentos anti infecciosos / Antibióticos;Cefadroxilo;CEFADROXILO FCO  250mg/5ml SO;Frasco;1.0;76.237.266-5;LABORATORIOS ANDROMACO S.A.;2650.0;1.0
1057532-33-LP25;73;51101578;51101500;Medicamentos y productos farmacéuticos / Medicamentos anti infecciosos / Antibióticos;Cefazolina;CEFAZOLINA 1G POLVO/LIOF SOL INYECT.FAM;Frasco Ampolla;1.0;76.642.770-7;LABVITALIS S.A.;460.0;1.0
1057532-33-LP25;74;51101551;51101500;Medicamentos y productos farmacéuticos / Medicamentos anti infecciosos / Antibióticos;Ceftriaxona;CEFTRIAXONA 1G POLVO SOL.INY I.M/I.V.FAM;Frasco Ampolla;1.0;88.597.500-3;LABORATORIO BIOSANO S A;410.0;1.0
1057532-33-LP25;75;51142131;51142100;Medicamentos y productos farmacéuticos / Medicamentos para el sistema nervioso central / Fármacos antiinflamatorios no esteroideos (NSAID);Celecoxib;CELECOXIB CM 200 MG;Comprimido;1.0;76.986.924-7;MDC HEALTH SPA;29.0;1.0
1057532-33-LP25;76;51151914;51151900;Medicamentos y productos farmacéuticos / Medicamentos para el sistema nervioso autónomo / Relajantes músculo-esqueléticos de acción centrada;Clorhidrato de ciclobenzaprina;CICLOBENZAPRINA CM 10mg;Comprimido;1.0;91.637.000-8;LABORATORIOS RECALCINE SA;19.0;1.0
1057532-33-LP25;77;73101701;73101700;Servicios de producción y fabricación industrial / Industrias de plásticos y productos químicos / Producción farmacéutica;Servicios de producción de medicamentos o medicinas;CICLOPIROXOLAMINA TUBO 1% CREMA DÉRMICA;Tubo;1.0;76.830.090-9;FARMACEUTICA CARIBEAN SPA;8430.0;1.0
1057532-33-LP25;78;73101701;73101700;Servicios de producción y fabricación industrial / Industrias de plásticos y productos químicos / Producción farmacéutica;Servicios de producción de medicamentos o medicinas;CINACALCET CM 30mg;Comprimido;1.0;77.240.238-4;EMCURE PHARMA CHILE SPA;325.0;1.0
1057532-33-LP25;79;51101542;51101500;Medicamentos y productos farmacéuticos / Medicamentos anti infecciosos / Antibióticos;Ciprofloxacina;CIPROFLOXACINO CM 500mg;Comprimido;1.0;77.596.940-7;LABORATORIO CHILE S A;77.0;1.0
1057532-33-LP25;80;51101542;51101500;Medicamentos y productos farmacéuticos / Medicamentos anti infecciosos / Antibióticos;Ciprofloxacina;CIPROFLOXACINO/DEXAMETESONA 3MG/1MG/ML SOLUCIÓN ÓTICA FRA 5 A 10 ML;Frasco;1.0;76.830.090-9;FARMACEUTICA CARIBEAN SPA;15049.0;1.0
1057532-33-LP25;81;51141617;51141600;Medicamentos y productos farmacéuticos / Medicamentos para el sistema nervioso central / Antidepresivos;Bromhidrato de citalopram;CITALOPRAM CM 20 MG;Comprimido;1.0;76.830.090-9;FARMACEUTICA CARIBEAN SPA;57.0;1.0
1057532-33-LP25;82;51101522;51101500;Medicamentos y productos farmacéuticos / Medicamentos anti infecciosos / Antibióticos;Claritromicina;CLARITROMICINA CM 500mg;Comprimido;1.0;76.237.266-5;LABORATORIOS ANDROMACO S.A.;222.0;1.0
1057532-33-LP25;83;51101504;51101500;Medicamentos y productos farmacéuticos / Medicamentos anti infecciosos / Antibióticos;Clindamicina;CLINDAMICINA AM 600mg/4ml;Ampolla;1.0;91.546.000-3;LABORATORIO SANDERSON SPA;748.0;1.0
1057532-33-LP25;84;51101504;51101500;Medicamentos y productos farmacéuticos / Medicamentos anti infecciosos / Antibióticos;Clindamicina;CLINDAMICINA CP 300mg;Cápsula;1.0;76.830.090-9;FARMACEUTICA CARIBEAN SPA;947.0;1.0
1057532-33-LP25;85;73101701;73101700;Servicios de producción y fabricación industrial / Industrias de plásticos y productos químicos / Producción farmacéutica;Servicios de producción de medicamentos o medicinas;CLOBETASOL 0,05% CREMA DERMICA 25 A 30 G;Tubo;1.0;;;0.0;0.0
1057532-33-LP25;86;51142001;51142000;Medicamentos y productos farmacéuticos / Medicamentos para el sistema nervioso central / Analgésicos no narcóticos / antipiréticos;Acetaminofen;CLONIXINATO DE LISINA 125 MG CP/CM REC;Comprimido;1.0;76.237.266-5;LABORATORIOS ANDROMACO S.A.;55.0;1.0
1057532-33-LP25;87;51142001;51142000;Medicamentos y productos farmacéuticos / Medicamentos para el sistema nervioso central / Analgésicos no narcóticos / antipiréticos;Acetaminofen;CLONIXINATO DE LISINA AM 100 MG/2 ML.;Ampolla;1.0;88.597.500-3;LABORATORIO BIOSANO S A;230.0;1.0
1057532-33-LP25;88;51131709;51131700;Medicamentos y productos farmacéuticos / Medicamentos hematólicos / Trombolíticos / inhibidores de agregación de plaquetas;Bisulfato de clopidogrel;CLOPIDOGREL CM 75 MG;Comprimido;1.0;77.596.940-7;LABORATORIO CHILE S A;53.0;1.0
1057532-33-LP25;89;51101503;51101500;Medicamentos y productos farmacéuticos / Medicamentos anti infecciosos / Antibióticos;Cloranfenicol;CLORAMFENICOL 0,5% SOL.OFT.FRA 5 A 10 ML;Frasco;1.0;76.956.140-4;ETHON PHARMACEUTICALS  COMERCIALIZADORA  IMP EXP Y DIST SPA;564.0;1.0
1057532-33-LP25;90;51101503;51101500;Medicamentos y productos farmacéuticos / Medicamentos anti infecciosos / Antibióticos;Cloranfenicol;CLORAMFENICOL 1% UNG OFT 3 A 5 G.;Tubo;1.0;76.956.140-4;ETHON PHARMACEUTICALS  COMERCIALIZADORA  IMP EXP Y DIST SPA;538.0;1.0
1057532-33-LP25;91;73101701;73101700;Servicios de producción y fabricación industrial / Industrias de plásticos y productos químicos / Producción farmacéutica;Servicios de producción de medicamentos o medicinas;CLORFEMANINA CM 4 MG;Comprimido;1.0;80.447.400-5;MUNNICH PHARMA MEDICAL SPA;10.93;1.0
1057532-33-LP25;92;73101701;73101700;Servicios de producción y fabricación industrial / Industrias de plásticos y productos químicos / Producción farmacéutica;Servicios de producción de medicamentos o medicinas;CLORFENAMINA 10 MG/1 ML SOL INY AM/FAM;Ampolla;1.0;88.597.500-3;LABORATORIO BIOSANO S A;130.0;1.0
1057532-33-LP25;93;73101701;73101700;Servicios de producción y fabricación industrial / Industrias de plásticos y productos químicos / Producción farmacéutica;Servicios de producción de medicamentos o medicinas;CLORFENAMINA 2,0 A 2,5MG/5 ML JARABE FRASCO;Frasco;1.0;87.674.400-7;LABORATORIO PASTEUR S.A.;2000.0;1.0
1057532-33-LP25;94;51102707;51102700;Medicamentos y productos farmacéuticos / Medicamentos anti infecciosos / Antisépticos;Gluconato de clorhexidina;CLORHEXIDINA 0,12% COLUTORIO FRA 100-150ML;Frasco;1.0;79.581.120-6;DIFEM LABORATORIOS S A;2010.0;1.0
1057532-33-LP25;95;51141913;51141900;Medicamentos y productos farmacéuticos / Medicamentos para el sistema nervioso central / Tranquilizantes y fármacos ansiolíticos y antimaníacos;Clormezanona;CLORPROMAZINA 25 MG/2 ML SOL.INY. AM/FAM;Ampolla;1.0;91.546.000-3;LABORATORIO SANDERSON SPA;330.0;1.0
1057532-33-LP25;96;51141701;51141700;Medicamentos y productos farmacéuticos / Medicamentos para el sistema nervioso central / Agentes antipsicóticos;Fenotiacinas;CLORPROMAZINA CLORHIDRATO CM 100 MG;Comprimido;1.0;76.079.782-0;WINPHARM SPA;400.0;1.0
1057532-33-LP25;97;51101805;51101800;Medicamentos y productos farmacéuticos / Medicamentos anti infecciosos / Fungicidas;Cotrimazol;CLOTRIMAZOL 1% CREMA, TUBO O POMO 15-20 G;Tubo;1.0;76.956.140-4;ETHON PHARMACEUTICALS  COMERCIALIZADORA  IMP EXP Y DIST SPA;264.0;1.0
1057532-33-LP25;98;51101805;51101800;Medicamentos y productos farmacéuticos / Medicamentos anti infecciosos / Fungicidas;Cotrimazol;CLOTRIMAZOL 100 MG OVULO/CM O CP VAGINAL;Comprimido Vaginal;1.0;77.596.940-7;LABORATORIO CHILE S A;185.0;1.0
1057532-33-LP25;99;51101512;51101500;Medicamentos y productos farmacéuticos / Medicamentos anti infecciosos / Antibióticos;Cloxacilina;CLOXACILINA 500 MG POLV/LIOF SOL INY.FAM;Frasco Ampolla;1.0;88.597.500-3;LABORATORIO BIOSANO S A;330.0;1.0
1057532-33-LP25;100;51101512;51101500;Medicamentos y productos farmacéuticos / Medicamentos anti infecciosos / Antibióticos;Cloxacilina;CLOXACILINA CM 500 MG;Comprimido;1.0;76.669.630-9;OPKO CHILE S.A.;100.0;1.0
1057532-33-LP25;101;51141715;51141700;Medicamentos y productos farmacéuticos / Medicamentos para el sistema nervioso central / Agentes antipsicóticos;Clozapina;CLOZAPINA CM 100 MG;Comprimido;1.0;76.830.090-9;FARMACEUTICA CARIBEAN SPA;134.0;1.0
1057532-33-LP25;102;51211502;51211500;Medicamentos y productos farmacéuticos / Medicamentos varios / Medicamentos antigota;Colchicina;COLCHICINA CM 0,5mg;Comprimido;1.0;77.596.940-7;LABORATORIO CHILE S A;48.0;1.0
1057532-33-LP25;103;51101508;51101500;Medicamentos y productos farmacéuticos / Medicamentos anti infecciosos / Antibióticos;Sulfamidas;COTRIMOXAZOL FORTE CM  800/160 MG (SULFAMETOXAZOL +TRIMETROPRIM);Comprimido;1.0;91.637.000-8;LABORATORIOS RECALCINE SA;390.0;1.0
1057532-33-LP25;104;51151903;51151900;Medicamentos y productos farmacéuticos / Medicamentos para el sistema nervioso autónomo / Relajantes músculo-esqueléticos de acción centrada;Dantroleno sódico;DANTROLENO 20 MG LIOF SOL INYEC.FAM;Frasco Ampolla;1.0;77.781.470-2;DROGUERIA FARMOQUIMICA DEL PACIFICO SPA;252000.0;1.0
1057532-33-LP25;105;51161633;51161600;Medicamentos y productos farmacéuticos / Medicamentos para el tracto respiratorio / Antihistamínicos o bloqueadores H2;Desloratadina;DESLORATADINA CM 5 MG;Comprimido;1.0;76.986.924-7;MDC HEALTH SPA;16.0;1.0
1057532-33-LP25;106;51181704;51181700;Medicamentos y productos farmacéuticos / Hormonas y antagonistas hormonales / Corticosteroides;Dexametasona;DEXAMETASONA FOSF. SODIC. 4 MG/1ML SOL.INY AM/FAM;Ampolla;1.0;91.546.000-3;LABORATORIO SANDERSON SPA;155.0;1.0
1057532-33-LP25;107;51181704;51181700;Medicamentos y productos farmacéuticos / Hormonas y antagonistas hormonales / Corticosteroides;Dexametasona;DEXAMETASONA - CIPROFLOXACINO ÓTICO FRASCO 7,5 ML;Frasco;1.0;76.830.090-9;FARMACEUTICA CARIBEAN SPA;15049.0;1.0
1057532-33-LP25;108;51142121;51142100;Medicamentos y productos farmacéuticos / Medicamentos para el sistema nervioso central / Fármacos antiinflamatorios no esteroideos (NSAID);Diclofenaco;DICLOFENACO 75 MG/3ML SOL. INY. AM/FAM;Ampolla;1.0;88.597.500-3;LABORATORIO BIOSANO S A;180.0;1.0
1057532-33-LP25;109;51142121;51142100;Medicamentos y productos farmacéuticos / Medicamentos para el sistema nervioso central / Fármacos antiinflamatorios no esteroideos (NSAID);Diclofenaco;DICLOFENACO CM 100 MG.;Comprimido;1.0;76.669.630-9;OPKO CHILE S.A.;49.0;1.0
1057532-33-LP25;110;51142121;51142100;Medicamentos y productos farmacéuticos / Medicamentos para el sistema nervioso central / Fármacos antiinflamatorios no esteroideos (NSAID);Diclofenaco;DICLOFENACO CM 50mg;Comprimido;1.0;76.830.090-9;FARMACEUTICA CARIBEAN SPA;14.0;1.0
1057532-33-LP25;111;51142121;51142100;Medicamentos y productos farmacéuticos / Medicamentos para el sistema nervioso central / Fármacos antiinflamatorios no esteroideos (NSAID);Diclofenaco;DICLOFENACO SUPOSITORIOS 12,5mg;Supositorio;1.0;77.596.940-7;LABORATORIO CHILE S A;94.0;1.0
1057532-33-LP25;112;51171808;51171800;Medicamentos y productos farmacéuticos / Medicamentos para el sistema gastrointestinal / Agentes antivértigo, antinauseantes y antieméticos;Clorhidrato de difenidol;DIFENIDOL 25 MG CM;Comprimido;1.0;76.830.090-9;FARMACEUTICA CARIBEAN SPA;387.0;1.0
1057532-33-LP25;113;51121502;51121500;Medicamentos y productos farmacéuticos / Medicamentos cardiovasculares / Agentes antiarrítmicos;Digoxina;DIGOXINA CM 0,25mg;Comprimido;1.0;77.596.940-7;LABORATORIO CHILE S A;26.0;1.0
1057532-33-LP25;114;51212201;51212200;Medicamentos y productos farmacéuticos / Medicamentos varios / Fármacos contra las adicciones;Disulfiram;DISULFIRAM CM 500 MG;Comprimido;1.0;77.781.470-2;DROGUERIA FARMOQUIMICA DEL PACIFICO SPA;152.0;1.0
1057532-33-LP25;115;73101701;73101700;Servicios de producción y fabricación industrial / Industrias de plásticos y productos químicos / Producción farmacéutica;Servicios de producción de medicamentos o medicinas;DOMPERIDONA 10 MG/ML SUSP FRA 20 A 30 ML;Frasco;1.0;76.237.266-5;LABORATORIOS ANDROMACO S.A.;1672.0;1.0
1057532-33-LP25;116;73101701;73101700;Servicios de producción y fabricación industrial / Industrias de plásticos y productos químicos / Producción farmacéutica;Servicios de producción de medicamentos o medicinas;DOMPERIDONA CM  10mg;Comprimido;1.0;76.669.630-9;OPKO CHILE S.A.;23.0;1.0
1057532-33-LP25;117;51151737;51151700;Medicamentos y productos farmacéuticos / Medicamentos para el sistema nervioso autónomo / Simpatomiméticos o adrenérgicos;Clorhidrato de dopamina;DOPAMINA 200 MG/5 ML SOL INYECT. AM/FAM;Ampolla;1.0;91.546.000-3;LABORATORIO SANDERSON SPA;550.0;1.0
1057532-33-LP25;118;51151824;51151800;Medicamentos y productos farmacéuticos / Medicamentos para el sistema nervioso autónomo / Agentes bloqueadores adrenérgicos;Mesilato de doxazosina;DOXAZOSINA CM 2mg;Comprimido;1.0;;;0.0;0.0
1057532-33-LP25;119;51101557;51101500;Medicamentos y productos farmacéuticos / Medicamentos anti infecciosos / Antibióticos;Doxiciclina;DOXICICLINA CM 100 MG;Comprimido;1.0;76.669.630-9;OPKO CHILE S.A.;138.0;1.0
1057532-33-LP25;120;73101701;73101700;Servicios de producción y fabricación industrial / Industrias de plásticos y productos químicos / Producción farmacéutica;Servicios de producción de medicamentos o medicinas;DULOXETINA CP 30 MG;Unidad;1.0;77.240.238-4;EMCURE PHARMA CHILE SPA;67.0;1.0
1057532-33-LP25;121;73101701;73101700;Servicios de producción y fabricación industrial / Industrias de plásticos y productos químicos / Producción farmacéutica;Servicios de producción de medicamentos o medicinas;DULOXETINA CP 60 MG;Comprimido;1.0;77.240.238-4;EMCURE PHARMA CHILE SPA;80.0;1.0
1057532-33-LP25;122;51151741;51151700;Medicamentos y productos farmacéuticos / Medicamentos para el sistema nervioso autónomo / Simpatomiméticos o adrenérgicos;Efedrina;EFEDRINA AM 6% 1ml;Ampolla;1.0;91.546.000-3;LABORATORIO SANDERSON SPA;242.0;1.0
1057532-33-LP25;123;73101701;73101700;Servicios de producción y fabricación industrial / Industrias de plásticos y productos químicos / Producción farmacéutica;Servicios de producción de medicamentos o medicinas;EMPAGLIFOZINA CM 25mg CM;Ampolla;1.0;96.945.670-2;NOVOFARMA SERVICE S A;28350.0;1.0
1057532-33-LP25;124;51121715;51121700;Medicamentos y productos farmacéuticos / Medicamentos cardiovasculares / Medicamentos antihipertensivos;Enalapril;ENALAPRIL 10 MG CM;Comprimido;1.0;76.237.266-5;LABORATORIOS ANDROMACO S.A.;6.8;1.0
1057532-33-LP25;125;73101701;73101700;Servicios de producción y fabricación industrial / Industrias de plásticos y productos químicos / Producción farmacéutica;Servicios de producción de medicamentos o medicinas;ENEMA FOSFATO ADULT FRA/BOT 130 A 133 ML;Frasco;1.0;76.065.775-1;FAES FARMA CHILE SALUD Y NUTRICION SPA;2213.0;1.0
1057532-33-LP25;126;51131607;51131600;Medicamentos y productos farmacéuticos / Medicamentos hematólicos / Anticoagulantes;Enoxaparina sódica;ENOXAPARINA JERINGA  40mg;Unidad;1.0;96.884.770-8;ITF-LABOMED FARMACEUTICA LIMITADA;2700.0;1.0
1057532-33-LP25;127;51131607;51131600;Medicamentos y productos farmacéuticos / Medicamentos hematólicos / Anticoagulantes;Enoxaparina sódica;ENOXAPARINA JERIGA 60mg;Unidad;1.0;77.596.940-7;LABORATORIO CHILE S A;3649.0;1.0
1057532-33-LP25;128;51151703;51151700;Medicamentos y productos farmacéuticos / Medicamentos para el sistema nervioso autónomo / Simpatomiméticos o adrenérgicos;Epinefrina;EPINEFRINA AM 1mg/ml;Ampolla;1.0;76.598.564-1;BLAU FARMACEUTICA CHILE SPA;710.0;1.0
1057532-33-LP25;129;51131506;51131500;Medicamentos y productos farmacéuticos / Medicamentos hematólicos / Medicamentos antianémicos;Eritropoyetina;ERITROPOYETINA JER 2.000UI;Unidad;1.0;96.859.930-5;LIBRA CHILE S A;1380.0;1.0
1057532-33-LP25;130;51131506;51131500;Medicamentos y productos farmacéuticos / Medicamentos hematólicos / Medicamentos antianémicos;Eritropoyetina;ERITROPOYETINA JER 4.000UI;Unidad;1.0;94.544.000-7;MEGALABS CHILE S.A;1700.0;1.0
1057532-33-LP25;131;51141633;51141600;Medicamentos y productos farmacéuticos / Medicamentos para el sistema nervioso central / Antidepresivos;Oxalato de escitalopram;ESCITALOPRAM CM 10 MG;Comprimido;1.0;77.596.940-7;LABORATORIO CHILE S A;28.0;1.0
1057532-33-LP25;132;51171913;51171900;Medicamentos y productos farmacéuticos / Medicamentos para el sistema gastrointestinal / Fármacos antiúlcera y otros fármacos gastrointestinales relacionados;Trihidrato magnésico de esomeprazol;ESOMEPRAZOL CM 40 MG.;Comprimido;1.0;76.669.630-9;OPKO CHILE S.A.;69.0;1.0
1057532-33-LP25;133;51191507;51191500;Medicamentos y productos farmacéuticos / Agentes que afectan el agua y los electrolitos / Diuréticos;Espironolactona;ESPIRONOLACTONA CM 25 MG;Comprimido;1.0;76.237.266-5;LABORATORIOS ANDROMACO S.A.;29.7;1.0
1057532-33-LP25;134;51181813;51181800;Medicamentos y productos farmacéuticos / Hormonas y antagonistas hormonales / Estrógenos, progesteronas y anticonceptivos internos;Estradiol;ESTRADIOL / DIDROGESTERONA CM 1MG/5MG;Comprimido;1.0;91.637.000-8;LABORATORIOS RECALCINE SA;450.0;1.0
1057532-33-LP25;135;51181813;51181800;Medicamentos y productos farmacéuticos / Hormonas y antagonistas hormonales / Estrógenos, progesteronas y anticonceptivos internos;Estradiol;ESTRADIOL CM 1 MG CM;Comprimido;1.0;91.637.000-8;LABORATORIOS RECALCINE SA;350.0;1.0
1057532-33-LP25;136;73101701;73101700;Servicios de producción y fabricación industrial / Industrias de plásticos y productos químicos / Producción farmacéutica;Servicios de producción de medicamentos o medicinas;ESZOPICLONA 3 MG COMPRIMIDOS;Comprimido;1.0;76.079.782-0;WINPHARM SPA;90.0;1.0
1057532-33-LP25;137;73101701;73101700;Servicios de producción y fabricación industrial / Industrias de plásticos y productos químicos / Producción farmacéutica;Servicios de producción de medicamentos o medicinas;ETINILESTRADIOL 0.03MG/LEVONORGESTREL 0.15MG  1 CICLO 28COMPRIMIDOS.;Unidad;1.0;76.830.090-9;FARMACEUTICA CARIBEAN SPA;39.0;1.0
1057532-33-LP25;138;51142933;51142900;Medicamentos y productos farmacéuticos / Medicamentos para el sistema nervioso central / Fármacos anestésicos, complementos relacionados y analépticos;Etomidato;ETOMIDATO AM 20mg/10ml;Ampolla;1.0;;;0.0;0.0
1057532-33-LP25;139;51181832;51181800;Medicamentos y productos farmacéuticos / Hormonas y antagonistas hormonales / Estrógenos, progesteronas y anticonceptivos internos;Combinación de etonogestrel y etinilestradiol;ETONOGESTREL 11,7 MG/ETINILESTRADIOL 2,7 MG  (ANILLO VAGINAL);Unidad;1.0;91.637.000-8;LABORATORIOS RECALCINE SA;8500.0;1.0
1057532-33-LP25;140;73101701;73101700;Servicios de producción y fabricación industrial / Industrias de plásticos y productos químicos / Producción farmacéutica;Servicios de producción de medicamentos o medicinas;ETONOGESTREL 68 MG IMPLANTE SUBCUTANEO;Unidad;1.0;;;0.0;0.0
1057532-33-LP25;141;51121819;51121800;Medicamentos y productos farmacéuticos / Medicamentos cardiovasculares / Agentes antihiperlipidémicos / hipocolesterolémicos;Ezetimiba;EZETIMIBA CM 10mg;Comprimido;1.0;96.945.670-2;NOVOFARMA SERVICE S A;981.0;1.0
1057532-33-LP25;142;51141507;51141500;Medicamentos y productos farmacéuticos / Medicamentos para el sistema nervioso central / Anticonvulsivos;Fenitoina;FENITOINA 100 MG CM LIB. RÁPIDA;Comprimido;1.0;77.596.940-7;LABORATORIO CHILE S A;51.0;1.0
1057532-33-LP25;143;51141507;51141500;Medicamentos y productos farmacéuticos / Medicamentos para el sistema nervioso central / Anticonvulsivos;Fenitoina;FENITOINA AM 250mg/5ml;Ampolla;1.0;76.423.281-K;PISA FARMACEUTICA DE CHILE SPA;588.0;1.0
1057532-33-LP25;144;73101701;73101700;Servicios de producción y fabricación industrial / Industrias de plásticos y productos químicos / Producción farmacéutica;Servicios de producción de medicamentos o medicinas;FITOQUINONA 10 MG/1 ML SOL INY IM AM/FAM;Ampolla;1.0;76.830.090-9;FARMACEUTICA CARIBEAN SPA;384.0;1.0
1057532-33-LP25;145;73101701;73101700;Servicios de producción y fabricación industrial / Industrias de plásticos y productos químicos / Producción farmacéutica;Servicios de producción de medicamentos o medicinas;FITOQUINONA O FITOMENADIONA 10 MG/1 ML SOL INY IV AM/FAM;Frasco Ampolla;1.0;;;0.0;0.0
1057532-33-LP25;146;51101512;51101500;Medicamentos y productos farmacéuticos / Medicamentos anti infecciosos / Antibióticos;Cloxacilina;FLUCLOXACILINA FCO 250mg/5ml S.O.;Frasco;1.0;76.830.090-9;FARMACEUTICA CARIBEAN SPA;1969.0;1.0
1057532-33-LP25;147;51101807;51101800;Medicamentos y productos farmacéuticos / Medicamentos anti infecciosos / Fungicidas;Fluconazol;FLUCONAZOL CM 150 MG;Comprimido;1.0;77.596.940-7;LABORATORIO CHILE S A;169.0;1.0
1057532-33-LP25;148;51141709;51141700;Medicamentos y productos farmacéuticos / Medicamentos para el sistema nervioso central / Agentes antipsicóticos;Flufenazina;FLUFENAZINA DECANOATO AM 250 MG/10 ML SOLUCION INYECTABLE;Ampolla;1.0;76.956.140-4;ETHON PHARMACEUTICALS  COMERCIALIZADORA  IMP EXP Y DIST SPA;12990.0;1.0
1057532-33-LP25;149;73101701;73101700;Servicios de producción y fabricación industrial / Industrias de plásticos y productos químicos / Producción farmacéutica;Servicios de producción de medicamentos o medicinas;FLUMAZEMIL AM 0,5mg/5ml;Ampolla;1.0;91.546.000-3;LABORATORIO SANDERSON SPA;2200.0;1.0
1057532-33-LP25;150;73101701;73101700;Servicios de producción y fabricación industrial / Industrias de plásticos y productos químicos / Producción farmacéutica;Servicios de producción de medicamentos o medicinas;FLUNARIZINA CM 10mg;Comprimido;1.0;76.830.090-9;FARMACEUTICA CARIBEAN SPA;168.0;1.0
1057532-33-LP25;151;51141618;51141600;Medicamentos y productos farmacéuticos / Medicamentos para el sistema nervioso central / Antidepresivos;Clorhidrato de fluoxetina;FLUOXETINA CM 20 MG;Comprimido;1.0;76.830.090-9;FARMACEUTICA CARIBEAN SPA;22.0;1.0
1057532-33-LP25;152;73101701;73101700;Servicios de producción y fabricación industrial / Industrias de plásticos y productos químicos / Producción farmacéutica;Servicios de producción de medicamentos o medicinas;FLUPENTIXOL DECANOATO 20 MG/ 1 ML SOLUCION INYECTABLE;Ampolla;1.0;76.830.090-9;FARMACEUTICA CARIBEAN SPA;26218.0;1.0
1057532-33-LP25;153;51181722;51181700;Medicamentos y productos farmacéuticos / Hormonas y antagonistas hormonales / Corticosteroides;Fluticasona;FLUTICASONA INHALADOR 125MCG 120 DOSIS;Unidad;1.0;91.637.000-8;LABORATORIOS RECALCINE SA;6800.0;1.0
1057532-33-LP25;154;51181722;51181700;Medicamentos y productos farmacéuticos / Hormonas y antagonistas hormonales / Corticosteroides;Fluticasona;FLUTICASONA INHALADOR NASAL 27,5mg;Unidad;1.0;;;0.0;0.0
1057532-33-LP25;155;73101701;73101700;Servicios de producción y fabricación industrial / Industrias de plásticos y productos químicos / Producción farmacéutica;Servicios de producción de medicamentos o medicinas;FLUTICASONA/SALMETEROL INHALADOR 125/25 MCG 120 DOSIS;Unidad;1.0;76.830.090-9;FARMACEUTICA CARIBEAN SPA;5990.0;1.0
1057532-33-LP25;156;73101701;73101700;Servicios de producción y fabricación industrial / Industrias de plásticos y productos químicos / Producción farmacéutica;Servicios de producción de medicamentos o medicinas;FLUTICASONA/SALMETEROL INHALADOR 250/25 MCG 120 DOSIS;Unidad;1.0;91.637.000-8;LABORATORIOS RECALCINE SA;6200.0;1.0
1057532-33-LP25;157;73101701;73101700;Servicios de producción y fabricación industrial / Industrias de plásticos y productos químicos / Producción farmacéutica;Servicios de producción de medicamentos o medicinas;FOSFOSODA ORAL FC  45 ML;Frasco;1.0;76.830.090-9;FARMACEUTICA CARIBEAN SPA;2538.0;1.0
1057532-33-LP25;158;51191510;51191500;Medicamentos y productos farmacéuticos / Agentes que afectan el agua y los electrolitos / Diuréticos;Furosemida;FUROSEMIDA AM 20mg/ml;Ampolla;1.0;76.830.090-9;FARMACEUTICA CARIBEAN SPA;138.0;1.0
1057532-33-LP25;159;51191510;51191500;Medicamentos y productos farmacéuticos / Agentes que afectan el agua y los electrolitos / Diuréticos;Furosemida;FUROSEMIDA CM 40 MG;Comprimido;1.0;76.237.266-5;LABORATORIOS ANDROMACO S.A.;16.0;1.0
1057532-33-LP25;160;51201807;51201800;Medicamentos y productos farmacéuticos / Medicamentos inmunomoduladores / Agentes inmunoestimulantes;Inmunoglobulinas víricas;GAMMAGLOBULINA HUMANA anti Rh FA;Frasco Ampolla;1.0;76.432.529-K;CSL BEHRING SPA;47000.0;1.0
1057532-33-LP25;161;42181503;42181500;Equipamiento y suministros médicos / Productos para exámenes y control de pacientes / Evaluación de diagnóstico y productos para examen de uso general;Lubricantes personales o gelatinas del examen;GEL LUBRICANTE 50 GRAMOS;Unidad;1.0;;;0.0;0.0
1057532-33-LP25;162;51181813;51181800;Medicamentos y productos farmacéuticos / Hormonas y antagonistas hormonales / Estrógenos, progesteronas y anticonceptivos internos;Estradiol;GEL TRANSDERMICO ESTRADIOL 0,5 MG 35 GR;Unidad;1.0;;;0.0;0.0
1057532-33-LP25;163;51121805;51121800;Medicamentos y productos farmacéuticos / Medicamentos cardiovasculares / Agentes antihiperlipidémicos / hipocolesterolémicos;Gemfibrozilo;GEMFIBROZILO CM 300mg;Comprimido;1.0;;;0.0;0.0
1057532-33-LP25;164;51101584;51101500;Medicamentos y productos farmacéuticos / Medicamentos anti infecciosos / Antibióticos;Gentamicina;GENTAMICINA AM 80mg/2ml;Ampolla;1.0;76.642.770-7;LABVITALIS S.A.;300.0;1.0
1057532-33-LP25;165;51101584;51101500;Medicamentos y productos farmacéuticos / Medicamentos anti infecciosos / Antibióticos;Gentamicina;GENTAMICINA FCO SOL OFTÁLMICA 0.3% estéril uso externo 5ml;Frasco;1.0;;;0.0;0.0
1057532-33-LP25;166;51101584;51101500;Medicamentos y productos farmacéuticos / Medicamentos anti infecciosos / Antibióticos;Gentamicina;GENTAMICINA TUBO UNGÜENTO OFTÁLMICO 0,3%;Tubo;1.0;76.956.140-4;ETHON PHARMACEUTICALS  COMERCIALIZADORA  IMP EXP Y DIST SPA;3886.0;1.0
1057532-33-LP25;167;51181516;51181500;Medicamentos y productos farmacéuticos / Hormonas y antagonistas hormonales / Agentes antidiabéticos y agentes hiperglicémicos;Glibenclamida o gliburida;GLIBENCLAMIDA CM 5 MG;Comprimido;1.0;77.596.940-7;LABORATORIO CHILE S A;7.0;1.0
1057532-33-LP25;168;51182403;51182400;Medicamentos y productos farmacéuticos / Hormonas y antagonistas hormonales / Sales de calcio y reguladores del calcio;Gluconato de calcio;GLUCONATO DE CALCIO AM 10% X 10ml;Ampolla;1.0;76.830.090-9;FARMACEUTICA CARIBEAN SPA;300.0;1.0
1057532-33-LP25;169;51191601;51191600;Medicamentos y productos farmacéuticos / Agentes que afectan el agua y los electrolitos / Electrolitos;Dextrosa;GLUCOSA 10% MATRAZ 500 ML;Unidad;1.0;91.546.000-3;LABORATORIO SANDERSON SPA;792.0;1.0
1057532-33-LP25;170;51191601;51191600;Medicamentos y productos farmacéuticos / Agentes que afectan el agua y los electrolitos / Electrolitos;Dextrosa;GLUCOSA 30% MATRAZ 500ML;Unidad;1.0;91.546.000-3;LABORATORIO SANDERSON SPA;1045.0;1.0
1057532-33-LP25;171;51191601;51191600;Medicamentos y productos farmacéuticos / Agentes que afectan el agua y los electrolitos / Electrolitos;Dextrosa;GLUCOSA 5% MATRAZ 250 ML;Unidad;1.0;91.546.000-3;LABORATORIO SANDERSON SPA;682.0;1.0
1057532-33-LP25;172;51191601;51191600;Medicamentos y productos farmacéuticos / Agentes que afectan el agua y los electrolitos / Electrolitos;Dextrosa;GLUCOSA AM 30% 20ml;Unidad;1.0;76.830.090-9;FARMACEUTICA CARIBEAN SPA;1153.0;1.0
1057532-33-LP25;173;51141702;51141700;Medicamentos y productos farmacéuticos / Medicamentos para el sistema nervioso central / Agentes antipsicóticos;Haloperidol;HALOPERIDOL 1 MG CM/CM REC;Comprimido;1.0;76.830.090-9;FARMACEUTICA CARIBEAN SPA;52.0;1.0
1057532-33-LP25;174;51141702;51141700;Medicamentos y productos farmacéuticos / Medicamentos para el sistema nervioso central / Agentes antipsicóticos;Haloperidol;HALOPERIDOL 5 MG COMPRIMIDOS;Comprimido;1.0;76.830.090-9;FARMACEUTICA CARIBEAN SPA;110.0;1.0
1057532-33-LP25;175;51141702;51141700;Medicamentos y productos farmacéuticos / Medicamentos para el sistema nervioso central / Agentes antipsicóticos;Haloperidol;HALOPERIDOL 5 MG/1 ML SOLUCION INYECTABLE, AMPOLLA;Ampolla;1.0;91.546.000-3;LABORATORIO SANDERSON SPA;184.0;1.0
1057532-33-LP25;176;51141702;51141700;Medicamentos y productos farmacéuticos / Medicamentos para el sistema nervioso central / Agentes antipsicóticos;Haloperidol;HALOPERIDOL 50 MG/1 ML SOLUCION INYECTABLE, AMPOLLA;Ampolla;1.0;76.830.090-9;FARMACEUTICA CARIBEAN SPA;18461.0;1.0
1057532-33-LP25;177;51131602;51131600;Medicamentos y productos farmacéuticos / Medicamentos hematólicos / Anticoagulantes;Heparina cálcica;HEPARINA FA 25.000 U.I.;Frasco Ampolla;1.0;91.546.000-3;LABORATORIO SANDERSON SPA;3105.0;1.0
1057532-33-LP25;178;51121752;51121700;Medicamentos y productos farmacéuticos / Medicamentos cardiovasculares / Medicamentos antihipertensivos;Clorhidrato de hidralazina;HIDRALAZINA CM 50mg;Comprimido;1.0;76.830.090-9;FARMACEUTICA CARIBEAN SPA;72.0;1.0
1057532-33-LP25;179;51191515;51191500;Medicamentos y productos farmacéuticos / Agentes que afectan el agua y los electrolitos / Diuréticos;Hidroclorotiazida;HIDROCLOROTIAZIDA CM 50 MG;Comprimido;1.0;96.884.770-8;ITF-LABOMED FARMACEUTICA LIMITADA;9.0;1.0
1057532-33-LP25;180;51181706;51181700;Medicamentos y productos farmacéuticos / Hormonas y antagonistas hormonales / Corticosteroides;Hidrocortisona;HIDROCORTISONA 1% CREMA 15-20 G;Tubo;1.0;76.956.140-4;ETHON PHARMACEUTICALS  COMERCIALIZADORA  IMP EXP Y DIST SPA;809.0;1.0
1057532-33-LP25;181;51181706;51181700;Medicamentos y productos farmacéuticos / Hormonas y antagonistas hormonales / Corticosteroides;Hidrocortisona;HIDROCORTISONA 1% LOCIÓN  100-120 ML;Frasco;1.0;;;0.0;0.0
1057532-33-LP25;182;51181706;51181700;Medicamentos y productos farmacéuticos / Hormonas y antagonistas hormonales / Corticosteroides;Hidrocortisona;HIDROCORTISONA CM 20mg;Comprimido;1.0;77.596.940-7;LABORATORIO CHILE S A;135.0;1.0
1057532-33-LP25;183;51181706;51181700;Medicamentos y productos farmacéuticos / Hormonas y antagonistas hormonales / Corticosteroides;Hidrocortisona;HIDROCORTISONA FA 100mg;Frasco Ampolla;1.0;76.642.770-7;LABVITALIS S.A.;500.0;1.0
1057532-33-LP25;184;51181706;51181700;Medicamentos y productos farmacéuticos / Hormonas y antagonistas hormonales / Corticosteroides;Hidrocortisona;HIDROCORTISONA FA 500mg;Frasco Ampolla;1.0;76.642.770-7;LABVITALIS S.A.;1600.0;1.0
1057532-33-LP25;185;73101701;73101700;Servicios de producción y fabricación industrial / Industrias de plásticos y productos químicos / Producción farmacéutica;Servicios de producción de medicamentos o medicinas;HIDROXICINA CM 20 MG;Comprimido;1.0;76.830.090-9;FARMACEUTICA CARIBEAN SPA;76.0;1.0
1057532-33-LP25;186;51101912;51101900;Medicamentos y productos farmacéuticos / Medicamentos anti infecciosos / Medicamentos contra la malaria;Sulfato de hidroxicloroquina;HIDROXICLOROQUINA CM 200mg;Comprimido;1.0;76.830.090-9;FARMACEUTICA CARIBEAN SPA;169.0;1.0
1057532-33-LP25;187;51131502;51131500;Medicamentos y productos farmacéuticos / Medicamentos hematólicos / Medicamentos antianémicos;Gluconato ferroso;HIERRO SACARATO AM 100mg;Ampolla;1.0;77.240.238-4;EMCURE PHARMA CHILE SPA;895.0;1.0
1057532-33-LP25;188;51142106;51142100;Medicamentos y productos farmacéuticos / Medicamentos para el sistema nervioso central / Fármacos antiinflamatorios no esteroideos (NSAID);Ibuprofeno;IBUPROFENO CM 400mg;Comprimido;1.0;76.669.630-9;OPKO CHILE S.A.;22.0;1.0
1057532-33-LP25;189;51142106;51142100;Medicamentos y productos farmacéuticos / Medicamentos para el sistema nervioso central / Fármacos antiinflamatorios no esteroideos (NSAID);Ibuprofeno;IBUPROFENO CM 600 MG;Comprimido;1.0;76.669.630-9;OPKO CHILE S.A.;29.0;1.0
1057532-33-LP25;190;51142106;51142100;Medicamentos y productos farmacéuticos / Medicamentos para el sistema nervioso central / Fármacos antiinflamatorios no esteroideos (NSAID);Ibuprofeno;IBUPROFENO FCO 100mg/5ml Jbe.;Frasco;1.0;76.956.140-4;ETHON PHARMACEUTICALS  COMERCIALIZADORA  IMP EXP Y DIST SPA;509.0;1.0
1057532-33-LP25;191;51142106;51142100;Medicamentos y productos farmacéuticos / Medicamentos para el sistema nervioso central / Fármacos antiinflamatorios no esteroideos (NSAID);Ibuprofeno;IBUPROFENO FCO 200mg/5ml Jbe.;Frasco;1.0;76.669.630-9;OPKO CHILE S.A.;1049.0;1.0
1057532-33-LP25;192;51141621;51141600;Medicamentos y productos farmacéuticos / Medicamentos para el sistema nervioso central / Antidepresivos;Clorhidrato de imipramina;IMIPRAMINA CLORHIDRATO CM 25 MG;Comprimido;1.0;77.596.940-7;LABORATORIO CHILE S A;33.0;1.0
1057532-33-LP25;193;51181506;51181500;Medicamentos y productos farmacéuticos / Hormonas y antagonistas hormonales / Agentes antidiabéticos y agentes hiperglicémicos;Insulina;INSULINA CRIS. HUMAN 100 UI/ML FAM 10 ML;Frasco Ampolla;1.0;;;0.0;0.0
1057532-33-LP25;194;51181506;51181500;Medicamentos y productos farmacéuticos / Hormonas y antagonistas hormonales / Agentes antidiabéticos y agentes hiperglicémicos;Insulina;INSULINA NPH HUMANA 100 UI/ML FAM 10 ML;Frasco Ampolla;1.0;;;0.0;0.0
1057532-33-LP25;195;51121602;51121600;Medicamentos y productos farmacéuticos / Medicamentos cardiovasculares / Medicamentos antiangina;Dinitrato de Isosorbida;ISOSORBIDE CM 10 MG;Comprimido;1.0;80.447.400-5;MUNNICH PHARMA MEDICAL SPA;19.89;1.0
1057532-33-LP25;196;51101717;51101700;Medicamentos y productos farmacéuticos / Medicamentos anti infecciosos / Antihelmínticos y otros antiparasitarios;Ivermectina;IVERMECTINA CREMA TUBO 1%;Tubo;1.0;;;0.0;0.0
1057532-33-LP25;197;51101717;51101700;Medicamentos y productos farmacéuticos / Medicamentos anti infecciosos / Antihelmínticos y otros antiparasitarios;Ivermectina;IVERMECTINA SOL ORAL FCO;Frasco;1.0;;;0.0;0.0
1057532-33-LP25;198;51181506;51181500;Medicamentos y productos farmacéuticos / Hormonas y antagonistas hormonales / Agentes antidiabéticos y agentes hiperglicémicos;Insulina;JERINGA INSULINA  1 ML 100 UI/A. FIJA 29-30G X 8MM;Unidad;1.0;96.625.950-7;TECNIKA S A;42.0;1.0
1057532-33-LP25;199;51101811;51101800;Medicamentos y productos farmacéuticos / Medicamentos anti infecciosos / Fungicidas;Ketoconazol;KETOCONAZOL FCO 2% SHAMPOO;Frasco;1.0;76.830.090-9;FARMACEUTICA CARIBEAN SPA;6000.0;1.0
1057532-33-LP25;200;51142108;51142100;Medicamentos y productos farmacéuticos / Medicamentos para el sistema nervioso central / Fármacos antiinflamatorios no esteroideos (NSAID);Ketoprofeno;KETOPROFENO AM 100mg/2ml;Ampolla;1.0;91.546.000-3;LABORATORIO SANDERSON SPA;319.0;1.0
1057532-33-LP25;201;51142108;51142100;Medicamentos y productos farmacéuticos / Medicamentos para el sistema nervioso central / Fármacos antiinflamatorios no esteroideos (NSAID);Ketoprofeno;KETOPROFENO CM 200 MG.;Comprimido;1.0;76.830.090-9;FARMACEUTICA CARIBEAN SPA;118.0;1.0
1057532-33-LP25;202;51142108;51142100;Medicamentos y productos farmacéuticos / Medicamentos para el sistema nervioso central / Fármacos antiinflamatorios no esteroideos (NSAID);Ketoprofeno;KETOPROFENO CM 50mg;Comprimido;1.0;77.596.940-7;LABORATORIO CHILE S A;39.0;1.0
1057532-33-LP25;203;51142123;51142100;Medicamentos y productos farmacéuticos / Medicamentos para el sistema nervioso central / Fármacos antiinflamatorios no esteroideos (NSAID);Ketorolaco trometamol;KETOROLACO AM 30mg/ml;Ampolla;1.0;76.423.281-K;PISA FARMACEUTICA DE CHILE SPA;131.0;1.0
1057532-33-LP25;204;51142123;51142100;Medicamentos y productos farmacéuticos / Medicamentos para el sistema nervioso central / Fármacos antiinflamatorios no esteroideos (NSAID);Ketorolaco trometamol;KETOROLACO CM 10 MG.;Comprimido;1.0;77.596.940-7;LABORATORIO CHILE S A;33.0;1.0
1057532-33-LP25;205;73101701;73101700;Servicios de producción y fabricación industrial / Industrias de plásticos y productos químicos / Producción farmacéutica;Servicios de producción de medicamentos o medicinas;KIT DE EMBARAZO HCG EN SUERO Y ORINA;Kit;1.0;;;0.0;0.0
1057532-33-LP25;206;51151823;51151800;Medicamentos y productos farmacéuticos / Medicamentos para el sistema nervioso autónomo / Agentes bloqueadores adrenérgicos;Clorhidrato de labetalol;LABETALOL AM 100mg/20ml;Ampolla;1.0;76.956.140-4;ETHON PHARMACEUTICALS  COMERCIALIZADORA  IMP EXP Y DIST SPA;3490.0;1.0
1057532-33-LP25;207;51171605;51171600;Medicamentos y productos farmacéuticos / Medicamentos para el sistema gastrointestinal / Laxantes;Lactulosa;LACTULOSA SOLUCION ORAL FCO 65% 1000 ML;Frasco;1.0;80.447.400-5;MUNNICH PHARMA MEDICAL SPA;8606.0;1.0
1057532-33-LP25;208;51171605;51171600;Medicamentos y productos farmacéuticos / Medicamentos para el sistema gastrointestinal / Laxantes;Lactulosa;LACTULOSA SOLUCION ORAL FCO 65%   200 ML;Frasco;1.0;77.596.940-7;LABORATORIO CHILE S A;1500.0;1.0
1057532-33-LP25;209;51141504;51141500;Medicamentos y productos farmacéuticos / Medicamentos para el sistema nervioso central / Anticonvulsivos;Lamotrigina;LAMOTRIGINA CM 100 MG;Comprimido;1.0;77.596.940-7;LABORATORIO CHILE S A;58.0;1.0
1057532-33-LP25;210;51141504;51141500;Medicamentos y productos farmacéuticos / Medicamentos para el sistema nervioso central / Anticonvulsivos;Lamotrigina;LAMOTRIGINA CM 50 MG;Comprimido;1.0;76.237.266-5;LABORATORIOS ANDROMACO S.A.;41.3;1.0
1057532-33-LP25;211;51121903;51121900;Medicamentos y productos farmacéuticos / Medicamentos cardiovasculares / Medicamentos usados para la insuficiencia cardíaca congestiva;Digitoxina;LANATÓSIDO C AM   0,4mg/2ml;Ampolla;1.0;;;0.0;0.0
1057532-33-LP25;212;51141518;51141500;Medicamentos y productos farmacéuticos / Medicamentos para el sistema nervioso central / Anticonvulsivos;Levetiracetam;LEVETIRACETAM CM  500 MG;Comprimido;1.0;76.669.630-9;OPKO CHILE S.A.;95.0;1.0
1057532-33-LP25;213;51141518;51141500;Medicamentos y productos farmacéuticos / Medicamentos para el sistema nervioso central / Anticonvulsivos;Levetiracetam;LEVETIRACETAM CM 1000 MG;Comprimido;1.0;76.669.630-9;OPKO CHILE S.A.;175.0;1.0
1057532-33-LP25;214;51141518;51141500;Medicamentos y productos farmacéuticos / Medicamentos para el sistema nervioso central / Anticonvulsivos;Levetiracetam;LEVETIRACETAM FC SOL. 100 MG/ML X 300 ML;Frasco;1.0;76.113.734-4;PHARMATECH CHILE SPA;8750.0;1.0
1057532-33-LP25;215;73101701;73101700;Servicios de producción y fabricación industrial / Industrias de plásticos y productos químicos / Producción farmacéutica;Servicios de producción de medicamentos o medicinas;LEVOCETIRIZINA CM 5 MG;Comprimido;1.0;76.986.924-7;MDC HEALTH SPA;32.0;1.0
1057532-33-LP25;216;73101701;73101700;Servicios de producción y fabricación industrial / Industrias de plásticos y productos químicos / Producción farmacéutica;Servicios de producción de medicamentos o medicinas;LEVOCETIRIZINA FCO 2,5MG/5ML JARABE;Frasco;1.0;77.596.940-7;LABORATORIO CHILE S A;2279.0;1.0
1057532-33-LP25;217;73101701;73101700;Servicios de producción y fabricación industrial / Industrias de plásticos y productos químicos / Producción farmacéutica;Servicios de producción de medicamentos o medicinas;LEVOCETIRIZINA FCO 5MG/ML GOTAS ORALES;Frasco;1.0;80.447.400-5;MUNNICH PHARMA MEDICAL SPA;3237.0;1.0
1057532-33-LP25;218;51142503;51142500;Medicamentos y productos farmacéuticos / Medicamentos para el sistema nervioso central / Medicamentos contra el Parkinson;Levodopa;LEVODOPA - BENSERAZIDA CM 200/50 MG;Comprimido;1.0;77.596.940-7;LABORATORIO CHILE S A;434.0;1.0
1057532-33-LP25;219;51142503;51142500;Medicamentos y productos farmacéuticos / Medicamentos para el sistema nervioso central / Medicamentos contra el Parkinson;Levodopa;LEVODOPA - CARBIDOPA CM 250/25 MG;Comprimido;1.0;76.237.266-5;LABORATORIOS ANDROMACO S.A.;112.2;1.0
1057532-33-LP25;220;73101701;73101700;Servicios de producción y fabricación industrial / Industrias de plásticos y productos químicos / Producción farmacéutica;Servicios de producción de medicamentos o medicinas;LEVOFLOXACINO CM 750mg;Comprimido;1.0;77.596.940-7;LABORATORIO CHILE S A;463.0;1.0
1057532-33-LP25;221;51181805;51181800;Medicamentos y productos farmacéuticos / Hormonas y antagonistas hormonales / Estrógenos, progesteronas y anticonceptivos internos;Levonorgestrel;LEVONORGESTREL 0.03 MG CICLO 28 O 35 CM;Unidad;1.0;;;0.0;0.0
1057532-33-LP25;222;51181805;51181800;Medicamentos y productos farmacéuticos / Hormonas y antagonistas hormonales / Estrógenos, progesteronas y anticonceptivos internos;Levonorgestrel;LEVONORGESTREL 1,5MG (ó 2X0,75 MG) DOSIS;Unidad;1.0;77.596.940-7;LABORATORIO CHILE S A;3100.0;1.0
1057532-33-LP25;223;51181805;51181800;Medicamentos y productos farmacéuticos / Hormonas y antagonistas hormonales / Estrógenos, progesteronas y anticonceptivos internos;Levonorgestrel;LEVONORGESTREL 2 X 75 MG IMPLANTES SUBDÉRMICOS;Unidad;1.0;;;0.0;0.0
1057532-33-LP25;224;51181805;51181800;Medicamentos y productos farmacéuticos / Hormonas y antagonistas hormonales / Estrógenos, progesteronas y anticonceptivos internos;Levonorgestrel;LEVONORGESTREL IMPLANTE INTRAUTERINO;Unidad;1.0;91.637.000-8;LABORATORIOS RECALCINE SA;64000.0;1.0
1057532-33-LP25;225;51181608;51181600;Medicamentos y productos farmacéuticos / Hormonas y antagonistas hormonales / Medicamentos tiroideas y antitiroideas;Levotiroxina;LEVOTIROXINA CM 100 MCG;Comprimido;1.0;77.596.940-7;LABORATORIO CHILE S A;20.0;1.0
1057532-33-LP25;226;51181608;51181600;Medicamentos y productos farmacéuticos / Hormonas y antagonistas hormonales / Medicamentos tiroideas y antitiroideas;Levotiroxina;LEVOTIROXINA CM 50 MCG;Comprimido;1.0;77.596.940-7;LABORATORIO CHILE S A;44.0;1.0
1057532-33-LP25;227;51142904;51142900;Medicamentos y productos farmacéuticos / Medicamentos para el sistema nervioso central / Fármacos anestésicos, complementos relacionados y analépticos;Lidocaína;LIDOCAÍNA AM 2%/ 5ml;Ampolla;1.0;91.546.000-3;LABORATORIO SANDERSON SPA;345.0;1.0
1057532-33-LP25;228;51141903;51141900;Medicamentos y productos farmacéuticos / Medicamentos para el sistema nervioso central / Tranquilizantes y fármacos ansiolíticos y antimaníacos;Carbonato de litio;LITIO CARBONATO 450 MGCM/CM REC LP;Comprimido;1.0;;;0.0;0.0
1057532-33-LP25;229;51171702;51171700;Medicamentos y productos farmacéuticos / Medicamentos para el sistema gastrointestinal / Antidiarreicos;Hidrocloruro de loperamida;LOPERAMIDA CM 2mg;Comprimido;1.0;77.596.940-7;LABORATORIO CHILE S A;40.0;1.0
1057532-33-LP25;230;51161606;51161600;Medicamentos y productos farmacéuticos / Medicamentos para el tracto respiratorio / Antihistamínicos o bloqueadores H2;Loratadina;LORATADINA CM 10 MG;Comprimido;1.0;77.596.940-7;LABORATORIO CHILE S A;14.0;1.0
1057532-33-LP25;231;51121710;51121700;Medicamentos y productos farmacéuticos / Medicamentos cardiovasculares / Medicamentos antihipertensivos;Losartan potásico;LOSARTAN POTÁSICO 50 MG CM;Comprimido;1.0;76.669.630-9;OPKO CHILE S.A.;13.9;1.0
1057532-33-LP25;232;51181827;51181800;Medicamentos y productos farmacéuticos / Hormonas y antagonistas hormonales / Estrógenos, progesteronas y anticonceptivos internos;Acetato de medroxiprogesterona;MEDROXIPROGESTERONA 104MG/0,65ML JRP;Unidad;1.0;76.834.916-9;DISTRIBUIDORA QUALIMED LIMITADA;13096.0;1.0
1057532-33-LP25;233;51181827;51181800;Medicamentos y productos farmacéuticos / Hormonas y antagonistas hormonales / Estrógenos, progesteronas y anticonceptivos internos;Acetato de medroxiprogesterona;MEDROXIPROGESTERONA ESTRADIOL 25/5MG JRP;Unidad;1.0;76.383.221-K;EXELTIS CHILE SPA;5750.0;1.0
1057532-33-LP25;234;12162207;12162200;Productos químicos industriales / Aditivos / Anti-oxidantes;Melatonina;MELATONINA 3 MG COMPRIMIDOS;Unidad;1.0;76.986.924-7;MDC HEALTH SPA;29.0;1.0
1057532-33-LP25;235;51142009;51142000;Medicamentos y productos farmacéuticos / Medicamentos para el sistema nervioso central / Analgésicos no narcóticos / antipiréticos;Metamizol sódico;METAMIZOL CM 300 MG;Comprimido;1.0;76.830.090-9;FARMACEUTICA CARIBEAN SPA;25.0;1.0
1057532-33-LP25;236;51142009;51142000;Medicamentos y productos farmacéuticos / Medicamentos para el sistema nervioso central / Analgésicos no narcóticos / antipiréticos;Metamizol sódico;METAMIZOL AMP 2 ML./1 GR.;Ampolla;1.0;76.830.090-9;FARMACEUTICA CARIBEAN SPA;253.0;1.0
1057532-33-LP25;237;51142009;51142000;Medicamentos y productos farmacéuticos / Medicamentos para el sistema nervioso central / Analgésicos no narcóticos / antipiréticos;Metamizol sódico;METAMIZOL SUPOSITORIO 250mg;Supositorio;1.0;;;0.0;0.0
1057532-33-LP25;238;51181516;51181500;Medicamentos y productos farmacéuticos / Hormonas y antagonistas hormonales / Agentes antidiabéticos y agentes hiperglicémicos;Glibenclamida o gliburida;METFORMINA CM 850 MG;Comprimido;1.0;76.669.630-9;OPKO CHILE S.A.;19.0;1.0
1057532-33-LP25;239;51181516;51181500;Medicamentos y productos farmacéuticos / Hormonas y antagonistas hormonales / Agentes antidiabéticos y agentes hiperglicémicos;Glibenclamida o gliburida;METFORMINA CM LIBERACIÓN PROLONGADA 1000 MG;Comprimido;1.0;76.986.924-7;MDC HEALTH SPA;55.0;1.0
1057532-33-LP25;240;51142618;51142600;Medicamentos y productos farmacéuticos / Medicamentos para el sistema nervioso central / Estimulantes / anoréxicos;Clorhidrato de metilfenidato;METILFENIDATO CLORHIDRATO CM 10 MG;Comprimido;1.0;96.945.670-2;NOVOFARMA SERVICE S A;1029.0;1.0
1057532-33-LP25;241;51142618;51142600;Medicamentos y productos farmacéuticos / Medicamentos para el sistema nervioso central / Estimulantes / anoréxicos;Clorhidrato de metilfenidato;METILFENIDATO CM DE LIBERACION PROLONGADA 20 MG;Comprimido;1.0;91.637.000-8;LABORATORIOS RECALCINE SA;800.0;1.0
1057532-33-LP25;242;51181707;51181700;Medicamentos y productos farmacéuticos / Hormonas y antagonistas hormonales / Corticosteroides;Metilprednisolona;METILPREDNISOLONA FA 40mg;Frasco Ampolla;1.0;76.830.090-9;FARMACEUTICA CARIBEAN SPA;34587.0;1.0
1057532-33-LP25;243;51171806;51171800;Medicamentos y productos farmacéuticos / Medicamentos para el sistema gastrointestinal / Agentes antivértigo, antinauseantes y antieméticos;Metoclopramida;METOCLOPRAMIDA AM 10 MG/2 ML;Ampolla;1.0;76.642.770-7;LABVITALIS S.A.;100.0;1.0
1057532-33-LP25;244;51171806;51171800;Medicamentos y productos farmacéuticos / Medicamentos para el sistema gastrointestinal / Agentes antivértigo, antinauseantes y antieméticos;Metoclopramida;METOCLOPRAMIDA 10 MG.;Unidad;1.0;;;0.0;0.0
1057532-33-LP25;245;51171806;51171800;Medicamentos y productos farmacéuticos / Medicamentos para el sistema gastrointestinal / Agentes antivértigo, antinauseantes y antieméticos;Metoclopramida;METOCLOPRAMIDA CM 10mg;Comprimido;1.0;77.596.940-7;LABORATORIO CHILE S A;17.0;1.0
1057532-33-LP25;246;51111610;51111600;Medicamentos y productos farmacéuticos / Agentes antitumorales / Antimetabolitos;Metotrexato;METOTREXATO CM 2,5mg;Comprimido;1.0;76.423.281-K;PISA FARMACEUTICA DE CHILE SPA;88.0;1.0
1057532-33-LP25;247;51101603;51101600;Medicamentos y productos farmacéuticos / Medicamentos anti infecciosos / Amebicidas, tricomonacidas y antiprotozoarios;Metronidazol;METRONIDAZOL 500 MG OVULO/CP VAGINAL;Comprimido Vaginal;1.0;;;0.0;0.0
1057532-33-LP25;248;51101603;51101600;Medicamentos y productos farmacéuticos / Medicamentos anti infecciosos / Amebicidas, tricomonacidas y antiprotozoarios;Metronidazol;METRONIDAZOL AM 500mg/100ml;Ampolla;1.0;91.546.000-3;LABORATORIO SANDERSON SPA;403.0;1.0
1057532-33-LP25;249;51101603;51101600;Medicamentos y productos farmacéuticos / Medicamentos anti infecciosos / Amebicidas, tricomonacidas y antiprotozoarios;Metronidazol;METRONIDAZOL CM 500 MG;Comprimido;1.0;87.674.400-7;LABORATORIO PASTEUR S.A.;120.0;1.0
1057532-33-LP25;250;51101603;51101600;Medicamentos y productos farmacéuticos / Medicamentos anti infecciosos / Amebicidas, tricomonacidas y antiprotozoarios;Metronidazol;METRONIDAZOL CM 500mg;Comprimido;1.0;76.830.090-9;FARMACEUTICA CARIBEAN SPA;483.0;1.0
1057532-33-LP25;251;51101603;51101600;Medicamentos y productos farmacéuticos / Medicamentos anti infecciosos / Amebicidas, tricomonacidas y antiprotozoarios;Metronidazol;METRONIDAZOL TUBO 0.75% 40 GR CREMA;Tubo;1.0;;;0.0;0.0
1057532-33-LP25;252;51141604;51141600;Medicamentos y productos farmacéuticos / Medicamentos para el sistema nervioso central / Antidepresivos;Mirtazapina;MIRTAZAPINA CM 30 MG;Comprimido;1.0;91.637.000-8;LABORATORIOS RECALCINE SA;180.0;1.0
1057532-33-LP25;253;51171908;51171900;Medicamentos y productos farmacéuticos / Medicamentos para el sistema gastrointestinal / Fármacos antiúlcera y otros fármacos gastrointestinales relacionados;Misoprostol;MISOPROSTOL CM 200mcg;Comprimido;1.0;;;0.0;0.0
1057532-33-LP25;254;73101701;73101700;Servicios de producción y fabricación industrial / Industrias de plásticos y productos químicos / Producción farmacéutica;Servicios de producción de medicamentos o medicinas;MODAFINILO CM 200 MG;Comprimido;1.0;76.285.229-2;GALENICUM HEALTH CHILE SPA;464.0;1.0
1057532-33-LP25;255;73101701;73101700;Servicios de producción y fabricación industrial / Industrias de plásticos y productos químicos / Producción farmacéutica;Servicios de producción de medicamentos o medicinas;MOMETASONA FUROATO TUBO CREMA TÓPICA 0,1%;Tubo;1.0;76.830.090-9;FARMACEUTICA CARIBEAN SPA;1846.0;1.0
1057532-33-LP25;256;51161515;51161500;Medicamentos y productos farmacéuticos / Medicamentos para el tracto respiratorio / Antiasmáticos;Montelukast sódico;MONTELUKAST CM 10 MG;Comprimido;1.0;77.596.940-7;LABORATORIO CHILE S A;65.0;1.0
1057532-33-LP25;257;51161515;51161500;Medicamentos y productos farmacéuticos / Medicamentos para el tracto respiratorio / Antiasmáticos;Montelukast sódico;MONTELUKAST GRANULADO SOBRE 4 MG.;Sobre;1.0;96.945.670-2;NOVOFARMA SERVICE S A;1659.0;1.0
1057532-33-LP25;258;51161701;51161700;Medicamentos y productos farmacéuticos / Medicamentos para el tracto respiratorio / Medicamentos para alteraciones del tracto respiratorio;Acetilcisteina;N- ACETILCISTEÍNA 600mg polvo;Unidad;1.0;;;0.0;0.0
1057532-33-LP25;259;51211616;51211600;Medicamentos y productos farmacéuticos / Medicamentos varios / Antídotos y eméticos;Antídotos;NALOXONA AM 0,4mg/ml;Ampolla;1.0;;;0.0;0.0
1057532-33-LP25;260;51102206;51102200;Medicamentos y productos farmacéuticos / Medicamentos anti infecciosos / Antiinfecciosos y analgésicos urinarios;Nitrofurantoina;NITROFURANTOÍNA CM 100mg;Comprimido;1.0;76.830.090-9;FARMACEUTICA CARIBEAN SPA;72.0;1.0
1057532-33-LP25;261;51121603;51121600;Medicamentos y productos farmacéuticos / Medicamentos cardiovasculares / Medicamentos antiangina;Nitroglicerina;NITROGLICERINA AM 50mg/10ml;Ampolla;1.0;91.546.000-3;LABORATORIO SANDERSON SPA;3069.0;1.0
1057532-33-LP25;262;73101701;73101700;Servicios de producción y fabricación industrial / Industrias de plásticos y productos químicos / Producción farmacéutica;Servicios de producción de medicamentos o medicinas;NOVOBASE ll ENVASE 50 grs.;Unidad;1.0;5.758.394-0;ARTURO TOMÁS CAMPOMANES LÓPEZ;800.0;1.0
1057532-33-LP25;263;51151727;51151700;Medicamentos y productos farmacéuticos / Medicamentos para el sistema nervioso autónomo / Simpatomiméticos o adrenérgicos;Bitartrato de norepinefrina;NOREPINEFRINA AM 4mg/4ml;Ampolla;1.0;76.423.281-K;PISA FARMACEUTICA DE CHILE SPA;530.0;1.0
1057532-33-LP25;264;73101701;73101700;Servicios de producción y fabricación industrial / Industrias de plásticos y productos químicos / Producción farmacéutica;Servicios de producción de medicamentos o medicinas;NOVOBASE II ENVASE 1 KG;kilogramo;1.0;5.758.394-0;ARTURO TOMÁS CAMPOMANES LÓPEZ;12000.0;1.0
1057532-33-LP25;265;51141703;51141700;Medicamentos y productos farmacéuticos / Medicamentos para el sistema nervioso central / Agentes antipsicóticos;Olanzapina;OLANZAPINA CM 10 MG;Comprimido;1.0;76.423.281-K;PISA FARMACEUTICA DE CHILE SPA;109.0;1.0
1057532-33-LP25;266;51171909;51171900;Medicamentos y productos farmacéuticos / Medicamentos para el sistema gastrointestinal / Fármacos antiúlcera y otros fármacos gastrointestinales relacionados;Omeprazol;OMEPRAZOL CP 20 MG;Comprimido;1.0;76.986.924-7;MDC HEALTH SPA;15.0;1.0
1057532-33-LP25;267;51171909;51171900;Medicamentos y productos farmacéuticos / Medicamentos para el sistema gastrointestinal / Fármacos antiúlcera y otros fármacos gastrointestinales relacionados;Omeprazol;OMEPRAZOL FA  40mg;Frasco Ampolla;1.0;76.642.770-7;LABVITALIS S.A.;730.0;1.0
1057532-33-LP25;268;73101701;73101700;Servicios de producción y fabricación industrial / Industrias de plásticos y productos químicos / Producción farmacéutica;Servicios de producción de medicamentos o medicinas;ONDANSENTRON AM 8MG./4ML.;Ampolla;1.0;91.546.000-3;LABORATORIO SANDERSON SPA;299.0;1.0
1057532-33-LP25;269;73101701;73101700;Servicios de producción y fabricación industrial / Industrias de plásticos y productos químicos / Producción farmacéutica;Servicios de producción de medicamentos o medicinas;ONDANSETRON AM 4mg/2ml;Ampolla;1.0;91.546.000-3;LABORATORIO SANDERSON SPA;319.0;1.0
1057532-33-LP25;270;73101701;73101700;Servicios de producción y fabricación industrial / Industrias de plásticos y productos químicos / Producción farmacéutica;Servicios de producción de medicamentos o medicinas;OSELTAMIVIR CP 75 MG;Cápsula;1.0;76.237.266-5;LABORATORIOS ANDROMACO S.A.;1509.2;1.0
1057532-33-LP25;271;73101701;73101700;Servicios de producción y fabricación industrial / Industrias de plásticos y productos químicos / Producción farmacéutica;Servicios de producción de medicamentos o medicinas;PALIPERIDONA 100 MG SUSPENSION INYECTABLE DE LIBERACION PROLONGADA, JERINGA PRELLENADA;Unidad;1.0;91.637.000-8;LABORATORIOS RECALCINE SA;195878.0;1.0
1057532-33-LP25;272;73101701;73101700;Servicios de producción y fabricación industrial / Industrias de plásticos y productos químicos / Producción farmacéutica;Servicios de producción de medicamentos o medicinas;PALIPERIDONA 150 MG SUSPENSION INYECTABLE DE LIBERACION PROLONGADA, JERINGA PRELLENADA;Unidad;1.0;91.637.000-8;LABORATORIOS RECALCINE SA;195878.0;1.0
1057532-33-LP25;273;73101701;73101700;Servicios de producción y fabricación industrial / Industrias de plásticos y productos químicos / Producción farmacéutica;Servicios de producción de medicamentos o medicinas;PALIPERIDONA 75 MG SUSPENSIÓN INYECTABLE DE LIBERACIÓN PROLONGADA, JERINGA PRELLENADA;Unidad;1.0;91.637.000-8;LABORATORIOS RECALCINE SA;149506.0;1.0
1057532-33-LP25;274;51161812;51161800;Medicamentos y productos farmacéuticos / Medicamentos para el tracto respiratorio / Productos para tos, resfriados y antialérgicos;Combinación clorfeniramina-acetaminofeno;PARACETAMOL 500 MG.;Comprimido;1.0;76.669.630-9;OPKO CHILE S.A.;9.9;1.0
1057532-33-LP25;275;51161812;51161800;Medicamentos y productos farmacéuticos / Medicamentos para el tracto respiratorio / Productos para tos, resfriados y antialérgicos;Combinación clorfeniramina-acetaminofeno;PARACETAMOL AM 10mg/ml;Frasco Ampolla;1.0;76.099.325-5;MEDINOVA LIMITADA;950.0;1.0
1057532-33-LP25;276;51161812;51161800;Medicamentos y productos farmacéuticos / Medicamentos para el tracto respiratorio / Productos para tos, resfriados y antialérgicos;Combinación clorfeniramina-acetaminofeno;PARACETAMOL CM 80mg;Comprimido;1.0;80.447.400-5;MUNNICH PHARMA MEDICAL SPA;25.0;1.0
1057532-33-LP25;277;51161812;51161800;Medicamentos y productos farmacéuticos / Medicamentos para el tracto respiratorio / Productos para tos, resfriados y antialérgicos;Combinación clorfeniramina-acetaminofeno;PARACETAMOL FCO 10% gotas;Frasco;1.0;76.079.782-0;WINPHARM SPA;600.0;1.0
1057532-33-LP25;278;51161812;51161800;Medicamentos y productos farmacéuticos / Medicamentos para el tracto respiratorio / Productos para tos, resfriados y antialérgicos;Combinación clorfeniramina-acetaminofeno;PARACETAMOL SUP 125mg;Supositorio;1.0;76.830.090-9;FARMACEUTICA CARIBEAN SPA;136.0;1.0
1057532-33-LP25;279;51172101;51172100;Medicamentos y productos farmacéuticos / Medicamentos para el sistema gastrointestinal / Antiespasmódicos;Clorhidrato de mebeverina;PARGEVERINA INYECTABLE (VIADIL) 5MG/1ML;Ampolla;1.0;88.597.500-3;LABORATORIO BIOSANO S A;500.0;1.0
1057532-33-LP25;280;51141605;51141600;Medicamentos y productos farmacéuticos / Medicamentos para el sistema nervioso central / Antidepresivos;Hidrocloruro de paroxetina;PAROXETINA 20 MG COMPRIMIDOS;Comprimido;1.0;96.884.770-8;ITF-LABOMED FARMACEUTICA LIMITADA;36.0;1.0
1057532-33-LP25;281;73101701;73101700;Servicios de producción y fabricación industrial / Industrias de plásticos y productos químicos / Producción farmacéutica;Servicios de producción de medicamentos o medicinas;PASTA LASSAR POTE 30grs;Unidad;1.0;77.768.990-8;FARMACEUTICA INSUVAL S.A.;800.0;1.0
1057532-33-LP25;282;51101507;51101500;Medicamentos y productos farmacéuticos / Medicamentos anti infecciosos / Antibióticos;Penicilina;PENICILINA SÓDICA FA 1.000.000 UI M FA;Frasco Ampolla;1.0;88.597.500-3;LABORATORIO BIOSANO S A;260.0;1.0
1057532-33-LP25;283;51101507;51101500;Medicamentos y productos farmacéuticos / Medicamentos anti infecciosos / Antibióticos;Penicilina;PENICILINA SÓDICA FA 2.000.000 UI;Frasco Ampolla;1.0;88.597.500-3;LABORATORIO BIOSANO S A;300.0;1.0
1057532-33-LP25;284;51101507;51101500;Medicamentos y productos farmacéuticos / Medicamentos anti infecciosos / Antibióticos;Penicilina;PENICILINA-G BENZATINA FA 1.200.000 UI;Frasco Ampolla;1.0;76.669.630-9;OPKO CHILE S.A.;499.0;1.0
1057532-33-LP25;285;73101701;73101700;Servicios de producción y fabricación industrial / Industrias de plásticos y productos químicos / Producción farmacéutica;Servicios de producción de medicamentos o medicinas;PERMETRINA 1% LOCIÓN CAPILAR;Frasco;1.0;;;0.0;0.0
1057532-33-LP25;286;73101701;73101700;Servicios de producción y fabricación industrial / Industrias de plásticos y productos químicos / Producción farmacéutica;Servicios de producción de medicamentos o medicinas;PERMETRINA 5% LOCIÓN CORPORAL;Frasco;1.0;76.830.090-9;FARMACEUTICA CARIBEAN SPA;10904.0;1.0
1057532-33-LP25;287;73101701;73101700;Servicios de producción y fabricación industrial / Industrias de plásticos y productos químicos / Producción farmacéutica;Servicios de producción de medicamentos o medicinas;PIPERACILINA/TAZOBACTAM 4000/500 MG FAM;Frasco Ampolla;1.0;96.859.930-5;LIBRA CHILE S A;2990.0;1.0
1057532-33-LP25;288;51211610;51211600;Medicamentos y productos farmacéuticos / Medicamentos varios / Antídotos y eméticos;Sulfonato de poliestireno sódico;POLIESTIRENO SULFONATO DE CALCIO POTE 400- 500 G;Pote;1.0;;;0.0;0.0
1057532-33-LP25;289;51171631;51171600;Medicamentos y productos farmacéuticos / Medicamentos para el sistema gastrointestinal / Laxantes;Preparado laxante de polietilenglicol;POLIETILENGLICOL 3350 SACHET  10grs;Sachet;1.0;;;0.0;0.0
1057532-33-LP25;290;51171631;51171600;Medicamentos y productos farmacéuticos / Medicamentos para el sistema gastrointestinal / Laxantes;Preparado laxante de polietilenglicol;POLIETILENGLICOL 3350 SACHET   5grs;Sachet;1.0;;;0.0;0.0
1057532-33-LP25;291;51171631;51171600;Medicamentos y productos farmacéuticos / Medicamentos para el sistema gastrointestinal / Laxantes;Preparado laxante de polietilenglicol;POLIETILENGLICOL 3350 SACHET 17 g;Sachet;1.0;76.237.266-5;LABORATORIOS ANDROMACO S.A.;495.0;1.0
1057532-33-LP25;292;51131501;51131500;Medicamentos y productos farmacéuticos / Medicamentos hematólicos / Medicamentos antianémicos;Fumarato ferroso;POLIVITAMÍNICO C/HIERRO CM (Fumarato ferroso);Comprimido;1.0;76.830.090-9;FARMACEUTICA CARIBEAN SPA;153.0;1.0
1057532-33-LP25;293;73101701;73101700;Servicios de producción y fabricación industrial / Industrias de plásticos y productos químicos / Producción farmacéutica;Servicios de producción de medicamentos o medicinas;POMADA AZUFRADA 6%, POMO 30 - 50 grs.;Pomo;1.0;77.768.990-8;FARMACEUTICA INSUVAL S.A.;900.0;1.0
1057532-33-LP25;294;51191802;51191800;Medicamentos y productos farmacéuticos / Agentes que afectan el agua y los electrolitos / Sales de potasio;Cloruro potásico;POTASIO CLORURO 600mg CM;Comprimido;1.0;76.830.090-9;FARMACEUTICA CARIBEAN SPA;276.0;1.0
1057532-33-LP25;295;51191802;51191800;Medicamentos y productos farmacéuticos / Agentes que afectan el agua y los electrolitos / Sales de potasio;Cloruro potásico;POTASIO CLORURO AM 10% 10ml;Ampolla;1.0;91.546.000-3;LABORATORIO SANDERSON SPA;437.0;1.0
1057532-33-LP25;296;51191802;51191800;Medicamentos y productos farmacéuticos / Agentes que afectan el agua y los electrolitos / Sales de potasio;Cloruro potásico;POTASIO CLORURO SOBRE 5grs. polvo;Sobre;1.0;;;0.0;0.0
1057532-33-LP25;297;51142508;51142500;Medicamentos y productos farmacéuticos / Medicamentos para el sistema nervioso central / Medicamentos contra el Parkinson;Diclorhidrato de pramipexol;PRAMIPEXOL CM 0,25 MG;Comprimido;1.0;91.637.000-8;LABORATORIOS RECALCINE SA;474.0;1.0
1057532-33-LP25;298;51142508;51142500;Medicamentos y productos farmacéuticos / Medicamentos para el sistema nervioso central / Medicamentos contra el Parkinson;Diclorhidrato de pramipexol;PRAMIPEXOL CM 1 MG;Comprimido;1.0;91.637.000-8;LABORATORIOS RECALCINE SA;147.0;1.0
1057532-33-LP25;299;51181713;51181700;Medicamentos y productos farmacéuticos / Hormonas y antagonistas hormonales / Corticosteroides;Prednisona;PREDNISONA 20MG/5ML SUSP. FRA 60 ML;Frasco;1.0;87.674.400-7;LABORATORIO PASTEUR S.A.;2000.0;1.0
1057532-33-LP25;300;51181713;51181700;Medicamentos y productos farmacéuticos / Hormonas y antagonistas hormonales / Corticosteroides;Prednisona;PREDNISONA CM  20mg;Comprimido;1.0;77.596.940-7;LABORATORIO CHILE S A;42.0;1.0
1057532-33-LP25;301;51181713;51181700;Medicamentos y productos farmacéuticos / Hormonas y antagonistas hormonales / Corticosteroides;Prednisona;PREDNISONA CM  5 MG;Comprimido;1.0;77.596.940-7;LABORATORIO CHILE S A;17.0;1.0
1057532-33-LP25;302;73101701;73101700;Servicios de producción y fabricación industrial / Industrias de plásticos y productos químicos / Producción farmacéutica;Servicios de producción de medicamentos o medicinas;PREGABALINA CM/CM REC/CP 75 MG;Comprimido;1.0;76.669.630-9;OPKO CHILE S.A.;35.0;1.0
1057532-33-LP25;303;53131622;53131600;Ropa, maletas y productos de aseo personal / Artículos de baño o tocador / Artículos de baño y cuerpo;Condones;PRESERVATIVO MASCULINO CON LUBRICANTE;Unidad;1.0;82.531.700-7;ASOC CHILENA DE PROTECCION DE LA FAMILIA;109.0;1.0
1057532-33-LP25;304;51181818;51181800;Medicamentos y productos farmacéuticos / Hormonas y antagonistas hormonales / Estrógenos, progesteronas y anticonceptivos internos;Progesterona;PROGESTERONA MICRONIZADA CM/CP  200 MG;Comprimido;1.0;96.884.770-8;ITF-LABOMED FARMACEUTICA LIMITADA;238.0;1.0
1057532-33-LP25;305;51181818;51181800;Medicamentos y productos farmacéuticos / Hormonas y antagonistas hormonales / Estrógenos, progesteronas y anticonceptivos internos;Progesterona;PROGESTERONA MICRONIZADA CM/CP 100MG;Comprimido;1.0;91.637.000-8;LABORATORIOS RECALCINE SA;390.0;1.0
1057532-33-LP25;306;51151812;51151800;Medicamentos y productos farmacéuticos / Medicamentos para el sistema nervioso autónomo / Agentes bloqueadores adrenérgicos;Clorhidrato de propanolol;PROPANOLOL AM 1mg/ml;Ampolla;1.0;76.830.090-9;FARMACEUTICA CARIBEAN SPA;656.0;1.0
1057532-33-LP25;307;51151812;51151800;Medicamentos y productos farmacéuticos / Medicamentos para el sistema nervioso autónomo / Agentes bloqueadores adrenérgicos;Clorhidrato de propanolol;PROPANOLOL CM 10 MG;Comprimido;1.0;80.447.400-5;MUNNICH PHARMA MEDICAL SPA;18.33;1.0
1057532-33-LP25;308;51142940;51142900;Medicamentos y productos farmacéuticos / Medicamentos para el sistema nervioso central / Fármacos anestésicos, complementos relacionados y analépticos;Clorhidrato de proparacaína;PROPARACAÍNA FCO SOLUCIÓN OFTÁLMICA 0,5% 15ml;Frasco;1.0;76.830.090-9;FARMACEUTICA CARIBEAN SPA;11269.0;1.0
1057532-33-LP25;309;73101701;73101700;Servicios de producción y fabricación industrial / Industrias de plásticos y productos químicos / Producción farmacéutica;Servicios de producción de medicamentos o medicinas;PROPINOXATO/METAMIZOL AM;Ampolla;1.0;76.830.090-9;FARMACEUTICA CARIBEAN SPA;1673.0;1.0
1057532-33-LP25;310;51142941;51142900;Medicamentos y productos farmacéuticos / Medicamentos para el sistema nervioso central / Fármacos anestésicos, complementos relacionados y analépticos;Propofol;PROPOFOL AM 10mg/ml;Ampolla;1.0;77.478.120-k;FRESENIUS KABI CHILE LIMITADA;2250.0;1.0
1057532-33-LP25;311;51151812;51151800;Medicamentos y productos farmacéuticos / Medicamentos para el sistema nervioso autónomo / Agentes bloqueadores adrenérgicos;Clorhidrato de propanolol;PROPRANOLOL CM 40 MG;Comprimido;1.0;77.596.940-7;LABORATORIO CHILE S A;13.0;1.0
1057532-33-LP25;312;51141722;51141700;Medicamentos y productos farmacéuticos / Medicamentos para el sistema nervioso central / Agentes antipsicóticos;Fumarato de quetiapina;QUETIAPINA CM  100 MG;Comprimido;1.0;77.596.940-7;LABORATORIO CHILE S A;59.0;1.0
1057532-33-LP25;313;51141722;51141700;Medicamentos y productos farmacéuticos / Medicamentos para el sistema nervioso central / Agentes antipsicóticos;Fumarato de quetiapina;QUETIAPINA CM 25 MG;Comprimido;1.0;77.596.940-7;LABORATORIO CHILE S A;25.0;1.0
1057532-33-LP25;314;51171904;51171900;Medicamentos y productos farmacéuticos / Medicamentos para el sistema gastrointestinal / Fármacos antiúlcera y otros fármacos gastrointestinales relacionados;Hidrocloruro de ranitidina;RANITIDINA AM 50 MG/2ML;Ampolla;1.0;88.597.500-3;LABORATORIO BIOSANO S A;300.0;1.0
1057532-33-LP25;315;73101701;73101700;Servicios de producción y fabricación industrial / Industrias de plásticos y productos químicos / Producción farmacéutica;Servicios de producción de medicamentos o medicinas;RIFAXIMINA CM 200mg;Comprimido;1.0;76.237.266-5;LABORATORIOS ANDROMACO S.A.;742.5;1.0
1057532-33-LP25;316;51141704;51141700;Medicamentos y productos farmacéuticos / Medicamentos para el sistema nervioso central / Agentes antipsicóticos;Risperidona;RISPERIDONA 1 MG/ML SOL.ORAL FRA 20A30ML;Frasco Ampolla;1.0;77.596.940-7;LABORATORIO CHILE S A;4150.0;1.0
1057532-33-LP25;317;51141704;51141700;Medicamentos y productos farmacéuticos / Medicamentos para el sistema nervioso central / Agentes antipsicóticos;Risperidona;RISPERIDONA CM 1 MG;Comprimido;1.0;76.237.266-5;LABORATORIOS ANDROMACO S.A.;44.0;1.0
1057532-33-LP25;318;51141704;51141700;Medicamentos y productos farmacéuticos / Medicamentos para el sistema nervioso central / Agentes antipsicóticos;Risperidona;RISPERIDONA CM 3 MG COMPRIMIDOS;Comprimido;1.0;76.237.266-5;LABORATORIOS ANDROMACO S.A.;52.5;1.0
1057532-33-LP25;319;51141704;51141700;Medicamentos y productos farmacéuticos / Medicamentos para el sistema nervioso central / Agentes antipsicóticos;Risperidona;RISPERIDONA FA 25 MG POLVO PARA SUSPENSION INYECTABLE DE LIBERACION PROLONGADA;Frasco Ampolla;1.0;;;0.0;0.0
1057532-33-LP25;320;51141704;51141700;Medicamentos y productos farmacéuticos / Medicamentos para el sistema nervioso central / Agentes antipsicóticos;Risperidona;RISPERIDONA FA 37,5 MG POLVO PARA SUSPENSION INYECTABLE DE LIBERACION PROLONGADA;Frasco Ampolla;1.0;;;0.0;0.0
1057532-33-LP25;321;73101701;73101700;Servicios de producción y fabricación industrial / Industrias de plásticos y productos químicos / Producción farmacéutica;Servicios de producción de medicamentos o medicinas;RIVAROXABAN CM 15mg;Comprimido;1.0;76.285.229-2;GALENICUM HEALTH CHILE SPA;319.0;1.0
1057532-33-LP25;322;73101701;73101700;Servicios de producción y fabricación industrial / Industrias de plásticos y productos químicos / Producción farmacéutica;Servicios de producción de medicamentos o medicinas;RIVAROXABAN CM 20mg;Comprimido;1.0;77.596.940-7;LABORATORIO CHILE S A;248.0;1.0
1057532-33-LP25;323;51152003;51152000;Medicamentos y productos farmacéuticos / Medicamentos para el sistema nervioso autónomo / Agentes bloqueadores neuromusculares;Bromuro de rocuronio;ROCURONIO AM 50mg/5ml;Ampolla;1.0;88.597.500-3;LABORATORIO BIOSANO S A;2200.0;1.0
1057532-33-LP25;324;51161508;51161500;Medicamentos y productos farmacéuticos / Medicamentos para el tracto respiratorio / Antiasmáticos;Sulfato de salbutamol;SALBUTAMOL 100 MCG INH. 200 DOSIS;Unidad;1.0;76.065.775-1;FAES FARMA CHILE SALUD Y NUTRICION SPA;1100.0;1.0
1057532-33-LP25;325;51191906;51191900;Medicamentos y productos farmacéuticos / Agentes que afectan el agua y los electrolitos / Suplementos dietéticos y productos de terapia alimenticia;Solución de rehidratación oral;SALES REHIDRATACIÓN ORAL SACHET  60 meq;Sachet;1.0;77.596.940-7;LABORATORIO CHILE S A;232.0;1.0
1057532-33-LP25;326;51191906;51191900;Medicamentos y productos farmacéuticos / Agentes que afectan el agua y los electrolitos / Suplementos dietéticos y productos de terapia alimenticia;Solución de rehidratación oral;SALES REHIDRATACIÓN ORAL SACHET  90 meq;Sachet;1.0;76.669.630-9;OPKO CHILE S.A.;299.0;1.0
1057532-33-LP25;327;51141619;51141600;Medicamentos y productos farmacéuticos / Medicamentos para el sistema nervioso central / Antidepresivos;Clorhidrato de sertralina;SERTRALINA CM 100 MG;Comprimido;1.0;77.596.940-7;LABORATORIO CHILE S A;46.0;1.0
1057532-33-LP25;328;51141619;51141600;Medicamentos y productos farmacéuticos / Medicamentos para el sistema nervioso central / Antidepresivos;Clorhidrato de sertralina;SERTRALINA CM 50 MG;Comprimido;1.0;77.596.940-7;LABORATORIO CHILE S A;17.0;1.0
1057532-33-LP25;329;51191704;51191700;Medicamentos y productos farmacéuticos / Agentes que afectan el agua y los electrolitos / Agentes alcalinizadores;Soluciones multielectrolíticas;SODIO BICARBONATO 8,4% AM 10 ML;Ampolla;1.0;91.546.000-3;LABORATORIO SANDERSON SPA;1316.0;1.0
1057532-33-LP25;330;73101701;73101700;Servicios de producción y fabricación industrial / Industrias de plásticos y productos químicos / Producción farmacéutica;Servicios de producción de medicamentos o medicinas;SODIO CLORURO 0,9% MATRAZ 250 ML;Unidad;1.0;91.546.000-3;LABORATORIO SANDERSON SPA;518.0;1.0
1057532-33-LP25;331;73101701;73101700;Servicios de producción y fabricación industrial / Industrias de plásticos y productos químicos / Producción farmacéutica;Servicios de producción de medicamentos o medicinas;SODIO CLORURO 0,9% MATRAZ 500 ML;Unidad;1.0;91.546.000-3;LABORATORIO SANDERSON SPA;512.0;1.0
1057532-33-LP25;332;73101701;73101700;Servicios de producción y fabricación industrial / Industrias de plásticos y productos químicos / Producción farmacéutica;Servicios de producción de medicamentos o medicinas;SODIO CLORURO 10 % SOL INY IV AM 10 ML;Ampolla;1.0;91.546.000-3;LABORATORIO SANDERSON SPA;435.0;1.0
1057532-33-LP25;333;73101701;73101700;Servicios de producción y fabricación industrial / Industrias de plásticos y productos químicos / Producción farmacéutica;Servicios de producción de medicamentos o medicinas;SODIO CLORURO AM 0,9% 20ml;Ampolla;1.0;88.597.500-3;LABORATORIO BIOSANO S A;150.0;1.0
1057532-33-LP25;334;73101701;73101700;Servicios de producción y fabricación industrial / Industrias de plásticos y productos químicos / Producción farmacéutica;Servicios de producción de medicamentos o medicinas;SODIO CLORURO AM 10% 20ml;Ampolla;1.0;;;0.0;0.0
1057532-33-LP25;335;51151916;51151900;Medicamentos y productos farmacéuticos / Medicamentos para el sistema nervioso autónomo / Relajantes músculo-esqueléticos de acción centrada;Cloruro de succinilcolina;SUCCINILCOLINA AM 100mg;Ampolla;1.0;76.830.090-9;FARMACEUTICA CARIBEAN SPA;2649.0;1.0
1057532-33-LP25;336;73101701;73101700;Servicios de producción y fabricación industrial / Industrias de plásticos y productos químicos / Producción farmacéutica;Servicios de producción de medicamentos o medicinas;SUGAMMADEX AM 200mg/2ml;Ampolla;1.0;77.240.238-4;EMCURE PHARMA CHILE SPA;17295.0;1.0
1057532-33-LP25;337;73101701;73101700;Servicios de producción y fabricación industrial / Industrias de plásticos y productos químicos / Producción farmacéutica;Servicios de producción de medicamentos o medicinas;SULBACTAM/AMPICILINA 500/1000 MG F.AM;Frasco Ampolla;1.0;88.597.500-3;LABORATORIO BIOSANO S A;1050.0;1.0
1057532-33-LP25;338;51171606;51171600;Medicamentos y productos farmacéuticos / Medicamentos para el sistema gastrointestinal / Laxantes;Sulfato de magnesio;SULFATO DE MAGNESIO AM 25% 5ml;Ampolla;1.0;91.546.000-3;LABORATORIO SANDERSON SPA;372.0;1.0
1057532-33-LP25;339;73101701;73101700;Servicios de producción y fabricación industrial / Industrias de plásticos y productos químicos / Producción farmacéutica;Servicios de producción de medicamentos o medicinas;TACROLIMUS TUBO 0,03% CREMA O UNGÜENTO;Tubo;1.0;76.830.090-9;FARMACEUTICA CARIBEAN SPA;13076.0;1.0
1057532-33-LP25;340;73101701;73101700;Servicios de producción y fabricación industrial / Industrias de plásticos y productos químicos / Producción farmacéutica;Servicios de producción de medicamentos o medicinas;TACROLIMUS TUBO 0,1% CREMA O UNGÜENTO;Tubo;1.0;94.544.000-7;MEGALABS CHILE S.A;11981.0;1.0
1057532-33-LP25;341;51151817;51151800;Medicamentos y productos farmacéuticos / Medicamentos para el sistema nervioso autónomo / Agentes bloqueadores adrenérgicos;Clorhidrato de tamsulosina;TAMSULOSINA CM 0,4mg;Comprimido;1.0;77.596.940-7;LABORATORIO CHILE S A;69.0;1.0
1057532-33-LP25;342;73101701;73101700;Servicios de producción y fabricación industrial / Industrias de plásticos y productos químicos / Producción farmacéutica;Servicios de producción de medicamentos o medicinas;T-COBRE;Unidad;1.0;82.531.700-7;ASOC CHILENA DE PROTECCION DE LA FAMILIA;15000.0;1.0
1057532-33-LP25;343;51101818;51101800;Medicamentos y productos farmacéuticos / Medicamentos anti infecciosos / Fungicidas;Hidrocloruro de terbinafina;TERBINAFINA CM 250 MG;Comprimido;1.0;77.240.238-4;EMCURE PHARMA CHILE SPA;84.0;1.0
1057532-33-LP25;344;51101818;51101800;Medicamentos y productos farmacéuticos / Medicamentos anti infecciosos / Fungicidas;Hidrocloruro de terbinafina;TERBINAFINA TUBO 1% CREMA;Tubo;1.0;77.596.940-7;LABORATORIO CHILE S A;797.0;1.0
1057532-33-LP25;345;73101701;73101700;Servicios de producción y fabricación industrial / Industrias de plásticos y productos químicos / Producción farmacéutica;Servicios de producción de medicamentos o medicinas;TIAMAZOL CM 10mg;Comprimido;1.0;80.621.200-8;MERCK S A;458.0;1.0
1057532-33-LP25;346;73101701;73101700;Servicios de producción y fabricación industrial / Industrias de plásticos y productos químicos / Producción farmacéutica;Servicios de producción de medicamentos o medicinas;TIAMINA AM 30 MG/ML;Ampolla;1.0;88.597.500-3;LABORATORIO BIOSANO S A;120.0;1.0
1057532-33-LP25;347;73101701;73101700;Servicios de producción y fabricación industrial / Industrias de plásticos y productos químicos / Producción farmacéutica;Servicios de producción de medicamentos o medicinas;TIAMINA CM 10 MG;Comprimido;1.0;77.596.940-7;LABORATORIO CHILE S A;80.0;1.0
1057532-33-LP25;348;73101701;73101700;Servicios de producción y fabricación industrial / Industrias de plásticos y productos químicos / Producción farmacéutica;Servicios de producción de medicamentos o medicinas;TIBOLONA CM 2,5MG;Comprimido;1.0;91.637.000-8;LABORATORIOS RECALCINE SA;298.0;1.0
1057532-33-LP25;349;73101701;73101700;Servicios de producción y fabricación industrial / Industrias de plásticos y productos químicos / Producción farmacéutica;Servicios de producción de medicamentos o medicinas;TIOTROPIO 2,5mcg/pulsación sol. p/inh.oral;Unidad;1.0;96.945.670-2;NOVOFARMA SERVICE S A;36624.0;1.0
1057532-33-LP25;350;51101582;51101500;Medicamentos y productos farmacéuticos / Medicamentos anti infecciosos / Antibióticos;Tobramicina;TOBRAMICINA /DEXAMETASONA  3/1MG SUSP.OFT FRA 3 A5ML;Frasco Ampolla;1.0;96.945.670-2;NOVOFARMA SERVICE S A;1800.0;1.0
1057532-33-LP25;351;51141528;51141500;Medicamentos y productos farmacéuticos / Medicamentos para el sistema nervioso central / Anticonvulsivos;Topiramato;TOPIRAMATO CM 50 MG;Comprimido;1.0;76.285.229-2;GALENICUM HEALTH CHILE SPA;185.0;1.0
1057532-33-LP25;352;51142235;51142200;Medicamentos y productos farmacéuticos / Medicamentos para el sistema nervioso central / Analgésicos narcóticos;Clorhidrato de tramadol;TRAMADOL AM 100MG/2ML;Ampolla;1.0;76.642.770-7;LABVITALIS S.A.;120.0;1.0
1057532-33-LP25;353;51142235;51142200;Medicamentos y productos farmacéuticos / Medicamentos para el sistema nervioso central / Analgésicos narcóticos;Clorhidrato de tramadol;TRAMADOL CM  50 MG;Comprimido;1.0;80.447.400-5;MUNNICH PHARMA MEDICAL SPA;53.25;1.0
1057532-33-LP25;354;51142235;51142200;Medicamentos y productos farmacéuticos / Medicamentos para el sistema nervioso central / Analgésicos narcóticos;Clorhidrato de tramadol;TRAMADOL GT FC  100 MG/ML;Frasco;1.0;77.596.940-7;LABORATORIO CHILE S A;620.0;1.0
1057532-33-LP25;355;51142235;51142200;Medicamentos y productos farmacéuticos / Medicamentos para el sistema nervioso central / Analgésicos narcóticos;Clorhidrato de tramadol;TRAMADOL/PARACETAMOL CM 37,5mg/ 325mg;Comprimido;1.0;76.237.266-5;LABORATORIOS ANDROMACO S.A.;339.9;1.0
1057532-33-LP25;356;51141606;51141600;Medicamentos y productos farmacéuticos / Medicamentos para el sistema nervioso central / Antidepresivos;Hidrocloruro de trazodona;TRAZODONA CM 100 MG;Comprimido;1.0;77.596.940-7;LABORATORIO CHILE S A;498.0;1.0
1057532-33-LP25;357;51142502;51142500;Medicamentos y productos farmacéuticos / Medicamentos para el sistema nervioso central / Medicamentos contra el Parkinson;Carbidopa;TRIHEXIFENIDILO CM 2 MG;Comprimido;1.0;76.830.090-9;FARMACEUTICA CARIBEAN SPA;266.0;1.0
1057532-33-LP25;358;51101591;51101500;Medicamentos y productos farmacéuticos / Medicamentos anti infecciosos / Antibióticos;Vancomicina;VANCOMICINA FA 1.000mg;Frasco Ampolla;1.0;76.830.090-9;FARMACEUTICA CARIBEAN SPA;2769.0;1.0
1057532-33-LP25;359;51101591;51101500;Medicamentos y productos farmacéuticos / Medicamentos anti infecciosos / Antibióticos;Vancomicina;VANCOMICINA FA 500mg;Frasco Ampolla;1.0;76.830.090-9;FARMACEUTICA CARIBEAN SPA;2769.0;1.0
1057532-33-LP25;360;73101701;73101700;Servicios de producción y fabricación industrial / Industrias de plásticos y productos químicos / Producción farmacéutica;Servicios de producción de medicamentos o medicinas;VASELINA LÍQUIDA ESTÉRIL AM 10ml;Ampolla;1.0;91.546.000-3;LABORATORIO SANDERSON SPA;990.0;1.0
1057532-33-LP25;361;73101701;73101700;Servicios de producción y fabricación industrial / Industrias de plásticos y productos químicos / Producción farmacéutica;Servicios de producción de medicamentos o medicinas;VASELINA LÍQUIDA FC  250ml;Frasco;1.0;79.581.120-6;DIFEM LABORATORIOS S A;2152.0;1.0
1057532-33-LP25;362;73101701;73101700;Servicios de producción y fabricación industrial / Industrias de plásticos y productos químicos / Producción farmacéutica;Servicios de producción de medicamentos o medicinas;VASELINA SALICILADA 5% (AC. SALICÍLICO) FRASCO 20-50 GR;Frasco;1.0;77.768.990-8;FARMACEUTICA INSUVAL S.A.;950.0;1.0
1057532-33-LP25;363;73101701;73101700;Servicios de producción y fabricación industrial / Industrias de plásticos y productos químicos / Producción farmacéutica;Servicios de producción de medicamentos o medicinas;VASELINA SÓLIDA POTE 30grs;Pote;1.0;77.768.990-8;FARMACEUTICA INSUVAL S.A.;750.0;1.0
1057532-33-LP25;364;51141618;51141600;Medicamentos y productos farmacéuticos / Medicamentos para el sistema nervioso central / Antidepresivos;Clorhidrato de fluoxetina;VENLAFAXINA CM LP/CP DE LIBERACION PROLONGADA 75 MG;Comprimido;1.0;76.285.229-2;GALENICUM HEALTH CHILE SPA;70.0;1.0
1057532-33-LP25;365;51121707;51121700;Medicamentos y productos farmacéuticos / Medicamentos cardiovasculares / Medicamentos antihipertensivos;Verapamilo;VERAPAMILO AM 5mg/2ml;Ampolla;1.0;91.546.000-3;LABORATORIO SANDERSON SPA;1210.0;1.0
1057532-33-LP25;366;73101701;73101700;Servicios de producción y fabricación industrial / Industrias de plásticos y productos químicos / Producción farmacéutica;Servicios de producción de medicamentos o medicinas;VILDAGLIPTINA CM 50 MG;Comprimido;1.0;77.240.238-4;EMCURE PHARMA CHILE SPA;80.0;80.0
1057532-33-LP25;367;73101701;73101700;Servicios de producción y fabricación industrial / Industrias de plásticos y productos químicos / Producción farmacéutica;Servicios de producción de medicamentos o medicinas;VIT.B1/B6/B12 AM  100MG/100MG/10MG (COMPLEJO B);Ampolla;1.0;88.597.500-3;LABORATORIO BIOSANO S A;1000.0;1.0
1057532-33-LP25;368;73101701;73101700;Servicios de producción y fabricación industrial / Industrias de plásticos y productos químicos / Producción farmacéutica;Servicios de producción de medicamentos o medicinas;VITAMINA D 50.000 UI POLVO P/SUSP ORAL;Unidad;1.0;76.237.266-5;LABORATORIOS ANDROMACO S.A.;2850.0;1.0
1057532-33-LP25;369;51131604;51131600;Medicamentos y productos farmacéuticos / Medicamentos hematólicos / Anticoagulantes;Warfarina sódica;WARFARINA CM 5mg;Comprimido;1.0;76.830.090-9;FARMACEUTICA CARIBEAN SPA;666.0;1.0
1057532-33-LP25;370;51141722;51141700;Medicamentos y productos farmacéuticos / Medicamentos para el sistema nervioso central / Agentes antipsicóticos;Fumarato de quetiapina;ZUCLOPENTIXOL AM 200MG/ML SOL.INYECTABLE;Ampolla;1.0;76.830.090-9;FARMACEUTICA CARIBEAN SPA;40231.0;1.0
1057532-41-R125;1;53102702;53102700;Ropa, maletas y productos de aseo personal / Ropa / Uniformes;Uniformes varios;Set de Poleras Pique;Unidad;1.0;77.061.802-9;DANAMON CONFECCION Y DISEÑO DE VESTUARIO LTDA;3873870.0;1.0
1057532-41-R125;2;53102702;53102700;Ropa, maletas y productos de aseo personal / Ropa / Uniformes;Uniformes varios;Set Vestuario Clínico;Unidad;1.0;;;0.0;0.0
1057532-41-R125;3;53102702;53102700;Ropa, maletas y productos de aseo personal / Ropa / Uniformes;Uniformes varios;Pantalón cargo Color Gris;Unidad;152.0;;;0.0;0.0
1057532-41-R125;4;53102702;53102700;Ropa, maletas y productos de aseo personal / Ropa / Uniformes;Uniformes varios;Pantalón de Cocina Color Blanco;Unidad;51.0;;;0.0;0.0
1077241-8-LE25;1;42295140;42295100;Equipamiento y suministros médicos / Productos quirúrgicos / Equipo quirúrgico, accesorios y productos relacionados;Armarios o baúles para instrumental quirúrgico;CAJA CIRUGÍA ENDOSCÓPICA NASAL;Unidad;1.0;76.399.485-6;Centro Techsalud Limitada;30647600.0;1.0
1077241-8-LE25;2;42295140;42295100;Equipamiento y suministros médicos / Productos quirúrgicos / Equipo quirúrgico, accesorios y productos relacionados;Armarios o baúles para instrumental quirúrgico;CAJA MIRINGOTOMÍA OÍDOS (CONF.2);Unidad;1.0;76.399.485-6;Centro Techsalud Limitada;6232400.0;1.0
1077241-8-LE25;3;42272501;42272500;Equipamiento y suministros médicos / Productos de resucitación, anestesia y respiratorios / Aparatos, accesorios y suministros de anestesia;Aparatos de anestesia con gas;MÁQUINA DE SEDACIÓN ÓXIDO NITROSO;Unidad;1.0;;;0.0;0.0
1077241-8-LE25;4;42295140;42295100;Equipamiento y suministros médicos / Productos quirúrgicos / Equipo quirúrgico, accesorios y productos relacionados;Armarios o baúles para instrumental quirúrgico;CAJAS INSTRUMENTAL BÁSICO QUIRÚRGICO TRAUMATOLOGÍA;Unidad;3.0;76.311.356-6;MAINZ MEDICAL SPA;4946487.0;3.0
1077241-9-LE25;1;85122201;85122200;Salud, servicios sanitarios y alimentación / Medicina y servicios de salud / Evaluaciones de salud individuales;Exámenes médicos;SERVICIO DE ENDOSCOPIA DIGESTIVA ALTAPARA PACIENTES DE   HOSPITALES PTO. OCTAY, QUILACAHUIN Y FUTA SRUKA LAWENCHE DE LA RED DEL SERVICIO DE SALUD OSORNO;Unidad;1.0;;;0.0;0.0
1057922-41-LE25;1;42295140;42295100;Equipamiento y suministros médicos / Productos quirúrgicos / Equipo quirúrgico, accesorios y productos relacionados;Armarios o baúles para instrumental quirúrgico;Caja Salpingectomia;Unidad;2.0;96.756.540-7;B BRAUN MEDICAL SPA;23432530.0;2.0
1057532-85-LE25;1;90101603;90101600;Servicios de Viajes, alimentación, alojamiento y entretenimiento / Restaurantes y catering / Servicios de comedor y banquetes;Servicios de catering;Servicio de Cafetería para diversas actividades ejecutadas por distintas unidades de la Dirección del Servicio de Salud Osorno.;Unidad;1.0;77.280.244-7;SERVICIOS GASTRONÓMICOS CLAUDIO SOTO VILLEGAS E.I.R.L.;5470.0;1.0
1057532-62-LE25;1;80111504;80111500;Servicios profesionales, administrativos y consultorías de gestión empresarial / Servicios de recursos humanos / Consultorías para el desarrollo de recursos humanos;Formación, capacitación y entrenamiento de personal;Curso Herramientas para la Implementación del Modelo de Atención centrado en las personas con multimorbilidad crónica.;Unidad;1.0;76.537.629-7;ADN CAPACITACION SPA;2310000.0;1.0
1057532-62-LE25;2;80111504;80111500;Servicios profesionales, administrativos y consultorías de gestión empresarial / Servicios de recursos humanos / Consultorías para el desarrollo de recursos humanos;Formación, capacitación y entrenamiento de personal;Curso Elementos Básicos de la Gestión de Casos en personas con condiciones crónicas de Salud.;Unidad;1.0;76.537.629-7;ADN CAPACITACION SPA;1980000.0;1.0
1057532-62-LE25;3;80111504;80111500;Servicios profesionales, administrativos y consultorías de gestión empresarial / Servicios de recursos humanos / Consultorías para el desarrollo de recursos humanos;Formación, capacitación y entrenamiento de personal;Curso Elementos conceptuales para el Apoyo al Automanejo en Personas con Condiciones Crónicas, para Técnicos en Enfermería de Nivel Superior (TENS);Unidad;1.0;76.537.629-7;ADN CAPACITACION SPA;1452000.0;1.0
1057532-62-LE25;4;80111504;80111500;Servicios profesionales, administrativos y consultorías de gestión empresarial / Servicios de recursos humanos / Consultorías para el desarrollo de recursos humanos;Formación, capacitación y entrenamiento de personal;Curso Modelo de Atención Centrado en las Personas con Morbilidad Crónica, para Profesionales Ley Médica.;Unidad;1.0;76.537.629-7;ADN CAPACITACION SPA;1452000.0;1.0
1057532-68-LE25;1;42311505;42311500;Equipamiento y suministros médicos / Productos para el cuidado de heridas / Vendas, vendajes y productos relacionados;Vendas o vendajes para uso general;Vendaje multicapa 2 capas, de acuerdo a especificaciones técnicas.;Unidad;170.0;;;0.0;0.0
1057532-68-LE25;2;42311505;42311500;Equipamiento y suministros médicos / Productos para el cuidado de heridas / Vendas, vendajes y productos relacionados;Vendas o vendajes para uso general;Apósito de poliéster (Telfa), de acuerdo a especificaciones técnicas.;Unidad;300.0;;;0.0;0.0
1057532-68-LE25;3;42311505;42311500;Equipamiento y suministros médicos / Productos para el cuidado de heridas / Vendas, vendajes y productos relacionados;Vendas o vendajes para uso general;Fieltro de Descarga Clínica, de acuerdo a especificaciones técnicas.;Unidad;700.0;;;0.0;0.0
1057532-68-LE25;4;42311505;42311500;Equipamiento y suministros médicos / Productos para el cuidado de heridas / Vendas, vendajes y productos relacionados;Vendas o vendajes para uso general;Apósito RTD, de acuerdo a especificaciones técnicas.;Caja;3.0;;;0.0;0.0
1057532-68-LE25;5;42311505;42311500;Equipamiento y suministros médicos / Productos para el cuidado de heridas / Vendas, vendajes y productos relacionados;Vendas o vendajes para uso general;Media compresiva, de acuerdo a especificaciones técnicas.;Unidad;100.0;;;0.0;0.0
1180747-2-LP25;1;72131702;72131700;Servicios de construcción y mantenimiento / Construcción de edificios en general / Construcción de obras civiles y infraestructuras;Construcción de obras civiles;Mejoramiento de Puertas Vidriadas y Ventanas del Hospital de Rio Negro;Unidad;1.0;76.420.915-k;SANTANA Y VIDAL EMPRESAS LIMITADA;223251600.0;1.0
1057532-79-LE25;1;73152101;73152100;Servicios de producción y fabricación industrial / Servicios de apoyo o soporte a la fabricación / Servicios de mantenimiento y reparación de equipo de fabricación;Servicio de mantenimiento de equipo de fabricación;Mantención Incubadoras de Transporte y Cunas de Procedimiento marca Dräger;Unidad no definida;18.0;;;0.0;0.0
1057532-79-LE25;2;73152101;73152100;Servicios de producción y fabricación industrial / Servicios de apoyo o soporte a la fabricación / Servicios de mantenimiento y reparación de equipo de fabricación;Servicio de mantenimiento de equipo de fabricación;Mantención Unidades Dentales multimarcas;Unidad no definida;24.0;;;0.0;0.0
1057532-79-LE25;3;73152101;73152100;Servicios de producción y fabricación industrial / Servicios de apoyo o soporte a la fabricación / Servicios de mantenimiento y reparación de equipo de fabricación;Servicio de mantenimiento de equipo de fabricación;Mantención de bombas de Infusión marca Medcaptain;Unidad no definida;4.0;;;0.0;0.0
1057532-79-LE25;4;73152101;73152100;Servicios de producción y fabricación industrial / Servicios de apoyo o soporte a la fabricación / Servicios de mantenimiento y reparación de equipo de fabricación;Servicio de mantenimiento de equipo de fabricación;Mantención Refrigeradores de Medicamentos;Unidad no definida;6.0;;;0.0;0.0
1057922-42-LE25;1;42151659;42151600;Equipamiento y suministros médicos / Equipos y suministros odontológicos / Instrumentos y dispositivos dentales y de sub-especialidad;Kit de extracción de fragmentos dentales;Set extracciones (cirugía menor);Unidad;6.0;76.311.356-6;MAINZ MEDICAL SPA;2003817.0;6.0
1057922-42-LE25;2;42295134;42295100;Equipamiento y suministros médicos / Productos quirúrgicos / Equipo quirúrgico, accesorios y productos relacionados;Sets suministros quirúrgicos generales o accesorios;Set examen ginecológico;Unidad;6.0;76.311.356-6;MAINZ MEDICAL SPA;141584.0;6.0
1057922-42-LE25;3;42143101;42143100;Equipamiento y suministros médicos / Suministros y productos clínicos / Equipo y suministros de obstetricia y ginecología;Catéteres o kits intrauterinos;Set inserción DIU;Unidad;4.0;88.041.000-8;OLLER Y CIA LTDA;487646.0;4.0
1077241-10-LE25;1;42151644;42151600;Equipamiento y suministros médicos / Equipos y suministros odontológicos / Instrumentos y dispositivos dentales y de sub-especialidad;Apoyos dentales para la boca;ALAMBRE PARA CONTENCIÓN TRENZADO BOND-A- BRAID;Tubo;20.0;78.378.160-3;COMERCIAL EXPRESS DENT SPA;52886.0;20.0
1077241-10-LE25;2;42152713;42152700;Equipamiento y suministros médicos / Equipos y suministros odontológicos / Equipo y suministros ortodónticos y prostodónticos;Alicates ortodónticos;ALICATE UNIVERSAL WEINGART COD 003-120-00 –;Unidad;2.0;;;0.0;0.0
1077241-10-LE25;3;42152713;42152700;Equipamiento y suministros médicos / Equipos y suministros odontológicos / Equipo y suministros ortodónticos y prostodónticos;Alicates ortodónticos;ALICATE DE CORTE DISTAL COD 003-700-00;Unidad;7.0;;;0.0;0.0
1077241-10-LE25;4;42152713;42152700;Equipamiento y suministros médicos / Equipos y suministros odontológicos / Equipo y suministros ortodónticos y prostodónticos;Alicates ortodónticos;ALICATE DE CORTE LIGADURAS MINI COD 014-151-00;Unidad;7.0;;;0.0;0.0
1077241-10-LE25;5;42152713;42152700;Equipamiento y suministros médicos / Equipos y suministros odontológicos / Equipo y suministros ortodónticos y prostodónticos;Alicates ortodónticos;ALICATE ANGLE/TWEED PARA DOBLAR ARCOS COD 003-442-00 -;Unidad;4.0;;;0.0;0.0
1077241-10-LE25;6;42152713;42152700;Equipamiento y suministros médicos / Equipos y suministros odontológicos / Equipo y suministros ortodónticos y prostodónticos;Alicates ortodónticos;ALICATE PARA QUITAR BRACKTES COD 004-346-00- ACERO INOXIDABLE;Unidad;3.0;;;0.0;0.0
1077241-10-LE25;7;42152713;42152700;Equipamiento y suministros médicos / Equipos y suministros odontológicos / Equipo y suministros ortodónticos y prostodónticos;Alicates ortodónticos;ALICATE 3 PUNTAS REF 003-200-00 - ACERO INOXIDABLE;Unidad;2.0;;;0.0;0.0
1077241-10-LE25;8;42151644;42151600;Equipamiento y suministros médicos / Equipos y suministros odontológicos / Instrumentos y dispositivos dentales y de sub-especialidad;Apoyos dentales para la boca;RETRACTOR DE LABIOS Y MEJILLA PLÁSTICO TRANSPARENTE PARA CEMENTACIÓN DE BRACKET;Unidad;6.0;;;0.0;0.0
1077241-10-LE25;9;42151640;42151600;Equipamiento y suministros médicos / Equipos y suministros odontológicos / Instrumentos y dispositivos dentales y de sub-especialidad;Pinzas dentales;KIT POSICIONADOR DE BRACKTES  2-2.5/3-3.5/4-4.5/5-5.5;Kit;2.0;;;0.0;0.0
1077241-10-LE25;10;42151620;42151600;Equipamiento y suministros médicos / Equipos y suministros odontológicos / Instrumentos y dispositivos dentales y de sub-especialidad;Limas o raspadores dentales;FRESA DE CARBIDE PARA CONTRA ÁNGULO  REDONDA  016;Unidad;25.0;;;0.0;0.0
1077241-10-LE25;11;42151620;42151600;Equipamiento y suministros médicos / Equipos y suministros odontológicos / Instrumentos y dispositivos dentales y de sub-especialidad;Limas o raspadores dentales;FRESA DE CARBIDE PARA CONTRA ÁNGULO  REDONDA  018;Unidad;25.0;;;0.0;0.0
1077241-10-LE25;12;42151620;42151600;Equipamiento y suministros médicos / Equipos y suministros odontológicos / Instrumentos y dispositivos dentales y de sub-especialidad;Limas o raspadores dentales;FRESA DE CARBIDE PARA CONTRA ÁNGULO  REDONDA  021;Unidad;25.0;;;0.0;0.0
1077241-10-LE25;13;42151620;42151600;Equipamiento y suministros médicos / Equipos y suministros odontológicos / Instrumentos y dispositivos dentales y de sub-especialidad;Limas o raspadores dentales;FRESA DE CARBIDE PARA CONTRA ÁNGULO  REDONDA  023;Unidad;25.0;;;0.0;0.0
1077241-10-LE25;14;42152713;42152700;Equipamiento y suministros médicos / Equipos y suministros odontológicos / Equipo y suministros ortodónticos y prostodónticos;Alicates ortodónticos;ALICATE UNIVERSAL PARA DOBLAR Y CORTAR ALAMBRES;Unidad;1.0;;;0.0;0.0
1077241-10-LE25;15;42152713;42152700;Equipamiento y suministros médicos / Equipos y suministros odontológicos / Equipo y suministros ortodónticos y prostodónticos;Alicates ortodónticos;ALICATE P/QUITAR BANDAS OLIVER-JONES;Unidad;3.0;;;0.0;0.0
1077241-10-LE25;16;42152703;42152700;Equipamiento y suministros médicos / Equipos y suministros odontológicos / Equipo y suministros ortodónticos y prostodónticos;Pernos o puntales dentales o suministros relacionados;MICRO TORNILLO ACERO IGUAL O SIMILAR A BIORAY 17x2.0 MM;Unidad;50.0;;;0.0;0.0
1077241-6-LE25;1;49201503;49201500;Equipos, suministros y accesorios deportivos y recreativos / Equipos para entrenamiento físico / Equipo de entrenamiento para aeróbic;Bicicletas estáticas;Bicicleta Estática;Unidad;2.0;50.196.460-3;QUIMICOLOR LTDA;1690000.0;2.0
1077241-6-LE25;2;42251613;42251600;Equipamiento y suministros médicos / Productos de rehabilitación, terapia ocupacional y física / Equipo y dispositivos para ejercicios de rehabilitación;Aparatos de cinta rodante para ejercicios de rehabilitación o terapia;Trotadora;Unidad;1.0;;;0.0;0.0
1057532-64-LP25;1;85122201;85122200;Salud, servicios sanitarios y alimentación / Medicina y servicios de salud / Evaluaciones de salud individuales;Exámenes médicos;INSUMOS PARA EXAMENES DE LABORATORIO TIPO POC, CON ARRIENDO DE EQUIPOS (HOSPITAL RIO NEGRO, HOSPITAL PUERTO OCTAY, HOSPITAL PU MULEN QUILACAHUIN, HOSPITAL FUKA SRUKA LAWENCHE KUNKO MAPU MO);Unidad;1.0;76.036.479-7;ALATHEIA SPA;42900000.0;1.0
1057532-64-LP25;2;85122201;85122200;Salud, servicios sanitarios y alimentación / Medicina y servicios de salud / Evaluaciones de salud individuales;Exámenes médicos;INSUMOS PARA ANALISIS DE GASES SANGUINEOS, CON ARRIENDO DE EQUIPO (HOSPITAL DE PURRANQUE);Unidad;1.0;79.568.850-1;VALTEK S.A.;1.0;1.0
1057922-24-R125;1;41111501;41111500;Equipamiento para laboratorios / Instrumentos de medida y experimentación / Instrumentos de medición de peso;Balanzas electrónicas de carga superior;Balanzas con tallímetro;Unidad;1.0;;;0.0;0.0
1057922-24-R125;2;42172101;42172100;Equipamiento y suministros médicos / Artículos médicos para urgencias y atención en terreno / Productos de resucitación de emergencia;Desfibriladores externos automatizados (AED) o paletas rígidas;Desfibrilador Automático DEA;Unidad;2.0;79.895.670-1;PV EQUIP  SA;1760000.0;2.0
1057922-24-R125;3;42295104;42295100;Equipamiento y suministros médicos / Productos quirúrgicos / Equipo quirúrgico, accesorios y productos relacionados;Equipo electro quirúrgico o electro cauterio o accesorios o productos relacionados;Electrobisturí baja potencia;Unidad;2.0;;;0.0;0.0
1057922-24-R125;4;42181701;42181700;Equipamiento y suministros médicos / Productos para exámenes y control de pacientes / Unidades de electrocardiografía (ECG) y productos relacionados;Unidades de electrocardiografía (ECG);Electrocardiógrafo;Unidad;3.0;;;0.0;0.0
1057922-24-R125;5;42271602;42271600;Equipamiento y suministros médicos / Productos de resucitación, anestesia y respiratorios / Productos de comprobación y tratamiento de las funciones pulmonares;Espirómetros, accesorios o suministros;Espirómetro portátil sobremesa;Unidad;2.0;;;0.0;0.0
1057922-24-R125;6;42182602;42182600;Equipamiento y suministros médicos / Productos para exámenes y control de pacientes / Lámparas para examen médico;Lámparas o luces instaladas de examen médico;Lámpara de examen;Unidad;7.0;;;0.0;0.0
1057922-24-R125;7;42182602;42182600;Equipamiento y suministros médicos / Productos para exámenes y control de pacientes / Lámparas para examen médico;Lámparas o luces instaladas de examen médico;Lámpara de procedimientos;Unidad;1.0;;;0.0;0.0
1057922-24-R125;8;42191608;42191600;Equipamiento y suministros médicos / Equipamiento para instalaciones médicas / Sistemas de construcción de instalaciones médicas;Monitores de salida o controles de enfermería;Monitores de Signos Vitales;Unidad;1.0;;;0.0;0.0
1057922-24-R125;9;42182005;42182000;Equipamiento y suministros médicos / Productos para exámenes y control de pacientes / Espéculos y accesorios para auscultación médica;Oftalmoscopios o otoscopios o juegos de scopios;Oto oftalmoscopio mural;Unidad;17.0;;;0.0;0.0
1057922-24-R125;10;49201610;49201600;Equipos, suministros y accesorios deportivos y recreativos / Equipos para entrenamiento físico / Equipo de entrenamiento de pesas y resistencia;Tubos de resistencia;Pimómetro digital;Unidad;1.0;;;0.0;0.0
1057922-24-R125;11;41104810;41104800;Equipamiento para laboratorios / Equipos e insumos para laboratorio / Equipo y suministros para vertido, destilación, evaporación y extracción;Aparatos de fraccionamiento;Reenvasadora para medicamentos;Unidad;1.0;;;0.0;0.0
1057922-24-R125;12;41103011;41103000;Equipamiento para laboratorios / Equipos e insumos para laboratorio / Equipo de enfriamiento para laboratorio;Refrigeradores o congeladores de uso general;Refrigeradores clínicos;Unidad;1.0;;;0.0;0.0
1057922-24-R125;13;42272209;42272200;Equipamiento y suministros médicos / Productos de resucitación, anestesia y respiratorios / Ventiladores y accesorios de presión mecánica positiva;Circuito de respiración o ventilador;Ventilador de transporte;Unidad;1.0;;;0.0;0.0
1057922-24-R125;14;42201712;42201700;Equipamiento y suministros médicos / Productos para imágenes y de medicina nuclear / Artículos para imágenes de ultrasonido, doppler y eco;Unidades de ecografía o eco pulso o doppler o ultrasonido médico para uso diagnóstico general;Ecógrafo;Unidad;1.0;;;0.0;0.0
1057532-77-LE25;1;72101506;72101500;Servicios de construcción y mantenimiento / Servicios de atención, mantenimiento y reparaciones de edificios / Servicios de apoyo para la construcción;Servicios de mantenimiento de ascensores;Convenio de Servicios de mantención preventiva y correctiva   de 04 ascensores de hospitales PU MÜLEN Y FUTA SRUKA LAWENCHE KUNKO MAPU MO, AÑOS 2026 Y 2027;Unidad;1.0;76.235.549-3;INGELIFT INGENIERIA EN TRANSPORTE VERTICAL LIMITADA;15888000.0;1.0
1057532-77-LE25;2;72101506;72101500;Servicios de construcción y mantenimiento / Servicios de atención, mantenimiento y reparaciones de edificios / Servicios de apoyo para la construcción;Servicios de mantenimiento de ascensores;Certificación de 4 ascensores hospitales PU MÜLEN Y FUTA SRUKA LAWENCHE KUNKO MAPU MO, AÑOS 2026 Y 2027;Unidad;1.0;;;0.0;0.0
1057532-66-LE25;1;85121502;85121500;Salud, servicios sanitarios y alimentación / Medicina y servicios de salud / Servicios de atención primaria;Consultas de médicos de atención primaria;ADQUISICIÓN DE PRESTACIONES DE REHABILITACIÓN INTEGRAL PARA EVALUACIÓN DIAGNÓSTICA Y TRATAMIENTO EN NIÑOS, NIÑAS Y ADOLESCENTES CON TRASTORNO DEL ESPECTRO AUTISTA;Unidad;1.0;77.874.665-4;CENTRO TERAPÉUTICO NEUROINCLUSIVO NEUROCRECE SPA;55870000.0;1.0
1057532-80-LE25;1;12141904;12141900;Productos químicos industriales / Metales y gases / Elementos no metálicos y gases puros;Oxígeno O;CONVENIO DE SUMINISTRO DE SERVICIO DE OXIGENOTERAPIA DOMICILIARIA PARA USUARIOS INGRESADOS AL PROGRAMA CUIDADOS PALIATIVOS UNIVERSALES APS, SERVICIO DE SALUD OSORNO.;Unidad;1.0;85.707.700-8;OXIGENO MEDICINAL DOMICILIARIO LTDA;1.0;1.0
1057532-78-LE25;1;42281703;42281700;Equipamiento y suministros médicos / Productos para la esterilización médica / Soluciones y equipo de limpieza pre-esterilización;Equipos para el cuidado de los instrumentos;Mantención de monitores de signos vitales y desfibriladores;Unidad;696.0;;;0.0;0.0
1057532-78-LE25;2;42281703;42281700;Equipamiento y suministros médicos / Productos para la esterilización médica / Soluciones y equipo de limpieza pre-esterilización;Equipos para el cuidado de los instrumentos;Mantención de ventiladores mecánicos de transporte;Unidad;12.0;;;0.0;0.0
1057922-48-LE25;1;56101530;56101500;Muebles y mobiliario / Muebles de alojamiento / Muebles;Armarios de almacenamiento;MOBILIARIO FARMACIA;Unidad;1.0;76.535.470-6;PRODUCTOS Y SERVICIOS BALBOA SPA;41241176.0;1.0
1057922-25-LP25;1;42181901;42181900;Equipamiento y suministros médicos / Productos para exámenes y control de pacientes / Unidades de control de cuidado intenso y productos relacionados;Unidades de monitorización materna o fetal de tratamiento agudo;Detector de Latidos Cardiofetales;Unidad;3.0;96.533.330-4;HEMISFERIO SUR S.A.;360000.0;3.0
1057922-25-LP25;2;42142601;42142600;Equipamiento y suministros médicos / Suministros y productos clínicos / Jeringas y accesorios;Jeringas médicas de aspiración o irrigación;Bomba de Aspiración Universal;Unidad;2.0;76.520.087-3;PLUSMEDICAL SPA;525000.0;2.0
1057922-25-LP25;3;42271802;42271800;Equipamiento y suministros médicos / Productos de resucitación, anestesia y respiratorios / Productos para terapia respiratoria en aerosol y humidificación;Nebulizadores o accesorios;Nebulizador;Unidad;2.0;;;0.0;0.0
1057922-25-LP25;4;53131618;53131600;Ropa, maletas y productos de aseo personal / Artículos de baño o tocador / Artículos de baño y cuerpo;Utensilios de pedicura;Motor de Podología;Unidad;1.0;;;0.0;0.0
1057922-25-LP25;5;46151711;46151700;Equipos y suministros de defensa, orden público, protección y seguridad / Equipos para orden público / Equipo forense, accesorios y suministros;Reveladores de huellas de pies;Podoscopio;Unidad;16.0;77.128.981-9;COMERCIALIZADORA VIPASE SPA;105000.0;16.0
1057922-25-LP25;6;42201812;42201800;Equipamiento y suministros médicos / Productos para imágenes y de medicina nuclear / Artículos radiográficos de diagnóstico médico;Mesas, repisas, sillas o armarios de radiografía médica, o accesorios;Negatoscopio 1 Cara;Unidad;6.0;;;0.0;0.0
1057922-25-LP25;7;42121505;42121500;Equipamiento y suministros médicos / Equipos y suministros para veterinaria / Equipo veterinario;Electrocardiógrafo (ECG) veterinario;Monitores de Signos Vitales;Kit;1.0;;;0.0;0.0
1057532-95-LE25;1;78111501;78111500;Servicios de transporte, almacenaje y correo / Transporte de pasajeros / Transporte aéreo de pasajeros;Servicios de helicóptero;;Unidad;1.0;;;0.0;0.0
1077241-13-LE25;1;85122201;85122200;Salud, servicios sanitarios y alimentación / Medicina y servicios de salud / Evaluaciones de salud individuales;Exámenes médicos;SERVICIO DE ENDOSCOPIA DIGESTIVA ALTAPARA PACIENTES DE   HOSPITALES PTO. OCTAY, QUILACAHUIN Y FUTA SRUKA LAWENCHE DE LA RED DEL SERVICIO DE SALUD OSORNO;Unidad;1.0;;;0.0;0.0
1057532-82-LE25;1;41116205;41116200;Equipamiento para laboratorios / Instrumentos de medida y experimentación / Suministros y equipos para tratamiento de enfermos;Kits de exámenes rápidos;TEST PARA DETECCIÓN DE INFLUENZA A/B Y VRS, según especificaciones técnicas.;Unidad;360.0;76.036.479-7;ALATHEIA SPA;22500.0;360.0
1057532-82-LE25;2;41116205;41116200;Equipamiento para laboratorios / Instrumentos de medida y experimentación / Suministros y equipos para tratamiento de enfermos;Kits de exámenes rápidos;TEST PARA DETECCION DE SARS-COV-2, según especificaciones técnicas.;Unidad;360.0;76.036.479-7;ALATHEIA SPA;17500.0;360.0
1057532-82-LE25;3;41116205;41116200;Equipamiento para laboratorios / Instrumentos de medida y experimentación / Suministros y equipos para tratamiento de enfermos;Kits de exámenes rápidos;TEST PARA DETECCION EN PANEL DE 10 PATOGENOS  RESPIRATORIOS (VIRUS Y BACTERIAS), según especificaciones técnicas.;Unidad;190.0;76.036.479-7;ALATHEIA SPA;60000.0;190.0
1057532-71-LE25;1;85122201;85122200;Salud, servicios sanitarios y alimentación / Medicina y servicios de salud / Evaluaciones de salud individuales;Exámenes médicos;SERVICIO DE INFORMES: INTERPRETACIÓN Y DIAGNÓSTICO DEL MONITOREO AMBULATORIO DE PRESIÓN ARTERIAL (HOLTER DE PRESIÓN ARTERIAL) POR VÍA TELEMÁTICA, CON ARRIENDO DE EQUIPOS PARA 17 ESTABLECIMIENTOS DE APS DE LA PROVINCIA DE OSORNO,   AÑOS 2025 - 2026;Unidad;1.0;;;0.0;0.0
1057922-47-LP25;1;43211507;43211500;Tecnologías de la información, telecomunicaciones y radiodifusión / Equipos informáticos y accesorios / Computadores;Computadores de escritorio;COMPUTADOR AIO;Unidad;93.0;;;0.0;0.0
1057922-47-LP25;2;43211503;43211500;Tecnologías de la información, telecomunicaciones y radiodifusión / Equipos informáticos y accesorios / Computadores;Notebook, laptop o computador portátil excepto Tablet PC;NOTEBOOK;Unidad;5.0;;;0.0;0.0
1057922-47-LP25;3;43211503;43211500;Tecnologías de la información, telecomunicaciones y radiodifusión / Equipos informáticos y accesorios / Computadores;Notebook, laptop o computador portátil excepto Tablet PC;NOTEBOOK + CARRO DE ARRASTRE;Unidad;1.0;;;0.0;0.0
1057922-47-LP25;4;44103201;44103200;Equipos, accesorios y suministros de oficina / Maquinarias, suministros y accesorios de oficina / Máquinas y accesorios para registro de hora y asistencia en la oficina;Reloj de control;HUELLEROS LME;Unidad;48.0;76.532.411-4;ALTA SISTEMAS SPA;67603.0;48.0
1057922-47-LP25;5;43212110;43212100;Tecnologías de la información, telecomunicaciones y radiodifusión / Equipos informáticos y accesorios / Impresoras;Impresoras multifunción o multifuncionales;IMPRESORA MULTIFUNCIONAL;Unidad;3.0;;;0.0;0.0
1057922-47-LP25;6;43212108;43212100;Tecnologías de la información, telecomunicaciones y radiodifusión / Equipos informáticos y accesorios / Impresoras;Impresoras de cinta térmica;IMPRESORA TÉRMICA;Unidad;10.0;;;0.0;0.0
1057922-47-LP25;7;43212113;43212100;Tecnologías de la información, telecomunicaciones y radiodifusión / Equipos informáticos y accesorios / Impresoras;Impresoras de etiquetas o discos compactos (CD);IMPRESORA ETIQUETAS TOMA DE MUESTRA;Unidad;3.0;86.132.100-2;DEMARKA S A;232000.0;3.0
1057922-47-LP25;8;45111603;45111600;Equipos y suministros de imprenta, fotográficos y audiovisuales / Equipos de composición y presentación audiovisual / Proyectores y suministros;Pantallas de proyección;PANTALLA INTERACTIVA (SMART TV);Unidad;1.0;77.597.711-6;SOCIEDAD COMERCIAL ROYAL SPA;594471.0;1.0
1057922-47-LP25;9;45111609;45111600;Equipos y suministros de imprenta, fotográficos y audiovisuales / Equipos de composición y presentación audiovisual / Proyectores y suministros;Proyectores multimedia;PROYECTOR;Unidad;1.0;79.702.500-3;SOC COMERCIAL OFICINTA LIMITADA;499875.0;1.0
1057532-91-LE25;1;78121601;78121600;Servicios de transporte, almacenaje y correo / Manejo, manipulación y embalaje de material / Servicios de manipulación de materiales;Servicios de flete;SERVICIO DE MUDANZA PARA PROFESIONALES FUNCIONARIOS, POR INICIO Y RETORNO DE PROFESIONALES FUNCIONARIOS, DE ACUERDO A LO QUE SEÑALA EL ART. 29 INCISO 1° DE LA LEY N° 15.076”.;Unidad;1.0;77.271.309-6;COMERCIALIZADORA TRANS SERVICE SPA;1.0;1.0
1057532-58-LE25;1;42291607;42291600;Equipamiento y suministros médicos / Productos quirúrgicos / Instrumentos quirúrgicos de corte, trampas y productos relacionados;Gasas o curetas quirúrgicas;Curetas Dermatológicas 3 - 4 mm.;Unidad;500.0;77.783.690-0;DOLPHIN MEDICAL SPA;2870.0;500.0
1057532-58-LE25;2;42182702;42182700;Equipamiento y suministros médicos / Productos para exámenes y control de pacientes / Dispositivos de medición de talla;Cintas métricas médicas;Cinta Métrica Inextensible metálica de 2 metros de longitud.;Unidad;150.0;;;0.0;0.0
1057532-58-LE25;3;42312201;42312200;Equipamiento y suministros médicos / Productos para el cuidado de heridas / Sutura y productos relacionados;Sutura;Monofilamento SEMMES WEINTEIN;Unidad;150.0;76.205.137-0;COMERCIAL INTERMEDICA LIMITADA;3500.0;150.0
1057532-58-LE25;4;42181602;42181600;Equipamiento y suministros médicos / Productos para exámenes y control de pacientes / Unidades de presión sanguínea y productos relacionados;Unidades electrónicas de presión sanguínea;Tensiómetro Oscilométrico;Unidad;30.0;;;0.0;0.0
1057532-58-LE25;5;42181610;42181600;Equipamiento y suministros médicos / Productos para exámenes y control de pacientes / Unidades de presión sanguínea y productos relacionados;Kits de manguitos para tomar la tensión arterial;Set de brazaletes para Tensiómetro;Unidad;30.0;;;0.0;0.0
1077241-12-LE25;1;42295104;42295100;Equipamiento y suministros médicos / Productos quirúrgicos / Equipo quirúrgico, accesorios y productos relacionados;Equipo electro quirúrgico o electro cauterio o accesorios o productos relacionados;Electrobisturí con módulo de argón;Unidad;1.0;96.625.550-1;ANDOVER ALIANZA MEDICA S A;43412139.0;1.0
1057532-100-LP25;1;94131601;94131600;Organizaciones sociales, laborales y clubes / Organizaciones, asociaciones y movimientos cívicos / Organizaciones de beneficencia;Hogares de beneficencia;ADQUISICIÓN 8 CUPOS DÍA HOGAR PROTEGIDO PARA HOMBRES PARA EL SERVICIO DE SALUD OSORNO EN LA PROVINCIA DE OSORNO;Unidad;1.0;65.129.460-6;AGRUPACION DE MONITORES PARA REHABILITACION EN SALUD MENTAL (AMORE);35500.0;1.0
1057532-90-LP25;1;73152101;73152100;Servicios de producción y fabricación industrial / Servicios de apoyo o soporte a la fabricación / Servicios de mantenimiento y reparación de equipo de fabricación;Servicio de mantenimiento de equipo de fabricación;Mantención de equipos Imagenología marca Siemens;Unidad;8.0;;;0.0;0.0
1057532-53-LP25;1;78180103;78180100;Servicios de transporte, almacenaje y correo / Servicios de mantención o reparaciones de transportes / Mantención o reparación de vehículos;Servicios de cambio de fluidos de aceite o de la transmisión;CONVENIO DE SERVICIOS DE MANTENCIÓN PREVENTIVA, CORRECTIVA Y/O REPARATIVA VEHÍCULOS MULTIMARCAS DEPENDIENTES DEL SERVICIO DE SALUD OSORNO AÑO 2026-2027;Unidad;1.0;16.906.109-2;FRANCISCO ALEJANDRO ARRIAGADA NAHUELPÁN;1.0;1.0
1057922-46-LE25;1;41111501;41111500;Equipamiento para laboratorios / Instrumentos de medida y experimentación / Instrumentos de medición de peso;Balanzas electrónicas de carga superior;Balanzas con tallímetro;Unidad;1.0;92.999.000-5;IMPORTADORA Y DISTRIBUIDORA ARQUIMED LTDA;1278000.0;1.0
1057922-46-LE25;2;42191607;42191600;Equipamiento y suministros médicos / Equipamiento para instalaciones médicas / Sistemas de construcción de instalaciones médicas;Hardware de vías carriles de cortina o biombos o cortinas de cubículo del paciente;Set equipamiento apoyo clínico;Unidad;1.0;;;0.0;0.0
1057922-46-LE25;3;42295106;42295100;Equipamiento y suministros médicos / Productos quirúrgicos / Equipo quirúrgico, accesorios y productos relacionados;Bandejas mayo de regazo o estantes mayo para uso quirúrgico;Mesa mayo;Unidad;2.0;;;0.0;0.0
1057922-46-LE25;4;42191607;42191600;Equipamiento y suministros médicos / Equipamiento para instalaciones médicas / Sistemas de construcción de instalaciones médicas;Hardware de vías carriles de cortina o biombos o cortinas de cubículo del paciente;Biombo plomado;Unidad;1.0;76.567.232-5;IMPLEMENTOS Y ACCESORIOS RADIOLÓGICOS EMILY THOMAS;950000.0;1.0
1057922-46-LE25;5;42131601;42131600;Equipamiento y suministros médicos / Vestuario clínico / Vestuario para el personal médico y artículos relacionados;Delantales o pecheras para el personal sanitario;Set protección radiológica;Unidad;1.0;76.567.232-5;IMPLEMENTOS Y ACCESORIOS RADIOLÓGICOS EMILY THOMAS;768713.0;1.0
1057922-46-LE25;6;42182704;42182700;Equipamiento y suministros médicos / Productos para exámenes y control de pacientes / Dispositivos de medición de talla;Calibradores de pliegue de piel;Set equipamiento diagnóstico;Unidad;1.0;;;0.0;0.0
1057922-46-LE25;7;42192207;42192200;Equipamiento y suministros médicos / Equipamiento para instalaciones médicas / Artículos para transporte de paciente;Camillas de paciente o accesorios de camilla;Camilla examen;Unidad;3.0;;;0.0;0.0
1057922-46-LE25;8;42192001;42192000;Equipamiento y suministros médicos / Equipamiento para instalaciones médicas / Mesas de examen o procedimiento clínico;Mesas de examen o de procedimiento clínico para uso general;Camilla ginecológica;Unidad;1.0;;;0.0;0.0
1057922-46-LE25;9;42201702;42201700;Equipamiento y suministros médicos / Productos para imágenes y de medicina nuclear / Artículos para imágenes de ultrasonido, doppler y eco;Ultrasonido o unidades de eco fetal o ginecológico;Detector latidos cardiofetales;Unidad;1.0;;;0.0;0.0
1057922-46-LE25;10;53121501;53121500;Ropa, maletas y productos de aseo personal / Maletas, bolsos de mano, mochilas y estuches / Maletas;Bolsos;Maletín de terreno;Unidad;1.0;77.597.711-6;SOCIEDAD COMERCIAL ROYAL SPA;349243.0;1.0
1057922-46-LE25;11;42172014;42172000;Equipamiento y suministros médicos / Artículos médicos para urgencias y atención en terreno / Kits para urgencias en terreno;Kits de transporte de pacientes para los servicios médicos de urgencias o accesorios;Maletín transporte de muestras;Unidad;1.0;;;0.0;0.0
1057922-46-LE25;12;46151711;46151700;Equipos y suministros de defensa, orden público, protección y seguridad / Equipos para orden público / Equipo forense, accesorios y suministros;Reveladores de huellas de pies;Podoscopio;Unidad;1.0;77.597.711-6;SOCIEDAD COMERCIAL ROYAL SPA;125126.0;1.0
1057922-46-LE25;13;41112213;41112200;Equipamiento para laboratorios / Instrumentos de medida y experimentación / Instrumentos para medir temperatura y calor;Termómetros de mano;Termohigrómetro digital;Unidad;1.0;;;0.0;0.0
1057922-46-LE25;14;42192210;42192200;Equipamiento y suministros médicos / Equipamiento para instalaciones médicas / Artículos para transporte de paciente;Sillas de ruedas;Set Silla de ruedas;Unidad;1.0;;;0.0;0.0
1057922-46-LE25;15;42221609;42221600;Equipamiento y suministros médicos / Productos administrados por vía intravenosa y arterial / Tuberías, juegos de administración y productos relacionados intravenosos y arteriales;Juegos de administración de tubos arteriales o intravenosos;Soporte suero;Unidad;1.0;;;0.0;0.0
1057922-46-LE25;16;41114509;41114500;Equipamiento para laboratorios / Instrumentos de medida y experimentación / Instrumentos mecánicos;Tensiómetros;Tensiómetro digital;Unidad;1.0;92.999.000-5;IMPORTADORA Y DISTRIBUIDORA ARQUIMED LTDA;210000.0;1.0
1057922-46-LE25;17;42182304;42182300;Equipamiento y suministros médicos / Productos para exámenes y control de pacientes / Productos para examen neurológico;Sets o kits de pruebas psicodiagnósticas;Set Test Desarrollo Psicomotor Infantil;Unidad;1.0;77.597.711-6;SOCIEDAD COMERCIAL ROYAL SPA;195275.0;1.0
1057922-46-LE25;18;42142601;42142600;Equipamiento y suministros médicos / Suministros y productos clínicos / Jeringas y accesorios;Jeringas médicas de aspiración o irrigación;Bomba aspiración;Unidad;1.0;;;0.0;0.0
1057922-46-LE25;19;42182602;42182600;Equipamiento y suministros médicos / Productos para exámenes y control de pacientes / Lámparas para examen médico;Lámparas o luces instaladas de examen médico;Lámpara de examen;Unidad;2.0;93.020.000-k;TECNIGEN S A;925000.0;2.0
1057922-46-LE25;20;42182005;42182000;Equipamiento y suministros médicos / Productos para exámenes y control de pacientes / Espéculos y accesorios para auscultación médica;Oftalmoscopios o otoscopios o juegos de scopios;Set de oto-oftalmoscopio mural;Unidad;2.0;92.999.000-5;IMPORTADORA Y DISTRIBUIDORA ARQUIMED LTDA;1090000.0;2.0
1057922-46-LE25;21;42172101;42172100;Equipamiento y suministros médicos / Artículos médicos para urgencias y atención en terreno / Productos de resucitación de emergencia;Desfibriladores externos automatizados (AED) o paletas rígidas;Monitor desfibrilador;Unidad;1.0;92.999.000-5;IMPORTADORA Y DISTRIBUIDORA ARQUIMED LTDA;5998000.0;1.0
1057922-46-LE25;22;42181904;42181900;Equipamiento y suministros médicos / Productos para exámenes y control de pacientes / Unidades de control de cuidado intenso y productos relacionados;Unidades de transporte o de señales vitales móviles de multiparámetro o accesorios;Monitor signos vitales básico;Unidad;3.0;96.533.330-4;HEMISFERIO SUR S.A.;1700000.0;3.0
1057922-46-LE25;23;42201812;42201800;Equipamiento y suministros médicos / Productos para imágenes y de medicina nuclear / Artículos radiográficos de diagnóstico médico;Mesas, repisas, sillas o armarios de radiografía médica, o accesorios;Negatoscopio;Unidad;3.0;;;0.0;0.0
1057922-46-LE25;24;24131501;24131500;Equipamiento para manejo y estiba de materiales / Refrigeración industrial / Refrigeradores industriales;Refrigerador y congelador combinado;Refrigerador clínico;Unidad;1.0;92.999.000-5;IMPORTADORA Y DISTRIBUIDORA ARQUIMED LTDA;1564900.0;1.0
1077241-16-LE25;1;82121507;82121500;Servicios editoriales, de diseño, publicidad, gráficos y artistas / Servicios de impresión y reproducción / Impresión;Impresión de papelería o formularios comerciales;Cuadernillo de Salud personalizado;Unidad;1000.0;;;0.0;0.0
1077241-16-LE25;2;82121505;82121500;Servicios editoriales, de diseño, publicidad, gráficos y artistas / Servicios de impresión y reproducción / Impresión;Impresión promocional o publicitaria;Bolsas de algodón personalizadas;Unidad;300.0;76.215.975-9;PROMO GIFT SPA;1.0;300.0
1077241-16-LE25;3;82121505;82121500;Servicios editoriales, de diseño, publicidad, gráficos y artistas / Servicios de impresión y reproducción / Impresión;Impresión promocional o publicitaria;Pendones informativos;Unidad;15.0;;;0.0;0.0
1077241-16-LE25;4;82121507;82121500;Servicios editoriales, de diseño, publicidad, gráficos y artistas / Servicios de impresión y reproducción / Impresión;Impresión de papelería o formularios comerciales;Carpetas de cartón personalizadas;Unidad;200.0;;;0.0;0.0
1077241-16-LE25;5;82121505;82121500;Servicios editoriales, de diseño, publicidad, gráficos y artistas / Servicios de impresión y reproducción / Impresión;Impresión promocional o publicitaria;Botellas térmicas de vidrio personalizadas;Unidad;100.0;;;0.0;0.0
1077241-16-LE25;6;82121505;82121500;Servicios editoriales, de diseño, publicidad, gráficos y artistas / Servicios de impresión y reproducción / Impresión;Impresión promocional o publicitaria;Set artículos de uso general y oficina personalizados;Unidad;1.0;76.215.975-9;PROMO GIFT SPA;1.0;1.0
1077241-16-LE25;7;82121505;82121500;Servicios editoriales, de diseño, publicidad, gráficos y artistas / Servicios de impresión y reproducción / Impresión;Impresión promocional o publicitaria;Lápices personalizados;Unidad;1000.0;;;0.0;0.0
1057532-67-LE25;1;53102702;53102700;Ropa, maletas y productos de aseo personal / Ropa / Uniformes;Uniformes varios;Set Vestuario Clínico;Unidad;1.0;;;0.0;0.0
1057532-67-LE25;2;53102702;53102700;Ropa, maletas y productos de aseo personal / Ropa / Uniformes;Uniformes varios;Pantalón cargo Color Gris;Unidad;152.0;76.051.595-7;FERNANDO PATRICIO IRIGOIN BIDEGAIN EMPRESA INDIVIDUAL DE RESPONSABILID;20500.0;152.0
1057532-67-LE25;3;53102702;53102700;Ropa, maletas y productos de aseo personal / Ropa / Uniformes;Uniformes varios;Pantalón de Cocina Color Blanco;Unidad;51.0;;;0.0;0.0
1057922-44-R125;1;24131501;24131500;Equipamiento para manejo y estiba de materiales / Refrigeración industrial / Refrigeradores industriales;Refrigerador y congelador combinado;Congelador Doméstico;Unidad;1.0;;;0.0;0.0
1057922-44-R125;2;24131501;24131500;Equipamiento para manejo y estiba de materiales / Refrigeración industrial / Refrigeradores industriales;Refrigerador y congelador combinado;Freezer;Unidad;1.0;;;0.0;0.0
1057922-44-R125;3;24131501;24131500;Equipamiento para manejo y estiba de materiales / Refrigeración industrial / Refrigeradores industriales;Refrigerador y congelador combinado;Frigobar;Unidad;2.0;;;0.0;0.0
1057922-44-R125;4;52141523;52141500;Muebles, accesorios, electrodomésticos y productos electrónicos / Aparatos electrodomésticos / Electrodomésticos para cocina;Hervidores y teteras;Hervidor Eléctrico 2L;Unidad;3.0;;;0.0;0.0
1057922-44-R125;5;52141519;52141500;Muebles, accesorios, electrodomésticos y productos electrónicos / Aparatos electrodomésticos / Electrodomésticos para cocina;Hornos de convección domésticos;Horno Eléctrico;Unidad;2.0;;;0.0;0.0
1057922-44-R125;6;47111502;47111500;Equipos y suministros de limpieza / Equipo industrial de lavandería y limpieza en seco / Equipos de lavado y secado;Lavadoras tipo lavandería;Lavadora;Unidad;1.0;;;0.0;0.0
1057922-44-R125;7;52141502;52141500;Muebles, accesorios, electrodomésticos y productos electrónicos / Aparatos electrodomésticos / Electrodomésticos para cocina;Hornos microondas domésticos;Microondas;Unidad;1.0;77.597.711-6;SOCIEDAD COMERCIAL ROYAL SPA;150199.0;1.0
1057922-44-R125;8;24131501;24131500;Equipamiento para manejo y estiba de materiales / Refrigeración industrial / Refrigeradores industriales;Refrigerador y congelador combinado;Refrigerador;Unidad;1.0;;;0.0;0.0
1057922-44-R125;9;24131501;24131500;Equipamiento para manejo y estiba de materiales / Refrigeración industrial / Refrigeradores industriales;Refrigerador y congelador combinado;Refrigerador 120 Lts;Unidad;1.0;;;0.0;0.0
1057922-44-R125;10;24131501;24131500;Equipamiento para manejo y estiba de materiales / Refrigeración industrial / Refrigeradores industriales;Refrigerador y congelador combinado;Refrigerador Doméstico;Unidad;1.0;;;0.0;0.0
1057922-44-R125;11;24131501;24131500;Equipamiento para manejo y estiba de materiales / Refrigeración industrial / Refrigeradores industriales;Refrigerador y congelador combinado;Refrigerador mediano;Unidad;3.0;;;0.0;0.0
1057922-44-R125;12;52161505;52161500;Muebles, accesorios, electrodomésticos y productos electrónicos / Equipos y accesorios audiovisuales / Equipos audiovisuales y de electrónica menor;Televisores convencionales, de plasma y LCD;"Televisor 43""";Unidad;6.0;;;0.0;0.0
1057922-44-R125;13;52161505;52161500;Muebles, accesorios, electrodomésticos y productos electrónicos / Equipos y accesorios audiovisuales / Equipos audiovisuales y de electrónica menor;Televisores convencionales, de plasma y LCD;"Televisor 50""";Unidad;10.0;;;0.0;0.0
1057922-44-R125;14;52141523;52141500;Muebles, accesorios, electrodomésticos y productos electrónicos / Aparatos electrodomésticos / Electrodomésticos para cocina;Hervidores y teteras;Termohervidor;Unidad;3.0;;;0.0;0.0
1057922-44-R125;15;52141523;52141500;Muebles, accesorios, electrodomésticos y productos electrónicos / Aparatos electrodomésticos / Electrodomésticos para cocina;Hervidores y teteras;Termohervidor básico;Unidad;1.0;77.597.711-6;SOCIEDAD COMERCIAL ROYAL SPA;75094.0;1.0
1057532-103-LE25;1;42211504;42211500;Equipamiento y suministros médicos / Ayuda para personas con discapacidad / Artículos de ayuda para desplazamiento de discapacitados;Ayudas para estar de pie;Bastón Codera Fija talla M (Geriátrico);Unidad;326.0;59.106.780-k;GLOBAL HEALTHCARE CHILE L P OFICINA DE REPRESENTACION EN CHILE;5882.0;326.0
1057532-103-LE25;2;42192210;42192200;Equipamiento y suministros médicos / Equipamiento para instalaciones médicas / Artículos para transporte de paciente;Sillas de ruedas;Sillas de Ruedas estándar Rurales;Unidad;171.0;59.106.780-k;GLOBAL HEALTHCARE CHILE L P OFICINA DE REPRESENTACION EN CHILE;135800.0;171.0
1057532-75-LP25;1;43211507;43211500;Tecnologías de la información, telecomunicaciones y radiodifusión / Equipos informáticos y accesorios / Computadores;Computadores de escritorio;ARRIENDO DE 159 EQUIPOS COMPUTACIONALES AIO CON PLATAFORMA DE SEGUIMIENTO DE REQUERIMIENTOS PARA ESTABLECIMIENTOS DEPENDIENTES DE LA DIRECCIÓN DE SERVICIO DE SALUD OSORNO, POR 36 MESES;Unidad;159.0;;;0.0;0.0
1057532-84-LP25;1;73152101;73152100;Servicios de producción y fabricación industrial / Servicios de apoyo o soporte a la fabricación / Servicios de mantenimiento y reparación de equipo de fabricación;Servicio de mantenimiento de equipo de fabricación;Mantención Autoclaves marca Steelco y Melag;Unidad;40.0;76.142.730-k;GEMCO GENERAL MACHINERY S.A.;1.0;1.0
1057532-84-LP25;2;73152101;73152100;Servicios de producción y fabricación industrial / Servicios de apoyo o soporte a la fabricación / Servicios de mantenimiento y reparación de equipo de fabricación;Servicio de mantenimiento de equipo de fabricación;Mantención Autoclaves marca Tuttnauer;Unidad;8.0;;;0.0;0.0
1057532-84-LP25;3;73152101;73152100;Servicios de producción y fabricación industrial / Servicios de apoyo o soporte a la fabricación / Servicios de mantenimiento y reparación de equipo de fabricación;Servicio de mantenimiento de equipo de fabricación;Mantención Autoclaves marca Matachana;Unidad;2.0;;;0.0;0.0
1057532-84-LP25;4;73152101;73152100;Servicios de producción y fabricación industrial / Servicios de apoyo o soporte a la fabricación / Servicios de mantenimiento y reparación de equipo de fabricación;Servicio de mantenimiento de equipo de fabricación;Mantención Planta de Tratamiento de Agua, marca RO PURYTAS;Unidad;20.0;;;0.0;0.0
1057532-94-LP25;1;26111602;26111600;Maquinaria para generación y distribución de energía / Transmisión de energía eléctrica, mecánica y cinética / Grupos electrógenos;Generadores hidroeléctricos;Convenio de Servicios de Mantención de Grupos Electrógenos de establecimientos dependientes del Servicio de Salud Osorno, periodo 2026-2027.;Unidad;1.0;76.426.817-2;Genset Energy Solutions Ltda.;1.0;1.0
1057727-4-LE25;1;80141607;80141600;Servicios profesionales, administrativos y consultorías de gestión empresarial / Servicios para la comercialización y distribución / Ventas y marketing;Producción de eventos;SERVICIO ORGANIZACIÓN EVENTO CELEBRACIÓN NAVIDAD;Unidad;1.0;76.395.187-1;PRODUCTORA  EL GRINGO LIMITADA;11760000.0;1.0
1057727-4-LE25;2;91111603;91111600;Servicios de cuidado personal y domésticos / Servicio doméstico y de cuidados / Asistencia y cuidado doméstico;Servicios de cocina o preparación de comidas;SERVICIO ALIMENTACIÓN CELEBRACIÓN NAVIDAD;Unidad;1.0;;;0.0;0.0
1077241-18-CO25;1;85122201;85122200;Salud, servicios sanitarios y alimentación / Medicina y servicios de salud / Evaluaciones de salud individuales;Exámenes médicos;SERVICIO DE ENDOSCOPIA DIGESTIVA ALTAPARA PACIENTES DE   HOSPITALES PTO. OCTAY, QUILACAHUIN Y FUTA SRUKA LAWENCHE DE LA RED DEL SERVICIO DE SALUD OSORNO;Unidad;1.0;;;0.0;0.0
1057922-54-LE25;1;42182805;42182800;Equipamiento y suministros médicos / Productos para exámenes y control de pacientes / Básculas o balanzas médicas;Básculas de piso de paciente;BALANZA ADULTO CON TALLÍMETRO;Unidad;5.0;96.713.880-0;CHILECOM S A;420000.0;5.0
1057922-54-LE25;2;42192207;42192200;Equipamiento y suministros médicos / Equipamiento para instalaciones médicas / Artículos para transporte de paciente;Camillas de paciente o accesorios de camilla;CAMILLA DE EXAMEN;Unidad;4.0;;;0.0;0.0
1057922-54-LE25;3;42295106;42295100;Equipamiento y suministros médicos / Productos quirúrgicos / Equipo quirúrgico, accesorios y productos relacionados;Bandejas mayo de regazo o estantes mayo para uso quirúrgico;MESA MAYO;Unidad;1.0;;;0.0;0.0
1057922-54-LE25;4;42192210;42192200;Equipamiento y suministros médicos / Equipamiento para instalaciones médicas / Artículos para transporte de paciente;Sillas de ruedas;SET SILLAS DE RUEDA;Unidad;1.0;;;0.0;0.0
1057922-54-LE25;5;42182005;42182000;Equipamiento y suministros médicos / Productos para exámenes y control de pacientes / Espéculos y accesorios para auscultación médica;Oftalmoscopios o otoscopios o juegos de scopios;OTO-OFTALMOSCOPIO;Unidad;1.0;92.999.000-5;IMPORTADORA Y DISTRIBUIDORA ARQUIMED LTDA;1050000.0;1.0
1057922-54-LE25;6;42182704;42182700;Equipamiento y suministros médicos / Productos para exámenes y control de pacientes / Dispositivos de medición de talla;Calibradores de pliegue de piel;CALIPER PLIEGUES CUTÁNEOS;Unidad;1.0;;;0.0;0.0
1057922-54-LE25;7;60141102;60141100;Instrumentos musicales, juegos, juguetes, artesanías y materiales educativos / Juguetes y juegos / Juegos;Juegos de mesa;SET DE JUEGOS DE MESA;Unidad;3.0;76.205.137-0;COMERCIAL INTERMEDICA LIMITADA;104870.0;3.0
1057922-54-LE25;8;60141102;60141100;Instrumentos musicales, juegos, juguetes, artesanías y materiales educativos / Juguetes y juegos / Juegos;Juegos de mesa;EQUIPAMIENTO ESTIMULACIÓN COGNITIVA Y RECREACIÓN TERAPÉUTICA;Unidad;1.0;;;0.0;0.0
1057922-54-LE25;9;42251503;42251500;Equipamiento y suministros médicos / Productos de rehabilitación, terapia ocupacional y física / Productos de terapia y evaluación sensorial, perceptual, cognitiva y de desteridad;Juegos terapéuticos;EQUIPAMIENTO ESTIMULACIÓN PSICOMOTRIZ Y DE MOVIMIENTO;Unidad;1.0;;;0.0;0.0
1057922-54-LE25;10;42251503;42251500;Equipamiento y suministros médicos / Productos de rehabilitación, terapia ocupacional y física / Productos de terapia y evaluación sensorial, perceptual, cognitiva y de desteridad;Juegos terapéuticos;EQUIPAMIENTO ESTIMULACIÓN SENSORIAL Y VESTIBULAR;Unidad;1.0;76.275.329-4;COMERCIALIZADORA DE EQUIPAMIENTO MEDICO JOSE RODRIGO ECHEGOYEN BRAVO E;2460000.0;1.0
1057922-54-LE25;11;42251601;42251600;Equipamiento y suministros médicos / Productos de rehabilitación, terapia ocupacional y física / Equipo y dispositivos para ejercicios de rehabilitación;Vigas o tablas de balance, cojines anchos o balancines para rehabilitación o terapia;VIGA DE EQUILIBRIO;Unidad;1.0;76.205.137-0;COMERCIAL INTERMEDICA LIMITADA;213700.0;1.0
1057532-70-R125;1;73152101;73152100;Servicios de producción y fabricación industrial / Servicios de apoyo o soporte a la fabricación / Servicios de mantenimiento y reparación de equipo de fabricación;Servicio de mantenimiento de equipo de fabricación;Mantención Equipos de Rayos X Dental;Unidad;12.0;;;0.0;0.0
1057532-70-R125;2;73152101;73152100;Servicios de producción y fabricación industrial / Servicios de apoyo o soporte a la fabricación / Servicios de mantenimiento y reparación de equipo de fabricación;Servicio de mantenimiento de equipo de fabricación;Mantención Equipos de Rayos X Osteopulmonar Marca SG Healthcare;Unidad;8.0;;;0.0;0.0
1057532-70-R125;3;73152101;73152100;Servicios de producción y fabricación industrial / Servicios de apoyo o soporte a la fabricación / Servicios de mantenimiento y reparación de equipo de fabricación;Servicio de mantenimiento de equipo de fabricación;Mantención Equipo de Rayos X Osteopulmonar Marca General Electric;Unidad;3.0;79.555.420-3;SOC DE INGENIERIA Y SERVICIOS HOGG Y SERRANO LIMITADA;1.0;1.0
1057532-70-R125;4;73152101;73152100;Servicios de producción y fabricación industrial / Servicios de apoyo o soporte a la fabricación / Servicios de mantenimiento y reparación de equipo de fabricación;Servicio de mantenimiento de equipo de fabricación;Mantención Ecógrafos Marca Siemens;Unidad;8.0;;;0.0;0.0
1057532-70-R125;5;73152101;73152100;Servicios de producción y fabricación industrial / Servicios de apoyo o soporte a la fabricación / Servicios de mantenimiento y reparación de equipo de fabricación;Servicio de mantenimiento de equipo de fabricación;Mantención Ecógrafos Marca General Electric;Unidad;14.0;;;0.0;0.0
