id,unidad_compra,id_proyecto,codigo_presupuestario,nombre_proyecto,cantidad_items,nombre_item,monto_unitario_item,monto_total_item,nombre_responsable,cargo_responsable,fecha_inicio_compra,depto,sub,unidad,tipo_proyecto,pac,cantidad_oc,meses_envio_oc
1,Bienes y Servicios,1057532-496-PC26,2524,Adquisicion Licencias de Software GstarCAD por 24 meses,1,Software,517242,15000018,Alejandro Nuñez,Encargado Gestión De Sistemas,2026-06-01 00:00:00,DEPARTAMENTO DE TECNOLOGIAS DE LA INFORMACION Y COMUNICACION,SUBDIRECCION ADMINISTRATIVA,TIC,Proyecto operacional,2026,1,2026-09-01 00:00:00
2,Bienes y Servicios,1057532-497-PC26,2525,Adquisicion Licencias de Software ArchiCAD por 24 meses,1,Licencia,6000000,30000000,Alejandro Nuñez,Encargado Gestión De Sistemas,2026-06-01 00:00:00,DEPARTAMENTO DE TECNOLOGIAS DE LA INFORMACION Y COMUNICACION,SUBDIRECCION ADMINISTRATIVA,TIC,Proyecto operacional,2026,1,2026-07-01 00:00:00
3,Bienes y Servicios,1057532-525-PC26,22.04.009,ADQUISICIÓN DISPOSITIVOS DE ALMACENAMIENTO PARA HABILITACION DE EQUIPOS COMPUTACIONALES,1,Disco Duros,88750,3550000,Alejandro Nuñez,Encargado Gestión De Sistemas,2026-03-01 00:00:00,DEPARTAMENTO DE TECNOLOGIAS DE LA INFORMACION Y COMUNICACION,SUBDIRECCION ADMINISTRATIVA,TIC,Proyecto operacional,2026,1,2026-03-01 00:00:00
4,Activos Fijos,1057922-21-PC26,2518,Adquisicion equipamiento Servidor NAS y almacenamiento extra para respaldo y seguridad de la información,2,Servidor,15000000,15000000,Alejandro Nuñez,Encargado Gestión De Sistemas,2026-03-01 00:00:00,DEPARTAMENTO DE TECNOLOGIAS DE LA INFORMACION Y COMUNICACION,SUBDIRECCION ADMINISTRATIVA,TIC,Proyecto operacional,2026,1,2026-03-01 00:00:00
5,Activos Fijos,1057922-21-PC26,2518,Adquisicion equipamiento Servidor NAS y almacenamiento extra para respaldo y seguridad de la información,2,Disco Duro,500000,1000000,Alejandro Nuñez,Encargado Gestión De Sistemas,2026-03-01 00:00:00,DEPARTAMENTO DE TECNOLOGIAS DE LA INFORMACION Y COMUNICACION,SUBDIRECCION ADMINISTRATIVA,TIC,Proyecto operacional,2026,1,2026-03-01 00:00:00
6,Bienes y Servicios,1057532-19-PC26,22.04.999,Adquisición de huelleros de licencia médica electrónica para reposición,1,Huellero,95000,1900000,Alejandro Nuñez,Encargado Gestión de Sistemas y Seg. Inf.,2026-05-01 00:00:00,DEPARTAMENTO DE TECNOLOGIAS DE LA INFORMACION Y COMUNICACION,SUBDIRECCION ADMINISTRATIVA,TIC,Proyecto operacional,2026,1,2026-05-01 00:00:00
7,Bienes y Servicios,1057532-21-PC26,22.04.009,Adquisición de unidades de almacenamiento SSD Externas (USB),1,Disco SSD USB,145000,3625000,Alejandro Nuñez,Encargado Gestión de Sistemas y Seg. Inf.,2026-04-01 00:00:00,DEPARTAMENTO DE TECNOLOGIAS DE LA INFORMACION Y COMUNICACION,SUBDIRECCION ADMINISTRATIVA,TIC,Proyecto operacional,2026,1,2026-04-01 00:00:00
8,Bienes y Servicios,1057532-27-PC26,22.04.009,Adquisición de discos SSD stock Subdepto. Soporte,1,Disco SSD SATA 2.5,140000,7000000,Alejandro Nuñez,Encargado Gestión de Sistemas y Seg. Inf.,2026-04-01 00:00:00,DEPARTAMENTO DE TECNOLOGIAS DE LA INFORMACION Y COMUNICACION,SUBDIRECCION ADMINISTRATIVA,TIC,Proyecto operacional,2026,1,2026-04-01 00:00:00
9,Activos Fijos,1057922-2-PC26,31.02.006,Adquisición Equipos TIC para la implementacion de Angiógrafo del Hospital Base SAn Jose de Osorno,1,Equipos - de Proyectos,974391,14615865,Alejandro Nuñez,Depto. Tecnologías de la Información y Comunicaciones,2026-06-01 00:00:00,DEPARTAMENTO DE TECNOLOGIAS DE LA INFORMACION Y COMUNICACION,SUBDIRECCION ADMINISTRATIVA,TIC,Proyecto operacional,2026,1,2026-06-01 00:00:00
10,Bienes y Servicios,1057532-96-PC26,22.09.006,Convenio - Arriendo Equipos Computacionales para la Dirección de Servicio de Salud Osorno,2,Computador AIO,2096290,1281066,Alejandro Nuñez,Jefe Depto. Tecnologías de la Información y Comunicaiciones,2026-06-01 00:00:00,DEPARTAMENTO DE TECNOLOGIAS DE LA INFORMACION Y COMUNICACION,SUBDIRECCION ADMINISTRATIVA,TIC,Proyecto operacional,2026,29,"01-12-2026,01-01-2027,01-02-2027,01-03-2027,01-04-2027,01-05-2027,01-06-2027,01-07-2027,01-08-2027,01-09-2027,01-10-2027,01-11-2027,01-12-2027,01-01-2028,01-02-2028,01-03-2028,01-04-2028,01-05-2028,01-06-2028,01-07-2028,01-08-2028,01-09-2028,01-10-2028,01-11-2028,01-12-2028,01-01-2029,01-02-2029,01-03-2029,01-04-2029"
11,Bienes y Servicios,1057532-96-PC26,22.09.006,Convenio - Arriendo Equipos Computacionales para la Dirección de Servicio de Salud Osorno,2,Notebook,3572340,369552,Alejandro Nuñez,Jefe Depto. Tecnologías de la Información y Comunicaiciones,2026-11-01 00:00:00,DEPARTAMENTO DE TECNOLOGIAS DE LA INFORMACION Y COMUNICACION,SUBDIRECCION ADMINISTRATIVA,TIC,Proyecto operacional,2026,29,"01-12-2026,01-01-2027,01-02-2027,01-03-2027,01-04-2027,01-05-2027,01-06-2027,01-07-2027,01-08-2027,01-09-2027,01-10-2027,01-11-2027,01-12-2027,01-01-2028,01-02-2028,01-03-2028,01-04-2028,01-05-2028,01-06-2028,01-07-2028,01-08-2028,01-09-2028,01-10-2028,01-11-2028,01-12-2028,01-01-2029,01-02-2029,01-03-2029,01-04-2029"
12,Bienes y Servicios,1057532-99-PC26,22.09.006,Adquisicion en modalidad de arriendo de 10 Computadores para Proyecto Angiografo del Hospital Base San Jose de Osorno,1,Computadores,2096286,4076107,Alejandro Nuñez,Depto. Tecnologías de la Información y Comunicaciones,2026-05-01 00:00:00,DEPARTAMENTO DE TECNOLOGIAS DE LA INFORMACION Y COMUNICACION,SUBDIRECCION ADMINISTRATIVA,TIC,Proyecto operacional,2026,35,"01-06-2026,01-07-2026,01-08-2026,01-09-2026,01-10-2026,01-11-2026,01-12-2026,01-01-2027,01-02-2027,01-03-2027,01-04-2027,01-05-2027,01-06-2027,01-07-2027,01-08-2027,01-09-2027,01-10-2027,01-11-2027,01-12-2027,01-01-2028,01-02-2028,01-03-2028,01-04-2028,01-05-2028,01-06-2028,01-07-2028,01-08-2028,01-09-2028,01-10-2028,01-11-2028,01-12-2028,01-01-2029,01-02-2029,01-03-2029,01-04-2029"
13,Bienes y Servicios,1057532-193-PC25,22.09.006,Convenio - ARRIENDO 159 EQUIPOS PC AIO PARA APOYAR LOS PORCESOS CLINICOS Y ADMINISTRATIVOS,2,Insumos,2096280,111102840,Alvaro Montecinos,Jefe (S) Subdepto. Soporte TIC,2025-08-01 00:00:00,DEPARTAMENTO DE TECNOLOGIAS DE LA INFORMACION Y COMUNICACION,SUBDIRECCION ADMINISTRATIVA,TIC,Proyecto operacional,2026,1,"01-01-2026,01-02-2026,01-03-2026,01-04-2026,01-05-2026,01-06-2026,01-07-2026,01-08-2026,01-09-2026,01-10-2026,01-11-2026,01-12-2026,01-01-2027,01-02-2027,01-03-2027,01-04-2027,01-05-2027,01-06-2027,01-07-2027,01-08-2027,01-09-2027,01-10-2027,01-11-2027,01-12-2027,01-01-2028,01-02-2028,01-03-2028,01-04-2028,01-05-2028,01-06-2028,01-07-2028,01-08-2028"
14,Bienes y Servicios,1057532-24-PC26,22.11.003,Licencias Office 365,1,Licencias,130000,20670000,Alvaro Montecinos,Jefe (S) Subdepto. Soporte TIC,2026-06-01 00:00:00,DEPARTAMENTO DE TECNOLOGIAS DE LA INFORMACION Y COMUNICACION,SUBDIRECCION ADMINISTRATIVA,TIC,Proyecto operacional,2026,1,2026-06-01 00:00:00
15,Bienes y Servicios,1057532-25-PC26,22.11.003,Licencias Antivirus,1,Licencias,10000,1600000,Alvaro Montecinos,Jefe (S) Subdepto. Soporte TIC,2026-06-01 00:00:00,DEPARTAMENTO DE TECNOLOGIAS DE LA INFORMACION Y COMUNICACION,SUBDIRECCION ADMINISTRATIVA,TIC,Proyecto operacional,2026,1,2026-06-01 00:00:00
16,Bienes y Servicios,1057532-79-PC26,22.04.009,adquisición cables de red usercord y patchcord,1,"Insumos, Repuestos y Accesorios Computacionales",2900,435000,Alvaro Montecinos,Jefe (S) Subdepto. Soporte TIC,2026-05-01 00:00:00,DEPARTAMENTO DE TECNOLOGIAS DE LA INFORMACION Y COMUNICACION,SUBDIRECCION ADMINISTRATIVA,TIC,Proyecto operacional,2026,1,2026-05-01 00:00:00
17,Activos Fijos,1057922-3-PC26,31.02.006,Equipos Videoconferencia COSAM Rahue,1,Video Conferencia,6300000,12600000,Alvaro Montecinos,Jefe (S) Subdepto. Soporte TIC,2026-05-01 00:00:00,DEPARTAMENTO DE TECNOLOGIAS DE LA INFORMACION Y COMUNICACION,SUBDIRECCION ADMINISTRATIVA,TIC,Proyecto operacional,2026,1,2026-05-01 00:00:00
18,Activos Fijos,1057922-25-PC26,31.02.006,Adquisición Equipos TIC Proyecto CESFAM-SAR Rahue Alto,1,Equipos - de Proyectos,976524,166009080,Alvaro Montecinos,Jefe (S) Subdepto. Soporte TIC,2026-07-01 00:00:00,DEPARTAMENTO DE TECNOLOGIAS DE LA INFORMACION Y COMUNICACION,SUBDIRECCION ADMINISTRATIVA,TIC,Proyecto operacional,2026,1,2026-07-01 00:00:00
19,Activos Fijos,1057922-26-PC26,31.02.006,Equipos TIC CECOSF EL ENCANTO,1,Equipos - de Proyectos,846250,6770000,Alvaro Montecinos,Jefe (S) Subdepto. Soporte TIC,2026-04-01 00:00:00,DEPARTAMENTO DE TECNOLOGIAS DE LA INFORMACION Y COMUNICACION,SUBDIRECCION ADMINISTRATIVA,TIC,Proyecto operacional,2026,1,2026-04-01 00:00:00
20,Bienes y Servicios,1057532-581-PC26,2281,CONTRIBUYENDO A LA POLITICA PÚBLICA EN REPARACIÓN CON USUARIOS/AS PRAIS,23,Material Ergoterapia,10215,715050,Ana María Diaz,Coordinadora,2026-03-01 00:00:00,PRAIS,SUBDIRECCION DE GESTION ASISTENCIAL,PRAIS,Proyecto operacional,2026,1,2026-04-01 00:00:00
21,Bienes y Servicios,1057532-581-PC26,2281,CONTRIBUYENDO A LA POLITICA PÚBLICA EN REPARACIÓN CON USUARIOS/AS PRAIS,23,Artículos de Librería,3850,308000,Ana María Diaz,Coordinadora,2026-03-01 00:00:00,PRAIS,SUBDIRECCION DE GESTION ASISTENCIAL,PRAIS,Proyecto operacional,2026,1,2026-04-01 00:00:00
22,Bienes y Servicios,1057532-581-PC26,2281,CONTRIBUYENDO A LA POLITICA PÚBLICA EN REPARACIÓN CON USUARIOS/AS PRAIS,23,Artículos de Oficina,2072,145040,Ana María Diaz,Coordinadora,2026-03-01 00:00:00,PRAIS,SUBDIRECCION DE GESTION ASISTENCIAL,PRAIS,Proyecto operacional,2026,1,2026-04-01 00:00:00
23,Bienes y Servicios,1057532-581-PC26,2281,CONTRIBUYENDO A LA POLITICA PÚBLICA EN REPARACIÓN CON USUARIOS/AS PRAIS,23,Materiales de Oficina,3850,385000,Ana María Diaz,Coordinadora,2026-03-01 00:00:00,PRAIS,SUBDIRECCION DE GESTION ASISTENCIAL,PRAIS,Proyecto operacional,2026,1,2026-04-01 00:00:00
24,Bienes y Servicios,1057532-581-PC26,2281,CONTRIBUYENDO A LA POLITICA PÚBLICA EN REPARACIÓN CON USUARIOS/AS PRAIS,23,Pila,8750,70000,Ana María Diaz,Coordinadora,2026-03-01 00:00:00,PRAIS,SUBDIRECCION DE GESTION ASISTENCIAL,PRAIS,Proyecto operacional,2026,1,2026-04-01 00:00:00
25,Bienes y Servicios,1057532-581-PC26,2281,CONTRIBUYENDO A LA POLITICA PÚBLICA EN REPARACIÓN CON USUARIOS/AS PRAIS,23,Alcohol gel,35000,35000,Ana María Diaz,Coordinadora,2026-03-01 00:00:00,PRAIS,SUBDIRECCION DE GESTION ASISTENCIAL,PRAIS,Proyecto operacional,2026,1,2026-04-01 00:00:00
26,Bienes y Servicios,1057532-581-PC26,2281,CONTRIBUYENDO A LA POLITICA PÚBLICA EN REPARACIÓN CON USUARIOS/AS PRAIS,23,Higiene,6313,1010080,Ana María Diaz,Coordinadora,2026-03-01 00:00:00,PRAIS,SUBDIRECCION DE GESTION ASISTENCIAL,PRAIS,Proyecto operacional,2026,1,2026-04-01 00:00:00
27,Bienes y Servicios,1057532-581-PC26,2281,CONTRIBUYENDO A LA POLITICA PÚBLICA EN REPARACIÓN CON USUARIOS/AS PRAIS,23,Insumos de Rehabilitación,8000,40000,Ana María Diaz,Coordinadora,2026-03-01 00:00:00,PRAIS,SUBDIRECCION DE GESTION ASISTENCIAL,PRAIS,Proyecto operacional,2026,1,2026-04-01 00:00:00
28,Bienes y Servicios,1057532-581-PC26,2281,CONTRIBUYENDO A LA POLITICA PÚBLICA EN REPARACIÓN CON USUARIOS/AS PRAIS,23,Mantención,5000000,5000000,Ana María Diaz,Coordinadora,2026-04-01 00:00:00,PRAIS,SUBDIRECCION DE GESTION ASISTENCIAL,PRAIS,Proyecto operacional,2026,1,2026-04-01 00:00:00
29,Bienes y Servicios,1057532-581-PC26,2281,CONTRIBUYENDO A LA POLITICA PÚBLICA EN REPARACIÓN CON USUARIOS/AS PRAIS,23,Servicio de Cafetería,500000,500000,Ana María Diaz,Coordinadora,2026-05-01 00:00:00,PRAIS,SUBDIRECCION DE GESTION ASISTENCIAL,PRAIS,Proyecto operacional,2026,1,2026-04-01 00:00:00
30,Bienes y Servicios,1057532-581-PC26,2281,CONTRIBUYENDO A LA POLITICA PÚBLICA EN REPARACIÓN CON USUARIOS/AS PRAIS,23,Petróleo,2500000,2500000,Ana María Diaz,Coordinadora,2026-05-01 00:00:00,PRAIS,SUBDIRECCION DE GESTION ASISTENCIAL,PRAIS,Proyecto operacional,2026,1,2026-04-01 00:00:00
31,Bienes y Servicios,1057532-581-PC26,2281,CONTRIBUYENDO A LA POLITICA PÚBLICA EN REPARACIÓN CON USUARIOS/AS PRAIS,23,Material promocional,500000,1000000,Ana María Diaz,Coordinadora,2026-05-01 00:00:00,PRAIS,SUBDIRECCION DE GESTION ASISTENCIAL,PRAIS,Proyecto operacional,2026,1,2026-04-01 00:00:00
32,Bienes y Servicios,1057532-581-PC26,2281,CONTRIBUYENDO A LA POLITICA PÚBLICA EN REPARACIÓN CON USUARIOS/AS PRAIS,23,Eventos y actividades,600000,600000,Ana María Diaz,Coordinadora,2026-05-01 00:00:00,PRAIS,SUBDIRECCION DE GESTION ASISTENCIAL,PRAIS,Proyecto operacional,2026,1,2026-04-01 00:00:00
33,Bienes y Servicios,1057532-581-PC26,2281,CONTRIBUYENDO A LA POLITICA PÚBLICA EN REPARACIÓN CON USUARIOS/AS PRAIS,23,Servicio Relatoría,1000000,1000000,Ana María Diaz,Coordinadora,2026-04-01 00:00:00,PRAIS,SUBDIRECCION DE GESTION ASISTENCIAL,PRAIS,Proyecto operacional,2026,1,2026-04-01 00:00:00
34,Bienes y Servicios,1057532-581-PC26,2281,CONTRIBUYENDO A LA POLITICA PÚBLICA EN REPARACIÓN CON USUARIOS/AS PRAIS,23,Capacitación,1000000,1000000,Ana María Diaz,Coordinadora,2026-05-01 00:00:00,PRAIS,SUBDIRECCION DE GESTION ASISTENCIAL,PRAIS,Proyecto operacional,2026,1,2026-04-01 00:00:00
35,Bienes y Servicios,1057532-581-PC26,2281,CONTRIBUYENDO A LA POLITICA PÚBLICA EN REPARACIÓN CON USUARIOS/AS PRAIS,23,Alimentación,4900,490000,Ana María Diaz,Coordinadora,2026-03-01 00:00:00,PRAIS,SUBDIRECCION DE GESTION ASISTENCIAL,PRAIS,Proyecto operacional,2026,1,2026-04-01 00:00:00
36,Bienes y Servicios,1057532-581-PC26,2281,CONTRIBUYENDO A LA POLITICA PÚBLICA EN REPARACIÓN CON USUARIOS/AS PRAIS,23,Contratación Monitores,2000000,2000000,Ana María Diaz,Coordinadora,2026-03-01 00:00:00,PRAIS,SUBDIRECCION DE GESTION ASISTENCIAL,PRAIS,Proyecto operacional,2026,1,2026-04-01 00:00:00
37,Bienes y Servicios,1057532-581-PC26,2281,CONTRIBUYENDO A LA POLITICA PÚBLICA EN REPARACIÓN CON USUARIOS/AS PRAIS,23,Servicio Odontológico,4000000,4000000,Ana María Diaz,Coordinadora,2026-05-01 00:00:00,PRAIS,SUBDIRECCION DE GESTION ASISTENCIAL,PRAIS,Proyecto operacional,2026,1,2026-04-01 00:00:00
38,Bienes y Servicios,1057532-581-PC26,2281,CONTRIBUYENDO A LA POLITICA PÚBLICA EN REPARACIÓN CON USUARIOS/AS PRAIS,23,Medicamentos,6000000,6000000,Ana María Diaz,Coordinadora,2026-04-01 00:00:00,PRAIS,SUBDIRECCION DE GESTION ASISTENCIAL,PRAIS,Proyecto operacional,2026,1,2026-04-01 00:00:00
39,Bienes y Servicios,1057532-581-PC26,2281,CONTRIBUYENDO A LA POLITICA PÚBLICA EN REPARACIÓN CON USUARIOS/AS PRAIS,23,Servicios Médicos,2000000,2000000,Ana María Diaz,Coordinadora,2026-04-01 00:00:00,PRAIS,SUBDIRECCION DE GESTION ASISTENCIAL,PRAIS,Proyecto operacional,2026,1,2026-04-01 00:00:00
40,Bienes y Servicios,1057532-581-PC26,2281,CONTRIBUYENDO A LA POLITICA PÚBLICA EN REPARACIÓN CON USUARIOS/AS PRAIS,23,Cera,20000,40000,Ana María Diaz,Coordinadora,2026-03-01 00:00:00,PRAIS,SUBDIRECCION DE GESTION ASISTENCIAL,PRAIS,Proyecto operacional,2026,1,2026-04-01 00:00:00
41,Bienes y Servicios,1057532-581-PC26,2281,CONTRIBUYENDO A LA POLITICA PÚBLICA EN REPARACIÓN CON USUARIOS/AS PRAIS,23,Bloqueador Solar,35000,35000,Ana María Diaz,Coordinadora,2026-03-01 00:00:00,PRAIS,SUBDIRECCION DE GESTION ASISTENCIAL,PRAIS,Proyecto operacional,2026,1,2026-04-01 00:00:00
42,Bienes y Servicios,1057532-581-PC26,2281,CONTRIBUYENDO A LA POLITICA PÚBLICA EN REPARACIÓN CON USUARIOS/AS PRAIS,23,Guantes,6500,156000,Ana María Diaz,Coordinadora,2026-03-01 00:00:00,PRAIS,SUBDIRECCION DE GESTION ASISTENCIAL,PRAIS,Proyecto operacional,2026,1,2026-04-01 00:00:00
43,Bienes y Servicios,1057532-31-PC26,22.04.009,CONTRIBUYENDO A LA POLITICA DE REPARACIÓN CON USUARIOS/AS PRAIS,8,Materiales y Útiles de Aseo,4306,620064,Ana María Diaz,COORDINADORA,2026-04-01 00:00:00,PRAIS,SUBDIRECCION DE GESTION ASISTENCIAL,PRAIS,Proyecto operacional,2026,1,2026-04-01 00:00:00
44,Bienes y Servicios,1057532-31-PC26,22.04.009,CONTRIBUYENDO A LA POLITICA DE REPARACIÓN CON USUARIOS/AS PRAIS,8,Materiales y Útiles de Aseo,4643,130004,Ana María Diaz,COORDINADORA,2026-06-01 00:00:00,PRAIS,SUBDIRECCION DE GESTION ASISTENCIAL,PRAIS,Proyecto operacional,2026,1,2026-04-01 00:00:00
45,Bienes y Servicios,1057532-31-PC26,22.04.009,CONTRIBUYENDO A LA POLITICA DE REPARACIÓN CON USUARIOS/AS PRAIS,8,Materiales y Útiles de Aseo,5778,364014,Ana María Diaz,COORDINADORA,2026-05-01 00:00:00,PRAIS,SUBDIRECCION DE GESTION ASISTENCIAL,PRAIS,Proyecto operacional,2026,1,2026-04-01 00:00:00
46,Bienes y Servicios,1057532-31-PC26,22.04.009,CONTRIBUYENDO A LA POLITICA DE REPARACIÓN CON USUARIOS/AS PRAIS,8,Otros Materiales de Uso o Consumo,5061,576954,Ana María Diaz,COORDINADORA,2026-05-01 00:00:00,PRAIS,SUBDIRECCION DE GESTION ASISTENCIAL,PRAIS,Proyecto operacional,2026,1,2026-04-01 00:00:00
47,Bienes y Servicios,1057532-31-PC26,22.04.009,CONTRIBUYENDO A LA POLITICA DE REPARACIÓN CON USUARIOS/AS PRAIS,8,Materiales de Oficina,11544,1950936,Ana María Diaz,COORDINADORA,2026-04-01 00:00:00,PRAIS,SUBDIRECCION DE GESTION ASISTENCIAL,PRAIS,Proyecto operacional,2026,1,2026-04-01 00:00:00
48,Bienes y Servicios,1057532-31-PC26,22.04.009,CONTRIBUYENDO A LA POLITICA DE REPARACIÓN CON USUARIOS/AS PRAIS,8,Otros Materiales de Uso o Consumo,9857,344995,Ana María Diaz,COORDINADORA,2026-04-01 00:00:00,PRAIS,SUBDIRECCION DE GESTION ASISTENCIAL,PRAIS,Proyecto operacional,2026,1,2026-04-01 00:00:00
49,Bienes y Servicios,1057532-31-PC26,22.04.009,CONTRIBUYENDO A LA POLITICA DE REPARACIÓN CON USUARIOS/AS PRAIS,8,Materiales de Oficina,32160,1608000,Ana María Diaz,COORDINADORA,2026-05-01 00:00:00,PRAIS,SUBDIRECCION DE GESTION ASISTENCIAL,PRAIS,Proyecto operacional,2026,1,2026-04-01 00:00:00
50,Bienes y Servicios,1057532-31-PC26,22.04.009,CONTRIBUYENDO A LA POLITICA DE REPARACIÓN CON USUARIOS/AS PRAIS,8,SELECCIONE...,23333,699990,Ana María Diaz,COORDINADORA,2026-05-01 00:00:00,PRAIS,SUBDIRECCION DE GESTION ASISTENCIAL,PRAIS,Proyecto operacional,2026,1,2026-04-01 00:00:00
51,Bienes y Servicios,1057532-540-PC26,22.01-22.04-22.11-22,"Compra de Servicio de Docencia, Relatoría, Consultoría, Alimentación y Compra de insumos Año 2026",10,Servicio Relatoría,1333334,40000020,Angela Montesinos,Encargada Control De Gestion De Compras Y De Presupuesto,2026-12-01 00:00:00,DEPARTAMENTO DE FORMACION Y CAPACITACION,SUBDIRECCION DE GESTION Y DESARROLLO DE LAS PERSONAS,FORMACION Y CAPACITACION,Proyecto operacional,2026,1,2026-12-01 00:00:00
52,Bienes y Servicios,1057532-540-PC26,22.01-22.04-22.11-22,"Compra de Servicio de Docencia, Relatoría, Consultoría, Alimentación y Compra de insumos Año 2026",10,Tarjetas de Alimentación,6000,1800000,Angela Montesinos,Encargada Control De Gestion De Compras Y De Presupuesto,2026-06-01 00:00:00,DEPARTAMENTO DE FORMACION Y CAPACITACION,SUBDIRECCION DE GESTION Y DESARROLLO DE LAS PERSONAS,FORMACION Y CAPACITACION,Proyecto operacional,2026,1,2026-12-01 00:00:00
53,Bienes y Servicios,1057532-540-PC26,22.01-22.04-22.11-22,"Compra de Servicio de Docencia, Relatoría, Consultoría, Alimentación y Compra de insumos Año 2026",10,Servicio de Cafetería,7200,18000000,Angela Montesinos,Encargada Control De Gestion De Compras Y De Presupuesto,2026-11-01 00:00:00,DEPARTAMENTO DE FORMACION Y CAPACITACION,SUBDIRECCION DE GESTION Y DESARROLLO DE LAS PERSONAS,FORMACION Y CAPACITACION,Proyecto operacional,2026,1,2026-12-01 00:00:00
54,Bienes y Servicios,1057532-540-PC26,22.01-22.04-22.11-22,"Compra de Servicio de Docencia, Relatoría, Consultoría, Alimentación y Compra de insumos Año 2026",10,Alimentación,830,738700,Angela Montesinos,Encargada Control De Gestion De Compras Y De Presupuesto,2026-06-01 00:00:00,DEPARTAMENTO DE FORMACION Y CAPACITACION,SUBDIRECCION DE GESTION Y DESARROLLO DE LAS PERSONAS,FORMACION Y CAPACITACION,Proyecto operacional,2026,1,2026-12-01 00:00:00
55,Bienes y Servicios,1057532-540-PC26,22.01-22.04-22.11-22,"Compra de Servicio de Docencia, Relatoría, Consultoría, Alimentación y Compra de insumos Año 2026",10,Menaje,2817,169020,Angela Montesinos,Encargada Control De Gestion De Compras Y De Presupuesto,2026-06-01 00:00:00,DEPARTAMENTO DE FORMACION Y CAPACITACION,SUBDIRECCION DE GESTION Y DESARROLLO DE LAS PERSONAS,FORMACION Y CAPACITACION,Proyecto operacional,2026,1,2026-12-01 00:00:00
56,Bienes y Servicios,1057532-540-PC26,22.01-22.04-22.11-22,"Compra de Servicio de Docencia, Relatoría, Consultoría, Alimentación y Compra de insumos Año 2026",10,Artículos de Oficina,761,3091182,Angela Montesinos,Encargada Control De Gestion De Compras Y De Presupuesto,2026-06-01 00:00:00,DEPARTAMENTO DE FORMACION Y CAPACITACION,SUBDIRECCION DE GESTION Y DESARROLLO DE LAS PERSONAS,FORMACION Y CAPACITACION,Proyecto operacional,2026,1,2026-12-01 00:00:00
57,Bienes y Servicios,1057532-540-PC26,22.01-22.04-22.11-22,"Compra de Servicio de Docencia, Relatoría, Consultoría, Alimentación y Compra de insumos Año 2026",10,Pila,1250,50000,Angela Montesinos,Encargada Control De Gestion De Compras Y De Presupuesto,2026-06-01 00:00:00,DEPARTAMENTO DE FORMACION Y CAPACITACION,SUBDIRECCION DE GESTION Y DESARROLLO DE LAS PERSONAS,FORMACION Y CAPACITACION,Proyecto operacional,2026,1,2026-12-01 00:00:00
58,Bienes y Servicios,1057532-540-PC26,22.01-22.04-22.11-22,"Compra de Servicio de Docencia, Relatoría, Consultoría, Alimentación y Compra de insumos Año 2026",10,Caja plástica,6250,100000,Angela Montesinos,Encargada Control De Gestion De Compras Y De Presupuesto,2026-06-01 00:00:00,DEPARTAMENTO DE FORMACION Y CAPACITACION,SUBDIRECCION DE GESTION Y DESARROLLO DE LAS PERSONAS,FORMACION Y CAPACITACION,Proyecto operacional,2026,1,2026-12-01 00:00:00
59,Bienes y Servicios,1057532-540-PC26,22.01-22.04-22.11-22,"Compra de Servicio de Docencia, Relatoría, Consultoría, Alimentación y Compra de insumos Año 2026",10,Alojamiento,300000,1500000,Angela Montesinos,Encargada Control De Gestion De Compras Y De Presupuesto,2026-08-01 00:00:00,DEPARTAMENTO DE FORMACION Y CAPACITACION,SUBDIRECCION DE GESTION Y DESARROLLO DE LAS PERSONAS,FORMACION Y CAPACITACION,Proyecto operacional,2026,1,2026-12-01 00:00:00
60,Bienes y Servicios,1057532-540-PC26,22.01-22.04-22.11-22,"Compra de Servicio de Docencia, Relatoría, Consultoría, Alimentación y Compra de insumos Año 2026",10,Pasajes,66667,2000010,Angela Montesinos,Encargada Control De Gestion De Compras Y De Presupuesto,2026-12-01 00:00:00,DEPARTAMENTO DE FORMACION Y CAPACITACION,SUBDIRECCION DE GESTION Y DESARROLLO DE LAS PERSONAS,FORMACION Y CAPACITACION,Proyecto operacional,2026,1,2026-12-01 00:00:00
61,Bienes y Servicios,1057532-209-PC25,22.12.999,Convenio - ADQUISICION DE 3 CUPOS DE RESIDENCIA PROTEGIDA PARA EL SERVICIO DE SALUD OSORNO EN LA PROVINCIA DE CONCEPCIÓN,2,Servicio Residencial,32076748,48115128,Angelo Palma,Jefe (s) Subdepto. Gestión Clínica y Administrativa Red Temática de Salud Mental de Especialidad,2025-01-01 00:00:00,DEPARTAMENTO DE SALUD MENTAL,SUBDIRECCION DE GESTION ASISTENCIAL,SALUD MENTAL,Proyecto operacional,2026,24,"01-01-2025,01-02-2025,01-03-2025,01-04-2025,01-05-2025,01-06-2025,01-07-2025,01-08-2025,01-09-2025,01-10-2025,01-11-2025,01-12-2025,01-01-2026,01-02-2026,01-03-2026,01-04-2026,01-05-2026,01-06-2026,01-07-2026,01-08-2026,01-09-2026,01-10-2026,01-11-2026,01-12-2026"
62,Bienes y Servicios,1057532-210-PC25,22.12.999,Convenio - ADQUISICION DE 12 CUPOS DE RESIDENCIA PROTEGIDA PARA EL SERVICIO DE SALUD OSORNO EN LA CIUDAD DE OSORNO,2,Servicio Residencial,39525850,237155100,Angelo Palma,Jefe (s) Subdepto. Gestión Clínica y Administrativa Red Temática de Salud Mental de Especialidad,2025-01-01 00:00:00,DEPARTAMENTO DE SALUD MENTAL,SUBDIRECCION DE GESTION ASISTENCIAL,SALUD MENTAL,Proyecto operacional,2026,24,"01-01-2025,01-02-2025,01-03-2025,01-04-2025,01-05-2025,01-06-2025,01-07-2025,01-08-2025,01-09-2025,01-10-2025,01-11-2025,01-12-2025,01-01-2026,01-02-2026,01-03-2026,01-04-2026,01-05-2026,01-06-2026,01-07-2026,01-08-2026,01-09-2026,01-10-2026,01-11-2026,01-12-2026"
63,Bienes y Servicios,1057532-211-PC25,22.12.999,Convenio - ADQUISICION DE 10 CUPOS RESIDENCIA PROTEGIDA DE ALTA COMPLEJIDAD PARA EL SERVICIO DE SALUD OSORNO DE LA CIUDAD DE OSORNO,2,Servicio Residencial,56940000,284700000,Angelo Palma,Jefe (s) Subdepto. Gestión Clínica y Administrativa Red Temática de Salud Mental de Especialidad,2025-01-01 00:00:00,DEPARTAMENTO DE SALUD MENTAL,SUBDIRECCION DE GESTION ASISTENCIAL,SALUD MENTAL,Proyecto operacional,2026,24,"01-01-2025,01-02-2025,01-03-2025,01-04-2025,01-05-2025,01-06-2025,01-07-2025,01-08-2025,01-09-2025,01-10-2025,01-11-2025,01-12-2025,01-01-2026,01-02-2026,01-03-2026,01-04-2026,01-05-2026,01-06-2026,01-07-2026,01-08-2026,01-09-2026,01-10-2026,01-11-2026,01-12-2026"
64,Bienes y Servicios,1057532-394-PC25,22.12.999.022,"Convenio - 8 CUPOS HOGAR PROTEGIDO HOMBRES PARA EL SERVICIO DE SALUD OSORNO, 12 MESES, ENERO A DICIEMBRE AÑO 2026.",2,Hogar Protegido (7),12957500,114626790,Angelo Palma,"Coordinador Unidad de Gestión de Procesos Clínicos de Atención de Especialidad Ambulatoria, Cerrada",2026-01-01 00:00:00,DEPARTAMENTO DE SALUD MENTAL,SUBDIRECCION DE GESTION ASISTENCIAL,SALUD MENTAL,Proyecto operacional,2026,12,"01-01-2026,01-02-2026,01-03-2026,01-04-2026,01-05-2026,01-06-2026,01-07-2026,01-08-2026,01-09-2026,01-10-2026,01-11-2026,01-12-2026"
65,Bienes y Servicios,1057532-324-PC26,22.12.999,CONVENIO - ADQUISICION DE 8 CUPOS HOGAR PROTEGIDO MUJERES PARA EL SERVICIO DE SALUD OSORNO POR PERIODO DE 12 MESES,3,Hogar Protegido 6,12957500,64787500,Angelo Palma,"Coordinador Unidad De Gestión De Procesos Clínicos De Atención De Especialidad Ambulatoria, Cerrada",2026-03-01 00:00:00,DEPARTAMENTO DE SALUD MENTAL,SUBDIRECCION DE GESTION ASISTENCIAL,SALUD MENTAL,Proyecto operacional,2026,12,"01-03-2026,01-04-2026,01-05-2026,01-06-2026,01-07-2026,01-08-2026,01-09-2026,01-10-2026,01-11-2026,01-12-2026,01-01-2027,01-02-2027"
66,Bienes y Servicios,1057532-324-PC26,22.12.999,CONVENIO - ADQUISICION DE 8 CUPOS HOGAR PROTEGIDO MUJERES PARA EL SERVICIO DE SALUD OSORNO POR PERIODO DE 12 MESES,3,Hogar Protegido 1,23924290,19936910,Angelo Palma,"Coordinador Unidad De Gestión De Procesos Clínicos De Atención De Especialidad Ambulatoria, Cerrada",2026-03-01 00:00:00,DEPARTAMENTO DE SALUD MENTAL,SUBDIRECCION DE GESTION ASISTENCIAL,SALUD MENTAL,Proyecto operacional,2026,12,"01-03-2026,01-04-2026,01-05-2026,01-06-2026,01-07-2026,01-08-2026,01-09-2026,01-10-2026,01-11-2026,01-12-2026,01-01-2027,01-02-2027"
67,Bienes y Servicios,1057532-324-PC26,22.12.999,CONVENIO - ADQUISICION DE 8 CUPOS HOGAR PROTEGIDO MUJERES PARA EL SERVICIO DE SALUD OSORNO POR PERIODO DE 12 MESES,3,Hogar Protegido 1,23924290,19936910,Angelo Palma,"Coordinador Unidad De Gestión De Procesos Clínicos De Atención De Especialidad Ambulatoria, Cerrada",2026-03-01 00:00:00,DEPARTAMENTO DE SALUD MENTAL,SUBDIRECCION DE GESTION ASISTENCIAL, SALUD MENTAL,Proyecto operacional,2026,,
68,Bienes y Servicios,1057532-327-PC26,22.12.999,"Convenio - 3 CUPOS DE RESIDENCIA PROTEGIDA PARA EL SERVICIO DE SALUD OSORNO EN LA PROVINCIA DE CONCEPCIÓN, POR PERIODO DE 24 MESES.",1,Residencia Protegia,39579995,44527491,Angelo Palma,"Coordinador Unidad De Gestión De Procesos Clínicos De Atención De Especialidad Ambulatoria, Cerrada",2026-03-01 00:00:00,DEPARTAMENTO DE SALUD MENTAL,SUBDIRECCION DE GESTION ASISTENCIAL,SALUD MENTAL,Proyecto operacional,2026,24,"01-04-2026,01-05-2026,01-06-2026,01-07-2026,01-08-2026,01-09-2026,01-10-2026,01-11-2026,01-12-2026,01-01-2027,01-02-2027,01-03-2027,01-04-2027,01-05-2027,01-06-2027,01-07-2027,01-08-2027,01-09-2027,01-10-2027,01-11-2027,01-12-2027,01-01-2028,01-02-2028,01-03-2028"
69,Bienes y Servicios,1057532-329-PC26,22.12.999,Convenio - 10 CUPOS RESIDENCIA PROTEGIDA DE ALTA COMPLEJIDAD PARA EL SERVICIO DE SALUD OSORNO POR PERIODO DE 12 MESES.,1,Residencia Protegia,29722680,247689000,Angelo Palma,"Coordinador Unidad De Gestión De Procesos Clínicos De Atención De Especialidad Ambulatoria, Cerrada",2026-03-01 00:00:00,DEPARTAMENTO DE SALUD MENTAL,SUBDIRECCION DE GESTION ASISTENCIAL,SALUD MENTAL,Proyecto operacional,2026,12,"01-03-2026,01-04-2026,01-05-2026,01-06-2026,01-07-2026,01-08-2026,01-09-2026,01-10-2026,01-11-2026,01-12-2026,01-01-2027,01-02-2027"
70,Bienes y Servicios,1057532-95-PC26,22.12.999,"8 cupos hogar protegido hombres para el SSO, 24 meses",1,Hogar protegido,29946877,0,Angelo Palma,Coordinador Unidad Gestión de Procesos Clínicos,2027-01-01 00:00:00,DEPARTAMENTO DE SALUD MENTAL,SUBDIRECCION DE GESTION ASISTENCIAL,SALUD MENTAL,Proyecto estratégico,2026,24,"01-01-2027,01-02-2027,01-03-2027,01-04-2027,01-05-2027,01-06-2027,01-07-2027,01-08-2027,01-09-2027,01-10-2027,01-11-2027,01-12-2027,01-01-2028,01-02-2028,01-03-2028,01-04-2028,01-05-2028,01-06-2028,01-07-2028,01-08-2028,01-09-2028,01-10-2028,01-11-2028,01-12-2028"
71,Bienes y Servicios,1057532-101-PC26,22.12.999.022,"Convenio - ADQUISICION DE 3 CUPOS DE RESIDENCIA PROTEGIDA PARA EL SERVICIO DE SALUD OSORNO EN LA REGIÓN METROPOLITANA, POR PERIODO",1,Residencia Protegia,29151550,0,Angelo Palma,"Coordinador Unidad de Gestión de Procesos Clínicos de Atención de Especialidad Ambulatoria, Cerrada",2026-07-01 00:00:00,DEPARTAMENTO DE SALUD MENTAL,SUBDIRECCION DE GESTION ASISTENCIAL,SALUD MENTAL,Proyecto operacional,2026,24,"01-01-2027,01-02-2027,01-03-2027,01-04-2027,01-05-2027,01-06-2027,01-07-2027,01-08-2027,01-09-2027,01-10-2027,01-11-2027,01-12-2027,01-01-2028,01-02-2028,01-03-2028,01-04-2028,01-05-2028,01-06-2028,01-07-2028,01-08-2028,01-09-2028,01-10-2028,01-11-2028,01-12-2028"
72,Bienes y Servicios,1057532-308-PC24,22.12.999.022,Convenio - 3 cupos Residencia Protegida para el Servicio de Salud Osorno en la Región Metropolitana,1,Residencia,80865750,40432878,Antonia Caifil,Jefa Subdepto. Gestión Clinica y Adm.,2024-07-01 00:00:00,DEPARTAMENTO DE SALUD MENTAL,SUBDIRECCION DE GESTION ASISTENCIAL,SALUD MENTAL,Proyecto operacional,2026,24,"01-01-2025,01-02-2025,01-03-2025,01-04-2025,01-05-2025,01-06-2025,01-07-2025,01-08-2025,01-09-2025,01-10-2025,01-11-2025,01-12-2025,01-01-2026,01-02-2026,01-03-2026,01-04-2026,01-05-2026,01-06-2026,01-07-2026,01-08-2026,01-09-2026,01-10-2026,01-11-2026,01-12-2026"
73,Bienes y Servicios,1057532-311-PC24,22.12.999.022,Convenio - ( cupos Hogar Protegido Varones para el Servicio de Salud Osorno en la ciudad de Osorno,1,Residencia,156722240,78361124,Antonia Caifil,Jefa Subdepto. Gestión Clínica y Adm.,2024-06-01 00:00:00,DEPARTAMENTO DE SALUD MENTAL,SUBDIRECCION DE GESTION ASISTENCIAL,SALUD MENTAL,Proyecto estratégico,2026,24,"01-01-2025,01-02-2025,01-03-2025,01-04-2025,01-05-2025,01-06-2025,01-07-2025,01-08-2025,01-09-2025,01-10-2025,01-11-2025,01-12-2025,01-01-2026,01-02-2026,01-03-2026,01-04-2026,01-05-2026,01-06-2026,01-07-2026,01-08-2026,01-09-2026,01-10-2026,01-11-2026,01-12-2026"
74,Bienes y Servicios,1057532-315-PC24,22.12.999.022,Convenio - 08 Cupos Hogar Protegido Mujeres para el Servicio de Salud Osorno en la ciudad de Osorno,1,Residencia,156722240,78361124,Antonia Caifil,Jefa Subdepto. Gestión Clínica y Adm.,2024-06-01 00:00:00,DEPARTAMENTO DE SALUD MENTAL,SUBDIRECCION DE GESTION ASISTENCIAL,SALUD MENTAL,Proyecto operacional,2026,24,"01-01-2025,01-02-2025,01-03-2025,01-04-2025,01-05-2025,01-06-2025,01-07-2025,01-08-2025,01-09-2025,01-10-2025,01-11-2025,01-12-2025,01-01-2026,01-02-2026,01-03-2026,01-04-2026,01-05-2026,01-06-2026,01-07-2026,01-08-2026,01-09-2026,01-10-2026,01-11-2026,01-12-2026"
75,Bienes y Servicios,1057532-94-PC26,22.12.999,"Convenio - Adquisición servicio programa de rehabilitación tipo II, en la ciudad de Osorno para el Servicio de Salud Osorno",1,Programa,26332,0,Antonia Caifil,Jefa Subdepto. Gestión Clínica y Administrativa Red Temática de Salud Mental de Especialidad,2026-07-01 00:00:00,DEPARTAMENTO DE SALUD MENTAL,SUBDIRECCION DE GESTION ASISTENCIAL,SALUD MENTAL,Proyecto operacional,2026,12,"01-01-2027,01-02-2027,01-03-2027,01-04-2027,01-05-2027,01-06-2027,01-07-2027,01-08-2027,01-09-2027,01-10-2027,01-11-2027,01-12-2027"
76,Bienes y Servicios,1057532-393-PC25,22.12.999.022,Convenio - Servicio DIAS PROGRAMA DE REHABILITACIÓN TIPO II Desde el 01/01/2026 hasta el 31/12/2026.,1,Programa,22315,246357600,Antonia Caifil,Jefa Subdepto. Gestión Clínica y Adm. Red Temática de Salud Mental de Especialidad,2025-12-01 00:00:00,DEPARTAMENTO DE SALUD MENTAL,SUBDIRECCION DE GESTION ASISTENCIAL,SALUD MENTAL,Proyecto estratégico,2026,12,"01-01-2026,01-02-2026,01-03-2026,01-04-2026,01-05-2026,01-06-2026,01-07-2026,01-08-2026,01-09-2026,01-10-2026,01-11-2026,01-12-2026"
77,Bienes y Servicios,1057532-547-PC26,22.04.003,Adquisición insumos clínicos y de aseo general mamógrafo móvil/estrategias Programa Imágenes Diagnósticas 2026.,2,Productos Alcohol,850,350200,Barbara Mendez,Enc. Apoyo Diagnóstico En Imagenología,2026-01-01 00:00:00,DEPARTAMENTO ARTICULACION DE LA RED ASISTENCIAL,SUBDIRECCION DE GESTION ASISTENCIAL,ARTICULACION DE LA RED ASISTENCIAL,Proyecto operacional,2026,1,2026-01-01 00:00:00
78,Bienes y Servicios,1057532-547-PC26,22.04.003,Adquisición insumos clínicos y de aseo general mamógrafo móvil/estrategias Programa Imágenes Diagnósticas 2026.,2,Toallas,459,550800,Barbara Mendez,Enc. Apoyo Diagnóstico En Imagenología,2026-01-01 00:00:00,DEPARTAMENTO ARTICULACION DE LA RED ASISTENCIAL,SUBDIRECCION DE GESTION ASISTENCIAL,ARTICULACION DE LA RED ASISTENCIAL,Proyecto operacional,2026,1,2026-01-01 00:00:00
79,Bienes y Servicios,1057532-551-PC26,2597,Adquisición de servicio de catering para curso de Imagenología para Médicos generales y de APS.,1,Servicio Cafeteria,150000,1200000,Barbara Mendez,Enc. Apoyo Diagnóstico En Imagenología,2026-04-01 00:00:00,DEPARTAMENTO ARTICULACION DE LA RED ASISTENCIAL,SUBDIRECCION DE GESTION ASISTENCIAL,ARTICULACION DE LA RED ASISTENCIAL,Proyecto operacional,2026,1,2026-04-01 00:00:00
80,Bienes y Servicios,1057532-562-PC26,2598,Convenio - Convenio de servicio de exámenes de ecotomografía abdominal y mamaria programa imágenes diagnósticas.,2,Ecotomografia Abdominal,10000,10000000,Barbara Mendez,Enc. Apoyo Diagnóstico En Imagenología,2026-01-01 00:00:00,DEPARTAMENTO ARTICULACION DE LA RED ASISTENCIAL,SUBDIRECCION DE GESTION ASISTENCIAL,ARTICULACION DE LA RED ASISTENCIAL,Proyecto estratégico,2026,12,"01-01-2026,01-02-2026,01-03-2026,01-04-2026,01-05-2026,01-06-2026,01-07-2026,01-08-2026,01-09-2026,01-10-2026,01-11-2026,01-12-2026"
81,Bienes y Servicios,1057532-562-PC26,2598,Convenio - Convenio de servicio de exámenes de ecotomografía abdominal y mamaria programa imágenes diagnósticas.,2,Ecotomografia Mamaria,10000,10000000,Barbara Mendez,Enc. Apoyo Diagnóstico En Imagenología,2026-01-01 00:00:00,DEPARTAMENTO ARTICULACION DE LA RED ASISTENCIAL,SUBDIRECCION DE GESTION ASISTENCIAL,ARTICULACION DE LA RED ASISTENCIAL,Proyecto estratégico,2026,12,"01-01-2026,01-02-2026,01-03-2026,01-04-2026,01-05-2026,01-06-2026,01-07-2026,01-08-2026,01-09-2026,01-10-2026,01-11-2026,01-12-2026"
82,Bienes y Servicios,1057532-565-PC26,2599,Convenio - Convenio de servicio informes de radiografías y mamografías para los Hospitales Dependientes del S.S.O.,2,Informes Radiografias Mamografias,10000,10000000,Barbara Mendez,Enc. Apoyo Diagnóstico En Imagenología,2026-01-01 00:00:00,DEPARTAMENTO ARTICULACION DE LA RED ASISTENCIAL,SUBDIRECCION DE GESTION ASISTENCIAL,ARTICULACION DE LA RED ASISTENCIAL,Proyecto operacional,2026,12,"01-01-2026,01-02-2026,01-03-2026,01-04-2026,01-05-2026,01-06-2026,01-07-2026,01-08-2026,01-09-2026,01-10-2026,01-11-2026,01-12-2026"
83,Bienes y Servicios,1057532-565-PC26,2599,Convenio - Convenio de servicio informes de radiografías y mamografías para los Hospitales Dependientes del S.S.O.,2,Informes Radiografias Simple,3334,40008000,Barbara Mendez,Enc. Apoyo Diagnóstico En Imagenología,2026-01-01 00:00:00,DEPARTAMENTO ARTICULACION DE LA RED ASISTENCIAL,SUBDIRECCION DE GESTION ASISTENCIAL,ARTICULACION DE LA RED ASISTENCIAL,Proyecto operacional,2026,12,"01-01-2026,01-02-2026,01-03-2026,01-04-2026,01-05-2026,01-06-2026,01-07-2026,01-08-2026,01-09-2026,01-10-2026,01-11-2026,01-12-2026"
84,Bienes y Servicios,1057532-567-PC26,2601,servicio de dosimetría Trabajadores Ocupacionalmente expuestos del Programa Imágenes Diagnósticas.,1,Dosimetria,46667,700005,Barbara Mendez,Enc. Apoyo Diagnóstico En Imagenología,2026-01-01 00:00:00,DEPARTAMENTO ARTICULACION DE LA RED ASISTENCIAL,SUBDIRECCION DE GESTION ASISTENCIAL,ARTICULACION DE LA RED ASISTENCIAL,Proyecto operacional,2026,1,2026-01-01 00:00:00
85,Bienes y Servicios,1057532-568-PC26,22.08.007,Convenio - Convenio de servicio movilización funcionarios mamógrafo móvil. Descripción,1,Convenio Movil,10000000,10000000,Barbara Mendez,Enc. Apoyo Diagnóstico En Imagenología,2026-01-01 00:00:00,DEPARTAMENTO ARTICULACION DE LA RED ASISTENCIAL,SUBDIRECCION DE GESTION ASISTENCIAL,ARTICULACION DE LA RED ASISTENCIAL,Proyecto operacional,2026,12,"01-01-2026,01-02-2026,01-03-2026,01-04-2026,01-05-2026,01-06-2026,01-07-2026,01-08-2026,01-09-2026,01-10-2026,01-11-2026,01-12-2026"
86,Bienes y Servicios,1057532-48-PC26,22.06.005,Mantenciones Correctivas (extraordinarias) Mamógrafo Móvil Servicio de Salud Osorno.,1,Mantencion,5000000,5000000,Barbara Mendez,Enc. Apoyo Diagnóstico en Imagenología,2026-11-01 00:00:00,DEPARTAMENTO ARTICULACION DE LA RED ASISTENCIAL,SUBDIRECCION DE GESTION ASISTENCIAL,ARTICULACION DE LA RED ASISTENCIAL,Proyecto operacional,2026,1,2026-11-01 00:00:00
87,Bienes y Servicios,1057532-53-PC26,22.12.999,"Adquisición extraordinaria de servicios de informes radiológicos de mamografía,.",1,Informes Radiologicos de Mamografia,6667,200010,Barbara Mendez,Enc. Apoyo Diagnóstico en Imagenología,2026-04-01 00:00:00,DEPARTAMENTO ARTICULACION DE LA RED ASISTENCIAL,SUBDIRECCION DE GESTION ASISTENCIAL,ARTICULACION DE LA RED ASISTENCIAL,Proyecto operacional,2026,1,2026-04-01 00:00:00
88,Bienes y Servicios,1057532-90-PC26,22.04.013,adquisición insumos y equipamiento menor necesarios para la implementación norma técnica 2144 mamografia,2,Balanza Digital,100000,200000,Barbara Mendez,Enc. Apoyo Diagnóstico en Imagenología,2026-05-01 00:00:00,DEPARTAMENTO ARTICULACION DE LA RED ASISTENCIAL,SUBDIRECCION DE GESTION ASISTENCIAL,ARTICULACION DE LA RED ASISTENCIAL,Proyecto operacional,2026,1,2026-05-01 00:00:00
89,Bienes y Servicios,1057532-90-PC26,22.04.013,adquisición insumos y equipamiento menor necesarios para la implementación norma técnica 2144 mamografia,2,Esponja alta densidad,100000,200000,Barbara Mendez,Enc. Apoyo Diagnóstico en Imagenología,2026-05-01 00:00:00,DEPARTAMENTO ARTICULACION DE LA RED ASISTENCIAL,SUBDIRECCION DE GESTION ASISTENCIAL,ARTICULACION DE LA RED ASISTENCIAL,Proyecto operacional,2026,1,2026-05-01 00:00:00
90,Bienes y Servicios,1057532-36-PC26,22.11.003,"SERVICIO DE REGISTRO CLINICO ELECTRONICO PARA ESTABLECIMIENTOS DE ATENCIÓN PRIMARIA DE SALUD (RCEAPS), HOSPITALES DE BAJ",1,Servicio Registro Clinico Electronico,66182850,3176776800,Bruno Ojeda,Jefe Depto. Tecnologías de la Información y Comunicaciones,2026-06-01 00:00:00,DEPARTAMENTO DE TECNOLOGIAS DE LA INFORMACION Y COMUNICACION,SUBDIRECCION ADMINISTRATIVA,TIC,Proyecto operacional,2026,1,2026-06-01 00:00:00
91,Bienes y Servicios,1057532-156-PC24,22.11.003,servicios de control de asistencia del servicio de salud osorno,2,Servicio Control Asistencia,90000000,30000000,Bruno Ojeda Alvarez,Jefe Depto. Tecnologías de la Información,2024-01-01 00:00:00,DEPARTAMENTO DE TECNOLOGIAS DE LA INFORMACION Y COMUNICACION,SUBDIRECCION ADMINISTRATIVA,TIC,Proyecto operacional,2026,36,"01-01-2024,01-02-2024,01-03-2024,01-04-2024,01-05-2024,01-06-2024,01-07-2024,01-08-2024,01-09-2024,01-10-2024,01-11-2024,01-12-2024,01-01-2025,01-02-2025,01-03-2025,01-04-2025,01-05-2025,01-06-2025,01-07-2025,01-08-2025,01-09-2025,01-10-2025,01-11-2025,01-12-2025,01-01-2026,01-02-2026,01-03-2026,01-04-2026,01-05-2026,01-06-2026,01-07-2026,01-08-2026,01-09-2026,01-10-2026,01-11-2026,01-12-2026"
92,Bienes y Servicios,1057532-163-PC24,22.11.003,Servicio gestión flota vehicular SSO,2,Control Flota,20136000,6711996,Bruno Ojeda Alvarez,Jefe Depto.,2023-10-01 00:00:00,DEPARTAMENTO DE TECNOLOGIAS DE LA INFORMACION Y COMUNICACION,SUBDIRECCION ADMINISTRATIVA,TIC,Proyecto estratégico,2026,36,"01-01-2024,01-02-2024,01-03-2024,01-04-2024,01-05-2024,01-06-2024,01-07-2024,01-08-2024,01-09-2024,01-10-2024,01-11-2024,01-12-2024,01-01-2025,01-02-2025,01-03-2025,01-04-2025,01-05-2025,01-06-2025,01-07-2025,01-08-2025,01-09-2025,01-10-2025,01-11-2025,01-12-2025,01-01-2026,01-02-2026,01-03-2026,01-04-2026,01-05-2026,01-06-2026,01-07-2026,01-08-2026,01-09-2026,01-10-2026,01-11-2026,01-12-2026"
93,Bienes y Servicios,1057532-391-PC25,22.09.006,Convenio - Arriendo 159 PC Computacionales para establecimientos dependientes de la Dirección de Servicio de Salud Osorno,1,Arriendo Equipo,268434000,89478000,Bruno Ojeda Alvarez,Jefe Depto. Tecnologías de la Información y Comunicaiciones,2025-08-01 00:00:00,DEPARTAMENTO DE TECNOLOGIAS DE LA INFORMACION Y COMUNICACION,SUBDIRECCION ADMINISTRATIVA,TIC,Proyecto operacional,2026,32,"01-11-2025,01-12-2025,01-01-2026,01-02-2026,01-03-2026,01-04-2026,01-05-2026,01-06-2026,01-07-2026,01-08-2026,01-09-2026,01-10-2026,01-11-2026,01-12-2026,01-01-2027,01-02-2027,01-03-2027,01-04-2027,01-05-2027,01-06-2027,01-07-2027,01-08-2027,01-09-2027,01-10-2027,01-11-2027,01-12-2027,01-01-2028,01-02-2028,01-03-2028,01-04-2028,01-05-2028,01-06-2028"
94,Bienes y Servicios,1057532-356-PC26,22.04.007,Adquisición Insumos para realizar el aseo y confort de usuarios/as con Dependencia Severa.,5,Apósitos,6372,1382724,Camila Alvarez,Kinesióloga Encargada Programa Atencion Domiciliaria Para Personas Con Dependencia Severa,2026-04-01 00:00:00,DEPARTAMENTO ATENCION PRIMARIA,SUBDIRECCION DE GESTION ASISTENCIAL,ATENCION PRIMARIA,Proyecto operacional,2026,1,2026-05-01 00:00:00
95,Bienes y Servicios,1057532-356-PC26,22.04.007,Adquisición Insumos para realizar el aseo y confort de usuarios/as con Dependencia Severa.,5,Pañales,11200,2497600,Camila Alvarez,Kinesióloga Encargada Programa Atencion Domiciliaria Para Personas Con Dependencia Severa,2026-04-01 00:00:00,DEPARTAMENTO ATENCION PRIMARIA,SUBDIRECCION DE GESTION ASISTENCIAL,ATENCION PRIMARIA,Proyecto operacional,2026,1,2026-05-01 00:00:00
96,Bienes y Servicios,1057532-356-PC26,22.04.007,Adquisición Insumos para realizar el aseo y confort de usuarios/as con Dependencia Severa.,5,Crema hidratante,18000,4320000,Camila Alvarez,Kinesióloga Encargada Programa Atencion Domiciliaria Para Personas Con Dependencia Severa,2026-04-01 00:00:00,DEPARTAMENTO ATENCION PRIMARIA,SUBDIRECCION DE GESTION ASISTENCIAL,ATENCION PRIMARIA,Proyecto operacional,2026,1,2026-05-01 00:00:00
97,Bienes y Servicios,1057532-356-PC26,22.04.007,Adquisición Insumos para realizar el aseo y confort de usuarios/as con Dependencia Severa.,5,Vendaje neuromuscular,17800,1495200,Camila Alvarez,Kinesióloga Encargada Programa Atencion Domiciliaria Para Personas Con Dependencia Severa,2026-04-01 00:00:00,DEPARTAMENTO ATENCION PRIMARIA,SUBDIRECCION DE GESTION ASISTENCIAL,ATENCION PRIMARIA,Proyecto operacional,2026,1,2026-05-01 00:00:00
98,Bienes y Servicios,1057532-356-PC26,22.04.007,Adquisición Insumos para realizar el aseo y confort de usuarios/as con Dependencia Severa.,5,Protector de piel,11522,2650060,Camila Alvarez,Kinesióloga Encargada Programa Atencion Domiciliaria Para Personas Con Dependencia Severa,2026-04-01 00:00:00,DEPARTAMENTO ATENCION PRIMARIA,SUBDIRECCION DE GESTION ASISTENCIAL,ATENCION PRIMARIA,Proyecto operacional,2026,1,2026-05-01 00:00:00
99,Bienes y Servicios,1057532-51-PC26,22.04.999,Adquisición de pañales para usuarios/as con Dependencia Severa.,1,Pa?ales Adulto,11200,1008000,Camila Alvarez,KINESIÓLOGA ENCARGADA PROGRAMA ATENCION DOMICILIARIA PARA PERSONAS CON DEPENDENCIA SEVERA,2026-05-01 00:00:00,DEPARTAMENTO ATENCION PRIMARIA,SUBDIRECCION DE GESTION ASISTENCIAL,ATENCION PRIMARIA,Proyecto operacional,2026,1,2026-05-01 00:00:00
100,Bienes y Servicios,1057532-93-PC26,22.04.004.006,Convenio - ADQUISICIÓN AYUDAS TÉCNICAS. CONVENIO SUMINISTRO AÑO 2027,1,Ayudas Tecnicas,90836,0,Camila Alvarez,KINESIÓLOGA ENCARGADA PROGRAMA AYUDAS TÉCNICAS,2027-07-01 00:00:00,DEPARTAMENTO ATENCION PRIMARIA,SUBDIRECCION DE GESTION ASISTENCIAL,ATENCION PRIMARIA,Proyecto operacional,2026,1,2027-07-01 00:00:00
101,Administración de Fondos,1077241-52-PC25,22.04.004.006,Convenio - ADQUISICION AYUDAS TECNICAS. CONVENIO SUMINISTRO AÑO 2026,1,Ayudas Técnicas,84050,394362600,Camila Alvarez Velasquez,KINESIÓLOGA ENCARGADA PROGRAMA AYUDAS TÉCNICAS,2025-08-01 00:00:00,DEPARTAMENTO ATENCION PRIMARIA,SUBDIRECCION DE GESTION ASISTENCIAL,ATENCION PRIMARIA,Proyecto operacional,2026,12,"01-01-2026,01-02-2026,01-03-2026,01-04-2026,01-05-2026,01-06-2026,01-07-2026,01-08-2026,01-09-2026,01-10-2026,01-11-2026,01-12-2026"
102,Bienes y Servicios,1057532-381-PC25,22.08.007,Convenio - Servicio movilización UID Newen,1,Movilizacion,19000000,17416663,Camila Roa,Coordinadora UID NEWEN,2025-08-01 00:00:00,NEWEN,SUBDIRECCION DE GESTION ASISTENCIAL,SALUD MENTAL,Proyecto operacional,2026,12,"01-02-2026,01-03-2026,01-04-2026,01-05-2026,01-06-2026,01-07-2026,01-08-2026,01-09-2026,01-10-2026,01-11-2026,01-12-2026,01-01-2027"
103,Bienes y Servicios,1057532-412-PC26,22.01.001,Insumos para actividades grupales con usuarios y familiares de UID Newen.,1,Productos Cafeteria,1391,126581,Camila Roa,Coordinadora,2026-01-01 00:00:00,NEWEN,SUBDIRECCION DE GESTION ASISTENCIAL,SALUD MENTAL,Proyecto operacional,2026,1,2026-01-01 00:00:00
104,Bienes y Servicios,1057532-415-PC26,22.04.999,"Insumos para actividades de promoción, prevención e intervención comunitaria con usuarios/as y familiares de UID Newen.",2,"Sillas, Toldos, Mesas",31750,127000,Camila Roa,Coordinadora,2026-01-01 00:00:00,NEWEN,SUBDIRECCION DE GESTION ASISTENCIAL,SALUD MENTAL,Proyecto operacional,2026,1,2026-01-01 00:00:00
105,Bienes y Servicios,1057532-415-PC26,22.04.999,"Insumos para actividades de promoción, prevención e intervención comunitaria con usuarios/as y familiares de UID Newen.",2,Parlante,45000,45000,Camila Roa,Coordinadora,2026-01-01 00:00:00,NEWEN,SUBDIRECCION DE GESTION ASISTENCIAL,SALUD MENTAL,Proyecto operacional,2026,1,2026-01-01 00:00:00
106,Bienes y Servicios,1057532-424-PC26,22.04,Adquisición de insumos clínicos para usuarios/as UID Newen.,2,Insumos Clínicos,53,90100,Camila Roa,Coordinadora,2026-01-01 00:00:00,NEWEN,SUBDIRECCION DE GESTION ASISTENCIAL,SALUD MENTAL,Proyecto operacional,2026,1,2026-01-01 00:00:00
107,Bienes y Servicios,1057532-424-PC26,22.04,Adquisición de insumos clínicos para usuarios/as UID Newen.,2,Insumos de Pastillas,2240,280000,Camila Roa,Coordinadora,2026-01-01 00:00:00,NEWEN,SUBDIRECCION DE GESTION ASISTENCIAL,SALUD MENTAL,Proyecto operacional,2026,1,2026-01-01 00:00:00
108,Bienes y Servicios,1057532-584-PC26,22.04.007,Insumos para actividades individuales y grupales con usuarios/as y familiares de UID Newen.,2,Material de Enseñanza,1998,791208,Camila Roa,Coordinadora,2026-01-01 00:00:00,NEWEN,SUBDIRECCION DE GESTION ASISTENCIAL,SALUD MENTAL,Proyecto operacional,2026,1,2026-01-01 00:00:00
109,Bienes y Servicios,1057532-584-PC26,22.04.007,Insumos para actividades individuales y grupales con usuarios/as y familiares de UID Newen.,2,Toallas,2500,30000,Camila Roa,Coordinadora,2026-01-01 00:00:00,NEWEN,SUBDIRECCION DE GESTION ASISTENCIAL,SALUD MENTAL,Proyecto operacional,2026,1,2026-01-01 00:00:00
110,Administración de Fondos,1077241-1-PC26,22.04.014,Insumos clínicos y no clínicos UID Newen.,2,"Productos Elaborados de Cuero, Caucho y Plásticos",2900,72500,Camila Roa,Coordinadora Unidad,2026-05-01 00:00:00,NEWEN,SUBDIRECCION DE GESTION ASISTENCIAL,SALUD MENTAL,Proyecto operacional,2026,1,2026-05-01 00:00:00
111,Administración de Fondos,1077241-1-PC26,22.04.014,Insumos clínicos y no clínicos UID Newen.,2,Productos Químicos,48571,339997,Camila Roa,Coordinadora Unidad,2026-05-01 00:00:00,NEWEN,SUBDIRECCION DE GESTION ASISTENCIAL,SALUD MENTAL,Proyecto operacional,2026,1,2026-05-01 00:00:00
112,Bienes y Servicios,1057532-74-PC26,22.04.002,Materiales para actividades ergoterapéuticas con usuarios y/o familiares de la unidad.,1,Textos y Otros Materiales de Enseñanza,2119,283946,Camila Roa,Coordinadora Unidad,2026-05-01 00:00:00,NEWEN,SUBDIRECCION DE GESTION ASISTENCIAL,SALUD MENTAL,Proyecto operacional,2026,1,2026-05-01 00:00:00
113,Bienes y Servicios,1057532-320-PC26,22.04.001,Insumos y medicamentos Farmacia COSAM RAHUE,1,Insumos y Repuestos,85000,850000,Camilo Martínez,Director(S),2026-01-01 00:00:00,DEPARTAMENTO DE SALUD MENTAL,SUBDIRECCION DE GESTION ASISTENCIAL,SALUD MENTAL,Proyecto operacional,2026,1,2026-01-01 00:00:00
114,Bienes y Servicios,1057532-322-PC26,22.01.001,Celebración de We Tripantu en COSAM Rahue 2026,1,Cafeteria,4500,630000,Camilo Martínez,Director(S),2026-06-01 00:00:00,DEPARTAMENTO DE SALUD MENTAL,SUBDIRECCION DE GESTION ASISTENCIAL,SALUD MENTAL,Proyecto operacional,2026,1,2026-06-01 00:00:00
115,Bienes y Servicios,1057532-323-PC26,22.01.001,Jornadas de autocuidado equipo profesional PAI COSAM Rahue,1,Cafeteria,4500,135000,Camilo Martínez,Director(S),2026-08-01 00:00:00,DEPARTAMENTO DE SALUD MENTAL,SUBDIRECCION DE GESTION ASISTENCIAL,SALUD MENTAL,Proyecto operacional,2026,1,2026-08-01 00:00:00
116,Administración de Fondos,1077241-64-PC26,22.01.001,Ceremonia de alta SENDA-PAI COSAM Rahue 2026,1,Cafeteria,4500,225000,Camilo Martínez,Director(S),2026-08-01 00:00:00,DEPARTAMENTO DE SALUD MENTAL,SUBDIRECCION DE GESTION ASISTENCIAL,SALUD MENTAL,Proyecto operacional,2026,1,2026-08-01 00:00:00
117,Bienes y Servicios,1057532-328-PC26,22.04.001,"Rollos Etiquetas para impresora ZEBRA ZD 220 y rollos de cinta para impresora SOME, COSAM RAHUE",1,Rollos,6143,430010,Camilo Martínez,Director(S),2026-01-01 00:00:00,DEPARTAMENTO DE SALUD MENTAL,SUBDIRECCION DE GESTION ASISTENCIAL,SALUD MENTAL,Proyecto operacional,2026,1,2026-01-01 00:00:00
118,Bienes y Servicios,1057532-330-PC26,22.04.007,INSUMOS DE ASEO COSAM RAHUE,1,Insumos de Aseo,2929,990002,Camilo Martínez,Director(S),2026-03-01 00:00:00,DEPARTAMENTO DE SALUD MENTAL,SUBDIRECCION DE GESTION ASISTENCIAL,SALUD MENTAL,Proyecto operacional,2026,1,2026-03-01 00:00:00
119,Administración de Fondos,1077241-69-PC26,22.01.001,"Insumos cafetería actividades con usuarios Cosam Rahue y comunidad 2026, fondo extrapresupuestario SENDA PAI",2,Alimentos,6266,1309594,Camilo Martínez,Director(S),2026-05-01 00:00:00,DEPARTAMENTO DE SALUD MENTAL,SUBDIRECCION DE GESTION ASISTENCIAL,SALUD MENTAL,Proyecto operacional,2026,1,2026-06-01 00:00:00
120,Administración de Fondos,1077241-69-PC26,22.01.001,"Insumos cafetería actividades con usuarios Cosam Rahue y comunidad 2026, fondo extrapresupuestario SENDA PAI",2,Insumos,5371,290034,Camilo Martínez,Director(S),2026-05-01 00:00:00,DEPARTAMENTO DE SALUD MENTAL,SUBDIRECCION DE GESTION ASISTENCIAL,SALUD MENTAL,Proyecto operacional,2026,1,2026-06-01 00:00:00
121,Bienes y Servicios,1057532-332-PC26,22.04.999,Protectores solares FPS 50 para funcionarios y usuarios taller huerto,1,Protectores Solares,15000,300000,Camilo Martínez,Director(S),2026-01-01 00:00:00,DEPARTAMENTO DE SALUD MENTAL,SUBDIRECCION DE GESTION ASISTENCIAL,SALUD MENTAL,Proyecto operacional,2026,1,2026-01-01 00:00:00
122,Bienes y Servicios,1057532-569-PC26,2169,Proyecto de Compra Insumos clínicos 2026,6,Insumos Computacionales,12000,60000,Camilo Martínez,Director(S),2026-01-01 00:00:00,DEPARTAMENTO DE SALUD MENTAL,SUBDIRECCION DE GESTION ASISTENCIAL,SALUD MENTAL,Proyecto operacional,2026,1,2026-01-01 00:00:00
123,Bienes y Servicios,1057532-569-PC26,2169,Proyecto de Compra Insumos clínicos 2026,6,Insumos Clínicos,8150,815000,Camilo Martínez,Director(S),2026-01-01 00:00:00,DEPARTAMENTO DE SALUD MENTAL,SUBDIRECCION DE GESTION ASISTENCIAL,SALUD MENTAL,Proyecto operacional,2026,1,2026-01-01 00:00:00
124,Bienes y Servicios,1057532-569-PC26,2169,Proyecto de Compra Insumos clínicos 2026,6,Riñones,41650,833000,Camilo Martínez,Director(S),2026-01-01 00:00:00,DEPARTAMENTO DE SALUD MENTAL,SUBDIRECCION DE GESTION ASISTENCIAL,SALUD MENTAL,Proyecto operacional,2026,1,2026-01-01 00:00:00
125,Bienes y Servicios,1057532-569-PC26,2169,Proyecto de Compra Insumos clínicos 2026,6,Test,91667,550002,Camilo Martínez,Director(S),2026-01-01 00:00:00,DEPARTAMENTO DE SALUD MENTAL,SUBDIRECCION DE GESTION ASISTENCIAL,SALUD MENTAL,Proyecto operacional,2026,1,2026-01-01 00:00:00
126,Bienes y Servicios,1057532-569-PC26,2169,Proyecto de Compra Insumos clínicos 2026,6,Accesorios,11667,280008,Camilo Martínez,Director(S),2026-01-01 00:00:00,DEPARTAMENTO DE SALUD MENTAL,SUBDIRECCION DE GESTION ASISTENCIAL,SALUD MENTAL,Proyecto operacional,2026,1,2026-01-01 00:00:00
127,Bienes y Servicios,1057532-569-PC26,2169,Proyecto de Compra Insumos clínicos 2026,6,Termohidrometro,25000,100000,Camilo Martínez,Director(S),2026-01-01 00:00:00,DEPARTAMENTO DE SALUD MENTAL,SUBDIRECCION DE GESTION ASISTENCIAL,SALUD MENTAL,Proyecto operacional,2026,1,2026-01-01 00:00:00
128,Bienes y Servicios,1057532-385-PC25,22.08.001,"Convenio - CONVENIO PARA DESRATIZACION, SANITIZACION, DESINSECTACION PARA EL SERVICIO DE SALUD OSORNO",1,Convenio Desratización,95481792,87524976,Carlos López,INGENIERO AMBIENTAL,2025-08-01 00:00:00,"SUB. DPTO. DE PREVENCION DE RIESGOS, SALUD OCUPACIONAL Y GESTION AMBIENTAL.",SUBDIRECCION DE GESTION Y DESARROLLO DE LAS PERSONAS,CALIDAD DE VIDA,Proyecto operacional,2026,12,"01-02-2026,01-03-2026,01-04-2026,01-05-2026,01-06-2026,01-07-2026,01-08-2026,01-09-2026,01-10-2026,01-11-2026,01-12-2026,01-01-2027"
129,Bienes y Servicios,1057532-452-PC26,22.08.001,Reciclaje en Edificio Plaza Sur,1,Retiro,2400000,2400000,Carlos Lopez Gutierrez,Ingeniero Ambiental,2026-01-01 00:00:00,"SUB. DPTO. DE PREVENCION DE RIESGOS, SALUD OCUPACIONAL Y GESTION AMBIENTAL.",SUBDIRECCION DE GESTION Y DESARROLLO DE LAS PERSONAS,CALIDAD DE VIDA,Proyecto operacional,2026,12,"01-01-2026,01-02-2026,01-03-2026,01-04-2026,01-05-2026,01-06-2026,01-07-2026,01-08-2026,01-09-2026,01-10-2026,01-11-2026,01-12-2026"
130,Bienes y Servicios,1057532-456-PC26,22.04.007,Reciclaje en Edificio Plaza Sur,1,Contenedor,107275,3861900,Carlos Lopez Gutierrez,Ingeniero Ambiental,2026-01-01 00:00:00,"SUB. DPTO. DE PREVENCION DE RIESGOS, SALUD OCUPACIONAL Y GESTION AMBIENTAL.",SUBDIRECCION DE GESTION Y DESARROLLO DE LAS PERSONAS,CALIDAD DE VIDA,Proyecto operacional,2026,1,2026-01-01 00:00:00
131,Bienes y Servicios,1057532-545-PC26,2590,Conmemoración del aniversario del centro Kümelen,3,Servicio Cafeteria,7000,700000,Carlos Utreras,Coordinador (S),2026-09-01 00:00:00,CDR KUMELEN,SUBDIRECCION DE GESTION ASISTENCIAL,SALUD MENTAL,Proyecto operacional,2026,1,2026-09-01 00:00:00
132,Bienes y Servicios,1057532-545-PC26,2590,Conmemoración del aniversario del centro Kümelen,3,Diptico,900,180000,Carlos Utreras,Coordinador (S),2026-09-01 00:00:00,CDR KUMELEN,SUBDIRECCION DE GESTION ASISTENCIAL,SALUD MENTAL,Proyecto operacional,2026,1,2026-09-01 00:00:00
133,Bienes y Servicios,1057532-545-PC26,2590,Conmemoración del aniversario del centro Kümelen,3,Decoración,400,40000,Carlos Utreras,Coordinador (S),2026-09-01 00:00:00,CDR KUMELEN,SUBDIRECCION DE GESTION ASISTENCIAL,SALUD MENTAL,Proyecto operacional,2026,1,2026-09-01 00:00:00
134,Bienes y Servicios,1057532-566-PC26,22.01.001,Conmemoración día de la mujer,3,Alimentos,2955,65010,Carlos Utreras,Coordinador (S),2026-03-01 00:00:00,CDR KUMELEN,SUBDIRECCION DE GESTION ASISTENCIAL,SALUD MENTAL,Proyecto operacional,2026,1,2026-03-01 00:00:00
135,Bienes y Servicios,1057532-566-PC26,22.01.001,Conmemoración día de la mujer,3,Bolsa Regalos,2046,45012,Carlos Utreras,Coordinador (S),2026-03-01 00:00:00,CDR KUMELEN,SUBDIRECCION DE GESTION ASISTENCIAL,SALUD MENTAL,Proyecto operacional,2026,1,2026-03-01 00:00:00
136,Bienes y Servicios,1057532-566-PC26,22.01.001,Conmemoración día de la mujer,3,Decoración,5455,120010,Carlos Utreras,Coordinador (S),2026-03-01 00:00:00,CDR KUMELEN,SUBDIRECCION DE GESTION ASISTENCIAL,SALUD MENTAL,Proyecto operacional,2026,1,2026-03-01 00:00:00
137,Bienes y Servicios,1057532-466-PC26,22.08.007,"Servicio de Movilización de 1 vehículo con conductor, por 2 meses, para ejecución vacunación en la provincia de Osorno",1,Servicio Movilización,7000000,7000000,Carolina Lagos,Referente De Programa Nacional De Inmunizaciones,2026-03-01 00:00:00,DEPARTAMENTO ATENCION PRIMARIA,SUBDIRECCION DE GESTION ASISTENCIAL,ATENCION PRIMARIA,Proyecto operacional,2026,1,2026-03-01 00:00:00
138,Bienes y Servicios,1057532-467-PC26,22.07.001,SERVICIO DE ELABORACIÓN Y DIFUSIÓN DE 4 AVISOS RADIALES PROMOCIONALES DE CAMPAÑA DE INVIERNO 2026 POR 2 MESES,1,Espacio Radial,357000,1428000,Carolina Lagos,Referente De Programa Nacional De Inmunizaciones,2026-03-01 00:00:00,DEPARTAMENTO ATENCION PRIMARIA,SUBDIRECCION DE GESTION ASISTENCIAL,ATENCION PRIMARIA,Proyecto operacional,2026,1,2026-03-01 00:00:00
139,Bienes y Servicios,1057532-469-PC26,22.07.001,"1 Servicio de grabación y emisión de 4 mensajes radiales de vacunación escolar por 2 meses, en la provincia de Osorno.",1,Difusión Radial,357000,1428000,Carolina Lagos,Referente De Programa Nacional De Inmunizaciones,2026-08-01 00:00:00,DEPARTAMENTO ATENCION PRIMARIA,SUBDIRECCION DE GESTION ASISTENCIAL,ATENCION PRIMARIA,Proyecto operacional,2026,1,2026-08-01 00:00:00
140,Bienes y Servicios,1057532-473-PC26,22.04,Compra de insumos para la mantención de la cadena de frío de las vacunas de los establecimientos de la provincia.,1,Cooler-Maleta de transporte,94469,5668140,Carolina Lagos,Referente De Programa Nacional De Inmunizaciones,2026-04-01 00:00:00,DEPARTAMENTO ATENCION PRIMARIA,SUBDIRECCION DE GESTION ASISTENCIAL,ATENCION PRIMARIA,Proyecto operacional,2026,1,2026-05-01 00:00:00
141,Bienes y Servicios,1057532-486-PC26,22.01.001,"Capacitación de Salud Respiratoria en el Curso de Vida, en contexto de campaña de invierno para 110 personas",1,Servicio Cafeteria,7119,783090,Carolina Lagos,Referente De Programa Nacional De Inmunizaciones,2026-03-01 00:00:00,DEPARTAMENTO ATENCION PRIMARIA,SUBDIRECCION DE GESTION ASISTENCIAL,ATENCION PRIMARIA,Proyecto operacional,2026,1,2026-03-01 00:00:00
142,Bienes y Servicios,1057532-491-PC26,22.04.001,Material de librería para vacunatorios y para capacitaciones del Programa Nacional de Inmunizaciones 2025,1,Articulos de Oficina,501,726450,Carolina Lagos,Referente De Programa Nacional De Inmunizaciones,2026-03-01 00:00:00,DEPARTAMENTO ATENCION PRIMARIA,SUBDIRECCION DE GESTION ASISTENCIAL,ATENCION PRIMARIA,Proyecto operacional,2026,1,2026-03-01 00:00:00
143,Bienes y Servicios,1057532-515-PC26,22.04.005,"Compra de insumos clínicos para actividades de vacunación, en vacunatorios y colegios de la provincia.",1,Insumos Clínicos,2578,2578000,Carolina Lagos,Referente De Programa Nacional De Inmunizaciones,2026-04-01 00:00:00,DEPARTAMENTO ATENCION PRIMARIA,SUBDIRECCION DE GESTION ASISTENCIAL,ATENCION PRIMARIA,Proyecto operacional,2026,1,2026-04-01 00:00:00
144,Bienes y Servicios,1057532-517-PC26,22.01.001,"Servicio de Coffe para 115 personas, Jornada Anual de Capacitación del Programa Nacional de Inmunizaciones, provincial",1,Servicio Cafeteria,1428000,1428000,Carolina Lagos,Referente De Programa Nacional De Inmunizaciones,2026-09-01 00:00:00,DEPARTAMENTO ATENCION PRIMARIA,SUBDIRECCION DE GESTION ASISTENCIAL,ATENCION PRIMARIA,Proyecto operacional,2026,1,2026-09-01 00:00:00
145,Bienes y Servicios,1057532-40-PC26,22.01.001,Insumos cafeteria para Intervenciones Psicosociales Grupales en contexto Programa PASMI-SM y Bienestar Psicosocial,2,"Menaje para Oficina, Casino y Otros",36,108000,Carolina Oyarzo,Encargada Unidad Salud Mental en APS,2026-04-01 00:00:00,DEPARTAMENTO ATENCION PRIMARIA,SUBDIRECCION DE GESTION ASISTENCIAL,ATENCION PRIMARIA,Proyecto operacional,2026,1,2026-04-01 00:00:00
146,Bienes y Servicios,1057532-40-PC26,22.01.001,Insumos cafeteria para Intervenciones Psicosociales Grupales en contexto Programa PASMI-SM y Bienestar Psicosocial,2,Alimentos y Bebidas Para Personas,5800,319000,Carolina Oyarzo,Encargada Unidad Salud Mental en APS,2026-04-01 00:00:00,DEPARTAMENTO ATENCION PRIMARIA,SUBDIRECCION DE GESTION ASISTENCIAL,ATENCION PRIMARIA,Proyecto operacional,2026,1,2026-04-01 00:00:00
147,Bienes y Servicios,1057532-52-PC26,22.01.001,"Servicios, materiales, e insumos Programa de Salud Mental y Bienestar Psicosocial",2,Servicio de Cafeteria,5000,500000,Carolina Oyarzo,Encargada Unidad Salud Mental en APS,2026-04-01 00:00:00,DEPARTAMENTO ATENCION PRIMARIA,SUBDIRECCION DE GESTION ASISTENCIAL,ATENCION PRIMARIA,Proyecto operacional,2026,1,2026-04-01 00:00:00
148,Bienes y Servicios,1057532-52-PC26,22.01.001,"Servicios, materiales, e insumos Programa de Salud Mental y Bienestar Psicosocial",2,Material promocional,305,2958500,Carolina Oyarzo,Encargada Unidad Salud Mental en APS,2026-04-01 00:00:00,DEPARTAMENTO ATENCION PRIMARIA,SUBDIRECCION DE GESTION ASISTENCIAL,ATENCION PRIMARIA,Proyecto operacional,2026,1,2026-04-01 00:00:00
149,Bienes y Servicios,1057532-333-PC26,22.04.003,TEST DE DETECCION DE DROGAS,1,Test,8000,800000,Carolina Silva,Encargada De Compras,2026-10-01 00:00:00,DEPARTAMENTO DE SALUD MENTAL,SUBDIRECCION DE GESTION ASISTENCIAL,SALUD MENTAL,Proyecto operacional,2026,1,2026-10-01 00:00:00
150,Bienes y Servicios,1057532-338-PC26,22.04.999,ACTIVIDADES DE DIFUSIÓN Y DE PREVENCIÓN EN LA PROVINCIA DE OSORNO,4,Galvanos y Placa,7334,176016,Carolina Silva,Encargada De Compras,2026-03-01 00:00:00,DEPARTAMENTO DE SALUD MENTAL,SUBDIRECCION DE GESTION ASISTENCIAL,SALUD MENTAL,Proyecto operacional,2026,1,2026-03-01 00:00:00
151,Bienes y Servicios,1057532-338-PC26,22.04.999,ACTIVIDADES DE DIFUSIÓN Y DE PREVENCIÓN EN LA PROVINCIA DE OSORNO,4,Bolsas Ecologicas,600,300000,Carolina Silva,Encargada De Compras,2026-03-01 00:00:00,DEPARTAMENTO DE SALUD MENTAL,SUBDIRECCION DE GESTION ASISTENCIAL,SALUD MENTAL,Proyecto operacional,2026,1,2026-03-01 00:00:00
152,Bienes y Servicios,1057532-338-PC26,22.04.999,ACTIVIDADES DE DIFUSIÓN Y DE PREVENCIÓN EN LA PROVINCIA DE OSORNO,4,Pendon,75000,150000,Carolina Silva,Encargada De Compras,2026-01-01 00:00:00,DEPARTAMENTO DE SALUD MENTAL,SUBDIRECCION DE GESTION ASISTENCIAL,SALUD MENTAL,Proyecto operacional,2026,1,2026-03-01 00:00:00
153,Bienes y Servicios,1057532-338-PC26,22.04.999,ACTIVIDADES DE DIFUSIÓN Y DE PREVENCIÓN EN LA PROVINCIA DE OSORNO,4,Merchandising Publicidad,691,1071050,Carolina Silva,Encargada De Compras,2026-03-01 00:00:00,DEPARTAMENTO DE SALUD MENTAL,SUBDIRECCION DE GESTION ASISTENCIAL,SALUD MENTAL,Proyecto operacional,2026,1,2026-03-01 00:00:00
154,Bienes y Servicios,1057532-347-PC26,22.04.002,ARTICULOS PARA TERAPIA OCUPACIONAL,1,Material Educativo,18154,472004,Carolina Silva,Encargada De Compras,2026-07-01 00:00:00,DEPARTAMENTO DE SALUD MENTAL,SUBDIRECCION DE GESTION ASISTENCIAL,SALUD MENTAL,Proyecto operacional,2026,1,2026-07-01 00:00:00
155,Bienes y Servicios,1057532-348-PC26,22.04.999,TOLDOS,1,Toldo,150000,600000,Carolina Silva,Encargada De Compras,2026-03-01 00:00:00,DEPARTAMENTO DE SALUD MENTAL,SUBDIRECCION DE GESTION ASISTENCIAL,SALUD MENTAL,Proyecto operacional,2026,1,2026-03-01 00:00:00
156,Bienes y Servicios,1057532-349-PC26,22.04.012,"MANTENCIONES, REPUESTOS Y REPARACIONES",3,Mantenciones,132143,3700004,Carolina Silva,Encargada De Compras,2026-05-01 00:00:00,DEPARTAMENTO DE SALUD MENTAL,SUBDIRECCION DE GESTION ASISTENCIAL,SALUD MENTAL,Proyecto operacional,2026,1,2026-05-01 00:00:00
157,Bienes y Servicios,1057532-349-PC26,22.04.012,"MANTENCIONES, REPUESTOS Y REPARACIONES",3,Repuestos,36667,2200020,Carolina Silva,Encargada De Compras,2026-05-01 00:00:00,DEPARTAMENTO DE SALUD MENTAL,SUBDIRECCION DE GESTION ASISTENCIAL,SALUD MENTAL,Proyecto operacional,2026,1,2026-05-01 00:00:00
158,Bienes y Servicios,1057532-349-PC26,22.04.012,"MANTENCIONES, REPUESTOS Y REPARACIONES",3,Servicio,100000,200000,Carolina Silva,Encargada De Compras,2026-05-01 00:00:00,DEPARTAMENTO DE SALUD MENTAL,SUBDIRECCION DE GESTION ASISTENCIAL,SALUD MENTAL,Proyecto operacional,2026,1,2026-05-01 00:00:00
159,Bienes y Servicios,1057532-350-PC26,22.04.009,INSUMOS COMPUTACIONALES,3,Insumos Computacionales,33226,1030006,Carolina Silva,Encargada De Compras,2026-04-01 00:00:00,DEPARTAMENTO DE SALUD MENTAL,SUBDIRECCION DE GESTION ASISTENCIAL,SALUD MENTAL,Proyecto operacional,2026,1,2026-04-01 00:00:00
160,Bienes y Servicios,1057532-350-PC26,22.04.009,INSUMOS COMPUTACIONALES,3,WI FI,75000,900000,Carolina Silva,Encargada De Compras,2026-01-01 00:00:00,DEPARTAMENTO DE SALUD MENTAL,SUBDIRECCION DE GESTION ASISTENCIAL,SALUD MENTAL,Proyecto operacional,2026,1,2026-04-01 00:00:00
161,Bienes y Servicios,1057532-350-PC26,22.04.009,INSUMOS COMPUTACIONALES,3,Repuestos,40000,800000,Carolina Silva,Encargada De Compras,2026-06-01 00:00:00,DEPARTAMENTO DE SALUD MENTAL,SUBDIRECCION DE GESTION ASISTENCIAL,SALUD MENTAL,Proyecto operacional,2026,1,2026-04-01 00:00:00
162,Bienes y Servicios,1057532-455-PC26,22.02-22.04,EQUIPAMIENTO AMBULATORIO FONDOS PPV,3,Tela - Alfombra,10000,960000,Carolina Silva,Encargada De Compras,2026-05-01 00:00:00,DEPARTAMENTO DE SALUD MENTAL,SUBDIRECCION DE GESTION ASISTENCIAL,SALUD MENTAL,Proyecto operacional,2026,1,2026-05-01 00:00:00
163,Bienes y Servicios,1057532-455-PC26,22.02-22.04,EQUIPAMIENTO AMBULATORIO FONDOS PPV,3,Cojines,4167,50004,Carolina Silva,Encargada De Compras,2026-05-01 00:00:00,DEPARTAMENTO DE SALUD MENTAL,SUBDIRECCION DE GESTION ASISTENCIAL,SALUD MENTAL,Proyecto operacional,2026,1,2026-05-01 00:00:00
164,Bienes y Servicios,1057532-455-PC26,22.02-22.04,EQUIPAMIENTO AMBULATORIO FONDOS PPV,3,Equipamiento no Medico,12500,650000,Carolina Silva,Encargada De Compras,2026-05-01 00:00:00,DEPARTAMENTO DE SALUD MENTAL,SUBDIRECCION DE GESTION ASISTENCIAL,SALUD MENTAL,Proyecto operacional,2026,1,2026-05-01 00:00:00
165,Bienes y Servicios,1057532-458-PC26,22.04-22.02,ARTICULOS DE FERRETERIA AMBULATORIO FONDOS PPV,5,Cortinas,22449,1100001,Carolina Silva,Encargada De Compras,2026-05-01 00:00:00,DEPARTAMENTO DE SALUD MENTAL,SUBDIRECCION DE GESTION ASISTENCIAL,SALUD MENTAL,Proyecto operacional,2026,1,2026-05-01 00:00:00
166,Bienes y Servicios,1057532-458-PC26,22.04-22.02,ARTICULOS DE FERRETERIA AMBULATORIO FONDOS PPV,5,Materiales de Mantenimiento Reparaciones,9566,1100090,Carolina Silva,Encargada De Compras,2026-05-01 00:00:00,DEPARTAMENTO DE SALUD MENTAL,SUBDIRECCION DE GESTION ASISTENCIAL,SALUD MENTAL,Proyecto operacional,2026,1,2026-05-01 00:00:00
167,Bienes y Servicios,1057532-458-PC26,22.04-22.02,ARTICULOS DE FERRETERIA AMBULATORIO FONDOS PPV,5,Basurero,30000,120000,Carolina Silva,Encargada De Compras,2026-05-01 00:00:00,DEPARTAMENTO DE SALUD MENTAL,SUBDIRECCION DE GESTION ASISTENCIAL,SALUD MENTAL,Proyecto operacional,2026,1,2026-05-01 00:00:00
168,Bienes y Servicios,1057532-458-PC26,22.04-22.02,ARTICULOS DE FERRETERIA AMBULATORIO FONDOS PPV,5,Hacha,15000,30000,Carolina Silva,Encargada De Compras,2026-05-01 00:00:00,DEPARTAMENTO DE SALUD MENTAL,SUBDIRECCION DE GESTION ASISTENCIAL,SALUD MENTAL,Proyecto operacional,2026,1,2026-05-01 00:00:00
169,Bienes y Servicios,1057532-458-PC26,22.04-22.02,ARTICULOS DE FERRETERIA AMBULATORIO FONDOS PPV,5,"Luces, manguera, tapa",15600,390000,Carolina Silva,Encargada De Compras,2026-05-01 00:00:00,DEPARTAMENTO DE SALUD MENTAL,SUBDIRECCION DE GESTION ASISTENCIAL,SALUD MENTAL,Proyecto operacional,2026,1,2026-05-01 00:00:00
170,Bienes y Servicios,1057532-461-PC26,22.04.008,ARTICULOS DE COCINA AMBULATORIO FONDOS PPV,3,Artículos Cocina,3070,746010,Carolina Silva,Encargada De Compras,2026-05-01 00:00:00,DEPARTAMENTO DE SALUD MENTAL,SUBDIRECCION DE GESTION ASISTENCIAL,SALUD MENTAL,Proyecto operacional,2026,1,2026-05-01 00:00:00
171,Bienes y Servicios,1057532-461-PC26,22.04.008,ARTICULOS DE COCINA AMBULATORIO FONDOS PPV,3,Reloj,8000,96000,Carolina Silva,Encargada De Compras,2026-05-01 00:00:00,DEPARTAMENTO DE SALUD MENTAL,SUBDIRECCION DE GESTION ASISTENCIAL,SALUD MENTAL,Proyecto operacional,2026,1,2026-05-01 00:00:00
172,Bienes y Servicios,1057532-461-PC26,22.04.008,ARTICULOS DE COCINA AMBULATORIO FONDOS PPV,3,Caja Plastica,8572,480032,Carolina Silva,Encargada De Compras,2026-05-01 00:00:00,DEPARTAMENTO DE SALUD MENTAL,SUBDIRECCION DE GESTION ASISTENCIAL,SALUD MENTAL,Proyecto operacional,2026,1,2026-05-01 00:00:00
173,Bienes y Servicios,1057532-462-PC26,22.08.003,ARTICULOS DE JARDINERIA AMBULATORIO FONDOS PPV,1,Artículos Jardín,3671,334061,Carolina Silva,Encargada De Compras,2026-05-01 00:00:00,DEPARTAMENTO DE SALUD MENTAL,SUBDIRECCION DE GESTION ASISTENCIAL,SALUD MENTAL,Proyecto operacional,2026,1,2026-05-01 00:00:00
174,Administración de Fondos,1077241-100-PC26,22.04.008,EQUIPAMIENTO RESIDENCIAL ? CONVENIO SENDA,7,Mesa Pegable,60000,120000,Carolina Silva,Encargada De Compras,2026-02-01 00:00:00,DEPARTAMENTO DE SALUD MENTAL,SUBDIRECCION DE GESTION ASISTENCIAL,SALUD MENTAL,Proyecto operacional,2026,1,2026-05-01 00:00:00
175,Administración de Fondos,1077241-100-PC26,22.04.008,EQUIPAMIENTO RESIDENCIAL ? CONVENIO SENDA,7,Alfombras,112500,450000,Carolina Silva,Encargada De Compras,2026-02-01 00:00:00,DEPARTAMENTO DE SALUD MENTAL,SUBDIRECCION DE GESTION ASISTENCIAL,SALUD MENTAL,Proyecto operacional,2026,1,2026-05-01 00:00:00
176,Administración de Fondos,1077241-100-PC26,22.04.008,EQUIPAMIENTO RESIDENCIAL ? CONVENIO SENDA,7,Aire Acondicionado -Aspiradora - Congelador -Refrigerador - Televisor-Microondas,345000,2760000,Carolina Silva,Encargada De Compras,2026-02-01 00:00:00,DEPARTAMENTO DE SALUD MENTAL,SUBDIRECCION DE GESTION ASISTENCIAL,SALUD MENTAL,Proyecto operacional,2026,1,2026-05-01 00:00:00
177,Administración de Fondos,1077241-100-PC26,22.04.008,EQUIPAMIENTO RESIDENCIAL ? CONVENIO SENDA,7,Sillas - Escritorios,330000,2310000,Carolina Silva,Encargada De Compras,2026-02-01 00:00:00,DEPARTAMENTO DE SALUD MENTAL,SUBDIRECCION DE GESTION ASISTENCIAL,SALUD MENTAL,Proyecto operacional,2026,1,2026-05-01 00:00:00
178,Administración de Fondos,1077241-100-PC26,22.04.008,EQUIPAMIENTO RESIDENCIAL ? CONVENIO SENDA,7,Bodega Lata - Cocina a gas,400000,800000,Carolina Silva,Encargada De Compras,2026-02-01 00:00:00,DEPARTAMENTO DE SALUD MENTAL,SUBDIRECCION DE GESTION ASISTENCIAL,SALUD MENTAL,Proyecto operacional,2026,1,2026-05-01 00:00:00
179,Administración de Fondos,1077241-100-PC26,22.04.008,EQUIPAMIENTO RESIDENCIAL ? CONVENIO SENDA,7,Calentador-Parlante-Aparato Electronico -,40000,240000,Carolina Silva,Encargada De Compras,2026-02-01 00:00:00,DEPARTAMENTO DE SALUD MENTAL,SUBDIRECCION DE GESTION ASISTENCIAL,SALUD MENTAL,Proyecto operacional,2026,1,2026-05-01 00:00:00
180,Administración de Fondos,1077241-100-PC26,22.04.008,EQUIPAMIENTO RESIDENCIAL ? CONVENIO SENDA,7,Plancha,30000,30000,Carolina Silva,Encargada De Compras,2026-02-01 00:00:00,DEPARTAMENTO DE SALUD MENTAL,SUBDIRECCION DE GESTION ASISTENCIAL,SALUD MENTAL,Proyecto operacional,2026,1,2026-05-01 00:00:00
181,Administración de Fondos,1057532-468-PC26,22.04.012,ARTICULOS DE FERRETERIA Y OTROS RESIDENCIAL CONVENIO SENDA,3,Escalera,150000,150000,Carolina Silva,Encargada De Compras,2026-05-01 00:00:00,DEPARTAMENTO DE SALUD MENTAL,SUBDIRECCION DE GESTION ASISTENCIAL,SALUD MENTAL,Proyecto operacional,2026,1,2026-05-01 00:00:00
182,Administración de Fondos,1057532-468-PC26,22.04.012,ARTICULOS DE FERRETERIA Y OTROS RESIDENCIAL CONVENIO SENDA,3,Orilladora,70000,70000,Carolina Silva,Encargada De Compras,2026-05-01 00:00:00,DEPARTAMENTO DE SALUD MENTAL,SUBDIRECCION DE GESTION ASISTENCIAL,SALUD MENTAL,Proyecto operacional,2026,1,2026-05-01 00:00:00
183,Administración de Fondos,1057532-468-PC26,22.04.012,ARTICULOS DE FERRETERIA Y OTROS RESIDENCIAL CONVENIO SENDA,3,FOCO - SECADOR,15000,75000,Carolina Silva,Encargada De Compras,2026-05-01 00:00:00,DEPARTAMENTO DE SALUD MENTAL,SUBDIRECCION DE GESTION ASISTENCIAL,SALUD MENTAL,Proyecto operacional,2026,1,2026-05-01 00:00:00
184,Administración de Fondos,1077241-101-PC26,29.06.001,INSUMOS COMPUTACIONALES RESIDENCIAL CONVENIO SENDA,1,Impresora,360000,360000,Carolina Silva,Encargada De Compras,2026-02-01 00:00:00,DEPARTAMENTO DE SALUD MENTAL,SUBDIRECCION DE GESTION ASISTENCIAL,SALUD MENTAL,Proyecto operacional,2026,1,2026-02-01 00:00:00
185,Administración de Fondos,1077241-103-PC26,22.04.008,ARTICULOS DE COCINA AMBULATORIO ? CONVENIO SENDA,1,Articulos de Cocina,28572,200004,Carolina Silva,Encargada De Compras,2026-05-01 00:00:00,DEPARTAMENTO DE SALUD MENTAL,SUBDIRECCION DE GESTION ASISTENCIAL,SALUD MENTAL,Proyecto operacional,2026,1,2026-05-01 00:00:00
186,Administración de Fondos,1077241-104-PC26,22.04.012,ARTICULOS DE FERRETERIA Y OTROS AMBULATORIO ? CONVENIO SENDA,3,Escalera,150000,150000,Carolina Silva,Encargada De Compras,2026-05-01 00:00:00,DEPARTAMENTO DE SALUD MENTAL,SUBDIRECCION DE GESTION ASISTENCIAL,SALUD MENTAL,Proyecto operacional,2026,1,2026-05-01 00:00:00
187,Administración de Fondos,1077241-104-PC26,22.04.012,ARTICULOS DE FERRETERIA Y OTROS AMBULATORIO ? CONVENIO SENDA,3,Orilladora,70000,70000,Carolina Silva,Encargada De Compras,2026-05-01 00:00:00,DEPARTAMENTO DE SALUD MENTAL,SUBDIRECCION DE GESTION ASISTENCIAL,SALUD MENTAL,Proyecto operacional,2026,1,2026-05-01 00:00:00
188,Administración de Fondos,1077241-104-PC26,22.04.012,ARTICULOS DE FERRETERIA Y OTROS AMBULATORIO ? CONVENIO SENDA,3,Focos,15000,60000,Carolina Silva,Encargada De Compras,2026-05-01 00:00:00,DEPARTAMENTO DE SALUD MENTAL,SUBDIRECCION DE GESTION ASISTENCIAL,SALUD MENTAL,Proyecto operacional,2026,1,2026-05-01 00:00:00
189,Bienes y Servicios,1057532-520-PC26,2562,TEST DE EVALUACIONES PSICOLÓGICAS,1,TEST,625000,1250000,Carolina Silva,Encargada De Compras,2026-06-01 00:00:00,DEPARTAMENTO DE SALUD MENTAL,SUBDIRECCION DE GESTION ASISTENCIAL,SALUD MENTAL,Proyecto operacional,2026,1,2026-06-01 00:00:00
190,Bienes y Servicios,1057532-535-PC26,22.01-22.04,Eventos y resignificaciones anuales,3,Alimentación,1136,5255136,Carolina Silva,Encargada de Compras,2026-01-01 00:00:00,DEPARTAMENTO DE SALUD MENTAL,SUBDIRECCION DE GESTION ASISTENCIAL,SALUD MENTAL,Proyecto operacional,2026,1,2026-02-01 00:00:00
191,Bienes y Servicios,1057532-535-PC26,22.01-22.04,Eventos y resignificaciones anuales,3,Insumos de alimentación,628,768672,Carolina Silva,Encargada de Compras,2026-01-01 00:00:00,DEPARTAMENTO DE SALUD MENTAL,SUBDIRECCION DE GESTION ASISTENCIAL,SALUD MENTAL,Proyecto operacional,2026,1,2026-02-01 00:00:00
192,Bienes y Servicios,1057532-535-PC26,22.01-22.04,Eventos y resignificaciones anuales,3,Insumos de alimentación,628,768672,Carolina Silva,Encargada de Compras,2026-01-01 00:00:00,DEPARTAMENTO DE SALUD MENTAL,SUBDIRECCION DE GESTION ASISTENCIAL, SALUD MENTAL,Proyecto operacional,2026,,
193,Bienes y Servicios,1057532-541-PC26,22.04,Insumos médicos,3,Artículos médicos y clínicos,10392,239016,Carolina Silva,Encargada de Compras,2026-06-01 00:00:00,DEPARTAMENTO DE SALUD MENTAL,SUBDIRECCION DE GESTION ASISTENCIAL,SALUD MENTAL,Proyecto operacional,2026,1,2026-07-01 00:00:00
194,Bienes y Servicios,1057532-541-PC26,22.04,Insumos médicos,3,Materiales de curación,2492,1074052,Carolina Silva,Encargada de Compras,2026-06-01 00:00:00,DEPARTAMENTO DE SALUD MENTAL,SUBDIRECCION DE GESTION ASISTENCIAL,SALUD MENTAL,Proyecto operacional,2026,1,2026-07-01 00:00:00
195,Bienes y Servicios,1057532-541-PC26,22.04,Insumos médicos,3,Equipamiento médico,160,480320,Carolina Silva,Encargada de Compras,2026-06-01 00:00:00,DEPARTAMENTO DE SALUD MENTAL,SUBDIRECCION DE GESTION ASISTENCIAL,SALUD MENTAL,Proyecto operacional,2026,1,2026-07-01 00:00:00
196,Bienes y Servicios,1057532-543-PC26,22.04,Materiales psicopedagógicos,2,Artículos de librería,1107,809217,Carolina Silva,Encargada de Compras,2026-03-01 00:00:00,DEPARTAMENTO DE SALUD MENTAL,SUBDIRECCION DE GESTION ASISTENCIAL,SALUD MENTAL,Proyecto operacional,2026,1,2026-04-01 00:00:00
197,Bienes y Servicios,1057532-543-PC26,22.04,Materiales psicopedagógicos,2,Artículos de oficina,4858,340060,Carolina Silva,Encargada de Compras,2026-03-01 00:00:00,DEPARTAMENTO DE SALUD MENTAL,SUBDIRECCION DE GESTION ASISTENCIAL,SALUD MENTAL,Proyecto operacional,2026,1,2026-04-01 00:00:00
198,Bienes y Servicios,1057532-577-PC26,2266,TALLER DE MANUALIDADES,6,Artículos de Ferretería,554,343480,Carolina Silva,Encargada De Compras,2026-04-01 00:00:00,DEPARTAMENTO DE SALUD MENTAL,SUBDIRECCION DE GESTION ASISTENCIAL,SALUD MENTAL,Proyecto operacional,2026,1,2026-05-01 00:00:00
199,Bienes y Servicios,1057532-577-PC26,2266,TALLER DE MANUALIDADES,6,Esencias Aromaterapia,20000,100000,Carolina Silva,Encargada De Compras,2026-04-01 00:00:00,DEPARTAMENTO DE SALUD MENTAL,SUBDIRECCION DE GESTION ASISTENCIAL,SALUD MENTAL,Proyecto operacional,2026,1,2026-05-01 00:00:00
200,Bienes y Servicios,1057532-577-PC26,2266,TALLER DE MANUALIDADES,6,Artículos de Librería,1278,230040,Carolina Silva,Encargada De Compras,2026-04-01 00:00:00,DEPARTAMENTO DE SALUD MENTAL,SUBDIRECCION DE GESTION ASISTENCIAL,SALUD MENTAL,Proyecto operacional,2026,1,2026-05-01 00:00:00
201,Bienes y Servicios,1057532-577-PC26,2266,TALLER DE MANUALIDADES,6,Material Ergoterapia,7881,2364300,Carolina Silva,Encargada De Compras,2026-04-01 00:00:00,DEPARTAMENTO DE SALUD MENTAL,SUBDIRECCION DE GESTION ASISTENCIAL,SALUD MENTAL,Proyecto operacional,2026,1,2026-05-01 00:00:00
202,Bienes y Servicios,1057532-577-PC26,2266,TALLER DE MANUALIDADES,6,Artículos de Oficina,1914,220110,Carolina Silva,Encargada De Compras,2026-04-01 00:00:00,DEPARTAMENTO DE SALUD MENTAL,SUBDIRECCION DE GESTION ASISTENCIAL,SALUD MENTAL,Proyecto operacional,2026,1,2026-05-01 00:00:00
203,Bienes y Servicios,1057532-577-PC26,2266,TALLER DE MANUALIDADES,6,Aparatos Electrónicos,30000,30000,Carolina Silva,Encargada De Compras,2026-04-01 00:00:00,DEPARTAMENTO DE SALUD MENTAL,SUBDIRECCION DE GESTION ASISTENCIAL,SALUD MENTAL,Proyecto operacional,2026,1,2026-05-01 00:00:00
204,Bienes y Servicios,1057532-579-PC26,2233,ARTICULOS DE OFICINA UNIDADES AMBULATORIO Y RESIDENCIAL,3,Toner,41667,500004,Carolina Silva,Encargada De Compras,2026-02-01 00:00:00,DEPARTAMENTO DE SALUD MENTAL,SUBDIRECCION DE GESTION ASISTENCIAL,SALUD MENTAL,Proyecto operacional,2026,1,2026-02-01 00:00:00
205,Bienes y Servicios,1057532-579-PC26,2233,ARTICULOS DE OFICINA UNIDADES AMBULATORIO Y RESIDENCIAL,3,Material de Oficina,1975,1975000,Carolina Silva,Encargada De Compras,2026-02-01 00:00:00,DEPARTAMENTO DE SALUD MENTAL,SUBDIRECCION DE GESTION ASISTENCIAL,SALUD MENTAL,Proyecto operacional,2026,1,2026-02-01 00:00:00
206,Bienes y Servicios,1057532-579-PC26,2233,ARTICULOS DE OFICINA UNIDADES AMBULATORIO Y RESIDENCIAL,3,Papelero,5000,50000,Carolina Silva,Encargada De Compras,2026-02-01 00:00:00,DEPARTAMENTO DE SALUD MENTAL,SUBDIRECCION DE GESTION ASISTENCIAL,SALUD MENTAL,Proyecto operacional,2026,1,2026-02-01 00:00:00
207,Bienes y Servicios,1057532-580-PC26,2254,EVENTOS EN MOVIMIENTO Y A UNA SOLA VOZ,4,Amplificación,1000000,1000000,Carolina Silva,Encargada De Compras,2026-09-01 00:00:00,DEPARTAMENTO DE SALUD MENTAL,SUBDIRECCION DE GESTION ASISTENCIAL,SALUD MENTAL,Proyecto operacional,2026,1,2026-09-01 00:00:00
208,Bienes y Servicios,1057532-580-PC26,2254,EVENTOS EN MOVIMIENTO Y A UNA SOLA VOZ,4,Placa Regalos,7500,360000,Carolina Silva,Encargada De Compras,2026-09-01 00:00:00,DEPARTAMENTO DE SALUD MENTAL,SUBDIRECCION DE GESTION ASISTENCIAL,SALUD MENTAL,Proyecto operacional,2026,1,2026-09-01 00:00:00
209,Bienes y Servicios,1057532-580-PC26,2254,EVENTOS EN MOVIMIENTO Y A UNA SOLA VOZ,4,Material de Aseo,465,186000,Carolina Silva,Encargada De Compras,2026-09-01 00:00:00,DEPARTAMENTO DE SALUD MENTAL,SUBDIRECCION DE GESTION ASISTENCIAL,SALUD MENTAL,Proyecto operacional,2026,1,2026-09-01 00:00:00
210,Bienes y Servicios,1057532-580-PC26,2254,EVENTOS EN MOVIMIENTO Y A UNA SOLA VOZ,4,Alimentación,210,679980,Carolina Silva,Encargada De Compras,2026-09-01 00:00:00,DEPARTAMENTO DE SALUD MENTAL,SUBDIRECCION DE GESTION ASISTENCIAL,SALUD MENTAL,Proyecto operacional,2026,1,2026-09-01 00:00:00
211,Administración de Fondos,1077241-111-PC26,22.04,EQUIPAMIENTO AMBULATORIO ? CONVENIO SENDA,7,SIllas - Sillones,61364,2700016,Carolina Silva,Encargada De Compras,2026-02-01 00:00:00,DEPARTAMENTO DE SALUD MENTAL,SUBDIRECCION DE GESTION ASISTENCIAL,SALUD MENTAL,Proyecto operacional,2026,1,2026-02-01 00:00:00
212,Administración de Fondos,1077241-111-PC26,22.04,EQUIPAMIENTO AMBULATORIO ? CONVENIO SENDA,7,Televisor-Aire-Aspiradora,315000,1260000,Carolina Silva,Encargada De Compras,2026-02-01 00:00:00,DEPARTAMENTO DE SALUD MENTAL,SUBDIRECCION DE GESTION ASISTENCIAL,SALUD MENTAL,Proyecto operacional,2026,1,2026-02-01 00:00:00
213,Administración de Fondos,1077241-111-PC26,22.04,EQUIPAMIENTO AMBULATORIO ? CONVENIO SENDA,7,Escritorio-Mobiliario-BodegaLata,294286,2060002,Carolina Silva,Encargada De Compras,2026-06-01 00:00:00,DEPARTAMENTO DE SALUD MENTAL,SUBDIRECCION DE GESTION ASISTENCIAL,SALUD MENTAL,Proyecto operacional,2026,1,2026-02-01 00:00:00
214,Administración de Fondos,1077241-111-PC26,22.04,EQUIPAMIENTO AMBULATORIO ? CONVENIO SENDA,7,Equipos Menores,52223,470007,Carolina Silva,Encargada De Compras,2026-02-01 00:00:00,DEPARTAMENTO DE SALUD MENTAL,SUBDIRECCION DE GESTION ASISTENCIAL,SALUD MENTAL,Proyecto operacional,2026,1,2026-02-01 00:00:00
215,Administración de Fondos,1077241-111-PC26,22.04,EQUIPAMIENTO AMBULATORIO ? CONVENIO SENDA,7,Refrigerador,350000,700000,Carolina Silva,Encargada De Compras,2026-06-01 00:00:00,DEPARTAMENTO DE SALUD MENTAL,SUBDIRECCION DE GESTION ASISTENCIAL,SALUD MENTAL,Proyecto operacional,2026,1,2026-02-01 00:00:00
216,Administración de Fondos,1077241-111-PC26,22.04,EQUIPAMIENTO AMBULATORIO ? CONVENIO SENDA,7,Mesa Pegable,60000,120000,Carolina Silva,Encargada De Compras,2026-06-01 00:00:00,DEPARTAMENTO DE SALUD MENTAL,SUBDIRECCION DE GESTION ASISTENCIAL,SALUD MENTAL,Proyecto operacional,2026,1,2026-02-01 00:00:00
217,Administración de Fondos,1077241-111-PC26,22.04,EQUIPAMIENTO AMBULATORIO ? CONVENIO SENDA,7,Delantal de Cocina,500000,500000,Carolina Silva,Encargada De Compras,2026-02-01 00:00:00,DEPARTAMENTO DE SALUD MENTAL,SUBDIRECCION DE GESTION ASISTENCIAL,SALUD MENTAL,Proyecto operacional,2026,1,2026-02-01 00:00:00
218,Administración de Fondos,1077241-112-PC26,22.04,ARTICULOS DE COCINA RESIDENCIAL ? CONVENIO SENDA,1,Articulos de Cocina,31112,280008,Carolina Silva,Encargada De Compras,2026-05-01 00:00:00,DEPARTAMENTO DE SALUD MENTAL,SUBDIRECCION DE GESTION ASISTENCIAL,SALUD MENTAL,Proyecto operacional,2026,1,2026-05-01 00:00:00
219,Bienes y Servicios,1057532-589-PC26,22.04,EQUIPAMIENTO RESIDENCIAL ? FONDOS PPV,11,Menaje,3884,2563440,Carolina Silva,Encargada De Compras,2026-05-01 00:00:00,DEPARTAMENTO DE SALUD MENTAL,SUBDIRECCION DE GESTION ASISTENCIAL,SALUD MENTAL,Proyecto operacional,2026,1,2026-05-01 00:00:00
220,Bienes y Servicios,1057532-589-PC26,22.04,EQUIPAMIENTO RESIDENCIAL ? FONDOS PPV,11,Textiles y Acabados Textiles,7651,4093285,Carolina Silva,Encargada De Compras,2026-05-01 00:00:00,DEPARTAMENTO DE SALUD MENTAL,SUBDIRECCION DE GESTION ASISTENCIAL,SALUD MENTAL,Proyecto operacional,2026,1,2026-05-01 00:00:00
221,Bienes y Servicios,1057532-589-PC26,22.04,EQUIPAMIENTO RESIDENCIAL ? FONDOS PPV,11,Materiales para Mantenimiento y Reparaciones de Inmuebles,15610,1201970,Carolina Silva,Encargada De Compras,2026-05-01 00:00:00,DEPARTAMENTO DE SALUD MENTAL,SUBDIRECCION DE GESTION ASISTENCIAL,SALUD MENTAL,Proyecto operacional,2026,1,2026-05-01 00:00:00
222,Bienes y Servicios,1057532-589-PC26,22.04,EQUIPAMIENTO RESIDENCIAL ? FONDOS PPV,11,Adquisición de Mobiliario y Otros (Bases de camas),80000,960000,Carolina Silva,Encargada De Compras,2026-05-01 00:00:00,DEPARTAMENTO DE SALUD MENTAL,SUBDIRECCION DE GESTION ASISTENCIAL,SALUD MENTAL,Proyecto operacional,2026,1,2026-05-01 00:00:00
223,Bienes y Servicios,1057532-589-PC26,22.04,EQUIPAMIENTO RESIDENCIAL ? FONDOS PPV,11,"Productos Elaborados de Cuero, Caucho y Plásticos",7237,948047,Carolina Silva,Encargada De Compras,2026-05-01 00:00:00,DEPARTAMENTO DE SALUD MENTAL,SUBDIRECCION DE GESTION ASISTENCIAL,SALUD MENTAL,Proyecto operacional,2026,1,2026-05-01 00:00:00
224,Bienes y Servicios,1057532-589-PC26,22.04,EQUIPAMIENTO RESIDENCIAL ? FONDOS PPV,11,Otros (Artículos de Ferretería y Equipamiento diverso),9000,549000,Carolina Silva,Encargada De Compras,2026-05-01 00:00:00,DEPARTAMENTO DE SALUD MENTAL,SUBDIRECCION DE GESTION ASISTENCIAL,SALUD MENTAL,Proyecto operacional,2026,1,2026-05-01 00:00:00
225,Bienes y Servicios,1057532-589-PC26,22.04,EQUIPAMIENTO RESIDENCIAL ? FONDOS PPV,11,Calzado (Botas de goma),41667,500004,Carolina Silva,Encargada De Compras,2026-05-01 00:00:00,DEPARTAMENTO DE SALUD MENTAL,SUBDIRECCION DE GESTION ASISTENCIAL,SALUD MENTAL,Proyecto operacional,2026,1,2026-05-01 00:00:00
226,Bienes y Servicios,1057532-589-PC26,22.04,EQUIPAMIENTO RESIDENCIAL ? FONDOS PPV,11,Productos Agropecuarios y Forestales (Artículos de Jardinería),3187,290017,Carolina Silva,Encargada De Compras,2026-05-01 00:00:00,DEPARTAMENTO DE SALUD MENTAL,SUBDIRECCION DE GESTION ASISTENCIAL,SALUD MENTAL,Proyecto operacional,2026,1,2026-05-01 00:00:00
227,Bienes y Servicios,1057532-589-PC26,22.04,EQUIPAMIENTO RESIDENCIAL ? FONDOS PPV,11,Otros Materiales y Útiles de Aseo (Basureros),30000,120000,Carolina Silva,Encargada De Compras,2026-05-01 00:00:00,DEPARTAMENTO DE SALUD MENTAL,SUBDIRECCION DE GESTION ASISTENCIAL,SALUD MENTAL,Proyecto operacional,2026,1,2026-05-01 00:00:00
228,Bienes y Servicios,1057532-589-PC26,22.04,EQUIPAMIENTO RESIDENCIAL ? FONDOS PPV,11,"Otros Materiales para Mantenimiento (Hacha, Rodillos)",4584,55008,Carolina Silva,Encargada De Compras,2026-05-01 00:00:00,DEPARTAMENTO DE SALUD MENTAL,SUBDIRECCION DE GESTION ASISTENCIAL,SALUD MENTAL,Proyecto operacional,2026,1,2026-05-01 00:00:00
229,Bienes y Servicios,1057532-589-PC26,22.04,EQUIPAMIENTO RESIDENCIAL ? FONDOS PPV,11,Vestuario y Accesorios para el Personal (Overoles),1500,30000,Carolina Silva,Encargada De Compras,2026-05-01 00:00:00,DEPARTAMENTO DE SALUD MENTAL,SUBDIRECCION DE GESTION ASISTENCIAL,SALUD MENTAL,Proyecto operacional,2026,1,2026-05-01 00:00:00
230,Administración de Fondos,1077241-102-PC26,29.06.001,INSUMOS COMPUTACIONALES AMBULATORIO ? CONVENIO SENDA,1,Equipos Computacionales,693334,4160004,Carolina Silva Carolina Silva,Encargada De Compras,2026-08-01 00:00:00,DEPARTAMENTO DE SALUD MENTAL,SUBDIRECCION DE GESTION ASISTENCIAL,SALUD MENTAL,Proyecto operacional,2026,1,2026-08-01 00:00:00
231,Bienes y Servicios,1057532-23-PC26,22.02.003,Adquisición de implementos de seguridad,2,Calzado,73139,2779282,Carolina Villanueva,Aito en prevención de riesgo,2026-06-01 00:00:00,SUBDEPARTAMENTO DE EJECUCION DE OBRAS Y UNIDAD TECNICA,SUBDIRECCION ADMINISTRATIVA,SUBDEPARTAMENTO DE EJECUCION DE OBRAS Y UNIDAD TECNICA,Proyecto operacional,2026,1,2026-06-01 00:00:00
232,Bienes y Servicios,1057532-23-PC26,22.02.003,Adquisición de implementos de seguridad,2,"Vestuario, Accesorios y Prendas Diversas",22456,1931216,Carolina Villanueva,Aito en prevención de riesgo,2026-06-01 00:00:00,SUBDEPARTAMENTO DE EJECUCION DE OBRAS Y UNIDAD TECNICA,SUBDIRECCION ADMINISTRATIVA,SUBDEPARTAMENTO DE EJECUCION DE OBRAS Y UNIDAD TECNICA,Proyecto operacional,2026,1,2026-06-01 00:00:00
233,Bienes y Servicios,1057532-30-PC24,22.11.003,SISTEMAS DE COMUNICACIONES LTE WAVE PTX SERVICIO DE SALUD OSORNO,1,Servicio,130000000,43333332,Catalina Vera,COORDINADORA EMERGENCIA,2024-05-01 00:00:00,"SUB. DPTO. GESTION DEL RIESGO EN EMERGENCIAS, DESASTRES Y TELECOMUNICACIONES",DIRECCIÓN,"SUB. DPTO. GESTION DEL RIESGO EN EMERGENCIAS, DESASTRES Y TELECOMUNICACIONES",Proyecto estratégico,2026,36,"01-06-2024,01-07-2024,01-08-2024,01-09-2024,01-10-2024,01-11-2024,01-12-2024,01-01-2025,01-02-2025,01-03-2025,01-04-2025,01-05-2025,01-06-2025,01-07-2025,01-08-2025,01-09-2025,01-10-2025,01-11-2025,01-12-2025,01-01-2026,01-02-2026,01-03-2026,01-04-2026,01-05-2026,01-06-2026,01-07-2026,01-08-2026,01-09-2026,01-10-2026,01-11-2026,01-12-2026,01-01-2027,01-02-2027,01-03-2027,01-04-2027,01-05-2024"
234,Bienes y Servicios,1057532-418-PC26,22.04.001,Mochilas e insumos EMT (Equipos Médicos de Emergencia),2,Caja,30000,30000,Catalina Vera,Coordinadora Emergencia,2026-01-01 00:00:00,"SUB. DPTO. GESTION DEL RIESGO EN EMERGENCIAS, DESASTRES Y TELECOMUNICACIONES",DIRECCIÓN,"SUB. DPTO. GESTION DEL RIESGO EN EMERGENCIAS, DESASTRES Y TELECOMUNICACIONES",Proyecto operacional,2026,1,2026-01-01 00:00:00
235,Bienes y Servicios,1057532-418-PC26,22.04.001,Mochilas e insumos EMT (Equipos Médicos de Emergencia),2,Mochila,450000,900000,Catalina Vera,Coordinadora Emergencia,2026-01-01 00:00:00,"SUB. DPTO. GESTION DEL RIESGO EN EMERGENCIAS, DESASTRES Y TELECOMUNICACIONES",DIRECCIÓN,"SUB. DPTO. GESTION DEL RIESGO EN EMERGENCIAS, DESASTRES Y TELECOMUNICACIONES",Proyecto operacional,2026,1,2026-01-01 00:00:00
236,Bienes y Servicios,1057532-421-PC26,22.11.003,software de cartografía web,1,Software,1400000,1400000,Catalina Vera,Coordinadora Emergencia,2026-01-01 00:00:00,"SUB. DPTO. GESTION DEL RIESGO EN EMERGENCIAS, DESASTRES Y TELECOMUNICACIONES",DIRECCIÓN,"SUB. DPTO. GESTION DEL RIESGO EN EMERGENCIAS, DESASTRES Y TELECOMUNICACIONES",Proyecto operacional,2026,1,2026-02-01 00:00:00
237,Bienes y Servicios,1057532-427-PC26,22.02,Vestuario terreno y EPP funcionario nuevo,1,EPP,83334,500004,Catalina Vera,Coordinadora Emergencia,2026-02-01 00:00:00,"SUB. DPTO. GESTION DEL RIESGO EN EMERGENCIAS, DESASTRES Y TELECOMUNICACIONES",DIRECCIÓN,"SUB. DPTO. GESTION DEL RIESGO EN EMERGENCIAS, DESASTRES Y TELECOMUNICACIONES",Proyecto operacional,2026,1,2026-02-01 00:00:00
238,Bienes y Servicios,1057532-436-PC26,22.04-22.02,Materiales para simulacros,3,Porta Credencial,1000,30000,Catalina Vera,Coordinadora Emergencia,2026-08-01 00:00:00,"SUB. DPTO. GESTION DEL RIESGO EN EMERGENCIAS, DESASTRES Y TELECOMUNICACIONES",DIRECCIÓN,"SUB. DPTO. GESTION DEL RIESGO EN EMERGENCIAS, DESASTRES Y TELECOMUNICACIONES",Proyecto operacional,2026,1,2026-08-01 00:00:00
239,Bienes y Servicios,1057532-436-PC26,22.04-22.02,Materiales para simulacros,3,Chalecos,5000,50000,Catalina Vera,Coordinadora Emergencia,2026-08-01 00:00:00,"SUB. DPTO. GESTION DEL RIESGO EN EMERGENCIAS, DESASTRES Y TELECOMUNICACIONES",DIRECCIÓN,"SUB. DPTO. GESTION DEL RIESGO EN EMERGENCIAS, DESASTRES Y TELECOMUNICACIONES",Proyecto operacional,2026,1,2026-08-01 00:00:00
240,Bienes y Servicios,1057532-436-PC26,22.04-22.02,Materiales para simulacros,3,Moulage,420000,420000,Catalina Vera,Coordinadora Emergencia,2026-08-01 00:00:00,"SUB. DPTO. GESTION DEL RIESGO EN EMERGENCIAS, DESASTRES Y TELECOMUNICACIONES",DIRECCIÓN,"SUB. DPTO. GESTION DEL RIESGO EN EMERGENCIAS, DESASTRES Y TELECOMUNICACIONES",Proyecto operacional,2026,1,2026-08-01 00:00:00
241,Bienes y Servicios,1057532-477-PC26,22.01.001,Materiales e insumos para talleres y capacitaciones red de coordinadores,3,Pendrives,5000,150000,Catalina Vera,Coordinadora Emergencia,2026-02-01 00:00:00,"SUB. DPTO. GESTION DEL RIESGO EN EMERGENCIAS, DESASTRES Y TELECOMUNICACIONES",DIRECCIÓN,"SUB. DPTO. GESTION DEL RIESGO EN EMERGENCIAS, DESASTRES Y TELECOMUNICACIONES",Proyecto operacional,2026,1,2026-02-01 00:00:00
242,Bienes y Servicios,1057532-477-PC26,22.01.001,Materiales e insumos para talleres y capacitaciones red de coordinadores,3,Porta Planos + Cinta Credencial,807,25017,Catalina Vera,Coordinadora Emergencia,2026-02-01 00:00:00,"SUB. DPTO. GESTION DEL RIESGO EN EMERGENCIAS, DESASTRES Y TELECOMUNICACIONES",DIRECCIÓN,"SUB. DPTO. GESTION DEL RIESGO EN EMERGENCIAS, DESASTRES Y TELECOMUNICACIONES",Proyecto operacional,2026,1,2026-02-01 00:00:00
243,Bienes y Servicios,1057532-477-PC26,22.01.001,Materiales e insumos para talleres y capacitaciones red de coordinadores,3,Alimentación,1192,367136,Catalina Vera,Coordinadora Emergencia,2026-03-01 00:00:00,"SUB. DPTO. GESTION DEL RIESGO EN EMERGENCIAS, DESASTRES Y TELECOMUNICACIONES",DIRECCIÓN,"SUB. DPTO. GESTION DEL RIESGO EN EMERGENCIAS, DESASTRES Y TELECOMUNICACIONES",Proyecto operacional,2026,1,2026-02-01 00:00:00
244,Bienes y Servicios,1057532-582-PC26,2380,Insumos para jornada provincial de Gestión del Riesgo de Desastres (2 días),4,Materiales de Enseñanza,2678,166036,Catalina Vera,Coordinadora Emergencia,2026-04-01 00:00:00,"SUB. DPTO. GESTION DEL RIESGO EN EMERGENCIAS, DESASTRES Y TELECOMUNICACIONES",DIRECCIÓN,"SUB. DPTO. GESTION DEL RIESGO EN EMERGENCIAS, DESASTRES Y TELECOMUNICACIONES",Proyecto operacional,2026,1,2026-04-01 00:00:00
245,Bienes y Servicios,1057532-582-PC26,2380,Insumos para jornada provincial de Gestión del Riesgo de Desastres (2 días),4,Servicio de Cafeteria,6750,1350000,Catalina Vera,Coordinadora Emergencia,2026-04-01 00:00:00,"SUB. DPTO. GESTION DEL RIESGO EN EMERGENCIAS, DESASTRES Y TELECOMUNICACIONES",DIRECCIÓN,"SUB. DPTO. GESTION DEL RIESGO EN EMERGENCIAS, DESASTRES Y TELECOMUNICACIONES",Proyecto operacional,2026,1,2026-04-01 00:00:00
246,Bienes y Servicios,1057532-582-PC26,2380,Insumos para jornada provincial de Gestión del Riesgo de Desastres (2 días),4,Menaje,112,73472,Catalina Vera,Coordinadora Emergencia,2026-04-01 00:00:00,"SUB. DPTO. GESTION DEL RIESGO EN EMERGENCIAS, DESASTRES Y TELECOMUNICACIONES",DIRECCIÓN,"SUB. DPTO. GESTION DEL RIESGO EN EMERGENCIAS, DESASTRES Y TELECOMUNICACIONES",Proyecto operacional,2026,1,2026-04-01 00:00:00
247,Bienes y Servicios,1057532-582-PC26,2380,Insumos para jornada provincial de Gestión del Riesgo de Desastres (2 días),4,Alimentación,364000,364000,Catalina Vera,Coordinadora Emergencia,2026-04-01 00:00:00,"SUB. DPTO. GESTION DEL RIESGO EN EMERGENCIAS, DESASTRES Y TELECOMUNICACIONES",DIRECCIÓN,"SUB. DPTO. GESTION DEL RIESGO EN EMERGENCIAS, DESASTRES Y TELECOMUNICACIONES",Proyecto operacional,2026,1,2026-04-01 00:00:00
248,Bienes y Servicios,1057532-585-PC26,22.04.001,Materiales y herramientas de oficina funcionarios Sub Depto.,3,Material de Oficina,52,275496,Catalina Vera,Coordinadora Emergencia,2026-02-01 00:00:00,"SUB. DPTO. GESTION DEL RIESGO EN EMERGENCIAS, DESASTRES Y TELECOMUNICACIONES",DIRECCIÓN,"SUB. DPTO. GESTION DEL RIESGO EN EMERGENCIAS, DESASTRES Y TELECOMUNICACIONES",Proyecto operacional,2026,1,2026-02-01 00:00:00
249,Bienes y Servicios,1057532-585-PC26,22.04.001,Materiales y herramientas de oficina funcionarios Sub Depto.,3,Pendon,80000,80000,Catalina Vera,Coordinadora Emergencia,2026-02-01 00:00:00,"SUB. DPTO. GESTION DEL RIESGO EN EMERGENCIAS, DESASTRES Y TELECOMUNICACIONES",DIRECCIÓN,"SUB. DPTO. GESTION DEL RIESGO EN EMERGENCIAS, DESASTRES Y TELECOMUNICACIONES",Proyecto operacional,2026,1,2026-02-01 00:00:00
250,Bienes y Servicios,1057532-585-PC26,22.04.001,Materiales y herramientas de oficina funcionarios Sub Depto.,3,Caja Plastica,10000,40000,Catalina Vera,Coordinadora Emergencia,2026-02-01 00:00:00,"SUB. DPTO. GESTION DEL RIESGO EN EMERGENCIAS, DESASTRES Y TELECOMUNICACIONES",DIRECCIÓN,"SUB. DPTO. GESTION DEL RIESGO EN EMERGENCIAS, DESASTRES Y TELECOMUNICACIONES",Proyecto operacional,2026,1,2026-02-01 00:00:00
251,Bienes y Servicios,1057532-333-PC24,22.05.008,Convenio - SOPORTE Y MANTENIMIENTO SISTEMA DE REPETICIÓN VHF SERVICIO DE SALUD OSORNO 2025-2026,1,Servicio,20000000,10000004,Catalina Vera Castro,COORDINADORA EMERGENCIA,2024-06-01 00:00:00,"SUB. DPTO. GESTION DEL RIESGO EN EMERGENCIAS, DESASTRES Y TELECOMUNICACIONES",DIRECCIÓN,"SUB. DPTO. GESTION DEL RIESGO EN EMERGENCIAS, DESASTRES Y TELECOMUNICACIONES",Proyecto operacional,2026,24,"01-01-2025,01-02-2025,01-03-2025,01-04-2025,01-05-2025,01-06-2025,01-07-2025,01-08-2025,01-09-2025,01-10-2025,01-11-2025,01-12-2025,01-01-2026,01-02-2026,01-03-2026,01-04-2026,01-05-2026,01-06-2026,01-07-2026,01-08-2026,01-09-2026,01-10-2026,01-11-2026,01-12-2026"
252,Bienes y Servicios,1057532-419-PC25,22.05,Convenio - ADQUISICIÓN E IMPLEMENTACIÓN DE SISTEMA DIGITAL DE COMUNICACIONES CON TECNOLOGÍA PTT Y CONTROL DE FLOTA DE SALUD OSORNO,1,Radio comunicaciones,5777778,69333336,Catalina Vera Castro,COORDINADORA EMERGENCIA,2025-12-01 00:00:00,"SUB. DPTO. GESTION DEL RIESGO EN EMERGENCIAS, DESASTRES Y TELECOMUNICACIONES",DIRECCIÓN,"SUB. DPTO. GESTION DEL RIESGO EN EMERGENCIAS, DESASTRES Y TELECOMUNICACIONES",Proyecto operacional,2026,32,"01-01-2026,01-02-2026,01-03-2026,01-04-2026,01-05-2026,01-06-2026,01-07-2026,01-08-2026,01-09-2026,01-10-2026,01-11-2026,01-12-2026,01-01-2027,01-02-2027,01-03-2027,01-04-2027,01-05-2027,01-06-2027,01-07-2027,01-08-2027,01-09-2027,01-10-2027,01-11-2027,01-12-2027,01-01-2028,01-02-2028,01-03-2028,01-04-2028,01-05-2028,01-06-2028,01-07-2028,01-08-2028"
253,Bienes y Servicios,1057532-395-PC25,22.04.001,Convenio - ARTICULOS LIBRERIA AÑO 2025-2026 (Pedidos Mensuales),1,Material de Oficina,288300,16817500,Cecilia Garay L,Encargado Bodega General,2025-08-01 00:00:00,SUB. DPTO. DE ABASTECIMIENTO,SUBDIRECCION ADMINISTRATIVA,ABASTECIMIENTO Y OPERACIONES,Proyecto operacional,2026,12,"01-08-2025,01-09-2025,01-10-2025,01-11-2025,01-12-2025,01-01-2026,01-02-2026,01-03-2026,01-04-2026,01-05-2026,01-06-2026,01-07-2026"
254,Bienes y Servicios,1057532-98-PC26,22.08.002,Convenio servicio de guardias para la Dirección del SSO y establecimientos dependientes,1,Servicio de guardias de seguridad,1275000000,0,Celia Castro Munoz,Encargada Sección Adm. de Contratos,2026-12-01 00:00:00,DEPARTAMENTO DE ABASTECIMIENTO Y OPERACIONES,SUBDIRECCION ADMINISTRATIVA,ABASTECIMIENTO Y OPERACIONES,Proyecto operacional,2026,24,"01-05-2027,01-06-2027,01-07-2027,01-08-2027,01-09-2027,01-10-2027,01-11-2027,01-12-2027,01-01-2028,01-02-2028,01-03-2028,01-04-2028,01-05-2028,01-06-2028,01-07-2028,01-08-2028,01-09-2028,01-10-2028,01-11-2028,01-12-2028,01-01-2029,01-02-2029,01-03-2029,01-04-2029"
255,Bienes y Servicios,1057532-97-PC26,22.08.001,Convenio servicio de aseo para la Dirección del Servicio de Salud Osorno,1,Convenio aseo,153000000,0,Celia Castro Muñoz,Encargada Sección Adm. de Contratos,2026-09-01 00:00:00,DEPARTAMENTO DE ABASTECIMIENTO Y OPERACIONES,SUBDIRECCION ADMINISTRATIVA,ABASTECIMIENTO Y OPERACIONES,Proyecto operacional,2026,18,"01-01-2027,01-02-2027,01-03-2027,01-04-2027,01-05-2027,01-06-2027,01-07-2027,01-08-2027,01-09-2027,01-10-2027,01-11-2027,01-12-2027,01-01-2028,01-02-2028,01-03-2028,01-04-2028,01-05-2028,01-06-2028"
256,Administración de Fondos,1077241-62-PC26,22.04.005,PRAPS Fondo de Farmacia para enfermedades crónicas no transmisibles en APS (FOFAR),1,Medicamentos,10329585,10329585,Chessarina Tuchie Fischer,Encargada Programa Fofar,2026-04-01 00:00:00,DEPARTAMENTO ARTICULACION DE LA RED ASISTENCIAL,SUBDIRECCION DE GESTION ASISTENCIAL,ARTICULACION DE LA RED ASISTENCIAL,Proyecto operacional,2026,1,2026-05-01 00:00:00
257,Bienes y Servicios,1057532-41-PC26,22.04.008,ESTRATEGIA PROGRAMA SALUD MIGRANTE,5,Vasos Desechables,70,70000,Claudia Cardenas,ENCARGADA PROGRAMA MIGRANTES Y SALUD,2026-05-01 00:00:00,DEPARTAMENTO ATENCION PRIMARIA,SUBDIRECCION DE GESTION ASISTENCIAL,ATENCION PRIMARIA,Proyecto operacional,2026,1,2026-05-01 00:00:00
258,Bienes y Servicios,1057532-41-PC26,22.04.008,ESTRATEGIA PROGRAMA SALUD MIGRANTE,5,Alimentos y Bebidas Para Personas,5659,2076853,Claudia Cardenas,ENCARGADA PROGRAMA MIGRANTES Y SALUD,2026-05-01 00:00:00,DEPARTAMENTO ATENCION PRIMARIA,SUBDIRECCION DE GESTION ASISTENCIAL,ATENCION PRIMARIA,Proyecto operacional,2026,1,2026-05-01 00:00:00
259,Bienes y Servicios,1057532-41-PC26,22.04.008,ESTRATEGIA PROGRAMA SALUD MIGRANTE,5,Materiales de Oficina,734,477100,Claudia Cardenas,ENCARGADA PROGRAMA MIGRANTES Y SALUD,2026-05-01 00:00:00,DEPARTAMENTO ATENCION PRIMARIA,SUBDIRECCION DE GESTION ASISTENCIAL,ATENCION PRIMARIA,Proyecto operacional,2026,1,2026-05-01 00:00:00
260,Bienes y Servicios,1057532-41-PC26,22.04.008,ESTRATEGIA PROGRAMA SALUD MIGRANTE,5,Capacitacion,37500,1500000,Claudia Cardenas,ENCARGADA PROGRAMA MIGRANTES Y SALUD,2026-05-01 00:00:00,DEPARTAMENTO ATENCION PRIMARIA,SUBDIRECCION DE GESTION ASISTENCIAL,ATENCION PRIMARIA,Proyecto operacional,2026,1,2026-05-01 00:00:00
261,Bienes y Servicios,1057532-41-PC26,22.04.008,ESTRATEGIA PROGRAMA SALUD MIGRANTE,5,Elaboracion e impresion de folleteria,2062,1031000,Claudia Cardenas,ENCARGADA PROGRAMA MIGRANTES Y SALUD,2026-05-01 00:00:00,DEPARTAMENTO ATENCION PRIMARIA,SUBDIRECCION DE GESTION ASISTENCIAL,ATENCION PRIMARIA,Proyecto operacional,2026,1,2026-05-01 00:00:00
262,Bienestar,1057727-2-PC26,32,"PAC General Bienestar 2026, se agrupa el total de actividades realizadas por Bienestar SSO.",8,Proyecto Concunsable,40000000,40000000,Claudia Centeno,Cajera,2026-04-01 00:00:00,SUBDIRECCION DE GESTION Y DESARROLLO DE LAS PERSONAS,SUBDIRECCION DE GESTION Y DESARROLLO DE LAS PERSONAS,SUBDIRECCION GESTION Y DESARROLLO DE LAS PERSONAS,Proyecto operacional,2026,1,2026-04-01 00:00:00
263,Bienestar,1057727-2-PC26,32,"PAC General Bienestar 2026, se agrupa el total de actividades realizadas por Bienestar SSO.",8,Concurso Fotografia,1000000,1000000,Claudia Centeno,Cajera,2026-06-01 00:00:00,SUBDIRECCION DE GESTION Y DESARROLLO DE LAS PERSONAS,SUBDIRECCION DE GESTION Y DESARROLLO DE LAS PERSONAS,SUBDIRECCION GESTION Y DESARROLLO DE LAS PERSONAS,Proyecto operacional,2026,1,2026-04-01 00:00:00
264,Bienestar,1057727-2-PC26,32,"PAC General Bienestar 2026, se agrupa el total de actividades realizadas por Bienestar SSO.",8,Festival de la Voz,2000000,2000000,Claudia Centeno,Cajera,2026-06-01 00:00:00,SUBDIRECCION DE GESTION Y DESARROLLO DE LAS PERSONAS,SUBDIRECCION DE GESTION Y DESARROLLO DE LAS PERSONAS,SUBDIRECCION GESTION Y DESARROLLO DE LAS PERSONAS,Proyecto operacional,2026,1,2026-04-01 00:00:00
265,Bienestar,1057727-2-PC26,32,"PAC General Bienestar 2026, se agrupa el total de actividades realizadas por Bienestar SSO.",8,Gala 18,25000000,25000000,Claudia Centeno,Cajera,2026-09-01 00:00:00,SUBDIRECCION DE GESTION Y DESARROLLO DE LAS PERSONAS,SUBDIRECCION DE GESTION Y DESARROLLO DE LAS PERSONAS,SUBDIRECCION GESTION Y DESARROLLO DE LAS PERSONAS,Proyecto operacional,2026,1,2026-04-01 00:00:00
266,Bienestar,1057727-2-PC26,32,"PAC General Bienestar 2026, se agrupa el total de actividades realizadas por Bienestar SSO.",8,Full Day,35000000,35000000,Claudia Centeno,Cajera,2026-10-01 00:00:00,SUBDIRECCION DE GESTION Y DESARROLLO DE LAS PERSONAS,SUBDIRECCION DE GESTION Y DESARROLLO DE LAS PERSONAS,SUBDIRECCION GESTION Y DESARROLLO DE LAS PERSONAS,Proyecto operacional,2026,1,2026-04-01 00:00:00
267,Bienestar,1057727-2-PC26,32,"PAC General Bienestar 2026, se agrupa el total de actividades realizadas por Bienestar SSO.",8,Olimpiadas DSSO,15000000,15000000,Claudia Centeno,Cajera,2026-11-01 00:00:00,SUBDIRECCION DE GESTION Y DESARROLLO DE LAS PERSONAS,SUBDIRECCION DE GESTION Y DESARROLLO DE LAS PERSONAS,SUBDIRECCION GESTION Y DESARROLLO DE LAS PERSONAS,Proyecto operacional,2026,1,2026-04-01 00:00:00
268,Bienestar,1057727-2-PC26,32,"PAC General Bienestar 2026, se agrupa el total de actividades realizadas por Bienestar SSO.",8,Navidad,20000000,20000000,Claudia Centeno,Cajera,2026-11-01 00:00:00,SUBDIRECCION DE GESTION Y DESARROLLO DE LAS PERSONAS,SUBDIRECCION DE GESTION Y DESARROLLO DE LAS PERSONAS,SUBDIRECCION GESTION Y DESARROLLO DE LAS PERSONAS,Proyecto operacional,2026,1,2026-04-01 00:00:00
269,Bienestar,1057727-2-PC26,32,"PAC General Bienestar 2026, se agrupa el total de actividades realizadas por Bienestar SSO.",8,Alimentación Navidad,18000000,18000000,Claudia Centeno,Cajera,2026-11-01 00:00:00,SUBDIRECCION DE GESTION Y DESARROLLO DE LAS PERSONAS,SUBDIRECCION DE GESTION Y DESARROLLO DE LAS PERSONAS,SUBDIRECCION GESTION Y DESARROLLO DE LAS PERSONAS,Proyecto operacional,2026,1,2026-04-01 00:00:00
270,Bienestar,1057727-1-PC26,22.04.001,PLAN ANUAL DE COMPRAS ARTICULOS DE OFICINA SERICIO DE BIENESTAR,2,Materiales de Oficina,1279,720077,Claudia Centeno,Trabajadora Social,2026-06-01 00:00:00,SUBDIRECCION DE GESTION Y DESARROLLO DE LAS PERSONAS,SUBDIRECCION DE GESTION Y DESARROLLO DE LAS PERSONAS,SUBDIRECCION GESTION Y DESARROLLO DE LAS PERSONAS,Proyecto operacional,2026,1,2026-06-01 00:00:00
271,Bienestar,1057727-1-PC26,22.04.001,PLAN ANUAL DE COMPRAS ARTICULOS DE OFICINA SERICIO DE BIENESTAR,2,Materiales de Oficina,13636,149996,Claudia Centeno,Trabajadora Social,2026-05-01 00:00:00,SUBDIRECCION DE GESTION Y DESARROLLO DE LAS PERSONAS,SUBDIRECCION DE GESTION Y DESARROLLO DE LAS PERSONAS,SUBDIRECCION GESTION Y DESARROLLO DE LAS PERSONAS,Proyecto operacional,2026,1,2026-06-01 00:00:00
272,Bienes y Servicios,1057532-392-PC25,22.08.008,"Convenio - Servicio de Sala Cuna, para el año 2026 de enero a diciembre, se requiere compra de 40 cupos para hijos/as de madres fun",1,Sala Cuna,207200000,189933326,Claudia Muñoz,Encargada Cuidados Infantiles y Conciliación,2025-08-01 00:00:00,UNIDAD DE CUIDADOS INFANTILES,SUBDIRECCION DE GESTION Y DESARROLLO DE LAS PERSONAS,CALIDAD DE VIDA,Proyecto operacional,2026,12,"01-02-2026,01-03-2026,01-04-2026,01-05-2026,01-06-2026,01-07-2026,01-08-2026,01-09-2026,01-10-2026,01-11-2026,01-12-2026,01-01-2027"
273,Bienes y Servicios,1057532-391-PC26,22.01.001,"""JORNADA DE FORTALECIMIENTO DE COMPETENCIAS PARENTALES Y BIENESTAR FAMILIAR """,2,Alimentación,509,123178,Claudia Muñoz,Encargada Cuidados Infantiles Y Conciliación,2026-06-01 00:00:00,UNIDAD DE CUIDADOS INFANTILES,SUBDIRECCION DE GESTION Y DESARROLLO DE LAS PERSONAS,CALIDAD DE VIDA,Proyecto operacional,2026,1,2026-06-01 00:00:00
274,Bienes y Servicios,1057532-391-PC26,22.01.001,"""JORNADA DE FORTALECIMIENTO DE COMPETENCIAS PARENTALES Y BIENESTAR FAMILIAR """,2,Menaje,286,60060,Claudia Muñoz,Encargada Cuidados Infantiles Y Conciliación,2026-06-01 00:00:00,UNIDAD DE CUIDADOS INFANTILES,SUBDIRECCION DE GESTION Y DESARROLLO DE LAS PERSONAS,CALIDAD DE VIDA,Proyecto operacional,2026,1,2026-06-01 00:00:00
275,Bienes y Servicios,1057532-393-PC26,22.01.001,FESTIVAL DEL DÍA DE LA NIÑEZ,2,Alimentación,1087,150006,Claudia Muñoz,Encargada Cuidados Infantiles Y Conciliación,2026-07-01 00:00:00,UNIDAD DE CUIDADOS INFANTILES,SUBDIRECCION DE GESTION Y DESARROLLO DE LAS PERSONAS,CALIDAD DE VIDA,Proyecto operacional,2026,1,2026-07-01 00:00:00
276,Bienes y Servicios,1057532-393-PC26,22.01.001,FESTIVAL DEL DÍA DE LA NIÑEZ,2,Decoración,1072,75040,Claudia Muñoz,Encargada Cuidados Infantiles Y Conciliación,2026-07-01 00:00:00,UNIDAD DE CUIDADOS INFANTILES,SUBDIRECCION DE GESTION Y DESARROLLO DE LAS PERSONAS,CALIDAD DE VIDA,Proyecto operacional,2026,1,2026-07-01 00:00:00
277,Bienes y Servicios,1057532-479-PC26,2496,Materiales de oficina no disponibles en Bodega Central,3,Material de Oficina,10223,184014,Claudia Muñoz,Encargada Unidad De Cuidados Infantiles Y Conciliación,2026-01-01 00:00:00,UNIDAD DE CUIDADOS INFANTILES,SUBDIRECCION DE GESTION Y DESARROLLO DE LAS PERSONAS,CALIDAD DE VIDA,Proyecto operacional,2026,1,2026-01-01 00:00:00
278,Bienes y Servicios,1057532-479-PC26,2496,Materiales de oficina no disponibles en Bodega Central,3,Papelero,10000,20000,Claudia Muñoz,Encargada Unidad De Cuidados Infantiles Y Conciliación,2026-01-01 00:00:00,UNIDAD DE CUIDADOS INFANTILES,SUBDIRECCION DE GESTION Y DESARROLLO DE LAS PERSONAS,CALIDAD DE VIDA,Proyecto operacional,2026,1,2026-01-01 00:00:00
279,Bienes y Servicios,1057532-479-PC26,2496,Materiales de oficina no disponibles en Bodega Central,3,Caja Plastica,9000,18000,Claudia Muñoz,Encargada Unidad De Cuidados Infantiles Y Conciliación,2026-01-01 00:00:00,UNIDAD DE CUIDADOS INFANTILES,SUBDIRECCION DE GESTION Y DESARROLLO DE LAS PERSONAS,CALIDAD DE VIDA,Proyecto operacional,2026,1,2026-01-01 00:00:00
280,Bienes y Servicios,1057532-539-PC26,2588,Insumos para reuniones ministeriales,2,Alimentación,3221,380078,Claudia Vera,Asistente Ejecutivo,2026-01-01 00:00:00,DIRECTOR,DIRECCIÓN,DIRECCIÓN,Proyecto operacional,2026,1,2026-01-01 00:00:00
281,Bienes y Servicios,1057532-539-PC26,2588,Insumos para reuniones ministeriales,2,Menaje,65,131430,Claudia Vera,Asistente Ejecutivo,2026-01-01 00:00:00,DIRECTOR,DIRECCIÓN,DIRECCIÓN,Proyecto operacional,2026,1,2026-01-01 00:00:00
282,Bienes y Servicios,1057532-505-PC26,2534,Accesorios de telecomunicación para actividades digitales de promoción y prevención de salud mental para la comunidad fu,2,Artículos Computacionales,16250,65000,Constanza García,Psicóloga Safu,2026-01-01 00:00:00,UNIDAD SAFU,SUBDIRECCION DE GESTION Y DESARROLLO DE LAS PERSONAS,CALIDAD DE VIDA,Proyecto operacional,2026,1,2026-01-01 00:00:00
283,Bienes y Servicios,1057532-505-PC26,2534,Accesorios de telecomunicación para actividades digitales de promoción y prevención de salud mental para la comunidad fu,2,Termolaminadora,45000,45000,Constanza García,Psicóloga Safu,2026-01-01 00:00:00,UNIDAD SAFU,SUBDIRECCION DE GESTION Y DESARROLLO DE LAS PERSONAS,CALIDAD DE VIDA,Proyecto operacional,2026,1,2026-01-01 00:00:00
284,Bienes y Servicios,1057532-508-PC26,22.04.002,Material de trabajo terapéutico equipo salud mental unidad de salud funcionaria - Librería terapéutica,1,Libros,25000,500000,Constanza García,Psicóloga Safu,2026-01-01 00:00:00,UNIDAD SAFU,SUBDIRECCION DE GESTION Y DESARROLLO DE LAS PERSONAS,CALIDAD DE VIDA,Proyecto operacional,2026,1,2026-01-01 00:00:00
285,Bienes y Servicios,1057532-521-PC26,2563,Conmemoración día Mundial de la Salud Mental 10 de octubre 2026 y Desarrollo de actividades de promoción de salud mental,3,Material de Oficina,1576,271072,Constanza García,Psicóloga Safu,2026-01-01 00:00:00,UNIDAD SAFU,SUBDIRECCION DE GESTION Y DESARROLLO DE LAS PERSONAS,CALIDAD DE VIDA,Proyecto operacional,2026,1,2026-02-01 00:00:00
286,Bienes y Servicios,1057532-521-PC26,2563,Conmemoración día Mundial de la Salud Mental 10 de octubre 2026 y Desarrollo de actividades de promoción de salud mental,3,Cartucho color,20000,120000,Constanza García,Psicóloga Safu,2026-01-01 00:00:00,UNIDAD SAFU,SUBDIRECCION DE GESTION Y DESARROLLO DE LAS PERSONAS,CALIDAD DE VIDA,Proyecto operacional,2026,1,2026-02-01 00:00:00
287,Bienes y Servicios,1057532-521-PC26,2563,Conmemoración día Mundial de la Salud Mental 10 de octubre 2026 y Desarrollo de actividades de promoción de salud mental,3,Artículos de librería,3223,58014,Constanza García,Psicóloga Safu,2026-01-01 00:00:00,UNIDAD SAFU,SUBDIRECCION DE GESTION Y DESARROLLO DE LAS PERSONAS,CALIDAD DE VIDA,Proyecto operacional,2026,1,2026-02-01 00:00:00
288,Bienes y Servicios,1057532-534-PC26,Constanza García,INSUMOS DE ATENCION PSICOLOGICA,3,Caja Plastica,17500,35000,Constanza García,Psicóloga Safu,2026-01-01 00:00:00,UNIDAD SAFU,SUBDIRECCION DE GESTION Y DESARROLLO DE LAS PERSONAS,CALIDAD DE VIDA,Proyecto estratégico,2026,1,2026-01-01 00:00:00
289,Bienes y Servicios,1057532-534-PC26,Constanza García,INSUMOS DE ATENCION PSICOLOGICA,3,Material de Oficina,40000,120000,Constanza García,Psicóloga Safu,2026-01-01 00:00:00,UNIDAD SAFU,SUBDIRECCION DE GESTION Y DESARROLLO DE LAS PERSONAS,CALIDAD DE VIDA,Proyecto estratégico,2026,1,2026-01-01 00:00:00
290,Bienes y Servicios,1057532-534-PC26,Constanza García,INSUMOS DE ATENCION PSICOLOGICA,3,Pañuelos,180000,180000,Constanza García,Psicóloga Safu,2026-01-01 00:00:00,UNIDAD SAFU,SUBDIRECCION DE GESTION Y DESARROLLO DE LAS PERSONAS,CALIDAD DE VIDA,Proyecto estratégico,2026,1,2026-01-01 00:00:00
291,Bienes y Servicios,1057532-536-PC26,22.01.001,INSUMOS ALIMENTACIÓN PARA ACTIVIDADES DE SALUD MENTAL 2026,1,Alimentos,4250,170000,Constanza García,Psicóloga Safu,2026-01-01 00:00:00,UNIDAD SAFU,SUBDIRECCION DE GESTION Y DESARROLLO DE LAS PERSONAS,CALIDAD DE VIDA,Proyecto operacional,2026,1,2026-01-01 00:00:00
292,Bienes y Servicios,1057532-384-PC25,22.12.999.002.01,Convenio - Servicio de arriendo (comodato) e informes de teleelectrocardiografía para población bajo control en PSCV.,1,Servicio Medico,500000000,500000000,Consuelo Cordova,jefa subdepto gestión de programas en curso de vida,2025-08-01 00:00:00,DEPARTAMENTO ATENCION PRIMARIA,SUBDIRECCION DE GESTION ASISTENCIAL,ATENCION PRIMARIA,Proyecto operacional,2026,12,"01-01-2026,01-02-2026,01-03-2026,01-04-2026,01-05-2026,01-06-2026,01-07-2026,01-08-2026,01-09-2026,01-10-2026,01-11-2026,01-12-2026"
293,Administración de Fondos,1077241-53-PC25,22.12.999.002.01,"Convenio - Servicio de arriendo e informes de teleelectrocardiografía (sospecha IAM), para 13 establecimientos de urgencia de APS",1,Convenio,33600000,30800000,Consuelo Cordova,jefa subdepto gestión de programas en curso de vida,2025-08-01 00:00:00,DEPARTAMENTO ATENCION PRIMARIA,SUBDIRECCION DE GESTION ASISTENCIAL,ATENCION PRIMARIA,Proyecto operacional,2026,12,"01-02-2026,01-03-2026,01-04-2026,01-05-2026,01-06-2026,01-07-2026,01-08-2026,01-09-2026,01-10-2026,01-11-2026,01-12-2026,01-01-2027"
294,Bienes y Servicios,1057532-482-PC26,22.07.002,Adquisición de Material Educativo Visual y Didáctico para la Educación Alimentaria en la Red de APS,1,Folleteria,108696,2500008,Consuelo Cordova,Jefe Sub Departamento Programa Curso De Vida,2026-05-01 00:00:00,DEPARTAMENTO ATENCION PRIMARIA,SUBDIRECCION DE GESTION ASISTENCIAL,ATENCION PRIMARIA,Proyecto operacional,2026,1,2026-05-01 00:00:00
295,Bienes y Servicios,1057532-518-PC26,2558,Elaboración e impresión de Carnet de Control Integral para la Red de APS de la provincia de Osorno.,1,Cuaderno,1500,9000000,Consuelo Cordova,Jefa Subdepto. Gestión De Programas,2026-03-01 00:00:00,DEPARTAMENTO ATENCION PRIMARIA,SUBDIRECCION DE GESTION ASISTENCIAL,ATENCION PRIMARIA,Proyecto operacional,2026,1,2026-03-01 00:00:00
296,Bienes y Servicios,1057532-542-PC26,2592,Adquisición de Insumos para control cardiovascular/integral en atención primaria,1,Insumos Clínicos,3449,10002100,Consuelo Cordova,Jefa Subdepto. Gestión De Programas,2026-03-01 00:00:00,DEPARTAMENTO ATENCION PRIMARIA,SUBDIRECCION DE GESTION ASISTENCIAL,ATENCION PRIMARIA,Proyecto operacional,2026,1,2026-03-01 00:00:00
297,Bienes y Servicios,1057532-544-PC26,22.04,"Adquisición de insumos para la atención y educación en salud, a personas bajo control en los Programas de Salud",3,Equipo Medico,90000,3960000,Consuelo Cordova,Jefa Subdepto. Gestión De Programas,2026-03-01 00:00:00,DEPARTAMENTO ATENCION PRIMARIA,SUBDIRECCION DE GESTION ASISTENCIAL,ATENCION PRIMARIA,Proyecto operacional,2026,1,2026-03-01 00:00:00
298,Bienes y Servicios,1057532-544-PC26,22.04,"Adquisición de insumos para la atención y educación en salud, a personas bajo control en los Programas de Salud",3,Linterna,60000,600000,Consuelo Cordova,Jefa Subdepto. Gestión De Programas,2026-03-01 00:00:00,DEPARTAMENTO ATENCION PRIMARIA,SUBDIRECCION DE GESTION ASISTENCIAL,ATENCION PRIMARIA,Proyecto operacional,2026,1,2026-03-01 00:00:00
299,Bienes y Servicios,1057532-544-PC26,22.04,"Adquisición de insumos para la atención y educación en salud, a personas bajo control en los Programas de Salud",3,Material de Curación,10000,1000000,Consuelo Cordova,Jefa Subdepto. Gestión De Programas,2026-03-01 00:00:00,DEPARTAMENTO ATENCION PRIMARIA,SUBDIRECCION DE GESTION ASISTENCIAL,ATENCION PRIMARIA,Proyecto operacional,2026,1,2026-03-01 00:00:00
300,Bienes y Servicios,1057532-548-PC26,2594,Adquisición de insumos validados para la medición de presión arterial en el curso de vida.,1,Equipo Medico,175000,3500000,Consuelo Cordova,Jefa Subdepto. Gestión De Programas,2026-03-01 00:00:00,DEPARTAMENTO ATENCION PRIMARIA,SUBDIRECCION DE GESTION ASISTENCIAL,ATENCION PRIMARIA,Proyecto operacional,2026,1,2026-04-01 00:00:00
301,Bienes y Servicios,1057532-550-PC26,22.04.004,"Adquisición Dispositivos médicos de Curación Avanzada. Presupuesto: PAGD, componente Salud Cardiovascular $15.000.000.-",1,Material de Curación,17397,15135390,Consuelo Cordova,Jefa Subdepto. Programas En Curso De Vida.,2026-03-01 00:00:00,DEPARTAMENTO ATENCION PRIMARIA,SUBDIRECCION DE GESTION ASISTENCIAL,ATENCION PRIMARIA,Proyecto operacional,2026,1,2026-03-01 00:00:00
302,Bienes y Servicios,1057532-49-PC26,22.04.999,Adquisición de insumos validados para la medición de la presión arterial en el curso de vida,1,Otros Materiales de Uso o Consumo,166667,10000020,Consuelo Cordova,JEFA SUBDEPTO. GESTIÓN DE PROGRAMAS EN CURSO DE VIDA,2026-04-01 00:00:00,DEPARTAMENTO ATENCION PRIMARIA,SUBDIRECCION DE GESTION ASISTENCIAL,ATENCION PRIMARIA,Proyecto operacional,2026,1,2026-04-01 00:00:00
303,Bienes y Servicios,1057532-529-PC26,2771,contendores de papel,1,Contenedor,17500,70000,Cristina Collinao,"Sub. Dpto. Transparencia, Gestion Documental Y Lobby",2026-01-01 00:00:00,OFICINA DE PARTES,DIRECCIÓN,"SUB. DPTO. DE TRANSPARENCIA, GESTION DOCUMENTAL Y LOBBY",Proyecto operacional,2026,1,2026-01-01 00:00:00
304,Bienes y Servicios,1057532-537-PC26,2577,MUEBLE DOCUMENTAL,1,Mueble,100000,100000,Cristina Collinao,"Sub. Dpto. Transparencia, Gestion Documental Y Lobby",2026-01-01 00:00:00,OFICINA DE PARTES,DIRECCIÓN,"SUB. DPTO. DE TRANSPARENCIA, GESTION DOCUMENTAL Y LOBBY",Proyecto operacional,2026,1,2026-01-01 00:00:00
305,Bienes y Servicios,1057532-587-PC26,22.04,INSUMOS PARA EL ORDEN ORPERACION Y DOCUMENTAL DE OFICINA DE PARTES.,2,Material de Oficina,11950,239000,Cristina Collinao,Jefatura,2026-01-01 00:00:00,OFICINA DE PARTES,DIRECCIÓN,"SUB. DPTO. DE TRANSPARENCIA, GESTION DOCUMENTAL Y LOBBY",Proyecto operacional,2026,1,2026-01-01 00:00:00
306,Bienes y Servicios,1057532-587-PC26,22.04,INSUMOS PARA EL ORDEN ORPERACION Y DOCUMENTAL DE OFICINA DE PARTES.,2,Disco Duro,62500,250000,Cristina Collinao,Jefatura,2026-01-01 00:00:00,OFICINA DE PARTES,DIRECCIÓN,"SUB. DPTO. DE TRANSPARENCIA, GESTION DOCUMENTAL Y LOBBY",Proyecto operacional,2026,1,2026-01-01 00:00:00
307,Bienes y Servicios,1057532-575-PC26,2203,"Compra de Insumos de Cafetería reuniones ordinarias anuales Participación, Trato Usuario, Salud Pueblos Originarios",2,Alimentación,135,2280150,Daniel Pereira,Apoyo Participación,2026-03-01 00:00:00,"DEPARTAMENTO DE PARTICIPACION CIUDADANA, SATISFACCION USUARIA Y SALUD PUEBLOS OR",SUBDIRECCION DE GESTION ASISTENCIAL,"PARTICIPACION CIUDADANA, SATISFACCION USUARIA Y SALUD PUEBLOS OR",Proyecto operacional,2026,1,2026-03-01 00:00:00
308,Bienes y Servicios,1057532-575-PC26,2203,"Compra de Insumos de Cafetería reuniones ordinarias anuales Participación, Trato Usuario, Salud Pueblos Originarios",2,Menaje,173,193760,Daniel Pereira,Apoyo Participación,2026-03-01 00:00:00,"DEPARTAMENTO DE PARTICIPACION CIUDADANA, SATISFACCION USUARIA Y SALUD PUEBLOS OR",SUBDIRECCION DE GESTION ASISTENCIAL,"PARTICIPACION CIUDADANA, SATISFACCION USUARIA Y SALUD PUEBLOS OR",Proyecto operacional,2026,1,2026-03-01 00:00:00
309,Bienes y Servicios,1057532-335-PC26,22.01.001,"Compra de Insumos de Cafetería reuniones ordinarias anuales Participación, Trato Usuario, Salud Pueblos Originarios",2,Alimentación,1122,921162,Daniela Barria,Encargada Trato Usuario,2026-03-01 00:00:00,"DEPARTAMENTO DE PARTICIPACION CIUDADANA, SATISFACCION USUARIA Y SALUD PUEBLOS OR",SUBDIRECCION DE GESTION ASISTENCIAL,"PARTICIPACION CIUDADANA, SATISFACCION USUARIA Y SALUD PUEBLOS OR",Proyecto operacional,2026,1,2026-03-01 00:00:00
310,Bienes y Servicios,1057532-335-PC26,22.01.001,"Compra de Insumos de Cafetería reuniones ordinarias anuales Participación, Trato Usuario, Salud Pueblos Originarios",2,Insumos,211,86299,Daniela Barria,Encargada Trato Usuario,2026-03-01 00:00:00,"DEPARTAMENTO DE PARTICIPACION CIUDADANA, SATISFACCION USUARIA Y SALUD PUEBLOS OR",SUBDIRECCION DE GESTION ASISTENCIAL,"PARTICIPACION CIUDADANA, SATISFACCION USUARIA Y SALUD PUEBLOS OR",Proyecto operacional,2026,1,2026-03-01 00:00:00
311,Bienes y Servicios,1057532-336-PC26,22.07.002,Impresión Talonarios de Registro de Solicitudes Ciudadanas,1,folleteria,4000,400000,Daniela Barria,Encargada Trato Usuario,2026-03-01 00:00:00,"DEPARTAMENTO DE PARTICIPACION CIUDADANA, SATISFACCION USUARIA Y SALUD PUEBLOS OR",SUBDIRECCION DE GESTION ASISTENCIAL,"PARTICIPACION CIUDADANA, SATISFACCION USUARIA Y SALUD PUEBLOS OR",Proyecto operacional,2026,1,2026-03-01 00:00:00
312,Bienes y Servicios,1057532-339-PC26,22.01.001,Jornada de Humanización del Trato Usuario,1,Cafeteria,4000,400000,Daniela Barria,Encargada Trato Usuario,2026-07-01 00:00:00,"DEPARTAMENTO DE PARTICIPACION CIUDADANA, SATISFACCION USUARIA Y SALUD PUEBLOS OR",SUBDIRECCION DE GESTION ASISTENCIAL,"PARTICIPACION CIUDADANA, SATISFACCION USUARIA Y SALUD PUEBLOS OR",Proyecto operacional,2026,1,2026-07-01 00:00:00
313,Bienes y Servicios,1057532-383-PC26,22.01.001.003,Jornada de Buenas Prácticas en Hospital Amigo y Ley Mila 2026,2,Capacitacion,8000,400000,Daniela Barria,Encargada Trato Usuario,2026-10-01 00:00:00,"DEPARTAMENTO DE PARTICIPACION CIUDADANA, SATISFACCION USUARIA Y SALUD PUEBLOS OR",SUBDIRECCION DE GESTION ASISTENCIAL,"PARTICIPACION CIUDADANA, SATISFACCION USUARIA Y SALUD PUEBLOS OR",Proyecto operacional,2026,1,2026-10-01 00:00:00
314,Bienes y Servicios,1057532-383-PC26,22.01.001.003,Jornada de Buenas Prácticas en Hospital Amigo y Ley Mila 2026,2,Material de Oficina,4231,110006,Daniela Barria,Encargada Trato Usuario,2026-10-01 00:00:00,"DEPARTAMENTO DE PARTICIPACION CIUDADANA, SATISFACCION USUARIA Y SALUD PUEBLOS OR",SUBDIRECCION DE GESTION ASISTENCIAL,"PARTICIPACION CIUDADANA, SATISFACCION USUARIA Y SALUD PUEBLOS OR",Proyecto operacional,2026,1,2026-10-01 00:00:00
315,Bienes y Servicios,1057532-384-PC26,22.01.001,Jornada de Evaluación Comité de Gestión Usuaria 2026,2,Servicio Cafeteria,8000,400000,Daniela Barria,Encargada Trato Usuario,2026-10-01 00:00:00,"DEPARTAMENTO DE PARTICIPACION CIUDADANA, SATISFACCION USUARIA Y SALUD PUEBLOS OR",SUBDIRECCION DE GESTION ASISTENCIAL,"PARTICIPACION CIUDADANA, SATISFACCION USUARIA Y SALUD PUEBLOS OR",Proyecto operacional,2026,1,2026-10-01 00:00:00
316,Bienes y Servicios,1057532-384-PC26,22.01.001,Jornada de Evaluación Comité de Gestión Usuaria 2026,2,Material de Oficina,1000,50000,Daniela Barria,Encargada Trato Usuario,2026-10-01 00:00:00,"DEPARTAMENTO DE PARTICIPACION CIUDADANA, SATISFACCION USUARIA Y SALUD PUEBLOS OR",SUBDIRECCION DE GESTION ASISTENCIAL,"PARTICIPACION CIUDADANA, SATISFACCION USUARIA Y SALUD PUEBLOS OR",Proyecto operacional,2026,1,2026-10-01 00:00:00
317,Administración de Fondos,1077241-92-PC26,22.01.001,Jornada de Fortalecimiento OIRS 2026,2,Servicio Cafeteria,7500,1500000,Daniela Barria,Encargada Trato Usuario,2026-10-01 00:00:00,"DEPARTAMENTO DE PARTICIPACION CIUDADANA, SATISFACCION USUARIA Y SALUD PUEBLOS OR",SUBDIRECCION DE GESTION ASISTENCIAL,"PARTICIPACION CIUDADANA, SATISFACCION USUARIA Y SALUD PUEBLOS OR",Proyecto operacional,2026,1,2026-10-01 00:00:00
318,Administración de Fondos,1077241-92-PC26,22.01.001,Jornada de Fortalecimiento OIRS 2026,2,Material de Oficina,5000,250000,Daniela Barria,Encargada Trato Usuario,2026-09-01 00:00:00,"DEPARTAMENTO DE PARTICIPACION CIUDADANA, SATISFACCION USUARIA Y SALUD PUEBLOS OR",SUBDIRECCION DE GESTION ASISTENCIAL,"PARTICIPACION CIUDADANA, SATISFACCION USUARIA Y SALUD PUEBLOS OR",Proyecto operacional,2026,1,2026-10-01 00:00:00
319,Bienes y Servicios,1057532-404-PC26,22.12.003,Cuenta Pública Gestión 2025,1,Gesto Ceremonial,1917,2885085,Daniela Barria,Encargada Trato Usuario,2026-05-01 00:00:00,"DEPARTAMENTO DE PARTICIPACION CIUDADANA, SATISFACCION USUARIA Y SALUD PUEBLOS OR",SUBDIRECCION DE GESTION ASISTENCIAL,"PARTICIPACION CIUDADANA, SATISFACCION USUARIA Y SALUD PUEBLOS OR",Proyecto operacional,2026,1,2026-05-01 00:00:00
320,Bienes y Servicios,1057532-405-PC26,22.01.001,Diálogo Provincial en Salud,5,Servicio Cafeteria,1500000,1500000,Daniela Barria,Encargada Trato Usuario,2026-10-01 00:00:00,"DEPARTAMENTO DE PARTICIPACION CIUDADANA, SATISFACCION USUARIA Y SALUD PUEBLOS OR",SUBDIRECCION DE GESTION ASISTENCIAL,"PARTICIPACION CIUDADANA, SATISFACCION USUARIA Y SALUD PUEBLOS OR",Proyecto operacional,2026,1,2026-10-01 00:00:00
321,Bienes y Servicios,1057532-405-PC26,22.01.001,Diálogo Provincial en Salud,5,Evento,1000000,1000000,Daniela Barria,Encargada Trato Usuario,2026-10-01 00:00:00,"DEPARTAMENTO DE PARTICIPACION CIUDADANA, SATISFACCION USUARIA Y SALUD PUEBLOS OR",SUBDIRECCION DE GESTION ASISTENCIAL,"PARTICIPACION CIUDADANA, SATISFACCION USUARIA Y SALUD PUEBLOS OR",Proyecto operacional,2026,1,2026-10-01 00:00:00
322,Bienes y Servicios,1057532-405-PC26,22.01.001,Diálogo Provincial en Salud,5,Material de Oficina,500,300000,Daniela Barria,Encargada Trato Usuario,2026-10-01 00:00:00,"DEPARTAMENTO DE PARTICIPACION CIUDADANA, SATISFACCION USUARIA Y SALUD PUEBLOS OR",SUBDIRECCION DE GESTION ASISTENCIAL,"PARTICIPACION CIUDADANA, SATISFACCION USUARIA Y SALUD PUEBLOS OR",Proyecto operacional,2026,1,2026-10-01 00:00:00
323,Bienes y Servicios,1057532-405-PC26,22.01.001,Diálogo Provincial en Salud,5,Menaje,156,47268,Daniela Barria,Encargada Trato Usuario,2026-10-01 00:00:00,"DEPARTAMENTO DE PARTICIPACION CIUDADANA, SATISFACCION USUARIA Y SALUD PUEBLOS OR",SUBDIRECCION DE GESTION ASISTENCIAL,"PARTICIPACION CIUDADANA, SATISFACCION USUARIA Y SALUD PUEBLOS OR",Proyecto operacional,2026,1,2026-10-01 00:00:00
324,Bienes y Servicios,1057532-405-PC26,22.01.001,Diálogo Provincial en Salud,5,Yogurth,500,150000,Daniela Barria,Encargada Trato Usuario,2026-10-01 00:00:00,"DEPARTAMENTO DE PARTICIPACION CIUDADANA, SATISFACCION USUARIA Y SALUD PUEBLOS OR",SUBDIRECCION DE GESTION ASISTENCIAL,"PARTICIPACION CIUDADANA, SATISFACCION USUARIA Y SALUD PUEBLOS OR",Proyecto operacional,2026,1,2026-10-01 00:00:00
325,Bienes y Servicios,1057532-358-PC26,22.04.999,Zumba a todo corazón,3,Instructora,110000,220000,Daniela Cancino,Nutricionista,2026-08-01 00:00:00,UNIDAD SAFU,SUBDIRECCION DE GESTION Y DESARROLLO DE LAS PERSONAS,CALIDAD DE VIDA,Proyecto operacional,2026,1,2026-08-01 00:00:00
326,Bienes y Servicios,1057532-358-PC26,22.04.999,Zumba a todo corazón,3,Alimentación,771,185040,Daniela Cancino,Nutricionista,2026-08-01 00:00:00,UNIDAD SAFU,SUBDIRECCION DE GESTION Y DESARROLLO DE LAS PERSONAS,CALIDAD DE VIDA,Proyecto operacional,2026,1,2026-08-01 00:00:00
327,Bienes y Servicios,1057532-358-PC26,22.04.999,Zumba a todo corazón,3,Decoración,1228,270160,Daniela Cancino,Nutricionista,2026-08-01 00:00:00,UNIDAD SAFU,SUBDIRECCION DE GESTION Y DESARROLLO DE LAS PERSONAS,CALIDAD DE VIDA,Proyecto operacional,2026,1,2026-08-01 00:00:00
328,Bienes y Servicios,1057532-485-PC26,2502,"Pilas para equipos clínicos pesa, hemoglucotest y equipo de electroterapia",1,Bateria,55000,550000,Daniela Cancino,Nutricionista,2026-01-01 00:00:00,UNIDAD SAFU,SUBDIRECCION DE GESTION Y DESARROLLO DE LAS PERSONAS,CALIDAD DE VIDA,Proyecto operacional,2026,1,2026-01-01 00:00:00
329,Bienes y Servicios,1057532-487-PC26,2504,Escalera tijera plegable,1,Escalera,60000,60000,Daniela Cancino,Nutricionista,2026-01-01 00:00:00,UNIDAD SAFU,SUBDIRECCION DE GESTION Y DESARROLLO DE LAS PERSONAS,CALIDAD DE VIDA,Proyecto operacional,2026,1,2026-01-01 00:00:00
330,Bienes y Servicios,1057532-396-PC25,22.03.003,"Convenio - SUMINISTRO DE CHIP PARA CALDERAS DE HOSPITALES PÜ MÜLEN Y FÜTA SRÜKA LAWENCHE KUNKO MAPU, AÑO 2026-2027",1,Convenio,146000000,72999996,Daniela Jara Cerda,ENCARGADA (S) SECCIÓN DE ADMINISTRACIÓN DE CONTRATOS,2025-08-01 00:00:00,UNIDAD SAFU,SUBDIRECCION DE GESTION Y DESARROLLO DE LAS PERSONAS,CALIDAD DE VIDA,Proyecto operacional,2026,24,"01-01-2026,01-02-2026,01-03-2026,01-04-2026,01-05-2026,01-06-2026,01-07-2026,01-08-2026,01-09-2026,01-10-2026,01-11-2026,01-12-2026,01-01-2027,01-02-2027,01-03-2027,01-04-2027,01-05-2027,01-06-2027,01-07-2027,01-08-2027,01-09-2027,01-10-2027,01-11-2027,01-12-2027"
331,Bienes y Servicios,1057532-354-PC26,22.04.003,Convenio - COMPRA DE KITS PARA DETECCION DE VIRUS Y BACTERIAS RESPIRATORIAS POR METODO MOLECULAR RAPIDO (POC MOLECULAR),1,Convenio Kit Point,35000000,23333328,Daniela Soto,Encargada Apoyo Diagnóstico Laboratorio,2026-05-01 00:00:00,DEPARTAMENTO ARTICULACION DE LA RED ASISTENCIAL,SUBDIRECCION DE GESTION ASISTENCIAL,ARTICULACION DE LA RED ASISTENCIAL,Proyecto operacional,2026,12,"01-05-2026,01-06-2026,01-07-2026,01-08-2026,01-09-2026,01-10-2026,01-11-2026,01-12-2026,01-01-2027,01-02-2027,01-03-2027,01-04-2027"
332,Bienes y Servicios,1057532-30-PC26,22.02.002,VESTUARIO TECNICO DE SEGURIDAD VIAL PARA PERSONAL DE URGENCIA DE LA RED SSO,2,"Vestuario, Accesorios y Prendas Diversas",35000,29750000,David Serrano,Jefatura Subdpto. de Prevencion de Riesgos,2026-06-01 00:00:00,SUBDEPARTAMENTO DE EJECUCION DE OBRAS Y UNIDAD TECNICA,SUBDIRECCION ADMINISTRATIVA,OBRAS Y GESTIÓN FINANCIERA DE INVERSIONES,Proyecto operacional,2026,1,2026-06-01 00:00:00
333,Bienes y Servicios,1057532-30-PC26,22.02.002,VESTUARIO TECNICO DE SEGURIDAD VIAL PARA PERSONAL DE URGENCIA DE LA RED SSO,2,Calzado Seguridad,80000,13600000,David Serrano,Jefatura Subdpto. de Prevencion de Riesgos,2026-06-01 00:00:00,SUBDEPARTAMENTO DE EJECUCION DE OBRAS Y UNIDAD TECNICA,SUBDIRECCION ADMINISTRATIVA,OBRAS Y GESTIÓN FINANCIERA DE INVERSIONES,Proyecto operacional,2026,1,2026-06-01 00:00:00
334,Activos Fijos,1057922-24-PC26,29.04.001,Casilleros para SDPRSOGA,1,Casillero,150000,150000,David Serrano,JEFATURA SUBDEPTO. PRSOGA,2026-06-01 00:00:00,SUBDEPARTAMENTO DE EJECUCION DE OBRAS Y UNIDAD TECNICA,SUBDIRECCION ADMINISTRATIVA,OBRAS Y GESTIÓN FINANCIERA DE INVERSIONES,Proyecto operacional,2026,1,2026-06-01 00:00:00
335,Bienes y Servicios,1057532-435-PC26,22.06.001,MANTENIMIENTO PREVENTIVO Y ADECUACIONES MENORES A TABLEROS ELECTRICOS DE LOS HOSPITALES Y DISPOSITIVOS DE LA RED 2027,1,Mantencion,315219,35304528,Diego Saldivia,Referente,2026-10-01 00:00:00,DEPARTAMENTO DE OBRAS Y GESTION FINANCIERA DE INVERSIONES,SUBDIRECCION ADMINISTRATIVA,OBRAS Y GESTIÓN FINANCIERA DE INVERSIONES,Proyecto operacional,2026,1,2026-10-01 00:00:00
336,Bienes y Servicios,1057532-162-PC25,22.04.004,Convenio - de Suministro para adquisición de medicamentos faltantes CENABAST para establecimientos dependientes del SSO.,1,Medicamentos,150000000,75000000,Eleuterio Roman,JEFE SUBDEPTO FARMACIA,2025-04-01 00:00:00,DEPARTAMENTO DE OBRAS Y GESTION FINANCIERA DE INVERSIONES,SUBDIRECCION ADMINISTRATIVA,OBRAS Y GESTIÓN FINANCIERA DE INVERSIONES,Proyecto estratégico,2026,24,"01-05-2025,01-06-2025,01-07-2025,01-08-2025,01-09-2025,01-10-2025,01-11-2025,01-12-2025,01-01-2026,01-02-2026,01-03-2026,01-04-2026,01-05-2026,01-06-2026,01-07-2026,01-08-2026,01-09-2026,01-10-2026,01-11-2026,01-12-2026,01-01-2027,01-02-2027,01-03-2027,01-04-2027"
337,Bienes y Servicios,1057532-446-PC26,22.04.012,ADQUISICION INSUMOS MANTENCION RED DE RADIOCOMUNICACIONES EN EMERGENCIAS SERVICIO DE SALUD OSORNO,1,Articulos Mantenimiento,4762,300006,Esteban Alarcon,Tecnico Radiocomunicaciones,2026-01-01 00:00:00,"SUB. DPTO. GESTION DEL RIESGO EN EMERGENCIAS, DESASTRES Y TELECOMUNICACIONES",DIRECCIÓN,"SUB. DPTO. GESTION DEL RIESGO EN EMERGENCIAS, DESASTRES Y TELECOMUNICACIONES",Proyecto operacional,2026,1,2026-01-01 00:00:00
338,Bienes y Servicios,1057532-448-PC26,22.04.012,REPOSICION Y MANTENIMIENTO COMPONENTES RADIOS PORTATILES VHF DIRECCION,1,Materiales,57693,1500018,Esteban Alarcon,Tecnico Radiocomunicaciones,2026-01-01 00:00:00,"SUB. DPTO. GESTION DEL RIESGO EN EMERGENCIAS, DESASTRES Y TELECOMUNICACIONES",DIRECCIÓN,"SUB. DPTO. GESTION DEL RIESGO EN EMERGENCIAS, DESASTRES Y TELECOMUNICACIONES",Proyecto operacional,2026,1,2026-01-01 00:00:00
339,Bienes y Servicios,1057532-77-PC26,22.04.013,ADQUISICION DE INSUMOS PARA MANTENIMIENTO EQUIPO VHF TALLER DE RADIOCOMUNICACIONES,2,Microfonos,120000,120000,Esteban Alarcon,TECNICO RADIOCOMUNICACIONES,2026-04-01 00:00:00,"SUB. DPTO. GESTION DEL RIESGO EN EMERGENCIAS, DESASTRES Y TELECOMUNICACIONES",DIRECCIÓN,"SUB. DPTO. GESTION DEL RIESGO EN EMERGENCIAS, DESASTRES Y TELECOMUNICACIONES",Proyecto operacional,2026,1,2026-04-01 00:00:00
340,Bienes y Servicios,1057532-77-PC26,22.04.013,ADQUISICION DE INSUMOS PARA MANTENIMIENTO EQUIPO VHF TALLER DE RADIOCOMUNICACIONES,2,"Insumos, Repuestos y Accesorios Computacionales",223333,669999,Esteban Alarcon,TECNICO RADIOCOMUNICACIONES,2026-04-01 00:00:00,"SUB. DPTO. GESTION DEL RIESGO EN EMERGENCIAS, DESASTRES Y TELECOMUNICACIONES",DIRECCIÓN,"SUB. DPTO. GESTION DEL RIESGO EN EMERGENCIAS, DESASTRES Y TELECOMUNICACIONES",Proyecto operacional,2026,1,2026-04-01 00:00:00
341,Bienes y Servicios,1057532-196-PC25,22.06.001,Convenio - SERVICIO DE SOPORTE Y MANTENCION RPT VHF SSO (PERIODO DOS AÑOS),2,Mantenimiento,12500000,6255504,Esteban Alarcon Bohle,TECNICO RADIOCOMUNICACIONES,2025-01-01 00:00:00,"SUB. DPTO. GESTION DEL RIESGO EN EMERGENCIAS, DESASTRES Y TELECOMUNICACIONES",DIRECCIÓN,"SUB. DPTO. GESTION DEL RIESGO EN EMERGENCIAS, DESASTRES Y TELECOMUNICACIONES",Proyecto operacional,2026,24,"01-01-2025,01-02-2025,01-03-2025,01-04-2025,01-05-2025,01-06-2025,01-07-2025,01-08-2025,01-09-2025,01-10-2025,01-11-2025,01-12-2025,01-01-2026,01-02-2026,01-03-2026,01-04-2026,01-05-2026,01-06-2026,01-07-2026,01-08-2026,01-09-2026,01-10-2026,01-11-2026,01-12-2026"
342,Bienes y Servicios,1057532-522-PC26,22.01.001,Insumos para CIRA SDGA,2,Alimentación,4530,385050,Esteban Oyarzo,Asistente Ejecutivo,2026-01-01 00:00:00,SUBDIRECCION DE GESTION ASISTENCIAL,SUBDIRECCION DE GESTION ASISTENCIAL,SUBDIRECCION GESTION ASISTENCIAL,Proyecto operacional,2026,1,2026-01-01 00:00:00
343,Bienes y Servicios,1057532-522-PC26,22.01.001,Insumos para CIRA SDGA,2,Menaje,60,121800,Esteban Oyarzo,Asistente Ejecutivo,2026-01-01 00:00:00,SUBDIRECCION DE GESTION ASISTENCIAL,SUBDIRECCION DE GESTION ASISTENCIAL,SUBDIRECCION GESTION ASISTENCIAL,Proyecto operacional,2026,1,2026-01-01 00:00:00
344,Administración de Fondos,1077241-95-PC26,22.01.001,Formación facilitadores Talleres Prenatales para matronas y matrones de la red de atención primaria,3,Servicio Cafeteria,18000,270000,Estrella Azocar,Enc. Chcc,2026-04-01 00:00:00,DEPARTAMENTO ATENCION PRIMARIA,SUBDIRECCION DE GESTION ASISTENCIAL,ATENCION PRIMARIA,Proyecto operacional,2026,1,2026-04-01 00:00:00
345,Administración de Fondos,1077241-95-PC26,22.01.001,Formación facilitadores Talleres Prenatales para matronas y matrones de la red de atención primaria,3,Bolsas Ecologicas,500,50000,Estrella Azocar,Enc. Chcc,2026-04-01 00:00:00,DEPARTAMENTO ATENCION PRIMARIA,SUBDIRECCION DE GESTION ASISTENCIAL,ATENCION PRIMARIA,Proyecto operacional,2026,1,2026-04-01 00:00:00
346,Administración de Fondos,1077241-95-PC26,22.01.001,Formación facilitadores Talleres Prenatales para matronas y matrones de la red de atención primaria,3,Material de Oficina,1295,352240,Estrella Azocar,Enc. Chcc,2026-04-01 00:00:00,DEPARTAMENTO ATENCION PRIMARIA,SUBDIRECCION DE GESTION ASISTENCIAL,ATENCION PRIMARIA,Proyecto operacional,2026,1,2026-04-01 00:00:00
347,Administración de Fondos,1077241-96-PC26,22.04.002,Insumos para aumentar la lactancia materna exclusiva,4,Material Educativo,1350000,1350000,Estrella Azocar,Enc. Chcc,2026-06-01 00:00:00,DEPARTAMENTO ATENCION PRIMARIA,SUBDIRECCION DE GESTION ASISTENCIAL,ATENCION PRIMARIA,Proyecto operacional,2026,1,2026-06-01 00:00:00
348,Administración de Fondos,1077241-96-PC26,22.04.002,Insumos para aumentar la lactancia materna exclusiva,4,Insumos Clinicos,10152,994896,Estrella Azocar,Enc. Chcc,2026-06-01 00:00:00,DEPARTAMENTO ATENCION PRIMARIA,SUBDIRECCION DE GESTION ASISTENCIAL,ATENCION PRIMARIA,Proyecto operacional,2026,1,2026-06-01 00:00:00
349,Administración de Fondos,1077241-96-PC26,22.04.002,Insumos para aumentar la lactancia materna exclusiva,4,Cooler,10000,50000,Estrella Azocar,Enc. Chcc,2026-06-01 00:00:00,DEPARTAMENTO ATENCION PRIMARIA,SUBDIRECCION DE GESTION ASISTENCIAL,ATENCION PRIMARIA,Proyecto operacional,2026,1,2026-06-01 00:00:00
350,Administración de Fondos,1077241-96-PC26,22.04.002,Insumos para aumentar la lactancia materna exclusiva,4,Equipamiento Medico,580665,580665,Estrella Azocar,Enc. Chcc,2026-06-01 00:00:00,DEPARTAMENTO ATENCION PRIMARIA,SUBDIRECCION DE GESTION ASISTENCIAL,ATENCION PRIMARIA,Proyecto operacional,2026,1,2026-06-01 00:00:00
351,Bienes y Servicios,1057532-20-PC26,22.04.002,Materiales para entrenador talleres Nadie es perfecto,1,Textos y Otros Materiales de Enseñanza,1138,475684,Estrella Azocar,Enc. Chcc,2026-04-01 00:00:00,DEPARTAMENTO ATENCION PRIMARIA,SUBDIRECCION DE GESTION ASISTENCIAL,ATENCION PRIMARIA,Proyecto operacional,2026,1,2026-04-01 00:00:00
352,Bienes y Servicios,1057532-59-PC26,22.04.002,Material didactico para servicio de pediatría y Modalidades de estimulación,1,Textos y Otros Materiales de Enseñanza,13000,1950000,Estrella Azocar,Enc. Chcc,2026-06-01 00:00:00,DEPARTAMENTO ATENCION PRIMARIA,SUBDIRECCION DE GESTION ASISTENCIAL,ATENCION PRIMARIA,Proyecto operacional,2026,1,2026-06-01 00:00:00
353,Bienes y Servicios,1057532-62-PC26,22.07.001,Folletería para fomento y promoción de la lactancia materna,1,Elaboracion e impresion de folleteria,63,1134000,Estrella Azocar,Enc. Chcc,2026-06-01 00:00:00,DEPARTAMENTO ATENCION PRIMARIA,SUBDIRECCION DE GESTION ASISTENCIAL,ATENCION PRIMARIA,Proyecto operacional,2026,1,2026-06-01 00:00:00
354,Bienes y Servicios,1057532-570-PC26,22.01-22.04,Capacitación formación de facilitadores Nadie es Perfecto,3,Servicio de cafetería,24000,360000,Estrella Azócar,Encargada Chile Crece Contigo,2026-05-01 00:00:00,DEPARTAMENTO ATENCION PRIMARIA,SUBDIRECCION DE GESTION ASISTENCIAL,ATENCION PRIMARIA,Proyecto estratégico,2026,1,2026-06-01 00:00:00
355,Bienes y Servicios,1057532-570-PC26,22.01-22.04,Capacitación formación de facilitadores Nadie es Perfecto,3,Artículos de librería y oficina,717,684735,Estrella Azócar,Encargada Chile Crece Contigo,2026-05-01 00:00:00,DEPARTAMENTO ATENCION PRIMARIA,SUBDIRECCION DE GESTION ASISTENCIAL,ATENCION PRIMARIA,Proyecto estratégico,2026,1,2026-06-01 00:00:00
356,Bienes y Servicios,1057532-570-PC26,22.01-22.04,Capacitación formación de facilitadores Nadie es Perfecto,3,Material didáctico y educativo,1300,204100,Estrella Azócar,Encargada Chile Crece Contigo,2026-05-01 00:00:00,DEPARTAMENTO ATENCION PRIMARIA,SUBDIRECCION DE GESTION ASISTENCIAL,ATENCION PRIMARIA,Proyecto estratégico,2026,1,2026-06-01 00:00:00
357,Bienes y Servicios,1057532-403-PC26,22.04.999,Insumos de Box de rehabilitación kinésica SAFU,1,Insumos Kinesicos,46400,696000,Felipe Barriga,Kinesiólogo,2026-03-01 00:00:00,UNIDAD SAFU,SUBDIRECCION DE GESTION Y DESARROLLO DE LAS PERSONAS,CALIDAD DE VIDA,Proyecto operacional,2026,1,2026-03-01 00:00:00
358,Bienes y Servicios,1057532-475-PC26,22.04.999,Insumos de Box de rehabilitación kinésica SAFU,1,Insumos Kinesicos,16429,115003,Felipe Barriga,Kinesiólogo,2026-03-01 00:00:00,UNIDAD SAFU,SUBDIRECCION DE GESTION Y DESARROLLO DE LAS PERSONAS,CALIDAD DE VIDA,Proyecto operacional,2026,1,2026-03-01 00:00:00
359,Bienes y Servicios,1057532-321-PC24,22.06.002.001,"Convenio - DE SERVICIOS DE MANTENCIÓN PREVENTIVA, CORRECTIVA Y/O REPARATIVA PARA VEHÍCULOS MERCEDES-BENZ DEL SSO Y HOSPITA",1,Mantenimiento,300000000,150000000,Felipe Salvo,Encargado Mantenimineto,2024-07-01 00:00:00,SECCION DE MANTENIMIENTO DE VEHICULOS,SUBDIRECCION ADMINISTRATIVA,ABASTECIMIENTO Y OPERACIONES,Proyecto operacional,2026,24,"01-01-2025,01-02-2025,01-03-2025,01-04-2025,01-05-2025,01-06-2025,01-07-2025,01-08-2025,01-09-2025,01-10-2025,01-11-2025,01-12-2025,01-01-2026,01-02-2026,01-03-2026,01-04-2026,01-05-2026,01-06-2026,01-07-2026,01-08-2026,01-09-2026,01-10-2026,01-11-2026,01-12-2026"
360,Bienes y Servicios,1057532-404-PC25,22.06.002,"Convenio - SERVICIOS DE MANTENCION PREVENTIVA, CORRECTIVA Y/O REPARATIVAS PARA VEHICULOS MULTIMARCAS AÑO 2026-2027",1,Mantención,200400000,100200000,Felipe Salvo,Encargado Sección Mantenimiento de Vehículos,2025-08-01 00:00:00,SECCION DE MANTENIMIENTO DE VEHICULOS,SUBDIRECCION ADMINISTRATIVA,ABASTECIMIENTO Y OPERACIONES,Proyecto operacional,2026,24,"01-01-2026,01-02-2026,01-03-2026,01-04-2026,01-05-2026,01-06-2026,01-07-2026,01-08-2026,01-09-2026,01-10-2026,01-11-2026,01-12-2026,01-01-2027,01-02-2027,01-03-2027,01-04-2027,01-05-2027,01-06-2027,01-07-2027,01-08-2027,01-09-2027,01-10-2027,01-11-2027,01-12-2027"
361,Bienes y Servicios,1057532-405-PC25,22.06.002,"Convenio - SERVICIOS DE MANTENCION PREVENTIVA, CORRECTIVA Y/O REPARATIVAS PARA BUS MITSUBISHI FUSO ROSA AÑO 2026",1,Convenio,30000000,30000000,Felipe Salvo,Encargado Sección Mantenimiento de Vehículos,2025-08-01 00:00:00,SECCION DE MANTENIMIENTO DE VEHICULOS,SUBDIRECCION ADMINISTRATIVA,ABASTECIMIENTO Y OPERACIONES,Proyecto operacional,2026,12,"01-01-2026,01-02-2026,01-03-2026,01-04-2026,01-05-2026,01-06-2026,01-07-2026,01-08-2026,01-09-2026,01-10-2026,01-11-2026,01-12-2026"
362,Activos Fijos,1057922-5-PC26,29.03,COMPRA DE AMBULANCIA PARA CESFAM CON SAR DE RAHUE ALTO,1,Ambulancia,108183000,108183000,Felipe Salvo,Encargado Seccion,2026-04-01 00:00:00,SECCION DE MANTENIMIENTO DE VEHICULOS,SUBDIRECCION ADMINISTRATIVA,ABASTECIMIENTO Y OPERACIONES,Proyecto operacional,2026,1,2026-04-01 00:00:00
363,Bienes y Servicios,1057532-422-PC26,22.02,COMPRA ELEMENTOS DE PROTECCION PERSONAL SECCION MANT. DE VEHICULOS,3,Calzado,80000,160000,Felipe Salvo,Encargado Seccion,2026-02-01 00:00:00,SECCION DE MANTENIMIENTO DE VEHICULOS,SUBDIRECCION ADMINISTRATIVA,ABASTECIMIENTO Y OPERACIONES,Proyecto operacional,2026,1,2026-02-01 00:00:00
364,Bienes y Servicios,1057532-422-PC26,22.02,COMPRA ELEMENTOS DE PROTECCION PERSONAL SECCION MANT. DE VEHICULOS,3,Vestuario,15000,390000,Felipe Salvo,Encargado Seccion,2026-02-01 00:00:00,SECCION DE MANTENIMIENTO DE VEHICULOS,SUBDIRECCION ADMINISTRATIVA,ABASTECIMIENTO Y OPERACIONES,Proyecto operacional,2026,1,2026-02-01 00:00:00
365,Bienes y Servicios,1057532-422-PC26,22.02,COMPRA ELEMENTOS DE PROTECCION PERSONAL SECCION MANT. DE VEHICULOS,3,Bloqueador solar,30000,60000,Felipe Salvo,Encargado Seccion,2026-02-01 00:00:00,SECCION DE MANTENIMIENTO DE VEHICULOS,SUBDIRECCION ADMINISTRATIVA,ABASTECIMIENTO Y OPERACIONES,Proyecto operacional,2026,1,2026-02-01 00:00:00
366,Bienes y Servicios,1057532-516-PC26,2556,Adquisición de Neumáticos para vehículos de la Dirección Servicio de Salud Osorno y Base SAMU Osorno año 2026,1,Neumaticos,250000,3000000,Felipe Salvo,Encargado Seccion,2026-05-01 00:00:00,SECCION DE MANTENIMIENTO DE VEHICULOS,SUBDIRECCION ADMINISTRATIVA,ABASTECIMIENTO Y OPERACIONES,Proyecto operacional,2026,1,2026-05-01 00:00:00
367,Bienes y Servicios,1057532-100-PC26,22.06.002,"Convenio - CONVENIO DE SERVICIO DE MANT. PREV, CORRECTIVA Y/O REPARATIVA PARA VEH. MERCEDESBENZ DE LA RED SSO AÑOS 2027-2028",1,Mentención,21176471,0,Felipe Salvo,ENC. SECCION MANTENIMIENTO DE VEHICULOS DEL SSO,2026-07-01 00:00:00,SECCION DE MANTENIMIENTO DE VEHICULOS,SUBDIRECCION ADMINISTRATIVA,ABASTECIMIENTO Y OPERACIONES,Proyecto operacional,2026,24,"01-01-2027,01-02-2027,01-03-2027,01-04-2027,01-05-2027,01-06-2027,01-07-2027,01-08-2027,01-09-2027,01-10-2027,01-11-2027,01-12-2027,01-01-2028,01-02-2028,01-03-2028,01-04-2028,01-05-2028,01-06-2028,01-07-2028,01-08-2028,01-09-2028,01-10-2028,01-11-2028,01-12-2028"
368,Bienes y Servicios,1057532-1-PC24,22.11.003,Sistema control de flota vehicular del Servicio de Salud Osorno,1,Sistema de control de flota,20136000,6712008,Felipe Salvo Barriga,Enc. Sección Mant. de Vehículos,2024-01-01 00:00:00,SECCION DE MANTENIMIENTO DE VEHICULOS,SUBDIRECCION ADMINISTRATIVA,ABASTECIMIENTO Y OPERACIONES,Proyecto operacional,2026,36,"01-01-2024,01-02-2024,01-03-2024,01-04-2024,01-05-2024,01-06-2024,01-07-2024,01-08-2024,01-09-2024,01-10-2024,01-11-2024,01-12-2024,01-01-2025,01-02-2025,01-03-2025,01-04-2025,01-05-2025,01-06-2025,01-07-2025,01-08-2025,01-09-2025,01-10-2025,01-11-2025,01-12-2025,01-01-2026,01-02-2026,01-03-2026,01-04-2026,01-05-2026,01-06-2026,01-07-2026,01-08-2026,01-09-2026,01-10-2026,01-11-2026,01-12-2026"
369,Bienes y Servicios,1057532-402-PC25,22..10.002,Convenio - CONTRATACION DE SEGUROS GENERALES PARA VEHICULOS MOTORIZADOS PERTENECIENTES AL SERVICIO DE SALUD OSORNO 2026 - 2027,1,Convenios Seguros,2000000,39999996,Felipe Salvo Barriga,Encargado Seccion,2025-08-01 00:00:00,SECCION DE MANTENIMIENTO DE VEHICULOS,SUBDIRECCION ADMINISTRATIVA,ABASTECIMIENTO Y OPERACIONES,Proyecto operacional,2026,24,"01-01-2026,01-02-2026,01-03-2026,01-04-2026,01-05-2026,01-06-2026,01-07-2026,01-08-2026,01-09-2026,01-10-2026,01-11-2026,01-12-2026,01-01-2027,01-02-2027,01-03-2027,01-04-2027,01-05-2027,01-06-2027,01-07-2027,01-08-2027,01-09-2027,01-10-2027,01-11-2027,01-12-2027"
370,Bienes y Servicios,1057532-403-PC25,22.06.002,"Convenio - CONVENIO SERVICIOS DE MANTENCION PREVENTIVA, CORRECTIVA Y/O REPARATIVAS PARA LAS CONVERSIONES EN AMBULANCIAS Y VEHÍCULOS",1,Convenio,96100000,96100000,Felipe Salvo Barriga,Encargado Seccion,2025-08-01 00:00:00,SECCION DE MANTENIMIENTO DE VEHICULOS,SUBDIRECCION ADMINISTRATIVA,ABASTECIMIENTO Y OPERACIONES,Proyecto operacional,2026,12,"01-01-2026,01-02-2026,01-03-2026,01-04-2026,01-05-2026,01-06-2026,01-07-2026,01-08-2026,01-09-2026,01-10-2026,01-11-2026,01-12-2026"
371,Bienes y Servicios,1057532-357-PC26,22.04.001,INSUMOS LEY 20.000,6,"Tijera, rollos térmicos, sobres",542,297558,Fernando Roman,Jefe Subdepartamento Farmacia,2026-03-01 00:00:00,SUB. DPTO. DE FARMACIA,SUBDIRECCION DE GESTION ASISTENCIAL,ARTICULACION DE LA RED ASISTENCIAL,Proyecto operacional,2026,1,2026-04-01 00:00:00
372,Bienes y Servicios,1057532-357-PC26,22.04.001,INSUMOS LEY 20.000,6,Toner,12000,48000,Fernando Roman,Jefe Subdepartamento Farmacia,2026-03-01 00:00:00,SUB. DPTO. DE FARMACIA,SUBDIRECCION DE GESTION ASISTENCIAL,ARTICULACION DE LA RED ASISTENCIAL,Proyecto operacional,2026,1,2026-04-01 00:00:00
373,Bienes y Servicios,1057532-357-PC26,22.04.001,INSUMOS LEY 20.000,6,Sobres acolchados-Bolsas herméticas,100,330000,Fernando Roman,Jefe Subdepartamento Farmacia,2026-03-01 00:00:00,SUB. DPTO. DE FARMACIA,SUBDIRECCION DE GESTION ASISTENCIAL,ARTICULACION DE LA RED ASISTENCIAL,Proyecto operacional,2026,1,2026-04-01 00:00:00
374,Bienes y Servicios,1057532-357-PC26,22.04.001,INSUMOS LEY 20.000,6,Escoba-Pala aseo,17500,35000,Fernando Roman,Jefe Subdepartamento Farmacia,2026-03-01 00:00:00,SUB. DPTO. DE FARMACIA,SUBDIRECCION DE GESTION ASISTENCIAL,ARTICULACION DE LA RED ASISTENCIAL,Proyecto operacional,2026,1,2026-04-01 00:00:00
375,Bienes y Servicios,1057532-357-PC26,22.04.001,INSUMOS LEY 20.000,6,Lentes seguridad - Guantes seguridad,15000,60000,Fernando Roman,Jefe Subdepartamento Farmacia,2026-03-01 00:00:00,SUB. DPTO. DE FARMACIA,SUBDIRECCION DE GESTION ASISTENCIAL,ARTICULACION DE LA RED ASISTENCIAL,Proyecto operacional,2026,1,2026-04-01 00:00:00
376,Bienes y Servicios,1057532-357-PC26,22.04.001,INSUMOS LEY 20.000,6,Guantes de nitrilo,112,201600,Fernando Roman,Jefe Subdepartamento Farmacia,2026-03-01 00:00:00,SUB. DPTO. DE FARMACIA,SUBDIRECCION DE GESTION ASISTENCIAL,ARTICULACION DE LA RED ASISTENCIAL,Proyecto operacional,2026,1,2026-04-01 00:00:00
377,Bienes y Servicios,1057532-588-PC26,22.04.003,Compra Cintas de glicemia + equipos en comodato,1,Test,230,57500000,Fernando Roman,Jefe Subdepartamento Farmacia,2026-04-01 00:00:00,SUB. DPTO. DE FARMACIA,SUBDIRECCION DE GESTION ASISTENCIAL,ARTICULACION DE LA RED ASISTENCIAL,Proyecto operacional,2026,1,2026-04-01 00:00:00
378,Bienes y Servicios,1057532-92-PC26,22.08.001,CONVENIO - CONVENIO DE COLABORACION ENTRE SAG Y SERVICIO DE SALUD OSORNO PARA USO DE INCINERADOR,3,Mantenimiento,1400000,1400000,Fernando Roman,JEFE SUBDEPARTAMENTO DE FARMACIA,2026-03-01 00:00:00,SUB. DPTO. DE FARMACIA,SUBDIRECCION DE GESTION ASISTENCIAL,ARTICULACION DE LA RED ASISTENCIAL,Proyecto operacional,2026,1,2026-03-01 00:00:00
379,Bienes y Servicios,1057532-92-PC26,22.08.001,CONVENIO - CONVENIO DE COLABORACION ENTRE SAG Y SERVICIO DE SALUD OSORNO PARA USO DE INCINERADOR,3,Mantenimiento,3000000,3000000,Fernando Roman,JEFE SUBDEPARTAMENTO DE FARMACIA,2026-07-01 00:00:00,SUB. DPTO. DE FARMACIA,SUBDIRECCION DE GESTION ASISTENCIAL,ARTICULACION DE LA RED ASISTENCIAL,Proyecto operacional,2026,1,2026-03-01 00:00:00
380,Bienes y Servicios,1057532-92-PC26,22.08.001,CONVENIO - CONVENIO DE COLABORACION ENTRE SAG Y SERVICIO DE SALUD OSORNO PARA USO DE INCINERADOR,3,Gas,7600000,7600000,Fernando Roman,JEFE SUBDEPARTAMENTO DE FARMACIA,2026-03-01 00:00:00,SUB. DPTO. DE FARMACIA,SUBDIRECCION DE GESTION ASISTENCIAL,ARTICULACION DE LA RED ASISTENCIAL,Proyecto operacional,2026,1,2026-03-01 00:00:00
381,Obras Civiles,1057976-10-PC26,31.02.002,CONSTRUCCION CESFAM CON SAR CHUYACA OSORNO; CODIGO BIP: 30430122,1,Consultorias,557784,557784,Fernando Wulf,Ito,2026-12-01 00:00:00,SUBDEPARTAMENTO DE EJECUCION DE OBRAS Y UNIDAD TECNICA,SUBDIRECCION ADMINISTRATIVA,OBRAS Y GESTIÓN FINANCIERA DE INVERSIONES,Proyecto operacional,2026,1,2026-12-01 00:00:00
382,Obras Civiles,1057976-14-PC26,31.02.002,CONTRATACION DE VISITA DE ESPECIALIDAD DE ARQUITECTURA PARA LA OBRA REPOSICION CESFAM CON SAR RAHUE ALTO.,1,Consultorias,630000,630000,Fernando Wulf,Fos (S),2026-06-01 00:00:00,SUBDEPARTAMENTO DE EJECUCION DE OBRAS Y UNIDAD TECNICA,SUBDIRECCION ADMINISTRATIVA,OBRAS Y GESTIÓN FINANCIERA DE INVERSIONES,Proyecto estratégico,2026,1,2026-06-01 00:00:00
383,Bienes y Servicios,1057532-437-PC26,22.04.002,Conmemoración Día Mundial de Prevención Contra el Cáncer Cervicouterino,1,Material de Enseñanza,49990,299940,Francisca Contreras,Matrona,2026-02-01 00:00:00,DEPARTAMENTO ATENCION PRIMARIA,SUBDIRECCION DE GESTION ASISTENCIAL,ATENCION PRIMARIA,Proyecto operacional,2026,1,2026-02-01 00:00:00
384,Bienes y Servicios,1057532-439-PC26,22.01.001,Abordaje integral de trastornos de salud mental y conducta alimentaria en adolescentes,1,Servicio Cafeteria,360000,720000,Francisca Contreras,Matrona,2026-04-01 00:00:00,DEPARTAMENTO ATENCION PRIMARIA,SUBDIRECCION DE GESTION ASISTENCIAL,ATENCION PRIMARIA,Proyecto operacional,2026,1,2026-04-01 00:00:00
385,Bienes y Servicios,1057532-447-PC26,22.01.001.003,Jornada SSYR Provincial,1,Servicio Cafeteria,220000,220000,Francisca Contreras,Matrona,2026-04-01 00:00:00,DEPARTAMENTO ATENCION PRIMARIA,SUBDIRECCION DE GESTION ASISTENCIAL,ATENCION PRIMARIA,Proyecto operacional,2026,1,2026-05-01 00:00:00
386,Bienes y Servicios,1057532-519-PC26,2558,Implementación autotoma de VPH,1,Equipamiento Medico,12500,3000000,Francisca Contreras,Matrona,2026-02-01 00:00:00,DEPARTAMENTO ATENCION PRIMARIA,SUBDIRECCION DE GESTION ASISTENCIAL,ATENCION PRIMARIA,Proyecto operacional,2026,1,2026-02-01 00:00:00
387,Bienes y Servicios,1057532-538-PC26,22.02.001,Olimpiadas del Adolescente,2,Polera de trabajo,3500,70000,Francisca Contreras,Matrona,2026-02-01 00:00:00,DEPARTAMENTO ATENCION PRIMARIA,SUBDIRECCION DE GESTION ASISTENCIAL,ATENCION PRIMARIA,Proyecto operacional,2026,1,2026-03-01 00:00:00
388,Bienes y Servicios,1057532-538-PC26,22.02.001,Olimpiadas del Adolescente,2,Bandanas,1500,150000,Francisca Contreras,Matrona,2026-02-01 00:00:00,DEPARTAMENTO ATENCION PRIMARIA,SUBDIRECCION DE GESTION ASISTENCIAL,ATENCION PRIMARIA,Proyecto operacional,2026,1,2026-03-01 00:00:00
389,Bienes y Servicios,1057532-576-PC26,2582,Olimpiadas del Adolescente,1,Toldos,50000,200000,Francisca Contreras,Matrona,2026-02-01 00:00:00,DEPARTAMENTO ATENCION PRIMARIA,SUBDIRECCION DE GESTION ASISTENCIAL,ATENCION PRIMARIA,Proyecto operacional,2026,1,2026-03-01 00:00:00
390,Bienes y Servicios,1057532-47-PC26,22.04.002,Insumos para espacios amigables,1,Textos y Otros Materiales de Enseñanza,16990,169900,Francisca Contreras,Matrona,2026-06-01 00:00:00,DEPARTAMENTO ATENCION PRIMARIA,SUBDIRECCION DE GESTION ASISTENCIAL,ATENCION PRIMARIA,Proyecto operacional,2026,1,2026-06-01 00:00:00
391,Bienes y Servicios,1057532-55-PC26,22.04.005,kit de educación menstrual,1,Caja Mensatrual,80000,560000,Francisca Contreras,Matrona,2026-06-01 00:00:00,DEPARTAMENTO ATENCION PRIMARIA,SUBDIRECCION DE GESTION ASISTENCIAL,ATENCION PRIMARIA,Proyecto operacional,2026,1,2026-06-01 00:00:00
392,Bienes y Servicios,1057532-63-PC26,22.04.002,Conmemoración Prevención de Cáncer de mama,1,Material Educativo,225000,225000,Francisca Contreras,Matrona,2026-05-01 00:00:00,DEPARTAMENTO ATENCION PRIMARIA,SUBDIRECCION DE GESTION ASISTENCIAL,ATENCION PRIMARIA,Proyecto operacional,2026,1,2026-05-01 00:00:00
393,Bienes y Servicios,1057532-81-PC26,22.04.999,KIT DE DIGNIDAD PARA ADOLESCENTES EN CONTEXTO DE ATENCION BAJO GES N°86 (VVS),1,Otros Materiales de Uso o Consumo,10000,120000,Francisca Contreras,Matrona,2026-05-01 00:00:00,DEPARTAMENTO ATENCION PRIMARIA,SUBDIRECCION DE GESTION ASISTENCIAL,ATENCION PRIMARIA,Proyecto operacional,2026,1,2026-05-01 00:00:00
394,Bienes y Servicios,1057532-82-PC26,22.04.003,ADQUISICION DE MEDIOS DE ANALISIS PARA KIT DE AUTOTOMA DE VPH EN PERSONAS BAJO CONTROL DEL PROGRAMA DE DEPENDENCIA,1,Productos Químicos,896467,2689401,Francisca Contreras,Matrona,2026-05-01 00:00:00,DEPARTAMENTO ATENCION PRIMARIA,SUBDIRECCION DE GESTION ASISTENCIAL,ATENCION PRIMARIA,Proyecto operacional,2026,1,2026-05-01 00:00:00
395,Bienes y Servicios,1057532-84-PC26,22.04.002,Educación sobre Cáncer Cervicouterino,1,Material Educativo,49990,299940,Francisca Contreras,Matrona,2026-05-01 00:00:00,DEPARTAMENTO ATENCION PRIMARIA,SUBDIRECCION DE GESTION ASISTENCIAL,ATENCION PRIMARIA,Proyecto operacional,2026,1,2026-05-01 00:00:00
396,Bienes y Servicios,1057532-471-PC26,22.01.001,"ADQUISICIÓN PARA PROGRAMA DE PROMOCIÓN, PREVENCIÓN Y DIAGNÓSTICO PRECOZ CÁNCERES PREVALENTES EN MUJERES DE LA PROVINCIA",8,Servicio Cafeteria,375000,1500000,Franco Fuentes,Encargado De Gestión De Lista De Espera Y Programa Nacional De Cáncer,2026-02-01 00:00:00,DEPARTAMENTO ARTICULACION DE LA RED ASISTENCIAL,SUBDIRECCION DE GESTION ASISTENCIAL,ARTICULACION DE LA RED ASISTENCIAL,Proyecto operacional,2026,1,2026-02-01 00:00:00
397,Bienes y Servicios,1057532-471-PC26,22.01.001,"ADQUISICIÓN PARA PROGRAMA DE PROMOCIÓN, PREVENCIÓN Y DIAGNÓSTICO PRECOZ CÁNCERES PREVALENTES EN MUJERES DE LA PROVINCIA",8,Material Promocional,1000000,5000000,Franco Fuentes,Encargado De Gestión De Lista De Espera Y Programa Nacional De Cáncer,2026-05-01 00:00:00,DEPARTAMENTO ARTICULACION DE LA RED ASISTENCIAL,SUBDIRECCION DE GESTION ASISTENCIAL,ARTICULACION DE LA RED ASISTENCIAL,Proyecto operacional,2026,1,2026-02-01 00:00:00
398,Bienes y Servicios,1057532-471-PC26,22.01.001,"ADQUISICIÓN PARA PROGRAMA DE PROMOCIÓN, PREVENCIÓN Y DIAGNÓSTICO PRECOZ CÁNCERES PREVALENTES EN MUJERES DE LA PROVINCIA",8,Feria Salud,3000000,3000000,Franco Fuentes,Encargado De Gestión De Lista De Espera Y Programa Nacional De Cáncer,2026-05-01 00:00:00,DEPARTAMENTO ARTICULACION DE LA RED ASISTENCIAL,SUBDIRECCION DE GESTION ASISTENCIAL,ARTICULACION DE LA RED ASISTENCIAL,Proyecto operacional,2026,1,2026-02-01 00:00:00
399,Bienes y Servicios,1057532-471-PC26,22.01.001,"ADQUISICIÓN PARA PROGRAMA DE PROMOCIÓN, PREVENCIÓN Y DIAGNÓSTICO PRECOZ CÁNCERES PREVALENTES EN MUJERES DE LA PROVINCIA",8,Viales VPH,12733,50932000,Franco Fuentes,Encargado De Gestión De Lista De Espera Y Programa Nacional De Cáncer,2026-01-01 00:00:00,DEPARTAMENTO ARTICULACION DE LA RED ASISTENCIAL,SUBDIRECCION DE GESTION ASISTENCIAL,ARTICULACION DE LA RED ASISTENCIAL,Proyecto operacional,2026,1,2026-02-01 00:00:00
400,Bienes y Servicios,1057532-471-PC26,22.01.001,"ADQUISICIÓN PARA PROGRAMA DE PROMOCIÓN, PREVENCIÓN Y DIAGNÓSTICO PRECOZ CÁNCERES PREVALENTES EN MUJERES DE LA PROVINCIA",8,Informes radiológicos de mamografía,30000,6000000,Franco Fuentes,Encargado De Gestión De Lista De Espera Y Programa Nacional De Cáncer,2026-04-01 00:00:00,DEPARTAMENTO ARTICULACION DE LA RED ASISTENCIAL,SUBDIRECCION DE GESTION ASISTENCIAL,ARTICULACION DE LA RED ASISTENCIAL,Proyecto operacional,2026,1,2026-02-01 00:00:00
401,Bienes y Servicios,1057532-471-PC26,22.01.001,"ADQUISICIÓN PARA PROGRAMA DE PROMOCIÓN, PREVENCIÓN Y DIAGNÓSTICO PRECOZ CÁNCERES PREVALENTES EN MUJERES DE LA PROVINCIA",8,Balanza digital,550000,1100000,Franco Fuentes,Encargado De Gestión De Lista De Espera Y Programa Nacional De Cáncer,2026-05-01 00:00:00,DEPARTAMENTO ARTICULACION DE LA RED ASISTENCIAL,SUBDIRECCION DE GESTION ASISTENCIAL,ARTICULACION DE LA RED ASISTENCIAL,Proyecto operacional,2026,1,2026-02-01 00:00:00
402,Bienes y Servicios,1057532-471-PC26,22.01.001,"ADQUISICIÓN PARA PROGRAMA DE PROMOCIÓN, PREVENCIÓN Y DIAGNÓSTICO PRECOZ CÁNCERES PREVALENTES EN MUJERES DE LA PROVINCIA",8,Resmas,25000,500000,Franco Fuentes,Encargado De Gestión De Lista De Espera Y Programa Nacional De Cáncer,2026-05-01 00:00:00,DEPARTAMENTO ARTICULACION DE LA RED ASISTENCIAL,SUBDIRECCION DE GESTION ASISTENCIAL,ARTICULACION DE LA RED ASISTENCIAL,Proyecto operacional,2026,1,2026-02-01 00:00:00
403,Bienes y Servicios,1057532-471-PC26,22.01.001,"ADQUISICIÓN PARA PROGRAMA DE PROMOCIÓN, PREVENCIÓN Y DIAGNÓSTICO PRECOZ CÁNCERES PREVALENTES EN MUJERES DE LA PROVINCIA",8,Cuadernos,10000,500000,Franco Fuentes,Encargado De Gestión De Lista De Espera Y Programa Nacional De Cáncer,2026-06-01 00:00:00,DEPARTAMENTO ARTICULACION DE LA RED ASISTENCIAL,SUBDIRECCION DE GESTION ASISTENCIAL,ARTICULACION DE LA RED ASISTENCIAL,Proyecto operacional,2026,1,2026-02-01 00:00:00
404,Bienes y Servicios,1057532-430-PC26,22.06.006,MANTENCIÓN PREVENTIVA DE AGUA POTABLE DE LA BASE SAMU,1,Mantenciones,2000000,2000000,Garibe Gallardo,Profesional,2026-06-01 00:00:00,DEPARTAMENTO DE OBRAS Y GESTION FINANCIERA DE INVERSIONES,SUBDIRECCION ADMINISTRATIVA,OBRAS Y GESTIÓN FINANCIERA DE INVERSIONES,Proyecto operacional,2026,1,2026-06-01 00:00:00
405,Bienes y Servicios,1057532-431-PC26,22.06.001,Mantenciones emergentes para establecimientos dependientes del Servicio de Salud Osorno,1,Mantencion,6000000,6000000,Garibe Gallardo,Profesional,2026-12-01 00:00:00,DEPARTAMENTO DE OBRAS Y GESTION FINANCIERA DE INVERSIONES,SUBDIRECCION ADMINISTRATIVA,OBRAS Y GESTIÓN FINANCIERA DE INVERSIONES,Proyecto operacional,2026,1,2026-12-01 00:00:00
406,Bienes y Servicios,1057532-433-PC26,22.06.001,Mantención de Cubiertas de Edificios y Dispositivos dependientes del Servicio de Salud Osorno,1,Mantenimiento Cubiertas,25000000,25000000,Garibe Gallardo,Profesional,2026-11-01 00:00:00,DEPARTAMENTO DE OBRAS Y GESTION FINANCIERA DE INVERSIONES,SUBDIRECCION ADMINISTRATIVA,OBRAS Y GESTIÓN FINANCIERA DE INVERSIONES,Proyecto operacional,2026,1,2026-11-01 00:00:00
407,Bienes y Servicios,1057532-434-PC26,22.06.001,Mejoramiento Eléctrico y de Datos en Oficina 2do piso del Edificio Institucional de Manuel Rodríguez.,1,Mantencion,10000000,10000000,Garibe Gallardo,Profesional,2026-11-01 00:00:00,DEPARTAMENTO DE OBRAS Y GESTION FINANCIERA DE INVERSIONES,SUBDIRECCION ADMINISTRATIVA,OBRAS Y GESTIÓN FINANCIERA DE INVERSIONES,Proyecto operacional,2026,1,2026-11-01 00:00:00
408,Bienes y Servicios,1057532-34-PC26,22.06.001,REPARACIÓN DE PANDERETAS DEL COSAM ORIENTE DEPENDIENTE DEL SERVICIO DE SALUD OSORNO,1,Mantenimiento,500000,500000,Garibe Gallardo,PROFESIONAL,2026-12-01 00:00:00,DEPARTAMENTO DE OBRAS Y GESTION FINANCIERA DE INVERSIONES,SUBDIRECCION ADMINISTRATIVA,OBRAS Y GESTIÓN FINANCIERA DE INVERSIONES,Proyecto operacional,2026,1,2026-12-01 00:00:00
409,Bienes y Servicios,1057532-398-PC25,22.06.001,Convenio - MANTENCION Y OBRAS MENORES INFRAESTRUCTURA DE LOS ESTABLECIMIENTOS DEL SERVICIO DE SALUD OSORNO 2026,1,Mantención,83594337,83594337,Garibe Gallardo Trujillo,PROFESIONAL,2025-08-01 00:00:00,DEPARTAMENTO DE OBRAS Y GESTION FINANCIERA DE INVERSIONES,SUBDIRECCION ADMINISTRATIVA,OBRAS Y GESTIÓN FINANCIERA DE INVERSIONES,Proyecto operacional,2026,12,"01-01-2026,01-02-2026,01-03-2026,01-04-2026,01-05-2026,01-06-2026,01-07-2026,01-08-2026,01-09-2026,01-10-2026,01-11-2026,01-12-2026"
410,Bienes y Servicios,1057532-484-PC26,2403,Compra de insumos de higiene oral de programa odontológico integral,1,Insumos Higiene Oral,7315,4059825,Gonzalo Schulz,Odontologo,2026-05-01 00:00:00,DEPARTAMENTO ATENCION PRIMARIA,SUBDIRECCION DE GESTION ASISTENCIAL,ATENCION PRIMARIA,Proyecto operacional,2026,1,2026-05-01 00:00:00
411,Obras Civiles,1057976-1-PC26,31.02.002,CONTRATACION DE PROFESIONALES CONSULTORIA PROYECTO REPOSICION HOSPITAL MISION SAN JUAN DE LA COSTA.,1,Consultorias y Estudios,1156000,0,Graciela Sanchez,referente,2027-12-01 00:00:00,DEPARTAMENTO DE OBRAS Y GESTION FINANCIERA DE INVERSIONES,SUBDIRECCION ADMINISTRATIVA,OBRAS Y GESTIÓN FINANCIERA DE INVERSIONES,Proyecto operacional,2026,1,2027-12-01 00:00:00
412,Bienes y Servicios,1057532-445-PC26,22.04.001,TEST PSICOLOGICOS PARA LA UNIDAD DE RECLUTAMIENTO Y SELECCIÓN DEL S.S.O.,1,Test,106383,5000001,Guissela Franco,Jefa Unidad Reclutamiento Y Seleccion,2026-02-01 00:00:00,UNIDAD DE RECLUTAMIENTO Y SELECCION,SUBDIRECCION DE GESTION Y DESARROLLO DE LAS PERSONAS,DESARROLLO ORGANIZACIONAL,Proyecto operacional,2026,1,2026-02-01 00:00:00
413,Bienes y Servicios,1057532-564-PC26,22.01-22.04,Compra de insumos de oficina y cafetería,4,Alimentación,231,158235,Guissela Franco,Jefa Unidad Reclutamiento y Selección,2026-03-01 00:00:00,UNIDAD DE RECLUTAMIENTO Y SELECCION,SUBDIRECCION DE GESTION Y DESARROLLO DE LAS PERSONAS,DESARROLLO ORGANIZACIONAL,Proyecto operacional,2026,1,2026-04-01 00:00:00
414,Bienes y Servicios,1057532-564-PC26,22.01-22.04,Compra de insumos de oficina y cafetería,4,Vasos desechables,100,20000,Guissela Franco,Jefa Unidad Reclutamiento y Selección,2026-05-01 00:00:00,UNIDAD DE RECLUTAMIENTO Y SELECCION,SUBDIRECCION DE GESTION Y DESARROLLO DE LAS PERSONAS,DESARROLLO ORGANIZACIONAL,Proyecto operacional,2026,1,2026-04-01 00:00:00
415,Bienes y Servicios,1057532-564-PC26,22.01-22.04,Compra de insumos de oficina y cafetería,4,Servilletas,1000,4000,Guissela Franco,Jefa Unidad Reclutamiento y Selección,2026-05-01 00:00:00,UNIDAD DE RECLUTAMIENTO Y SELECCION,SUBDIRECCION DE GESTION Y DESARROLLO DE LAS PERSONAS,DESARROLLO ORGANIZACIONAL,Proyecto operacional,2026,1,2026-04-01 00:00:00
416,Bienes y Servicios,1057532-564-PC26,22.01-22.04,Compra de insumos de oficina y cafetería,4,Artículos de oficina,1613,729076,Guissela Franco,Jefa Unidad Reclutamiento y Selección,2026-02-01 00:00:00,UNIDAD DE RECLUTAMIENTO Y SELECCION,SUBDIRECCION DE GESTION Y DESARROLLO DE LAS PERSONAS,DESARROLLO ORGANIZACIONAL,Proyecto operacional,2026,1,2026-04-01 00:00:00
417,Bienes y Servicios,1057532-423-PC26,22.04.001,COMPRA DE TARJETAS BLANCAS PARA CREDENCIALES PARA CAMAPAÑA SELLO BUEN TRATO.,1,Tarjeta,130,52000,Gustavo Aravena,Jefe Depto. Desarrollo Organizacional,2026-02-01 00:00:00,DEPARTAMENTO DE DESARROLLO ORGANIZACIONAL,SUBDIRECCION DE GESTION Y DESARROLLO DE LAS PERSONAS,DESARROLLO ORGANIZACIONAL,Proyecto operacional,2026,1,2026-02-01 00:00:00
418,Compras Convenio GORE Region de Los Lagos,1180747-8-PC26,31.02.002,"Contratación de visitas de Consultorías de Obra "" Mejoramiento Hospital de Río Negro""",1,Remodelación,571667,3430002,Gustavo Marin,Profesional,2026-12-01 00:00:00,SUBDEPARTAMENTO DE EJECUCION DE OBRAS Y UNIDAD TECNICA,SUBDIRECCION ADMINISTRATIVA,OBRAS Y GESTIÓN FINANCIERA DE INVERSIONES,Proyecto operacional,2026,1,2026-12-01 00:00:00
419,Obras Civiles,1057976-11-PC26,31.02.004,CONSTRUCCION POSTA SALUD RURAL EL PONCHO,1,Construcción,1058222000,1058222000,Gustavo Marin,Profesional,2026-09-01 00:00:00,SUBDEPARTAMENTO DE EJECUCION DE OBRAS Y UNIDAD TECNICA,SUBDIRECCION ADMINISTRATIVA,OBRAS Y GESTIÓN FINANCIERA DE INVERSIONES,Proyecto estratégico,2026,1,2026-10-01 00:00:00
420,Obras Civiles,1057976-12-PC26,31.02.004,"REPOSICION POSTA DE SALUD RURAL HUILMA, COMUNA DE RIO NEGRO",1,Construcción,916961000,916961000,Gustavo Marin,Profesional,2026-09-01 00:00:00,SUBDEPARTAMENTO DE EJECUCION DE OBRAS Y UNIDAD TECNICA,SUBDIRECCION ADMINISTRATIVA,OBRAS Y GESTIÓN FINANCIERA DE INVERSIONES,Proyecto operacional,2026,1,2026-10-01 00:00:00
421,Obras Civiles,1057976-13-PC26,31.02.004,"REPOSICION POSTA DE SALUD RURAL RUPANCO, COMUNA PUERTO OCTAY",1,Construcción,888441000,888441000,Gustavo Marin,Profesional,2026-09-01 00:00:00,SUBDEPARTAMENTO DE EJECUCION DE OBRAS Y UNIDAD TECNICA,SUBDIRECCION ADMINISTRATIVA,OBRAS Y GESTIÓN FINANCIERA DE INVERSIONES,Proyecto estratégico,2026,1,2026-10-01 00:00:00
422,Obras Civiles,1057976-15-PC26,31.02.004,"Mejoramiento Hospital de Rio Negro(4 LICITACIONES) - Traspaso de año , modificación en emisiones de OC",4,Remodelación,280246728,280246728,Gustavo Marin,Profesional,2026-12-01 00:00:00,SUBDEPARTAMENTO DE EJECUCION DE OBRAS Y UNIDAD TECNICA,SUBDIRECCION ADMINISTRATIVA,OBRAS Y GESTIÓN FINANCIERA DE INVERSIONES,Proyecto operacional,2026,1,2026-12-01 00:00:00
423,Obras Civiles,1057976-15-PC26,31.02.004,"Mejoramiento Hospital de Rio Negro(4 LICITACIONES) - Traspaso de año , modificación en emisiones de OC",4,Remodelación,280246728,280246728,Gustavo Marin,Profesional,2026-12-01 00:00:00,SUBDEPARTAMENTO DE EJECUCION DE OBRAS Y UNIDAD TECNICA,SUBDIRECCION ADMINISTRATIVA, OBRAS Y GESTIÓN FINANCIERA DE INVERSIONES,Proyecto operacional,2026,,
424,Obras Civiles,1057976-15-PC26,31.02.004,"Mejoramiento Hospital de Rio Negro(4 LICITACIONES) - Traspaso de año , modificación en emisiones de OC",4,Remodelación,424384098,424384098,Gustavo Marin,Profesional,2026-10-01 00:00:00,SUBDEPARTAMENTO DE EJECUCION DE OBRAS Y UNIDAD TECNICA,SUBDIRECCION ADMINISTRATIVA,OBRAS Y GESTIÓN FINANCIERA DE INVERSIONES,Proyecto operacional,2026,1,2026-12-01 00:00:00
425,Obras Civiles,1057976-15-PC26,31.02.004,"Mejoramiento Hospital de Rio Negro(4 LICITACIONES) - Traspaso de año , modificación en emisiones de OC",4,Remodelación,424384098,424384098,Gustavo Marin,Profesional,2026-10-01 00:00:00,SUBDEPARTAMENTO DE EJECUCION DE OBRAS Y UNIDAD TECNICA,SUBDIRECCION ADMINISTRATIVA, OBRAS Y GESTIÓN FINANCIERA DE INVERSIONES,Proyecto operacional,2026,,
426,Bienes y Servicios,1057532-523-PC26,2565,Festival de la Voz de las Mujeres 2026,3,Material de Oficina,964,132068,Ignacio Sotomayor,Psicologo,2026-03-01 00:00:00,UNIDAD SAFU,SUBDIRECCION DE GESTION Y DESARROLLO DE LAS PERSONAS,CALIDAD DE VIDA,Proyecto operacional,2026,1,2026-03-01 00:00:00
427,Bienes y Servicios,1057532-523-PC26,2565,Festival de la Voz de las Mujeres 2026,3,Decoración y Premios,7625,305000,Ignacio Sotomayor,Psicologo,2026-03-01 00:00:00,UNIDAD SAFU,SUBDIRECCION DE GESTION Y DESARROLLO DE LAS PERSONAS,CALIDAD DE VIDA,Proyecto operacional,2026,1,2026-03-01 00:00:00
428,Bienes y Servicios,1057532-523-PC26,2565,Festival de la Voz de las Mujeres 2026,3,Alimentación,17000,68000,Ignacio Sotomayor,Psicologo,2026-03-01 00:00:00,UNIDAD SAFU,SUBDIRECCION DE GESTION Y DESARROLLO DE LAS PERSONAS,CALIDAD DE VIDA,Proyecto operacional,2026,1,2026-03-01 00:00:00
429,Bienes y Servicios,1057532-66-PC26,22.04.002,Material de trabajo terapéutico equipo salud mental unidad de salud funcionaria,1,Libros Material,40000,400000,Ignacio Sotomayor,psicologo,2026-04-01 00:00:00,UNIDAD SAFU,SUBDIRECCION DE GESTION Y DESARROLLO DE LAS PERSONAS,CALIDAD DE VIDA,Proyecto operacional,2026,1,2026-04-01 00:00:00
430,Bienes y Servicios,1057532-33-PC26,22.04.001,ADQUISICION DE ROLLOS DE FILM PROTECTOR,1,Rollo Film,80000,160000,Ivan Vargas,Administrativo,2026-04-01 00:00:00,UNIDAD SAFU,SUBDIRECCION DE GESTION Y DESARROLLO DE LAS PERSONAS,CALIDAD DE VIDA,Proyecto operacional,2026,1,2026-04-01 00:00:00
431,Obras Civiles,1057976-9-PC26,31.02.002,Contratación de Visita a Obra 2026 de las Consultorías: Especialidades y Arquitectura Obra CESFAM Bahía Mansa,1,Consultorias,701084,9815176,Jaime Vásquez,ITOS Obra,2026-12-01 00:00:00,SUBDEPARTAMENTO DE EJECUCION DE OBRAS Y UNIDAD TECNICA,SUBDIRECCION ADMINISTRATIVA,OBRAS Y GESTIÓN FINANCIERA DE INVERSIONES,Proyecto operacional,2026,1,2026-12-01 00:00:00
432,Bienes y Servicios,1057532-386-PC25,22.04.003.002,Convenio - Adquisición de kit toma de muestra para Virus Papiloma Humano,1,Servicio Medico,15143,48583326,Javiera Gajardo,Encargada Programas,2025-08-01 00:00:00,DEPARTAMENTO ATENCION PRIMARIA,SUBDIRECCION DE GESTION ASISTENCIAL,ATENCION PRIMARIA,Proyecto operacional,2026,12,"01-02-2026,01-03-2026,01-04-2026,01-05-2026,01-06-2026,01-07-2026,01-08-2026,01-09-2026,01-10-2026,01-11-2026,01-12-2026,01-01-2027"
433,Bienes y Servicios,1057532-353-PC26,22.01.001,PLAN DE COMPRAS AÑO 2026 LEY N°19.664 Y FORMACION DE ESPECIALISTAS S.S.O,7,Alimentación,107000,107000,Jocelyne Prieto,Jefa Seccion Gestion Y Desarrollo Ley Medica,2026-02-01 00:00:00,SECCION GESTION Y DESARROLLO LEY MEDICA,SUBDIRECCION DE GESTION Y DESARROLLO DE LAS PERSONAS,GESTION DE LAS PERSONAS,Proyecto operacional,2026,1,2026-02-01 00:00:00
434,Bienes y Servicios,1057532-353-PC26,22.01.001,PLAN DE COMPRAS AÑO 2026 LEY N°19.664 Y FORMACION DE ESPECIALISTAS S.S.O,7,Servicio Cafeteria,466667,1400001,Jocelyne Prieto,Jefa Seccion Gestion Y Desarrollo Ley Medica,2026-05-01 00:00:00,SECCION GESTION Y DESARROLLO LEY MEDICA,SUBDIRECCION DE GESTION Y DESARROLLO DE LAS PERSONAS,GESTION DE LAS PERSONAS,Proyecto operacional,2026,1,2026-02-01 00:00:00
435,Bienes y Servicios,1057532-353-PC26,22.01.001,PLAN DE COMPRAS AÑO 2026 LEY N°19.664 Y FORMACION DE ESPECIALISTAS S.S.O,7,Servicio Traslado,1500000,45000000,Jocelyne Prieto,Jefa Seccion Gestion Y Desarrollo Ley Medica,2026-05-01 00:00:00,SECCION GESTION Y DESARROLLO LEY MEDICA,SUBDIRECCION DE GESTION Y DESARROLLO DE LAS PERSONAS,GESTION DE LAS PERSONAS,Proyecto operacional,2026,1,2026-02-01 00:00:00
436,Bienes y Servicios,1057532-353-PC26,22.01.001,PLAN DE COMPRAS AÑO 2026 LEY N°19.664 Y FORMACION DE ESPECIALISTAS S.S.O,7,Pendrive,1000,25000,Jocelyne Prieto,Jefa Seccion Gestion Y Desarrollo Ley Medica,2026-05-01 00:00:00,SECCION GESTION Y DESARROLLO LEY MEDICA,SUBDIRECCION DE GESTION Y DESARROLLO DE LAS PERSONAS,GESTION DE LAS PERSONAS,Proyecto operacional,2026,1,2026-02-01 00:00:00
437,Bienes y Servicios,1057532-353-PC26,22.01.001,PLAN DE COMPRAS AÑO 2026 LEY N°19.664 Y FORMACION DE ESPECIALISTAS S.S.O,7,Materiales de Oficina,300,15000,Jocelyne Prieto,Jefa Seccion Gestion Y Desarrollo Ley Medica,2026-02-01 00:00:00,SECCION GESTION Y DESARROLLO LEY MEDICA,SUBDIRECCION DE GESTION Y DESARROLLO DE LAS PERSONAS,GESTION DE LAS PERSONAS,Proyecto operacional,2026,1,2026-02-01 00:00:00
438,Bienes y Servicios,1057532-353-PC26,22.01.001,PLAN DE COMPRAS AÑO 2026 LEY N°19.664 Y FORMACION DE ESPECIALISTAS S.S.O,7,Publicación Diario,60000,120000,Jocelyne Prieto,Jefa Seccion Gestion Y Desarrollo Ley Medica,2026-11-01 00:00:00,SECCION GESTION Y DESARROLLO LEY MEDICA,SUBDIRECCION DE GESTION Y DESARROLLO DE LAS PERSONAS,GESTION DE LAS PERSONAS,Proyecto operacional,2026,1,2026-02-01 00:00:00
439,Bienes y Servicios,1057532-353-PC26,22.01.001,PLAN DE COMPRAS AÑO 2026 LEY N°19.664 Y FORMACION DE ESPECIALISTAS S.S.O,7,Menaje Cafeteria,50,10000,Jocelyne Prieto,Jefa Seccion Gestion Y Desarrollo Ley Medica,2026-02-01 00:00:00,SECCION GESTION Y DESARROLLO LEY MEDICA,SUBDIRECCION DE GESTION Y DESARROLLO DE LAS PERSONAS,GESTION DE LAS PERSONAS,Proyecto operacional,2026,1,2026-02-01 00:00:00
440,Bienes y Servicios,1057532-328-PC24,22.01.001.002,Convenio - BENEFICIO ALIMENTACION 2024,1,Tarjeta,1491521358,496977708,Jorge Oyarzun Silva,REFERENTE TARJETA ALIMENTACION,2024-06-01 00:00:00,DEPARTAMENTO DE CALIDAD DE VIDA,SUBDIRECCION DE GESTION Y DESARROLLO DE LAS PERSONAS,CALIDAD DE VIDA,Proyecto operacional,2026,30,"01-01-2025,01-02-2025,01-03-2025,01-04-2025,01-05-2025,01-06-2025,01-07-2025,01-08-2025,01-09-2025,01-10-2025,01-11-2025,01-12-2025,01-01-2026,01-02-2026,01-03-2026,01-04-2026,01-05-2026,01-06-2026,01-07-2026,01-08-2026,01-09-2026,01-10-2026,01-11-2026,01-12-2026,01-01-2027,01-02-2027,01-03-2027,01-04-2027,01-05-2027,01-06-2027"
441,Bienes y Servicios,1057532-425-PC26,22.04.001,CREDENCIAL DE IDENTIFICACION INSTITUCIONAL,5,Cinta Porta Credencial,990,198000,Karen Silva,Profesional,2026-01-01 00:00:00,DEPARTAMENTO DE GESTION DE LAS PERSONAS,SUBDIRECCION DE GESTION Y DESARROLLO DE LAS PERSONAS,GESTION DE LAS PERSONAS,Proyecto operacional,2026,1,2026-01-01 00:00:00
442,Bienes y Servicios,1057532-425-PC26,22.04.001,CREDENCIAL DE IDENTIFICACION INSTITUCIONAL,5,Porta Credencial,530,106000,Karen Silva,Profesional,2026-01-01 00:00:00,DEPARTAMENTO DE GESTION DE LAS PERSONAS,SUBDIRECCION DE GESTION Y DESARROLLO DE LAS PERSONAS,GESTION DE LAS PERSONAS,Proyecto operacional,2026,1,2026-01-01 00:00:00
443,Bienes y Servicios,1057532-425-PC26,22.04.001,CREDENCIAL DE IDENTIFICACION INSTITUCIONAL,5,Cinta Color Impresora,41000,164000,Karen Silva,Profesional,2026-03-01 00:00:00,DEPARTAMENTO DE GESTION DE LAS PERSONAS,SUBDIRECCION DE GESTION Y DESARROLLO DE LAS PERSONAS,GESTION DE LAS PERSONAS,Proyecto operacional,2026,1,2026-01-01 00:00:00
444,Bienes y Servicios,1057532-425-PC26,22.04.001,CREDENCIAL DE IDENTIFICACION INSTITUCIONAL,5,Tarjeta PVC,120,60000,Karen Silva,Profesional,2026-03-01 00:00:00,DEPARTAMENTO DE GESTION DE LAS PERSONAS,SUBDIRECCION DE GESTION Y DESARROLLO DE LAS PERSONAS,GESTION DE LAS PERSONAS,Proyecto operacional,2026,1,2026-01-01 00:00:00
445,Bienes y Servicios,1057532-425-PC26,22.04.001,CREDENCIAL DE IDENTIFICACION INSTITUCIONAL,5,Kit Limpieza,25000,75000,Karen Silva,Profesional,2026-03-01 00:00:00,DEPARTAMENTO DE GESTION DE LAS PERSONAS,SUBDIRECCION DE GESTION Y DESARROLLO DE LAS PERSONAS,GESTION DE LAS PERSONAS,Proyecto operacional,2026,1,2026-01-01 00:00:00
446,Administración de Fondos,1077241-61-PC26,22.12.999.02,"Adquisición de prestaciones de rehabilitación integral a niños, niñas y adolescentes con Trastorno del Espectro Autista",1,Convenio TEA,281600,56320000,Karin Avila,Referente Rehabilitación Integral,2026-02-01 00:00:00,DEPARTAMENTO ATENCION PRIMARIA,SUBDIRECCION DE GESTION ASISTENCIAL,ATENCION PRIMARIA,Proyecto operacional,2026,10,"01-03-2026,01-04-2026,01-05-2026,01-06-2026,01-07-2026,01-08-2026,01-09-2026,01-10-2026,01-11-2026,01-12-2026"
447,Compras Convenio GORE Region de Los Lagos,1180747-5-PC26,29.05.002,"GORE: Apoyo de Rehabilitación Integral e Inclusión Social para niños, niñas y adolescentes con TEA",6,Servicio Movilización,28000000,28000000,Karin Avila,Referente Rehabilitación Integral,2026-05-01 00:00:00,DEPARTAMENTO ATENCION PRIMARIA,SUBDIRECCION DE GESTION ASISTENCIAL,ATENCION PRIMARIA,Proyecto estratégico,2026,1,2026-05-01 00:00:00
448,Compras Convenio GORE Region de Los Lagos,1180747-5-PC26,29.05.002,"GORE: Apoyo de Rehabilitación Integral e Inclusión Social para niños, niñas y adolescentes con TEA",6,Arriendo,24000000,96000000,Karin Avila,Referente Rehabilitación Integral,2026-05-01 00:00:00,DEPARTAMENTO ATENCION PRIMARIA,SUBDIRECCION DE GESTION ASISTENCIAL,ATENCION PRIMARIA,Proyecto estratégico,2026,1,2026-05-01 00:00:00
449,Compras Convenio GORE Region de Los Lagos,1180747-5-PC26,29.05.002,"GORE: Apoyo de Rehabilitación Integral e Inclusión Social para niños, niñas y adolescentes con TEA",6,Arriendo Informatico,3445000,24115000,Karin Avila,Referente Rehabilitación Integral,2026-03-01 00:00:00,DEPARTAMENTO ATENCION PRIMARIA,SUBDIRECCION DE GESTION ASISTENCIAL,ATENCION PRIMARIA,Proyecto estratégico,2026,1,2026-05-01 00:00:00
450,Compras Convenio GORE Region de Los Lagos,1180747-5-PC26,29.05.002,"GORE: Apoyo de Rehabilitación Integral e Inclusión Social para niños, niñas y adolescentes con TEA",6,Servicio Cafeteria,500000,3500000,Karin Avila,Referente Rehabilitación Integral,2026-09-01 00:00:00,DEPARTAMENTO ATENCION PRIMARIA,SUBDIRECCION DE GESTION ASISTENCIAL,ATENCION PRIMARIA,Proyecto estratégico,2026,1,2026-05-01 00:00:00
451,Compras Convenio GORE Region de Los Lagos,1180747-5-PC26,29.05.002,"GORE: Apoyo de Rehabilitación Integral e Inclusión Social para niños, niñas y adolescentes con TEA",6,Impresión,714286,5000002,Karin Avila,Referente Rehabilitación Integral,2026-05-01 00:00:00,DEPARTAMENTO ATENCION PRIMARIA,SUBDIRECCION DE GESTION ASISTENCIAL,ATENCION PRIMARIA,Proyecto estratégico,2026,1,2026-05-01 00:00:00
452,Compras Convenio GORE Region de Los Lagos,1180747-5-PC26,29.05.002,"GORE: Apoyo de Rehabilitación Integral e Inclusión Social para niños, niñas y adolescentes con TEA",6,Equipo Sensorial,17428572,122000004,Karin Avila,Referente Rehabilitación Integral,2026-05-01 00:00:00,DEPARTAMENTO ATENCION PRIMARIA,SUBDIRECCION DE GESTION ASISTENCIAL,ATENCION PRIMARIA,Proyecto estratégico,2026,1,2026-05-01 00:00:00
453,Administración de Fondos,1077241-63-PC26,22.04,Adquisición de insumos para la atención en domicilio del Equipo Rehabilitación Rural SSO.,1,Materiales de Aseo,41000,410000,Karin Avila,Referente Rehabilitación Integral,2026-03-01 00:00:00,DEPARTAMENTO ATENCION PRIMARIA,SUBDIRECCION DE GESTION ASISTENCIAL,ATENCION PRIMARIA,Proyecto operacional,2026,1,2026-03-01 00:00:00
454,Bienes y Servicios,1057532-326-PC26,22.04.001,Adquisición de insumos para la atención en domicilio del Equipo Rehabilitación Rural SSO. (Articulos de Libreria),1,Material de Oficina,1900,190000,Karin Avila,Referente Rehabilitación Integral,2026-03-01 00:00:00,DEPARTAMENTO ATENCION PRIMARIA,SUBDIRECCION DE GESTION ASISTENCIAL,ATENCION PRIMARIA,Proyecto operacional,2026,1,2026-03-01 00:00:00
455,Administración de Fondos,1077241-68-PC26,22.04.001,Adquisición de insumos para la atención en domicilio del Equipo Rehabilitación Rural SSO (material Ergoterapia),1,Pistola Silicona,30000,150000,Karin Avila,Referente Rehabilitación Integral,2026-03-01 00:00:00,DEPARTAMENTO ATENCION PRIMARIA,SUBDIRECCION DE GESTION ASISTENCIAL,ATENCION PRIMARIA,Proyecto operacional,2026,1,2026-03-01 00:00:00
456,Bienes y Servicios,1057532-429-PC26,22.04.002,Adquisición de insumos para atención en domicilio del Equipo Rehabilitación Rural SSO. (Sarten electrico para ortesis),1,Equipo Terapia,80000,80000,Karin Avila,Referente Rehabilitación Integral,2026-03-01 00:00:00,DEPARTAMENTO ATENCION PRIMARIA,SUBDIRECCION DE GESTION ASISTENCIAL,ATENCION PRIMARIA,Proyecto operacional,2026,1,2026-03-01 00:00:00
457,Bienes y Servicios,1057532-450-PC26,22.04.990,Adquisición de insumos para la atención en domicilio del Equipo Rehabilitación Rural SSO. (Equipo Médico Fonoaudiologa),1,Equipo Terapia,100000,100000,Karin Avila,Referente Rehabilitación Integral,2026-03-01 00:00:00,DEPARTAMENTO ATENCION PRIMARIA,SUBDIRECCION DE GESTION ASISTENCIAL,ATENCION PRIMARIA,Proyecto operacional,2026,1,2026-03-01 00:00:00
458,Bienes y Servicios,1057532-453-PC26,22.04,Adquisición de insumos para la atención en domicilio del Equipo Rehabilitación Rural SSO. (Articulos de Fonoaudiología),3,Insumos rehabilitación,16500,396000,Karin Avila,Referente Rehabilitación Integral,2026-04-01 00:00:00,DEPARTAMENTO ATENCION PRIMARIA,SUBDIRECCION DE GESTION ASISTENCIAL,ATENCION PRIMARIA,Proyecto operacional,2026,1,2026-05-01 00:00:00
459,Bienes y Servicios,1057532-453-PC26,22.04,Adquisición de insumos para la atención en domicilio del Equipo Rehabilitación Rural SSO. (Articulos de Fonoaudiología),3,Tela micropore,5000,10000,Karin Avila,Referente Rehabilitación Integral,2026-04-01 00:00:00,DEPARTAMENTO ATENCION PRIMARIA,SUBDIRECCION DE GESTION ASISTENCIAL,ATENCION PRIMARIA,Proyecto operacional,2026,1,2026-05-01 00:00:00
460,Bienes y Servicios,1057532-453-PC26,22.04,Adquisición de insumos para la atención en domicilio del Equipo Rehabilitación Rural SSO. (Articulos de Fonoaudiología),3,Jabón líquido,5000,5000,Karin Avila,Referente Rehabilitación Integral,2026-04-01 00:00:00,DEPARTAMENTO ATENCION PRIMARIA,SUBDIRECCION DE GESTION ASISTENCIAL,ATENCION PRIMARIA,Proyecto operacional,2026,1,2026-05-01 00:00:00
461,Bienes y Servicios,1057532-573-PC26,2185,Adquisición de insumos para la atención en domicilio del Equipo Rehabilitación Rural SSO. (Articulos de Escritorio),1,Material de Oficina,1442,490280,Karin Avila,Referente Rehabilitación Integral,2026-03-01 00:00:00,DEPARTAMENTO ATENCION PRIMARIA,SUBDIRECCION DE GESTION ASISTENCIAL,ATENCION PRIMARIA,Proyecto operacional,2026,1,2026-03-01 00:00:00
462,Bienes y Servicios,1057532-320-PC24,22.04.012,"Convenio - SERVICIOS DE MANTENCIÓN, RECARGA E INSPECCION PREVENTIVA PARA RED HÚMEDA Y EXTINTORES EN ESTABLECIMIENTOS SSO",1,Recarga,45150000,18060000,Karin Scholz,Jefatura Dpto. de Calidad de Vida,2024-06-01 00:00:00,DEPARTAMENTO DE CALIDAD DE VIDA,SUBDIRECCION DE GESTION Y DESARROLLO DE LAS PERSONAS,CALIDAD DE VIDA,Proyecto operacional,2026,30,"01-01-2025,01-02-2025,01-03-2025,01-04-2025,01-05-2025,01-06-2025,01-07-2025,01-08-2025,01-09-2025,01-10-2025,01-11-2025,01-12-2025,01-01-2026,01-02-2026,01-03-2026,01-04-2026,01-05-2026,01-06-2026,01-07-2026,01-08-2026,01-09-2026,01-10-2026,01-11-2026,01-12-2026,01-01-2027,01-02-2027,01-03-2027,01-04-2027,01-05-2027,01-06-2027"
463,Bienes y Servicios,1057532-322-PC24,22.08.001,"Convenio - SERVICIO DE MANEJO, RETIRO, TRANSPORTE Y DISPOSICIÓN FINAL DE RESIDUOS PELIGROSOS Y ESPECIALES",1,Servicio residuos,794718407,397359215,Karin Scholz,JEFA DE DEPTO DE CALIDAD DE VIDA,2024-08-01 00:00:00,DEPARTAMENTO DE CALIDAD DE VIDA,SUBDIRECCION DE GESTION Y DESARROLLO DE LAS PERSONAS,CALIDAD DE VIDA,Proyecto operacional,2026,24,"01-01-2025,01-02-2025,01-03-2025,01-04-2025,01-05-2025,01-06-2025,01-07-2025,01-08-2025,01-09-2025,01-10-2025,01-11-2025,01-12-2025,01-01-2026,01-02-2026,01-03-2026,01-04-2026,01-05-2026,01-06-2026,01-07-2026,01-08-2026,01-09-2026,01-10-2026,01-11-2026,01-12-2026"
464,Administración de Fondos,1077241-89-PC26,29.05.001,PROGRAMA MEL,2,Equipos,21200000,21200000,Kassandra Fernandez,Trabajadora Social,2026-03-01 00:00:00,UNIDAD SAFU,SUBDIRECCION DE GESTION Y DESARROLLO DE LAS PERSONAS,CALIDAD DE VIDA,Proyecto operacional,2026,1,2026-03-01 00:00:00
465,Administración de Fondos,1077241-89-PC26,29.05.001,PROGRAMA MEL,2,Alimentación,9200000,9200000,Kassandra Fernandez,Trabajadora Social,2026-03-01 00:00:00,UNIDAD SAFU,SUBDIRECCION DE GESTION Y DESARROLLO DE LAS PERSONAS,CALIDAD DE VIDA,Proyecto operacional,2026,1,2026-03-01 00:00:00
466,Bienes y Servicios,1057532-428-PC26,22.01.001,Conmemoración día internacional de la eliminación de la violencia contra la mujer 2026,3,Alimentación,2076,153624,Kassandra Fernandez,Trabajadora Social,2026-11-01 00:00:00,UNIDAD SAFU,SUBDIRECCION DE GESTION Y DESARROLLO DE LAS PERSONAS,CALIDAD DE VIDA,Proyecto operacional,2026,1,2026-11-01 00:00:00
467,Bienes y Servicios,1057532-428-PC26,22.01.001,Conmemoración día internacional de la eliminación de la violencia contra la mujer 2026,3,Menaje,170,17000,Kassandra Fernandez,Trabajadora Social,2026-11-01 00:00:00,UNIDAD SAFU,SUBDIRECCION DE GESTION Y DESARROLLO DE LAS PERSONAS,CALIDAD DE VIDA,Proyecto operacional,2026,1,2026-11-01 00:00:00
468,Bienes y Servicios,1057532-428-PC26,22.01.001,Conmemoración día internacional de la eliminación de la violencia contra la mujer 2026,3,Servilletas,1500,3000,Kassandra Fernandez,Trabajadora Social,2026-11-01 00:00:00,UNIDAD SAFU,SUBDIRECCION DE GESTION Y DESARROLLO DE LAS PERSONAS,CALIDAD DE VIDA,Proyecto operacional,2026,1,2026-11-01 00:00:00
469,Bienes y Servicios,1057532-464-PC26,22.07.002,Conmemoración día internacional de la eliminación de la violencia contra la mujer 2026,2,Folleteria,60000,60000,Kassandra Fernandez,Trabajadora Social,2026-11-01 00:00:00,UNIDAD SAFU,SUBDIRECCION DE GESTION Y DESARROLLO DE LAS PERSONAS,CALIDAD DE VIDA,Proyecto operacional,2026,1,2026-11-01 00:00:00
470,Bienes y Servicios,1057532-464-PC26,22.07.002,Conmemoración día internacional de la eliminación de la violencia contra la mujer 2026,2,Instructora,400000,400000,Kassandra Fernandez,Trabajadora Social,2026-11-01 00:00:00,UNIDAD SAFU,SUBDIRECCION DE GESTION Y DESARROLLO DE LAS PERSONAS,CALIDAD DE VIDA,Proyecto operacional,2026,1,2026-11-01 00:00:00
471,Bienes y Servicios,1057532-45-PC26,22.11.002,"Contrato servicio de relatoría, para capacitación en interculturalidad.",2,Servicio Relatoria,500000,1000000,Kassandra Fernandez,Jefa(s) Unidad Salud Pueblos Originarios,2026-06-01 00:00:00,UNIDAD SAFU,SUBDIRECCION DE GESTION Y DESARROLLO DE LAS PERSONAS,CALIDAD DE VIDA,Proyecto operacional,2026,1,2026-06-01 00:00:00
472,Bienes y Servicios,1057532-45-PC26,22.11.002,"Contrato servicio de relatoría, para capacitación en interculturalidad.",2,Servicio Relatoria,500000,500000,Kassandra Fernandez,Jefa(s) Unidad Salud Pueblos Originarios,2026-10-01 00:00:00,UNIDAD SAFU,SUBDIRECCION DE GESTION Y DESARROLLO DE LAS PERSONAS,CALIDAD DE VIDA,Proyecto operacional,2026,1,2026-06-01 00:00:00
473,Bienes y Servicios,1057532-56-PC26,22.12.999,Adquisición de artículos de librería para trabajar en jornadas de capacitación.,1,Otros Gastos en Bienes y Servicios de Consumo,2727,59994,Kassandra Fernandez,Jefa(s) Unidad Satisfacción Usuaria,2026-05-01 00:00:00,UNIDAD SAFU,SUBDIRECCION DE GESTION Y DESARROLLO DE LAS PERSONAS,CALIDAD DE VIDA,Proyecto operacional,2026,1,2026-05-01 00:00:00
474,Bienes y Servicios,1057532-57-PC26,22.12.999,Impresión de Manual con herramientas prácticas en situaciones de urgencias.,1,Servicio de Impresion,10000,1000000,Kassandra Fernandez,Jefa(s) Unidad Salud Pueblos Originarios,2026-06-01 00:00:00,UNIDAD SAFU,SUBDIRECCION DE GESTION Y DESARROLLO DE LAS PERSONAS,CALIDAD DE VIDA,Proyecto operacional,2026,1,2026-06-01 00:00:00
475,Bienes y Servicios,1057532-65-PC26,22.01.001,"Compra de servicios cafetería para capacitaciones, jornadas con comunidad, facilitadores interculturales, médicos EDF.",6,Servicio de Cafeter,250000,250000,Kassandra Fernandez,Jefa(s) Unidad Salud Pueblos Originarios,2026-08-01 00:00:00,UNIDAD SAFU,SUBDIRECCION DE GESTION Y DESARROLLO DE LAS PERSONAS,CALIDAD DE VIDA,Proyecto operacional,2026,1,2026-08-01 00:00:00
476,Bienes y Servicios,1057532-65-PC26,22.01.001,"Compra de servicios cafetería para capacitaciones, jornadas con comunidad, facilitadores interculturales, médicos EDF.",6,Otros Gastos en Bienes y Servicios de Consumo,262500,525000,Kassandra Fernandez,Jefa(s) Unidad Salud Pueblos Originarios,2026-05-01 00:00:00,UNIDAD SAFU,SUBDIRECCION DE GESTION Y DESARROLLO DE LAS PERSONAS,CALIDAD DE VIDA,Proyecto operacional,2026,1,2026-08-01 00:00:00
477,Bienes y Servicios,1057532-65-PC26,22.01.001,"Compra de servicios cafetería para capacitaciones, jornadas con comunidad, facilitadores interculturales, médicos EDF.",6,Servicio de Cafeter,400000,400000,Kassandra Fernandez,Jefa(s) Unidad Salud Pueblos Originarios,2026-07-01 00:00:00,UNIDAD SAFU,SUBDIRECCION DE GESTION Y DESARROLLO DE LAS PERSONAS,CALIDAD DE VIDA,Proyecto operacional,2026,1,2026-08-01 00:00:00
478,Bienes y Servicios,1057532-65-PC26,22.01.001,"Compra de servicios cafetería para capacitaciones, jornadas con comunidad, facilitadores interculturales, médicos EDF.",6,Otros Gastos en Bienes y Servicios de Consumo,350000,700000,Kassandra Fernandez,Jefa(s) Unidad Salud Pueblos Originarios,2026-06-01 00:00:00,UNIDAD SAFU,SUBDIRECCION DE GESTION Y DESARROLLO DE LAS PERSONAS,CALIDAD DE VIDA,Proyecto operacional,2026,1,2026-08-01 00:00:00
479,Bienes y Servicios,1057532-65-PC26,22.01.001,"Compra de servicios cafetería para capacitaciones, jornadas con comunidad, facilitadores interculturales, médicos EDF.",6,Otros Gastos en Bienes y Servicios de Consumo,175000,350000,Kassandra Fernandez,Jefa(s) Unidad Salud Pueblos Originarios,2026-10-01 00:00:00,UNIDAD SAFU,SUBDIRECCION DE GESTION Y DESARROLLO DE LAS PERSONAS,CALIDAD DE VIDA,Proyecto operacional,2026,1,2026-08-01 00:00:00
480,Bienes y Servicios,1057532-65-PC26,22.01.001,"Compra de servicios cafetería para capacitaciones, jornadas con comunidad, facilitadores interculturales, médicos EDF.",6,Servicio de Cafeter,300000,300000,Kassandra Fernandez,Jefa(s) Unidad Salud Pueblos Originarios,2026-04-01 00:00:00,UNIDAD SAFU,SUBDIRECCION DE GESTION Y DESARROLLO DE LAS PERSONAS,CALIDAD DE VIDA,Proyecto operacional,2026,1,2026-08-01 00:00:00
481,Bienes y Servicios,1057532-400-PC26,22.06,Mantención de Equipos Médicos e Industriales 2026,5,Servicio Calibración-Certificación,1112500,4450000,Khris Silva,Jefa Subdepto. Mantención De Equipos Médicos E Industriales,2026-03-01 00:00:00,SUB. DPTO. DE MANTENCION DE EQUIPOS MEDICOS E INDUSTRIALES,SUBDIRECCION ADMINISTRATIVA,INGENIERIA CLINICA,Proyecto operacional,2026,3,"01-03-2026,01-06-2026,01-09-2026"
482,Bienes y Servicios,1057532-400-PC26,22.06,Mantención de Equipos Médicos e Industriales 2026,5,Mantención equipos médicos,616667,3700002,Khris Silva,Jefa Subdepto. Mantención De Equipos Médicos E Industriales,2026-06-01 00:00:00,SUB. DPTO. DE MANTENCION DE EQUIPOS MEDICOS E INDUSTRIALES,SUBDIRECCION ADMINISTRATIVA,INGENIERIA CLINICA,Proyecto operacional,2026,3,"01-03-2026,01-06-2026,01-09-2026"
483,Bienes y Servicios,1057532-400-PC26,22.06,Mantención de Equipos Médicos e Industriales 2026,5,Mantenciones correctivas,3000000,3000000,Khris Silva,Jefa Subdepto. Mantención De Equipos Médicos E Industriales,2026-06-01 00:00:00,SUB. DPTO. DE MANTENCION DE EQUIPOS MEDICOS E INDUSTRIALES,SUBDIRECCION ADMINISTRATIVA,INGENIERIA CLINICA,Proyecto operacional,2026,3,"01-03-2026,01-06-2026,01-09-2026"
484,Bienes y Servicios,1057532-400-PC26,22.06,Mantención de Equipos Médicos e Industriales 2026,5,Mantenciones Preventivas,600000,600000,Khris Silva,Jefa Subdepto. Mantención De Equipos Médicos E Industriales,2026-06-01 00:00:00,SUB. DPTO. DE MANTENCION DE EQUIPOS MEDICOS E INDUSTRIALES,SUBDIRECCION ADMINISTRATIVA,INGENIERIA CLINICA,Proyecto operacional,2026,3,"01-03-2026,01-06-2026,01-09-2026"
485,Bienes y Servicios,1057532-400-PC26,22.06,Mantención de Equipos Médicos e Industriales 2026,5,Mantención Correctiva Equipos,6000000,6000000,Khris Silva,Jefa Subdepto. Mantención De Equipos Médicos E Industriales,2026-06-01 00:00:00,SUB. DPTO. DE MANTENCION DE EQUIPOS MEDICOS E INDUSTRIALES,SUBDIRECCION ADMINISTRATIVA,INGENIERIA CLINICA,Proyecto operacional,2026,3,"01-03-2026,01-06-2026,01-09-2026"
486,Bienes y Servicios,1057532-402-PC26,22.04.999,Convenio - Convenio de Accesorios para Equipos Médicos Criticos de Base SAMU Osorno año 2027,1,Convenio,89596,0,Khris Silva,Jefa Subdepto. Mantención De Equipos Médicos E Industriales,2026-09-01 00:00:00,SUB. DPTO. DE MANTENCION DE EQUIPOS MEDICOS E INDUSTRIALES,SUBDIRECCION ADMINISTRATIVA,INGENIERIA CLINICA,Proyecto operacional,2026,12,"01-01-2027,01-02-2027,01-03-2027,01-04-2027,01-05-2027,01-06-2027,01-07-2027,01-08-2027,01-09-2027,01-10-2027,01-11-2027,01-12-2027"
487,Bienes y Servicios,1057532-66-PC25,22.06.005,Mantención de Equipos Médicos e Industriales,14,Equipos Lavanderia,416000,355624997,Khris Silva Vargas,Jefa Subdepto. Mantención de Equipos Médicos e Industriales,2025-03-01 00:00:00,SUB. DPTO. DE MANTENCION DE EQUIPOS MEDICOS E INDUSTRIALES,SUBDIRECCION ADMINISTRATIVA,INGENIERIA CLINICA,Proyecto operacional,2026,7,"01-06-2026,01-12-2026,01-06-2027,01-12-2027"
488,Bienes y Servicios,1057532-395-PC26,22.04.012,Adquisición Carro de Transporte Droguería-Bodega General,1,Carro,200000,600000,Leonor Araneda,Directora Técnica Droguería,2026-03-01 00:00:00,SUB. DPTO. DE ABASTECIMIENTO,SUBDIRECCION ADMINISTRATIVA,ABASTECIMIENTO Y OPERACIONES,Proyecto operacional,2026,1,2026-03-01 00:00:00
489,Bienes y Servicios,1057532-396-PC26,22.04.001,Adquisición de Amarras Plásticas y Elásticos para Optimizar el Almacenamiento y Distribución,1,Amarras y Elasticos,170,1700000,Leonor Araneda,Directora Técnica Droguería,2026-03-01 00:00:00,SUB. DPTO. DE ABASTECIMIENTO,SUBDIRECCION ADMINISTRATIVA,ABASTECIMIENTO Y OPERACIONES,Proyecto operacional,2026,1,2026-03-01 00:00:00
490,Bienes y Servicios,1057532-397-PC26,22.02.002,EEPP para funcionarios de Droguería-Bodega General-Bodega Inversiones,1,EPP,26094,1670016,Leonor Araneda,Directora Técnica Droguería,2026-03-01 00:00:00,SUB. DPTO. DE ABASTECIMIENTO,SUBDIRECCION ADMINISTRATIVA,ABASTECIMIENTO Y OPERACIONES,Proyecto operacional,2026,1,2026-03-01 00:00:00
491,Bienes y Servicios,1057532-398-PC26,22.06.001,Implementación de Sistema de Cerradura Digital para Control de Acceso,1,Cerraduras,300000,900000,Leonor Araneda,Directora Técnica Droguería,2026-03-01 00:00:00,SUB. DPTO. DE ABASTECIMIENTO,SUBDIRECCION ADMINISTRATIVA,ABASTECIMIENTO Y OPERACIONES,Proyecto operacional,2026,1,2026-03-01 00:00:00
492,Bienes y Servicios,1057532-399-PC26,29.05.999,Adquisición de Sensores de Temperatura para Droguería ( Bodega de Dispositivos Médicos),1,Sensores,233334,3500010,Leonor Araneda,Directora Técnica Droguería,2026-03-01 00:00:00,SUB. DPTO. DE ABASTECIMIENTO,SUBDIRECCION ADMINISTRATIVA,ABASTECIMIENTO Y OPERACIONES,Proyecto operacional,2026,1,2026-03-01 00:00:00
493,Bienes y Servicios,1057532-355-PC26,22.04.999,MEDICINA INTEGRATIVA SAFU,1,Aromaterapia,513,681264,Lhya Kortmann,Enfermera,2026-01-01 00:00:00,UNIDAD SAFU,SUBDIRECCION DE GESTION Y DESARROLLO DE LAS PERSONAS,CALIDAD DE VIDA,Proyecto operacional,2026,1,2026-01-01 00:00:00
494,Bienes y Servicios,1057532-370-PC26,22.04.001,TALONARIOS DE LICENCIA MÉDICA,1,Material de Oficina,15000,60000,Lhya Kortmann,Enfermera,2026-01-01 00:00:00,UNIDAD SAFU,SUBDIRECCION DE GESTION Y DESARROLLO DE LAS PERSONAS,CALIDAD DE VIDA,Proyecto operacional,2026,1,2026-01-01 00:00:00
495,Bienes y Servicios,1057532-385-PC26,22.04.001,Recetarios Médicos SAFU,1,Recetarios,3000,450000,Lhya Kortmann,Enfermera,2026-01-01 00:00:00,UNIDAD SAFU,SUBDIRECCION DE GESTION Y DESARROLLO DE LAS PERSONAS,CALIDAD DE VIDA,Proyecto operacional,2026,1,2026-01-01 00:00:00
496,Bienes y Servicios,1057532-388-PC26,22.04.005,INSUMOS DE ENFERMERÍA SAFU,1,Insumos de Enfermeria,82,352600,Lhya Kortmann,Enfermera,2026-01-01 00:00:00,UNIDAD SAFU,SUBDIRECCION DE GESTION Y DESARROLLO DE LAS PERSONAS,CALIDAD DE VIDA,Proyecto operacional,2026,1,2026-01-01 00:00:00
497,Bienes y Servicios,1057532-389-PC26,22.04.014,"Almacenamiento,organización y resguardo de los insumos clínicos del área de enfermería",1,Caja,8334,50004,Lhya Kortmann,Enfermera,2026-02-01 00:00:00,UNIDAD SAFU,SUBDIRECCION DE GESTION Y DESARROLLO DE LAS PERSONAS,CALIDAD DE VIDA,Proyecto operacional,2026,1,2026-02-01 00:00:00
498,Bienes y Servicios,1057532-474-PC26,22.01.001,"""Día del autocuidado"" en la comunidad funcionaria el día 24 de julio del 2026",2,Profesor Instructor,180000,360000,Lhya Kortmann,Enfermera,2026-07-01 00:00:00,UNIDAD SAFU,SUBDIRECCION DE GESTION Y DESARROLLO DE LAS PERSONAS,CALIDAD DE VIDA,Proyecto operacional,2026,1,2026-07-01 00:00:00
499,Bienes y Servicios,1057532-474-PC26,22.01.001,"""Día del autocuidado"" en la comunidad funcionaria el día 24 de julio del 2026",2,Agua Mineral,1000,80000,Lhya Kortmann,Enfermera,2026-07-01 00:00:00,UNIDAD SAFU,SUBDIRECCION DE GESTION Y DESARROLLO DE LAS PERSONAS,CALIDAD DE VIDA,Proyecto operacional,2026,1,2026-07-01 00:00:00
500,Bienes y Servicios,1057532-356-PC24,22.08,Convenio servicio de guardias para la DSSO y sus establecimientos y dispositivos dependientes,1,Servicio de guardias,1810393810,905196910,Lorena Torres Castillo,Encargada (S) Sección Administración de Contratos,2024-06-01 00:00:00,DEPARTAMENTO DE ABASTECIMIENTO Y OPERACIONES,SUBDIRECCION ADMINISTRATIVA,ABASTECIMIENTO Y OPERACIONES,Proyecto operacional,2026,24,"01-01-2025,01-02-2025,01-03-2025,01-04-2025,01-05-2025,01-06-2025,01-07-2025,01-08-2025,01-09-2025,01-10-2025,01-11-2025,01-12-2025,01-01-2026,01-02-2026,01-03-2026,01-04-2026,01-05-2026,01-06-2026,01-07-2026,01-08-2026,01-09-2026,01-10-2026,01-11-2026,01-12-2026"
501,Bienes y Servicios,1057532-195-PC25,22.08.001,"Convenio - SERVICIO DE ASEO PARA LA DSSO (BASE SAMU, EDIFICIO PLAZA SUR Y EDIFICIO M. RODRIGUEZ) POR 18 MESES (DESDE 01 JULIO 2025)",2,Aseo,1953705,70333380,Lorena Torres Castillo,Encargada (s) Sección Administración de Contratos,2025-01-01 00:00:00,DEPARTAMENTO DE ABASTECIMIENTO Y OPERACIONES,SUBDIRECCION ADMINISTRATIVA,ABASTECIMIENTO Y OPERACIONES,Proyecto operacional,2026,18,"01-07-2025,01-08-2025,01-09-2025,01-10-2025,01-11-2025,01-12-2025,01-01-2026,01-02-2026,01-03-2026,01-04-2026,01-05-2026,01-06-2026,01-07-2026,01-08-2026,01-09-2026,01-10-2026,01-11-2026,01-12-2026"
502,Bienes y Servicios,1057532-172-PC25,22.04.005.003,"Convenio - CONVENIO SERVICIO DE ASEO POR 18 MESES, PARA LA DIRECCION DEL SSO Y ESTABLECIMIENTOS DEPENDIENTES DE LA RED ASISTENCIAL",1,Aseo,216000000,144000000,Lorena Torres Castillo,ENCARGADA (S) SECCIÓN DE ADMINISTRACIÓN DE CONTRATOS,2025-07-01 00:00:00,DEPARTAMENTO DE ABASTECIMIENTO Y OPERACIONES,SUBDIRECCION ADMINISTRATIVA,ABASTECIMIENTO Y OPERACIONES,Proyecto operacional,2026,18,"01-07-2025,01-08-2025,01-09-2025,01-10-2025,01-11-2025,01-12-2025,01-01-2026,01-02-2026,01-03-2026,01-04-2026,01-05-2026,01-06-2026,01-07-2026,01-08-2026,01-09-2026,01-10-2026,01-11-2026,01-12-2026"
503,Bienes y Servicios,1057532-495-PC26,22.04.004,Plan de Compra Anual nuevos Boxes Dentales SAFU - Insumos Instrumentales,1,Insumos Odontologicos - Instrumentales,20000000,20000000,Luis Alfonso Oyarzun,Cirujano Dentista,2026-04-01 00:00:00,UNIDAD SAFU,SUBDIRECCION DE GESTION Y DESARROLLO DE LAS PERSONAS,CALIDAD DE VIDA,Proyecto operacional,2026,1,2026-05-01 00:00:00
504,Bienes y Servicios,1057532-507-PC26,2537,Plan de Compra Anual nuevos Boxes Dentales SAFU - Insumos Dentales,1,Insumos Odontologicos - Insumos Dentales,10000000,10000000,Luis Alfonso Oyarzun,Cirujano Dentista,2026-01-01 00:00:00,UNIDAD SAFU,SUBDIRECCION DE GESTION Y DESARROLLO DE LAS PERSONAS,CALIDAD DE VIDA,Proyecto operacional,2026,1,2026-01-01 00:00:00
505,Bienes y Servicios,1057532-410-PC26,22.04.007,Artículos de limpieza y higiene,1,Artículos de limpieza,4830,198030,Luis Flores,Coordinador,2026-03-01 00:00:00,CDR KUMELEN,SUBDIRECCION DE GESTION ASISTENCIAL,SALUD MENTAL,Proyecto operacional,2026,1,2026-04-01 00:00:00
506,Bienes y Servicios,1057532-416-PC26,22.04.001,Material de papelería centro Kümelen,2,Material de Oficina,23966,695014,Luis Flores,Coordinador,2026-04-01 00:00:00,CDR KUMELEN,SUBDIRECCION DE GESTION ASISTENCIAL,SALUD MENTAL,Proyecto operacional,2026,1,2026-04-01 00:00:00
507,Bienes y Servicios,1057532-416-PC26,22.04.001,Material de papelería centro Kümelen,2,Reloj,20000,20000,Luis Flores,Coordinador,2026-04-01 00:00:00,CDR KUMELEN,SUBDIRECCION DE GESTION ASISTENCIAL,SALUD MENTAL,Proyecto operacional,2026,1,2026-04-01 00:00:00
508,Bienes y Servicios,1057532-443-PC26,22.04.012,Adquisición de herramientas básicas para mantenimiento Centro Comunitario Kümelen,1,Materiales,18889,170001,Luis Flores,Coordinador,2026-02-01 00:00:00,CDR KUMELEN,SUBDIRECCION DE GESTION ASISTENCIAL,SALUD MENTAL,Proyecto operacional,2026,1,2026-02-01 00:00:00
509,Activos Fijos,1057922-16-PC26,29.05.001,Adquisición de micrófono y cámara para videoconferencias del Centro Comunitario Kümelen,1,Cámara - Micrófono,250000,250000,Luis Flores,Coordinador,2026-02-01 00:00:00,CDR KUMELEN,SUBDIRECCION DE GESTION ASISTENCIAL,SALUD MENTAL,Proyecto operacional,2026,1,2026-02-01 00:00:00
510,Bienes y Servicios,1057532-449-PC26,22.01.001,Insumos y servicio de Coffee Break para Curso de Monitores 2026 del Centro Kümelen,1,Alimentación,991,218020,Luis Flores,Coordinador,2026-04-01 00:00:00,CDR KUMELEN,SUBDIRECCION DE GESTION ASISTENCIAL,SALUD MENTAL,Proyecto operacional,2026,1,2026-04-01 00:00:00
511,Bienes y Servicios,1057532-459-PC26,22.01.001,Ceremonia de Egreso del Curso de Formación de Monitores del centro Kümelen.,1,Evento,400000,400000,Luis Flores,Coordinador,2026-11-01 00:00:00,CDR KUMELEN,SUBDIRECCION DE GESTION ASISTENCIAL,SALUD MENTAL,Proyecto operacional,2026,1,2026-11-01 00:00:00
512,Bienes y Servicios,1057532-465-PC26,22.04.012,Carro de carga plegable (Yegua),1,Carro,120000,120000,Luis Flores,Coordinador,2026-02-01 00:00:00,CDR KUMELEN,SUBDIRECCION DE GESTION ASISTENCIAL,SALUD MENTAL,Proyecto operacional,2026,1,2026-02-01 00:00:00
513,Bienes y Servicios,1057532-489-PC26,2511,Mantención integral edificio Centro Kümelen,1,Mantencion,900000,900000,Luis Flores,Coordinador,2026-05-01 00:00:00,CDR KUMELEN,SUBDIRECCION DE GESTION ASISTENCIAL,SALUD MENTAL,Proyecto operacional,2026,1,2026-05-01 00:00:00
514,Bienes y Servicios,1057532-490-PC26,2512,Mantención integral edificio Matta,1,Mantenciones,1500000,1500000,Luis Flores,Coordinador,2026-12-01 00:00:00,CDR KUMELEN,SUBDIRECCION DE GESTION ASISTENCIAL,SALUD MENTAL,Proyecto operacional,2026,1,2026-12-01 00:00:00
515,Bienes y Servicios,1057532-16-PC26,22.04.001,Adquisición de recetarios y talonarios de exámenes de Psiconeurogeriatría Ayekan y kumelen.,1,Materiales de Oficina,6667,400020,Luis Flores,COORDINADOR,2026-06-01 00:00:00,CDR KUMELEN,SUBDIRECCION DE GESTION ASISTENCIAL,SALUD MENTAL,Proyecto operacional,2026,1,2026-06-01 00:00:00
516,Bienes y Servicios,1057532-91-PC26,22.04.001,Adquisición de Carnet de Control para usuarios Kümelen,1,Carnet,300,300000,Luis Flores,COORDINADOR,2026-06-01 00:00:00,CDR KUMELEN,SUBDIRECCION DE GESTION ASISTENCIAL,SALUD MENTAL,Proyecto operacional,2026,1,2026-06-01 00:00:00
517,Bienes y Servicios,1057532-373-PC25,22.08.007,Convenio - Movilización para el traslado de usuarios y funcionarios CDR adulto mayor Kumelen año 2026,1,Movilizacion Kumelen,39500000,36208337,Luis Flores Merino,Coordinador,2025-07-01 00:00:00,CDR KUMELEN,SUBDIRECCION DE GESTION ASISTENCIAL,SALUD MENTAL,Proyecto operacional,2026,12,"01-02-2026,01-03-2026,01-04-2026,01-05-2026,01-06-2026,01-07-2026,01-08-2026,01-09-2026,01-10-2026,01-11-2026,01-12-2026,01-01-2027"
518,Bienes y Servicios,1057532-374-PC25,22.08.007,Convenio - Movilizacion para el traslado de funcionarios CDR Adulto Mayor KÜMELEN 2026,1,Movilizacion,31500000,28875000,Luis Flores Merino,Coordinador,2025-08-01 00:00:00,CDR KUMELEN,SUBDIRECCION DE GESTION ASISTENCIAL,SALUD MENTAL,Proyecto operacional,2026,12,"01-02-2026,01-03-2026,01-04-2026,01-05-2026,01-06-2026,01-07-2026,01-08-2026,01-09-2026,01-10-2026,01-11-2026,01-12-2026,01-01-2027"
519,Bienes y Servicios,1057532-389-PC25,22.01.001.001,Convenio - Servicio de Alimentación para usuarios CDR adulto Mayor Kumelen 2026,1,Alimentación,80000000,73333326,Luis Flores Merino,Coordinador,2025-08-01 00:00:00,CDR KUMELEN,SUBDIRECCION DE GESTION ASISTENCIAL,SALUD MENTAL,Proyecto operacional,2026,12,"01-02-2026,01-03-2026,01-04-2026,01-05-2026,01-06-2026,01-07-2026,01-08-2026,01-09-2026,01-10-2026,01-11-2026,01-12-2026,01-01-2027"
520,Bienes y Servicios,1057532-578-PC26,22.04,Adquisición de insumos atención en domicilio del Equipo Rehabilitación Rural SSO,1,"Artículos de ferretería, médicos y clínicos, equipamiento médico",15218,1932686,Marcela Huinao,Referente DAP,2026-04-01 00:00:00,DEPARTAMENTO ATENCION PRIMARIA,SUBDIRECCION DE GESTION ASISTENCIAL,ATENCION PRIMARIA,Proyecto operacional,2026,1,2026-05-01 00:00:00
521,Bienes y Servicios,1057532-35-PC26,22.04.999,Adquisición de insumos para la atención en domicilio del Equipo Rehabilitación Rural SSO.,1,Camilla,180000,360000,Marcela Huinao,Referente DAP,2026-04-01 00:00:00,DEPARTAMENTO ATENCION PRIMARIA,SUBDIRECCION DE GESTION ASISTENCIAL,ATENCION PRIMARIA,Proyecto operacional,2026,1,2026-04-01 00:00:00
522,Bienes y Servicios,1057532-352-PC26,22.04.999,Muestra tu Pausa Activa,1,Instrumentos Deportivos,4000,200000,Marcia Delarze,Kinesióloga,2026-03-01 00:00:00,UNIDAD SAFU,SUBDIRECCION DE GESTION Y DESARROLLO DE LAS PERSONAS,CALIDAD DE VIDA,Proyecto operacional,2026,1,2026-03-01 00:00:00
523,Administración de Fondos,1077241-107-PC26,22.04-22.07,"Adquisición insumos de promoción, prevención y tratamiento ADM para desarrollo Programa de Resolución de Ortodoncia NNA",5,Afiches,990,693000,Marco Gonzalez,Encargado Salud Oral,2026-04-01 00:00:00,DEPARTAMENTO ARTICULACION DE LA RED ASISTENCIAL,SUBDIRECCION DE GESTION ASISTENCIAL,ARTICULACION DE LA RED ASISTENCIAL,Proyecto operacional,2026,1,2026-05-01 00:00:00
524,Administración de Fondos,1077241-107-PC26,22.04-22.07,"Adquisición insumos de promoción, prevención y tratamiento ADM para desarrollo Programa de Resolución de Ortodoncia NNA",5,Seda dental,1500,150000,Marco Gonzalez,Encargado Salud Oral,2026-03-01 00:00:00,DEPARTAMENTO ARTICULACION DE LA RED ASISTENCIAL,SUBDIRECCION DE GESTION ASISTENCIAL,ARTICULACION DE LA RED ASISTENCIAL,Proyecto operacional,2026,1,2026-05-01 00:00:00
525,Administración de Fondos,1077241-107-PC26,22.04-22.07,"Adquisición insumos de promoción, prevención y tratamiento ADM para desarrollo Programa de Resolución de Ortodoncia NNA",5,Pasta dientes,1250,250000,Marco Gonzalez,Encargado Salud Oral,2026-03-01 00:00:00,DEPARTAMENTO ARTICULACION DE LA RED ASISTENCIAL,SUBDIRECCION DE GESTION ASISTENCIAL,ARTICULACION DE LA RED ASISTENCIAL,Proyecto operacional,2026,1,2026-05-01 00:00:00
526,Administración de Fondos,1077241-107-PC26,22.04-22.07,"Adquisición insumos de promoción, prevención y tratamiento ADM para desarrollo Programa de Resolución de Ortodoncia NNA",5,Kit de limpieza,3700,1850000,Marco Gonzalez,Encargado Salud Oral,2026-03-01 00:00:00,DEPARTAMENTO ARTICULACION DE LA RED ASISTENCIAL,SUBDIRECCION DE GESTION ASISTENCIAL,ARTICULACION DE LA RED ASISTENCIAL,Proyecto operacional,2026,1,2026-05-01 00:00:00
527,Administración de Fondos,1077241-107-PC26,22.04-22.07,"Adquisición insumos de promoción, prevención y tratamiento ADM para desarrollo Programa de Resolución de Ortodoncia NNA",5,Cepillo,1000,672000,Marco Gonzalez,Encargado Salud Oral,2026-04-01 00:00:00,DEPARTAMENTO ARTICULACION DE LA RED ASISTENCIAL,SUBDIRECCION DE GESTION ASISTENCIAL,ARTICULACION DE LA RED ASISTENCIAL,Proyecto operacional,2026,1,2026-05-01 00:00:00
528,Activos Fijos,1057922-7-PC26,31.02.005,CONSTRUCCION CESFAM CON SAR CHUYACA OSORNO,2,Equipamiento Medico,101963000,101963000,Maria Elena Muñoz,Jefa (S) Sub. Dpto. De Inversiones De Equipos Y Equipamiento,2026-04-01 00:00:00,SUB. DPTO. DE INVERSIONES DE EQUIPOS Y EQUIPAMIENTO,SUBDIRECCION ADMINISTRATIVA,INGENIERIA CLINICA,Proyecto operacional,2026,1,2026-05-01 00:00:00
529,Activos Fijos,1057922-7-PC26,31.02.005,CONSTRUCCION CESFAM CON SAR CHUYACA OSORNO,2,Equipo Medico,82710000,82710000,Maria Elena Muñoz,Jefa (S) Sub. Dpto. De Inversiones De Equipos Y Equipamiento,2026-04-01 00:00:00,SUB. DPTO. DE INVERSIONES DE EQUIPOS Y EQUIPAMIENTO,SUBDIRECCION ADMINISTRATIVA,INGENIERIA CLINICA,Proyecto operacional,2026,1,2026-05-01 00:00:00
530,Bienes y Servicios,1057532-426-PC26,22..02.002,EPP PARA DEPTO. DE INGENIERÍA CLÍNICA,1,EPP,75000,300000,Maria Elena Muñoz,Jefa (S) Sub. Dpto. De Inversiones De Equipos Y Equipamiento,2026-04-01 00:00:00,SUB. DPTO. DE INVERSIONES DE EQUIPOS Y EQUIPAMIENTO,SUBDIRECCION ADMINISTRATIVA,INGENIERIA CLINICA,Proyecto operacional,2026,1,2026-04-01 00:00:00
531,Activos Fijos,1057922-8-PC26,29.05.002,PLAN NACIONAL DEL CÁNCER 2026,2,Equipamiento Medico,10000000,10000000,Maria Elena Muñoz,Jefa (S) Sub. Dpto. De Inversiones De Equipos Y Equipamiento,2026-11-01 00:00:00,SUB. DPTO. DE INVERSIONES DE EQUIPOS Y EQUIPAMIENTO,SUBDIRECCION ADMINISTRATIVA,INGENIERIA CLINICA,Proyecto operacional,2026,1,2026-12-01 00:00:00
532,Activos Fijos,1057922-8-PC26,29.05.002,PLAN NACIONAL DEL CÁNCER 2026,2,Equipo Medico,200000000,200000000,Maria Elena Muñoz,Jefa (S) Sub. Dpto. De Inversiones De Equipos Y Equipamiento,2026-11-01 00:00:00,SUB. DPTO. DE INVERSIONES DE EQUIPOS Y EQUIPAMIENTO,SUBDIRECCION ADMINISTRATIVA,INGENIERIA CLINICA,Proyecto operacional,2026,1,2026-12-01 00:00:00
533,Compras Convenio GORE Region de Los Lagos,1180747-13-PC26,31.02.005,"CONSTRUCCION SALA DE ACOGIDA INTERCULTURAL (SRUKA) HOSPITAL BASE SAN JOSE, OSORNO",2,Equipamiento Medico,9566000,9566000,Maria Elena Muñoz,Jefa (S) Sub. Dpto. De Inversiones De Equipos Y Equipamiento,2026-07-01 00:00:00,SUB. DPTO. DE INVERSIONES DE EQUIPOS Y EQUIPAMIENTO,SUBDIRECCION ADMINISTRATIVA,INGENIERIA CLINICA,Proyecto operacional,2026,1,2026-07-01 00:00:00
534,Compras Convenio GORE Region de Los Lagos,1180747-13-PC26,31.02.005,"CONSTRUCCION SALA DE ACOGIDA INTERCULTURAL (SRUKA) HOSPITAL BASE SAN JOSE, OSORNO",2,Equipo Medico,7621000,7621000,Maria Elena Muñoz,Jefa (S) Sub. Dpto. De Inversiones De Equipos Y Equipamiento,2026-07-01 00:00:00,SUB. DPTO. DE INVERSIONES DE EQUIPOS Y EQUIPAMIENTO,SUBDIRECCION ADMINISTRATIVA,INGENIERIA CLINICA,Proyecto operacional,2026,1,2026-07-01 00:00:00
535,Compras Convenio GORE Region de Los Lagos,1180747-16-PC26,31.02.005,"CONSTRUCCION CECOSF URBANO CHIFIN, COMUNA DE RIO NEGRO",2,Equipamiento Medico,44778000,44778000,Maria Elena Muñoz,Jefa (S) Sub. Dpto. De Inversiones De Equipos Y Equipamiento,2026-05-01 00:00:00,SUB. DPTO. DE INVERSIONES DE EQUIPOS Y EQUIPAMIENTO,SUBDIRECCION ADMINISTRATIVA,INGENIERIA CLINICA,Proyecto operacional,2026,1,2026-05-01 00:00:00
536,Compras Convenio GORE Region de Los Lagos,1180747-16-PC26,31.02.005,"CONSTRUCCION CECOSF URBANO CHIFIN, COMUNA DE RIO NEGRO",2,Equipo Medico,57632000,57632000,Maria Elena Muñoz,Jefa (S) Sub. Dpto. De Inversiones De Equipos Y Equipamiento,2026-05-01 00:00:00,SUB. DPTO. DE INVERSIONES DE EQUIPOS Y EQUIPAMIENTO,SUBDIRECCION ADMINISTRATIVA,INGENIERIA CLINICA,Proyecto operacional,2026,1,2026-05-01 00:00:00
537,Activos Fijos,1057922-10-PC26,31.02.005,"REPOSICION CESFAM CON SAR RAHUE ALTO, OSORNO",2,Equipamiento Medico,686307000,686307000,Maria Elena Muñoz,Jefa (S) Sub. Dpto. De Inversiones De Equipos Y Equipamiento,2026-04-01 00:00:00,SUB. DPTO. DE INVERSIONES DE EQUIPOS Y EQUIPAMIENTO,SUBDIRECCION ADMINISTRATIVA,INGENIERIA CLINICA,Proyecto operacional,2026,1,2026-05-01 00:00:00
538,Activos Fijos,1057922-10-PC26,31.02.005,"REPOSICION CESFAM CON SAR RAHUE ALTO, OSORNO",2,Equipo Medico,708810000,708810000,Maria Elena Muñoz,Jefa (S) Sub. Dpto. De Inversiones De Equipos Y Equipamiento,2026-04-01 00:00:00,SUB. DPTO. DE INVERSIONES DE EQUIPOS Y EQUIPAMIENTO,SUBDIRECCION ADMINISTRATIVA,INGENIERIA CLINICA,Proyecto operacional,2026,1,2026-05-01 00:00:00
539,Compras Convenio GORE Region de Los Lagos,1180747-18-PC26,31.02.005,"CONSTRUCCIÓN POSTA DE SALUD RURAL COSTA RIO BLANCO, COMUNA DE RIO NEGRO",1,Equipamiento Medico,6442000,6442000,Maria Elena Muñoz,Jefa (S) Sub. Dpto. De Inversiones De Equipos Y Equipamiento,2026-04-01 00:00:00,SUB. DPTO. DE INVERSIONES DE EQUIPOS Y EQUIPAMIENTO,SUBDIRECCION ADMINISTRATIVA,INGENIERIA CLINICA,Proyecto operacional,2026,1,2026-04-01 00:00:00
540,Activos Fijos,1057922-11-PC26,31.02.005,HABILITACION ANGIOGRAFO HOSPITAL BASE DE OSORNO,2,Equipamiento Medico,61570000,61570000,Maria Elena Muñoz,Jefa (S) Sub. Dpto. De Inversiones De Equipos Y Equipamiento,2026-04-01 00:00:00,SUB. DPTO. DE INVERSIONES DE EQUIPOS Y EQUIPAMIENTO,SUBDIRECCION ADMINISTRATIVA,INGENIERIA CLINICA,Proyecto operacional,2026,1,2026-05-01 00:00:00
541,Activos Fijos,1057922-11-PC26,31.02.005,HABILITACION ANGIOGRAFO HOSPITAL BASE DE OSORNO,2,Equipo Medico,1813343000,1813343000,Maria Elena Muñoz,Jefa (S) Sub. Dpto. De Inversiones De Equipos Y Equipamiento,2026-04-01 00:00:00,SUB. DPTO. DE INVERSIONES DE EQUIPOS Y EQUIPAMIENTO,SUBDIRECCION ADMINISTRATIVA,INGENIERIA CLINICA,Proyecto operacional,2026,1,2026-05-01 00:00:00
542,Activos Fijos,1057922-12-PC26,31.02.005,"CONSTRUCCION COSAM RAHUE, COMUNA OSORNO",2,Equipamiento Medico,25123000,25123000,Maria Elena Muñoz,Jefa (S) Sub. Dpto. De Inversiones De Equipos Y Equipamiento,2026-04-01 00:00:00,SUB. DPTO. DE INVERSIONES DE EQUIPOS Y EQUIPAMIENTO,SUBDIRECCION ADMINISTRATIVA,INGENIERIA CLINICA,Proyecto estratégico,2026,1,2026-05-01 00:00:00
543,Activos Fijos,1057922-12-PC26,31.02.005,"CONSTRUCCION COSAM RAHUE, COMUNA OSORNO",2,Equipo Medico,22549000,22549000,Maria Elena Muñoz,Jefa (S) Sub. Dpto. De Inversiones De Equipos Y Equipamiento,2026-04-01 00:00:00,SUB. DPTO. DE INVERSIONES DE EQUIPOS Y EQUIPAMIENTO,SUBDIRECCION ADMINISTRATIVA,INGENIERIA CLINICA,Proyecto estratégico,2026,1,2026-05-01 00:00:00
544,Activos Fijos,1057922-13-PC26,29.05.002,SUBTÍTULO 29 SECTORIAL 2026,2,Equipamiento Medico,30000000,30000000,Maria Elena Muñoz,Jefa (S) Sub. Dpto. De Inversiones De Equipos Y Equipamiento,2026-11-01 00:00:00,SUB. DPTO. DE INVERSIONES DE EQUIPOS Y EQUIPAMIENTO,SUBDIRECCION ADMINISTRATIVA,INGENIERIA CLINICA,Proyecto operacional,2026,1,2026-12-01 00:00:00
545,Activos Fijos,1057922-13-PC26,29.05.002,SUBTÍTULO 29 SECTORIAL 2026,2,Equipo Medico,250000000,250000000,Maria Elena Muñoz,Jefa (S) Sub. Dpto. De Inversiones De Equipos Y Equipamiento,2026-11-01 00:00:00,SUB. DPTO. DE INVERSIONES DE EQUIPOS Y EQUIPAMIENTO,SUBDIRECCION ADMINISTRATIVA,INGENIERIA CLINICA,Proyecto operacional,2026,1,2026-12-01 00:00:00
546,Activos Fijos,1057922-14-PC26,29.05.002,SUBTÍTULO 29 OPERACIONAL SSO 2026,2,Equipamiento Medico,6000000,6000000,Maria Elena Muñoz,Jefa (S) Sub. Dpto. De Inversiones De Equipos Y Equipamiento,2026-05-01 00:00:00,SUB. DPTO. DE INVERSIONES DE EQUIPOS Y EQUIPAMIENTO,SUBDIRECCION ADMINISTRATIVA,INGENIERIA CLINICA,Proyecto operacional,2026,1,2026-05-01 00:00:00
547,Activos Fijos,1057922-14-PC26,29.05.002,SUBTÍTULO 29 OPERACIONAL SSO 2026,2,Equipo Medico,55000000,55000000,Maria Elena Muñoz,Jefa (S) Sub. Dpto. De Inversiones De Equipos Y Equipamiento,2026-05-01 00:00:00,SUB. DPTO. DE INVERSIONES DE EQUIPOS Y EQUIPAMIENTO,SUBDIRECCION ADMINISTRATIVA,INGENIERIA CLINICA,Proyecto operacional,2026,1,2026-05-01 00:00:00
548,Compras Convenio GORE Region de Los Lagos,1180747-19-PC26,31.02.005,ADQUISICION Y REPOSICION EQUIPOS Y EQUIPAMIENTO OTORRINOLARINGOLOGIA HOSPITAL BASE OSORNO,2,Equipamiento Medico,40289000,40289000,Maria Elena Muñoz,Jefa (S) Sub. Dpto. De Inversiones De Equipos Y Equipamiento,2026-11-01 00:00:00,SUB. DPTO. DE INVERSIONES DE EQUIPOS Y EQUIPAMIENTO,SUBDIRECCION ADMINISTRATIVA,INGENIERIA CLINICA,Proyecto estratégico,2026,1,2026-12-01 00:00:00
549,Compras Convenio GORE Region de Los Lagos,1180747-19-PC26,31.02.005,ADQUISICION Y REPOSICION EQUIPOS Y EQUIPAMIENTO OTORRINOLARINGOLOGIA HOSPITAL BASE OSORNO,2,Equipo Medico,316236000,316236000,Maria Elena Muñoz,Jefa (S) Sub. Dpto. De Inversiones De Equipos Y Equipamiento,2026-11-01 00:00:00,SUB. DPTO. DE INVERSIONES DE EQUIPOS Y EQUIPAMIENTO,SUBDIRECCION ADMINISTRATIVA,INGENIERIA CLINICA,Proyecto estratégico,2026,1,2026-12-01 00:00:00
550,Activos Fijos,1057922-18-PC26,31.02.005,"REPOSICION CECOSF EL ENCANTO, COMUNA DE PUYEHUE",1,Equipamiento Medico,894000,894000,Maria Elena Muñoz,Jefa (S) Sub. Dpto. De Inversiones De Equipos Y Equipamiento,2026-04-01 00:00:00,SUB. DPTO. DE INVERSIONES DE EQUIPOS Y EQUIPAMIENTO,SUBDIRECCION ADMINISTRATIVA,INGENIERIA CLINICA,Proyecto operacional,2026,1,2026-04-01 00:00:00
551,Bienes y Servicios,1057532-32-PC26,22.04.001,ADQUISICIÓN DE MATERIALES PARA DEPTO. INGENIERÍA CLÍNICA,1,Tijera y Cuchillo,5000,20000,Maria Elena Muñoz,JEFA (S) SUB. DPTO. DE INVERSIONES DE EQUIPOS Y EQUIPAMIENTO,2026-05-01 00:00:00,SUB. DPTO. DE INVERSIONES DE EQUIPOS Y EQUIPAMIENTO,SUBDIRECCION ADMINISTRATIVA,INGENIERIA CLINICA,Proyecto operacional,2026,1,2026-05-01 00:00:00
552,Bienes y Servicios,1057532-78-PC26,22.08.007,TRASLADO DE EQUIPOS Y EQUIPAMIENTO PARA HABILITACIÓN DE ESTABLECIMIENTOS DE SALUD,1,Servicio Traslado,12000000,12000000,Maria Elena Muñoz,JEFA (S) SUB. DPTO. DE INVERSIONES DE EQUIPOS Y EQUIPAMIENTO,2026-04-01 00:00:00,SUB. DPTO. DE INVERSIONES DE EQUIPOS Y EQUIPAMIENTO,SUBDIRECCION ADMINISTRATIVA,INGENIERIA CLINICA,Proyecto operacional,2026,1,2026-04-01 00:00:00
553,Activos Fijos,1057922-23-PC26,29.05.002,REPOSICION Y ADQUISICION EQUIPOS CRR PARA HBSJO,1,Equipo Medico,500000000,500000000,Maria Elena Muñoz,JEFA (S) SUB. DPTO. DE INVERSIONES DE EQUIPOS Y EQUIPAMIENTO,2026-11-01 00:00:00,SUB. DPTO. DE INVERSIONES DE EQUIPOS Y EQUIPAMIENTO,SUBDIRECCION ADMINISTRATIVA,INGENIERIA CLINICA,Proyecto operacional,2026,1,2026-11-01 00:00:00
554,Compras Convenio GORE Region de Los Lagos,1180747-1-PC26,31.02,Construcción posta salud rural Chan Chan,1,Equipamiento Medico,3266000,3266000,Maria Elena Muñoz,JEFA (S) SUB. DPTO. DE INVERSIONES DE EQUIPOS Y EQUIPAMIENTO,2026-04-01 00:00:00,SUB. DPTO. DE INVERSIONES DE EQUIPOS Y EQUIPAMIENTO,SUBDIRECCION ADMINISTRATIVA,INGENIERIA CLINICA,Proyecto operacional,2026,1,2026-04-01 00:00:00
555,Compras Convenio GORE Region de Los Lagos,1180747-2-PC26,31.02.005,REPOSICION Y ADQUISICION EQUIPOS Y EQUIPAMIENTO URGENCIA PEDIATRICA HOSPITAL BASE OSORNO,2,Equipamiento Medico,104724000,104724000,Maria Elena Muñoz,JEFA (S) SUB. DPTO. DE INVERSIONES DE EQUIPOS Y EQUIPAMIENTO,2026-11-01 00:00:00,SUB. DPTO. DE INVERSIONES DE EQUIPOS Y EQUIPAMIENTO,SUBDIRECCION ADMINISTRATIVA,INGENIERIA CLINICA,Proyecto operacional,2026,1,2026-11-01 00:00:00
556,Compras Convenio GORE Region de Los Lagos,1180747-2-PC26,31.02.005,REPOSICION Y ADQUISICION EQUIPOS Y EQUIPAMIENTO URGENCIA PEDIATRICA HOSPITAL BASE OSORNO,2,Equipo Medico,145085000,145085000,Maria Elena Muñoz,JEFA (S) SUB. DPTO. DE INVERSIONES DE EQUIPOS Y EQUIPAMIENTO,2026-11-01 00:00:00,SUB. DPTO. DE INVERSIONES DE EQUIPOS Y EQUIPAMIENTO,SUBDIRECCION ADMINISTRATIVA,INGENIERIA CLINICA,Proyecto operacional,2026,1,2026-11-01 00:00:00
557,Bienes y Servicios,1057532-377-PC25,22.01.001.001,Convenio - ALIMENTOS CT PEULLA,1,Alimentación,2750000,30250000,Maria Ines Asenjo Soto,DIRECTORA,2025-08-01 00:00:00,COMUNIDAD TERAPEUTICA PEULLA,SUBDIRECCION DE GESTION ASISTENCIAL,SALUD MENTAL,Proyecto operacional,2026,12,"01-02-2026,01-03-2026,01-04-2026,01-05-2026,01-06-2026,01-07-2026,01-08-2026,01-09-2026,01-10-2026,01-11-2026,01-12-2026,01-01-2027"
558,Bienes y Servicios,1057532-383-PC25,22.08.007,Convenio Movil CT Peulla,1,Movilizacion,26000000,23833337,Maria Ines Asenjo Soto,DIRECTORA,2025-08-01 00:00:00,COMUNIDAD TERAPEUTICA PEULLA,SUBDIRECCION DE GESTION ASISTENCIAL,SALUD MENTAL,Proyecto operacional,2026,12,"01-02-2026,01-03-2026,01-04-2026,01-05-2026,01-06-2026,01-07-2026,01-08-2026,01-09-2026,01-10-2026,01-11-2026,01-12-2026,01-01-2027"
559,Bienes y Servicios,1057532-390-PC25,22.03.003,Convenio - CALEFACCION GASTOS PARA AMBULATORIO Y REDIDENCIAL - CT PEULLA,2,Convenio Leña,53900,6417500,Maria Ines Asenjo Soto,DIRECTORA,2025-08-01 00:00:00,COMUNIDAD TERAPEUTICA PEULLA,SUBDIRECCION DE GESTION ASISTENCIAL,SALUD MENTAL,Proyecto operacional,2026,12,"01-01-2026,01-02-2026,01-03-2026,01-04-2026,01-05-2026,01-06-2026,01-07-2026,01-08-2026,01-09-2026,01-10-2026,01-11-2026,01-12-2026"
560,Administración de Fondos,1077241-105-PC26,22.01.001,Adquisición de productos e insumos para el programa de control y eliminación de la Tuberculosis,6,Servicio Cafeteria,4600000,4600000,Maria Paz Gomez,Referente Programa De Tuberculosis,2026-08-01 00:00:00,DEPARTAMENTO ATENCION PRIMARIA,SUBDIRECCION DE GESTION ASISTENCIAL,ATENCION PRIMARIA,Proyecto operacional,2026,1,2026-08-01 00:00:00
561,Administración de Fondos,1077241-105-PC26,22.01.001,Adquisición de productos e insumos para el programa de control y eliminación de la Tuberculosis,6,Alimentación,83816,6370016,Maria Paz Gomez,Referente Programa De Tuberculosis,2026-08-01 00:00:00,DEPARTAMENTO ATENCION PRIMARIA,SUBDIRECCION DE GESTION ASISTENCIAL,ATENCION PRIMARIA,Proyecto operacional,2026,1,2026-08-01 00:00:00
562,Administración de Fondos,1077241-105-PC26,22.01.001,Adquisición de productos e insumos para el programa de control y eliminación de la Tuberculosis,6,Menaje,13334,40002,Maria Paz Gomez,Referente Programa De Tuberculosis,2026-08-01 00:00:00,DEPARTAMENTO ATENCION PRIMARIA,SUBDIRECCION DE GESTION ASISTENCIAL,ATENCION PRIMARIA,Proyecto operacional,2026,1,2026-08-01 00:00:00
563,Administración de Fondos,1077241-105-PC26,22.01.001,Adquisición de productos e insumos para el programa de control y eliminación de la Tuberculosis,6,Kit de aseo,20000,1200000,Maria Paz Gomez,Referente Programa De Tuberculosis,2026-08-01 00:00:00,DEPARTAMENTO ATENCION PRIMARIA,SUBDIRECCION DE GESTION ASISTENCIAL,ATENCION PRIMARIA,Proyecto operacional,2026,1,2026-08-01 00:00:00
564,Administración de Fondos,1077241-105-PC26,22.01.001,Adquisición de productos e insumos para el programa de control y eliminación de la Tuberculosis,6,Quantiferon,4000000,4000000,Maria Paz Gomez,Referente Programa De Tuberculosis,2026-08-01 00:00:00,DEPARTAMENTO ATENCION PRIMARIA,SUBDIRECCION DE GESTION ASISTENCIAL,ATENCION PRIMARIA,Proyecto operacional,2026,1,2026-08-01 00:00:00
565,Administración de Fondos,1077241-105-PC26,22.01.001,Adquisición de productos e insumos para el programa de control y eliminación de la Tuberculosis,6,Mantención equipos críticos,2500000,2500000,Maria Paz Gomez,Referente Programa De Tuberculosis,2026-08-01 00:00:00,DEPARTAMENTO ATENCION PRIMARIA,SUBDIRECCION DE GESTION ASISTENCIAL,ATENCION PRIMARIA,Proyecto operacional,2026,1,2026-08-01 00:00:00
566,Bienes y Servicios,1057532-478-PC26,22.07.999,Adquisición de productos e insumos para el programa de control y eliminación de la Tuberculosis,2,Pendones,60000,1200000,Maria Paz Gomez,Referente Programa De Tuberculosis,2026-06-01 00:00:00,DEPARTAMENTO ATENCION PRIMARIA,SUBDIRECCION DE GESTION ASISTENCIAL,ATENCION PRIMARIA,Proyecto operacional,2026,1,2026-06-01 00:00:00
567,Bienes y Servicios,1057532-478-PC26,22.07.999,Adquisición de productos e insumos para el programa de control y eliminación de la Tuberculosis,2,Material Promocional,130,1302600,Maria Paz Gomez,Referente Programa De Tuberculosis,2026-06-01 00:00:00,DEPARTAMENTO ATENCION PRIMARIA,SUBDIRECCION DE GESTION ASISTENCIAL,ATENCION PRIMARIA,Proyecto operacional,2026,1,2026-06-01 00:00:00
568,Bienes y Servicios,1057532-483-PC26,22.04.001,Adquisición de productos e insumos para el programa de control y eliminación de la Tuberculosis,1,Material de Oficina,3031,500115,Maria Paz Gomez,Referente Programa De Tuberculosis,2026-06-01 00:00:00,DEPARTAMENTO ATENCION PRIMARIA,SUBDIRECCION DE GESTION ASISTENCIAL,ATENCION PRIMARIA,Proyecto operacional,2026,1,2026-06-01 00:00:00
569,Bienes y Servicios,1057532-546-PC26,2591,Adquisicion ciclo de capacitaciones ECICEP para profesionales de la red asistencial,1,Curso,3996070,15984280,Maria Paz Gomez,Referente Estrategia De Cuidados Integrales Centrados En Las Personas - Ecicep,2026-04-01 00:00:00,DEPARTAMENTO ATENCION PRIMARIA,SUBDIRECCION DE GESTION ASISTENCIAL,ATENCION PRIMARIA,Proyecto operacional,2026,1,2026-04-01 00:00:00
570,Bienes y Servicios,1057532-506-PC26,22.04.001,Adquisición Carpetas con bolsillo troquel de imprenta y logo institucional CPU,1,Material de Oficina,3000,600000,Maria Teresa Jaramillo,Encargada Alivio Del Dolor Y Cuidados Paliativos Universales,2026-02-01 00:00:00,DEPARTAMENTO ARTICULACION DE LA RED ASISTENCIAL,SUBDIRECCION DE GESTION ASISTENCIAL,ARTICULACION DE LA RED ASISTENCIAL,Proyecto operacional,2026,1,2026-02-01 00:00:00
571,Bienes y Servicios,1057532-512-PC26,2548,Servicio de cafetería para Jornada de Capacitación en Cuidados Paliativos para equipos CPU APS y Hospitales SSO,1,Servicio Cafeteria,420000,420000,Maria Teresa Jaramillo,Encargada Alivio Del Dolor Y Cuidados Paliativos Universales,2026-04-01 00:00:00,DEPARTAMENTO ARTICULACION DE LA RED ASISTENCIAL,SUBDIRECCION DE GESTION ASISTENCIAL,ARTICULACION DE LA RED ASISTENCIAL,Proyecto operacional,2026,1,2026-04-01 00:00:00
572,Bienes y Servicios,1057532-399-PC25,22.04.003.001,Convenio - Convenio de suministro de oxigenoterapia domiciliaria para pacientes del Programa Cuidados Paliativos Universales APS,1,Convenio Oxigeno,12740000,10192001,María Teresa Jaramillo Vergara,Encargada Alivio del Dolor y Cuidados Paliativos Universales,2025-08-01 00:00:00,DEPARTAMENTO ARTICULACION DE LA RED ASISTENCIAL,SUBDIRECCION DE GESTION ASISTENCIAL,ARTICULACION DE LA RED ASISTENCIAL,Proyecto operacional,2026,15,"01-10-2025,01-11-2025,01-12-2025,01-01-2026,01-02-2026,01-03-2026,01-04-2026,01-05-2026,01-06-2026,01-07-2026,01-08-2026,01-09-2026,01-10-2026,01-11-2026,01-12-2026"
573,Bienes y Servicios,1057532-488-PC26,2510,"Convenio - Suministro de oxígeno medicinal para Red de Hospitales de mediana y baja complejidad, SAMU y Cosam",1,Convenio Oxigenoterapia,296000000,0,Mario Aburto,Encargado Gestión Salud Respiratoria,2026-06-01 00:00:00,DEPARTAMENTO ARTICULACION DE LA RED ASISTENCIAL,SUBDIRECCION DE GESTION ASISTENCIAL,ARTICULACION DE LA RED ASISTENCIAL,Proyecto operacional,2026,24,"01-01-2027,01-02-2027,01-03-2027,01-04-2027,01-05-2027,01-06-2027,01-07-2027,01-08-2027,01-09-2027,01-10-2027,01-11-2027,01-12-2027,01-01-2028,01-02-2028,01-03-2028,01-04-2028,01-05-2028,01-06-2028,01-07-2028,01-08-2028,01-09-2028,01-10-2028,01-11-2028,01-12-2028"
574,Bienes y Servicios,1057532-493-PC26,22.01.001,Adquisición servicio de cafetería para actividad de capacitación a profesionales de salud Campaña de Invierno,1,Servicio Cafeteria,5000,500000,Mario Aburto,Encargado Gestión Salud Respiratoria,2026-04-01 00:00:00,DEPARTAMENTO ARTICULACION DE LA RED ASISTENCIAL,SUBDIRECCION DE GESTION ASISTENCIAL,ARTICULACION DE LA RED ASISTENCIAL,Proyecto operacional,2026,1,2026-04-01 00:00:00
575,Bienes y Servicios,1057532-510-PC26,2545,Adquisición de boquillas espiratorias desechables para flujometría.,1,Insumos Clinicos,700,700000,Mario Aburto,Encargado Gestión Salud Respiratoria,2026-06-01 00:00:00,DEPARTAMENTO ARTICULACION DE LA RED ASISTENCIAL,SUBDIRECCION DE GESTION ASISTENCIAL,ARTICULACION DE LA RED ASISTENCIAL,Proyecto operacional,2026,1,2026-06-01 00:00:00
576,Bienes y Servicios,1057532-511-PC26,2547,Adquisición Turbinas desechables espirometría,1,Insumos Clínicos,2778,2000160,Mario Aburto,Encargado Gestión Salud Respiratoria,2026-04-01 00:00:00,DEPARTAMENTO ARTICULACION DE LA RED ASISTENCIAL,SUBDIRECCION DE GESTION ASISTENCIAL,ARTICULACION DE LA RED ASISTENCIAL,Proyecto operacional,2026,1,2026-04-01 00:00:00
577,Compras Convenio GORE Region de Los Lagos,1180747-20-PC26,2549,Adquisición Equipamiento para evaluación saturación oxigeno en pacientes Piloto Cesación Tabáquica (Oxímetros),1,Oximetro,600000,7200000,Mario Aburto,Encargado Programa Prevención Cáncer Pulmonar,2026-01-01 00:00:00,DEPARTAMENTO ARTICULACION DE LA RED ASISTENCIAL,SUBDIRECCION DE GESTION ASISTENCIAL,ARTICULACION DE LA RED ASISTENCIAL,Proyecto estratégico,2026,1,2026-01-01 00:00:00
578,Bienes y Servicios,1057532-12-PC26,22.11.002,Adquisición de capacitación especializada en intervención en cesación tabáquica.,1,Cursos de Capacitación,6500000,6500000,Mario Aburto,Encargado Programa Prevnción de cáncer de Pulmón,2026-05-01 00:00:00,DEPARTAMENTO ARTICULACION DE LA RED ASISTENCIAL,SUBDIRECCION DE GESTION ASISTENCIAL,ARTICULACION DE LA RED ASISTENCIAL,Proyecto operacional,2026,1,2026-05-01 00:00:00
579,Bienes y Servicios,1057532-13-PC26,22.04.002,"Adquisición de modelos anatómicos para actividades de prevención, educación y capacitación en Prevención Cáncer de Pulmó",1,Textos y Otros Materiales de Enseñanza,180000,1980000,Mario Aburto,Encargado Programa Prevención de cáncer de Pulmón,2026-06-01 00:00:00,DEPARTAMENTO ARTICULACION DE LA RED ASISTENCIAL,SUBDIRECCION DE GESTION ASISTENCIAL,ARTICULACION DE LA RED ASISTENCIAL,Proyecto operacional,2026,1,2026-06-01 00:00:00
580,Bienes y Servicios,1057532-54-PC26,22.04.005,Adquisición insumos para colonoscopías en contexto Programa Prevec,1,Alicates y pinzas,517500,3105000,Mario Aburto,Encargado Programa Prevec,2026-04-01 00:00:00,DEPARTAMENTO ARTICULACION DE LA RED ASISTENCIAL,SUBDIRECCION DE GESTION ASISTENCIAL,ARTICULACION DE LA RED ASISTENCIAL,Proyecto operacional,2026,1,2026-04-01 00:00:00
581,Bienes y Servicios,1057532-86-PC26,22.01.001,Adquisición servicio de cafetería para actividad de capacitación a profesionales de salud en Cesación Tabáquica,1,Convenio Cafeteria,600000,600000,Mario Aburto,Encargado Programa Prevención de cáncer de Pulmón,2026-05-01 00:00:00,DEPARTAMENTO ARTICULACION DE LA RED ASISTENCIAL,SUBDIRECCION DE GESTION ASISTENCIAL,ARTICULACION DE LA RED ASISTENCIAL,Proyecto operacional,2026,1,2026-05-01 00:00:00
582,Activos Fijos,1057922-1-PC26,29.05.002,"Adquisición equipo Insuflador de CO2, para procedimientos colonoscópicos, en contexto Programa Prevec, convenio SSO-GORE",1,Equipo Insuflacion,8000000,8000000,Mario Aburto,Encargado Programa Prevec,2026-04-01 00:00:00,DEPARTAMENTO ARTICULACION DE LA RED ASISTENCIAL,SUBDIRECCION DE GESTION ASISTENCIAL,ARTICULACION DE LA RED ASISTENCIAL,Proyecto operacional,2026,1,2026-04-01 00:00:00
583,Bienes y Servicios,1057532-331-PC24,22.04.003.001,Convenio - Suministro de oxígeno medicinal para Red de Hospitales de mediana y baja complejidad y SAMU,1,Suministro Oxigeno,236000000,118000004,Mario Aburto Foitzich,Encargado Gestión Salud Respiratoria,2024-07-01 00:00:00,DEPARTAMENTO ARTICULACION DE LA RED ASISTENCIAL,SUBDIRECCION DE GESTION ASISTENCIAL,ARTICULACION DE LA RED ASISTENCIAL,Proyecto operacional,2026,24,"01-01-2025,01-02-2025,01-03-2025,01-04-2025,01-05-2025,01-06-2025,01-07-2025,01-08-2025,01-09-2025,01-10-2025,01-11-2025,01-12-2025,01-01-2026,01-02-2026,01-03-2026,01-04-2026,01-05-2026,01-06-2026,01-07-2026,01-08-2026,01-09-2026,01-10-2026,01-11-2026,01-12-2026"
584,Bienes y Servicios,1057532-282-PC26,22.04.001,Compra rollos papel para impresión del Departamento de Proyectos SSO.,1,Rollos,20000,300000,Mario Barrientos,Jefe Subdepto. Diseño De Infraestructura De Salud,2026-06-01 00:00:00,DEPARTAMENTO DE PROYECTOS,SUBDIRECCION ADMINISTRATIVA,PROYECTOS,Proyecto operacional,2026,1,2026-06-01 00:00:00
585,Compras Convenio GORE Region de Los Lagos,1180747-6-PC26,31.02.002,"Consultorías adecuación Diseño PSR Coligual, comuna de Purranque.",1,Consultorias,37000000,37000000,Mario Barrientos,Jefe Subdepto. Diseño De Infraestructura De Salud,2026-09-01 00:00:00,DEPARTAMENTO DE PROYECTOS,SUBDIRECCION ADMINISTRATIVA,PROYECTOS,Proyecto operacional,2026,1,2026-09-01 00:00:00
586,Compras Convenio GORE Region de Los Lagos,1180747-10-PC26,31.02.002,"Consultorías adecuación Diseño PSR Forrahue, etapa 1",1,Consultorias,25000000,25000000,Mario Barrientos,Jefe Subdepto. Diseño De Infraestructura De Salud,2026-10-01 00:00:00,DEPARTAMENTO DE PROYECTOS,SUBDIRECCION ADMINISTRATIVA,PROYECTOS,Proyecto operacional,2026,1,2026-10-01 00:00:00
587,Obras Civiles,1057976-2-PC26,31.02.002,Diseño nuevo Hospital de Purranque.,1,Consultorias,1680000000,1680000000,Mario Barrientos,Jefe Subdepto. Diseño De Infraestructura De Salud,2026-11-01 00:00:00,DEPARTAMENTO DE PROYECTOS,SUBDIRECCION ADMINISTRATIVA,PROYECTOS,Proyecto operacional,2026,1,2026-12-01 00:00:00
588,Obras Civiles,1057976-3-PC26,31.02.002,"Diseño Centro de Diálisis Municipal, comuna de Osorno.",1,Consultorias,80000000,80000000,Mario Barrientos,Jefe Subdepto. Diseño De Infraestructura De Salud,2026-11-01 00:00:00,DEPARTAMENTO DE PROYECTOS,SUBDIRECCION ADMINISTRATIVA,PROYECTOS,Proyecto operacional,2026,1,2026-11-01 00:00:00
589,Compras Convenio GORE Region de Los Lagos,1180747-17-PC26,31.02.002,Diseño Ampliación CESFAM San Pablo,1,Consultorias,103000000,103000000,Mario Barrientos,Jefe Subdepto. Diseño De Infraestructura De Salud,2026-09-01 00:00:00,DEPARTAMENTO DE PROYECTOS,SUBDIRECCION ADMINISTRATIVA,PROYECTOS,Proyecto operacional,2026,1,2026-09-01 00:00:00
590,Bienes y Servicios,1057532-14-PC26,22.06.007,"Mantención Plotter Canon IPF 770, del depto. de Proyectos.",1,Mantenimiento y Reparación de Equipos Informáticos,1250000,1250000,Mario Barrientos,JEFE SUBDEPTO. DISEÑO DE INFRAESTRUCTURA DE SALUD,2026-09-01 00:00:00,DEPARTAMENTO DE PROYECTOS,SUBDIRECCION ADMINISTRATIVA,PROYECTOS,Proyecto operacional,2026,1,2026-09-01 00:00:00
591,Bienes y Servicios,1057532-15-PC26,22.04.001,Compra rollos papel para impresión del Departamento de Proyectos SSO.,1,Materiales de Oficina,20000,200000,Mario Barrientos,JEFE SUBDEPTO. DISEÑO DE INFRAESTRUCTURA DE SALUD,2026-10-01 00:00:00,DEPARTAMENTO DE PROYECTOS,SUBDIRECCION ADMINISTRATIVA,PROYECTOS,Proyecto operacional,2026,1,2026-10-01 00:00:00
592,Bienes y Servicios,1057532-22-PC26,22.04.009,Compra Discos Duros externos,1,"Insumos, Repuestos y Accesorios Computacionales",250000,750000,Mario Barrientos,JEFE SUBDEPTO. DISEÑO DE INFRAESTRUCTURA DE SALUD,2026-05-01 00:00:00,DEPARTAMENTO DE PROYECTOS,SUBDIRECCION ADMINISTRATIVA,PROYECTOS,Proyecto operacional,2026,1,2026-05-01 00:00:00
593,Bienes y Servicios,1057532-26-PC26,22.02.003,"Compra Elementos de Protección Personal, EEPP, según DS 594.",2,Calzado Seguridad,91667,550002,Mario Barrientos,JEFE SUBDEPTO. DISEÑO DE INFRAESTRUCTURA DE SALUD,2026-04-01 00:00:00,DEPARTAMENTO DE PROYECTOS,SUBDIRECCION ADMINISTRATIVA,PROYECTOS,Proyecto operacional,2026,1,2026-04-01 00:00:00
594,Bienes y Servicios,1057532-26-PC26,22.02.003,"Compra Elementos de Protección Personal, EEPP, según DS 594.",2,"Vestuario, Accesorios y Prendas Diversas",15385,200005,Mario Barrientos,JEFE SUBDEPTO. DISEÑO DE INFRAESTRUCTURA DE SALUD,2026-04-01 00:00:00,DEPARTAMENTO DE PROYECTOS,SUBDIRECCION ADMINISTRATIVA,PROYECTOS,Proyecto operacional,2026,1,2026-04-01 00:00:00
595,Bienes y Servicios,1057532-88-PC26,22.04.009,Compra Tinta Plotter Canon IPF 770,1,Tinta Plotter,660000,1320000,Mario Barrientos,JEFE SUBDEPTO. DISEÑO DE INFRAESTRUCTURA DE SALUD,2026-07-01 00:00:00,DEPARTAMENTO DE PROYECTOS,SUBDIRECCION ADMINISTRATIVA,PROYECTOS,Proyecto operacional,2026,1,2026-07-01 00:00:00
596,Bienes y Servicios,1057532-481-PC26,2498,INSUMOS DE OFICINA,2,Material de Oficina,17693,230009,Marta Borquez,Secretaria,2026-03-01 00:00:00,DEPARTAMENTO DE OBRAS Y GESTION FINANCIERA DE INVERSIONES,SUBDIRECCION ADMINISTRATIVA,OBRAS Y GESTIÓN FINANCIERA DE INVERSIONES,Proyecto operacional,2026,1,2026-03-01 00:00:00
597,Bienes y Servicios,1057532-481-PC26,2498,INSUMOS DE OFICINA,2,Tintas y Toner,112250,1796000,Marta Borquez,Secretaria,2026-03-01 00:00:00,DEPARTAMENTO DE OBRAS Y GESTION FINANCIERA DE INVERSIONES,SUBDIRECCION ADMINISTRATIVA,OBRAS Y GESTIÓN FINANCIERA DE INVERSIONES,Proyecto operacional,2026,1,2026-03-01 00:00:00
598,Bienes y Servicios,1057532-494-PC26,2519,Adquisición artículos de librería para Jornadas con la Red Asistencial,1,Material de Oficina,641,316013,Munirih Soto,Jefatura Depto,2026-03-01 00:00:00,DEPARTAMENTO DE PLANIFICACION Y ANALISIS,SUBDIRECCION DE GESTION ASISTENCIAL,PLANIFICACION Y ANALISIS,Proyecto operacional,2026,1,2026-03-01 00:00:00
599,Bienes y Servicios,1057532-500-PC26,2528,Adquisición 2 coffee break para Jornada de Plan de Salud Comunal y Priorización,1,Servicio Cafeteria,600000,1200000,Munirih Soto,Jefatura Depto,2026-05-01 00:00:00,DEPARTAMENTO DE PLANIFICACION Y ANALISIS,SUBDIRECCION DE GESTION ASISTENCIAL,PLANIFICACION Y ANALISIS,Proyecto operacional,2026,1,2026-05-01 00:00:00
600,Bienes y Servicios,1057532-501-PC26,2529,Adquisición artículos de cafetería para Jornadas de planificación con Red Asistencial,1,Alimentación,150100,150100,Munirih Soto,Jefatura Depto,2026-03-01 00:00:00,DEPARTAMENTO DE PLANIFICACION Y ANALISIS,SUBDIRECCION DE GESTION ASISTENCIAL,PLANIFICACION Y ANALISIS,Proyecto operacional,2026,1,2026-03-01 00:00:00
601,Administración de Fondos,1077241-2-PC26,22.04.999,Equipamiento- Programa Ruta Médica para personas en Situación de Calle,4,Pesa Digital,50000,50000,Natalia Muñoz,Encargada Coordinación Sociosanitaria,2026-07-01 00:00:00,DEPARTAMENTO ARTICULACION DE LA RED ASISTENCIAL,SUBDIRECCION DE GESTION ASISTENCIAL,ARTICULACION DE LA RED ASISTENCIAL,Proyecto operacional,2026,1,2026-07-01 00:00:00
602,Administración de Fondos,1077241-2-PC26,22.04.999,Equipamiento- Programa Ruta Médica para personas en Situación de Calle,4,Pila,16000,160000,Natalia Muñoz,Encargada Coordinación Sociosanitaria,2026-07-01 00:00:00,DEPARTAMENTO ARTICULACION DE LA RED ASISTENCIAL,SUBDIRECCION DE GESTION ASISTENCIAL,ARTICULACION DE LA RED ASISTENCIAL,Proyecto operacional,2026,1,2026-07-01 00:00:00
603,Administración de Fondos,1077241-2-PC26,22.04.999,Equipamiento- Programa Ruta Médica para personas en Situación de Calle,4,Materiales para Mantenimiento y Reparaciones de Inmuebles,11429,80003,Natalia Muñoz,Encargada Coordinación Sociosanitaria,2026-07-01 00:00:00,DEPARTAMENTO ARTICULACION DE LA RED ASISTENCIAL,SUBDIRECCION DE GESTION ASISTENCIAL,ARTICULACION DE LA RED ASISTENCIAL,Proyecto operacional,2026,1,2026-07-01 00:00:00
604,Administración de Fondos,1077241-2-PC26,22.04.999,Equipamiento- Programa Ruta Médica para personas en Situación de Calle,4,Morral,3000,300000,Natalia Muñoz,Encargada Coordinación Sociosanitaria,2026-07-01 00:00:00,DEPARTAMENTO ARTICULACION DE LA RED ASISTENCIAL,SUBDIRECCION DE GESTION ASISTENCIAL,ARTICULACION DE LA RED ASISTENCIAL,Proyecto operacional,2026,1,2026-07-01 00:00:00
605,Administración de Fondos,1077241-3-PC26,22.07.999,Equipamiento- Programa Ruta Médica para personas en Situación de Calle,1,Pendones,150000,150000,Natalia Muñoz,Encargada Coordinación Sociosanitaria,2026-07-01 00:00:00,DEPARTAMENTO ARTICULACION DE LA RED ASISTENCIAL,SUBDIRECCION DE GESTION ASISTENCIAL,ARTICULACION DE LA RED ASISTENCIAL,Proyecto operacional,2026,1,2026-07-01 00:00:00
606,Administración de Fondos,1077241-4-PC26,22.04.014,Dispositivos Clínicos- Programa Ruta Médica para personas en Situación de Calle,3,"Productos Elaborados de Cuero, Caucho y Plásticos",9524,200004,Natalia Muñoz,Encargada Coordinación Sociosanitaria,2026-07-01 00:00:00,DEPARTAMENTO ARTICULACION DE LA RED ASISTENCIAL,SUBDIRECCION DE GESTION ASISTENCIAL,ARTICULACION DE LA RED ASISTENCIAL,Proyecto operacional,2026,1,2026-07-01 00:00:00
607,Administración de Fondos,1077241-4-PC26,22.04.014,Dispositivos Clínicos- Programa Ruta Médica para personas en Situación de Calle,3,Productos Farmacéuticos,11053,1050035,Natalia Muñoz,Encargada Coordinación Sociosanitaria,2026-07-01 00:00:00,DEPARTAMENTO ARTICULACION DE LA RED ASISTENCIAL,SUBDIRECCION DE GESTION ASISTENCIAL,ARTICULACION DE LA RED ASISTENCIAL,Proyecto operacional,2026,1,2026-07-01 00:00:00
608,Administración de Fondos,1077241-4-PC26,22.04.014,Dispositivos Clínicos- Programa Ruta Médica para personas en Situación de Calle,3,Manta Termica,200,200000,Natalia Muñoz,Encargada Coordinación Sociosanitaria,2026-07-01 00:00:00,DEPARTAMENTO ARTICULACION DE LA RED ASISTENCIAL,SUBDIRECCION DE GESTION ASISTENCIAL,ARTICULACION DE LA RED ASISTENCIAL,Proyecto operacional,2026,1,2026-07-01 00:00:00
609,Administración de Fondos,1077241-5-PC26,22.08.007,Movilización- Programa Ruta Médica para personas en Situación de Calle,4,Servicio Traslado,1320000,1320000,Natalia Muñoz,Encargada Coordinación Sociosanitaria,2026-07-01 00:00:00,DEPARTAMENTO ARTICULACION DE LA RED ASISTENCIAL,SUBDIRECCION DE GESTION ASISTENCIAL,ARTICULACION DE LA RED ASISTENCIAL,Proyecto operacional,2026,1,2026-07-01 00:00:00
610,Administración de Fondos,1077241-5-PC26,22.08.007,Movilización- Programa Ruta Médica para personas en Situación de Calle,4,Servicio Traslado,1430000,1430000,Natalia Muñoz,Encargada Coordinación Sociosanitaria,2026-08-01 00:00:00,DEPARTAMENTO ARTICULACION DE LA RED ASISTENCIAL,SUBDIRECCION DE GESTION ASISTENCIAL,ARTICULACION DE LA RED ASISTENCIAL,Proyecto operacional,2026,1,2026-07-01 00:00:00
611,Administración de Fondos,1077241-5-PC26,22.08.007,Movilización- Programa Ruta Médica para personas en Situación de Calle,4,Servicio Traslado,1430000,1430000,Natalia Muñoz,Encargada Coordinación Sociosanitaria,2026-09-01 00:00:00,DEPARTAMENTO ARTICULACION DE LA RED ASISTENCIAL,SUBDIRECCION DE GESTION ASISTENCIAL,ARTICULACION DE LA RED ASISTENCIAL,Proyecto operacional,2026,1,2026-07-01 00:00:00
612,Administración de Fondos,1077241-5-PC26,22.08.007,Movilización- Programa Ruta Médica para personas en Situación de Calle,4,Servicio Traslado,220000,220000,Natalia Muñoz,Encargada Coordinación Sociosanitaria,2026-10-01 00:00:00,DEPARTAMENTO ARTICULACION DE LA RED ASISTENCIAL,SUBDIRECCION DE GESTION ASISTENCIAL,ARTICULACION DE LA RED ASISTENCIAL,Proyecto operacional,2026,1,2026-07-01 00:00:00
613,Administración de Fondos,1077241-6-PC26,22.02.002,Equipamiento- Programa Ruta Médica para personas en Situación de Calle,2,Pantalon,50000,300000,Natalia Muñoz,Encargada Coordinación Sociosanitaria,2026-07-01 00:00:00,DEPARTAMENTO ARTICULACION DE LA RED ASISTENCIAL,SUBDIRECCION DE GESTION ASISTENCIAL,ARTICULACION DE LA RED ASISTENCIAL,Proyecto operacional,2026,1,2026-07-01 00:00:00
614,Administración de Fondos,1077241-6-PC26,22.02.002,Equipamiento- Programa Ruta Médica para personas en Situación de Calle,2,Botas de Seguridad,83333,499998,Natalia Muñoz,Encargada Coordinación Sociosanitaria,2026-07-01 00:00:00,DEPARTAMENTO ARTICULACION DE LA RED ASISTENCIAL,SUBDIRECCION DE GESTION ASISTENCIAL,ARTICULACION DE LA RED ASISTENCIAL,Proyecto operacional,2026,1,2026-07-01 00:00:00
615,Administración de Fondos,1077241-7-PC26,22.04.007,Artículos de aseo usuarios/as Ruta Médica,1,Materiales y Útiles de Aseo,2209,1480030,Natalia Muñoz,Encargada Coordinación Sociosanitaria,2026-07-01 00:00:00,DEPARTAMENTO ARTICULACION DE LA RED ASISTENCIAL,SUBDIRECCION DE GESTION ASISTENCIAL,ARTICULACION DE LA RED ASISTENCIAL,Proyecto operacional,2026,1,2026-07-01 00:00:00
616,Activos Fijos,1057922-19-PC26,2505,Adquisición de productos e insumos para el programa de control y eliminación de la Tuberculosis,2,Bodega Lata,1200000,18000000,Nmaria Paz Gomez,Referente Programa De Tuberculosis,2026-06-01 00:00:00,DEPARTAMENTO ATENCION PRIMARIA,SUBDIRECCION DE GESTION ASISTENCIAL,ATENCION PRIMARIA,Proyecto operacional,2026,1,2026-06-01 00:00:00
617,Activos Fijos,1057922-19-PC26,2505,Adquisición de productos e insumos para el programa de control y eliminación de la Tuberculosis,2,Balanza,1000000,1000000,Nmaria Paz Gomez,Referente Programa De Tuberculosis,2026-06-01 00:00:00,DEPARTAMENTO ATENCION PRIMARIA,SUBDIRECCION DE GESTION ASISTENCIAL,ATENCION PRIMARIA,Proyecto operacional,2026,1,2026-06-01 00:00:00
618,Bienes y Servicios,1057532-463-PC26,22.12.999,Adquisición Endoscopias Digestivas Altas para establecimientos de la Red Asistencial del Servicio de Salud Osorno,1,Endoscopia,129630,17500050,Omar Contreras,Jefe Subdetpo. Apoyo Diagnóstico Y Terapéutico,2026-05-01 00:00:00,DEPARTAMENTO ARTICULACION DE LA RED ASISTENCIAL,SUBDIRECCION DE GESTION ASISTENCIAL,ARTICULACION DE LA RED ASISTENCIAL,Proyecto operacional,2026,1,2026-06-01 00:00:00
619,Bienes y Servicios,1057532-50-PC26,22.04.004,Adquisición Fármacos estrategias Programa Resolutividad,1,Productos Farmacéuticos,1285,7202425,Omar Contreras,Jefe Subdetpo. Apoyo Diagnostico y Terapeutico,2026-04-01 00:00:00,DEPARTAMENTO ARTICULACION DE LA RED ASISTENCIAL,SUBDIRECCION DE GESTION ASISTENCIAL,ARTICULACION DE LA RED ASISTENCIAL,Proyecto operacional,2026,1,2026-04-01 00:00:00
620,Bienes y Servicios,1057532-85-PC26,22.04.004,Adquisición Fármacos Oftalmología,1,Productos Farmacéuticos,2016,635040,Omar Contreras,Jefe Subdetpo. Apoyo Diagnostico y Terapeutico,2026-04-01 00:00:00,DEPARTAMENTO ARTICULACION DE LA RED ASISTENCIAL,SUBDIRECCION DE GESTION ASISTENCIAL,ARTICULACION DE LA RED ASISTENCIAL,Proyecto operacional,2026,1,2026-04-01 00:00:00
621,Bienes y Servicios,1057532-87-PC26,22.01.001,Adquisición servicio catering/Coffe break Jornada Actualización Patologías Médicas 2026.,1,Servicio de Cafeter,5000,800000,Omar Contreras,Jefe Subdetpo. Apoyo Diagnostico y Terapeutico,2026-04-01 00:00:00,DEPARTAMENTO ARTICULACION DE LA RED ASISTENCIAL,SUBDIRECCION DE GESTION ASISTENCIAL,ARTICULACION DE LA RED ASISTENCIAL,Proyecto operacional,2026,1,2026-04-01 00:00:00
622,Bienes y Servicios,1057532-499-PC26,2527,SOPORTE Y MANTENCION ANUAL SOFTWARE CONTROL DE INVENTARIO,1,Software,7000000,7000000,Pablo Miranda,Encargado De Inventario,2026-04-01 00:00:00,UNIDAD DE INVENTARIO Y GESTION DE ACTIVO FIJO,SUBDIRECCION ADMINISTRATIVA,FINANZAS,Proyecto operacional,2026,1,2026-04-01 00:00:00
623,Bienes y Servicios,1057532-502-PC26,22.06.001,Construcción de repisas para archivos en bodega ex COSAM Oriente,1,Repisas,300000,1500000,Pablo Miranda,Encargado De Inventario,2026-03-01 00:00:00,UNIDAD DE INVENTARIO Y GESTION DE ACTIVO FIJO,SUBDIRECCION ADMINISTRATIVA,FINANZAS,Proyecto operacional,2026,1,2026-03-01 00:00:00
624,Bienes y Servicios,1057532-504-PC26,2532,SERVICIO DE TRASLADO DE MOBILIARIO,1,Servicio Traslado,1000000,1000000,Pablo Miranda,Encargado De Inventario,2026-02-01 00:00:00,UNIDAD DE INVENTARIO Y GESTION DE ACTIVO FIJO,SUBDIRECCION ADMINISTRATIVA,FINANZAS,Proyecto operacional,2026,1,2026-02-01 00:00:00
625,Bienes y Servicios,1057532-400-PC25,22.03.003,Convenio - Convenio año 2026 Combustible calefacción para dispositivos del Servicio de Salud Osorno,1,Combustible,40000000,40000000,Pablo Oyarzo,Encargado (S) Administracion Interna,2025-08-01 00:00:00,SECCION DE ADMINISTRACION INTERNA,SUBDIRECCION ADMINISTRATIVA,ABASTECIMIENTO Y OPERACIONES,Proyecto operacional,2026,12,"01-01-2026,01-02-2026,01-03-2026,01-04-2026,01-05-2026,01-06-2026,01-07-2026,01-08-2026,01-09-2026,01-10-2026,01-11-2026,01-12-2026"
626,Bienes y Servicios,1057532-401-PC25,22.04.007.002,Convenio - CONVENIO INSUMOS DE ASEO PARA DISPOSITIVOS DE LA RED AÑO 2026,1,Convenio,80000000,80000000,Pablo Oyarzo,Encargado (S) Administracion Interna,2025-08-01 00:00:00,SECCION DE ADMINISTRACION INTERNA,SUBDIRECCION ADMINISTRATIVA,ABASTECIMIENTO Y OPERACIONES,Proyecto operacional,2026,12,"01-01-2026,01-02-2026,01-03-2026,01-04-2026,01-05-2026,01-06-2026,01-07-2026,01-08-2026,01-09-2026,01-10-2026,01-11-2026,01-12-2026"
627,Bienes y Servicios,1057532-380-PC26,22.03.001,Convenio - Convenio Adquisición de combustible móviles de la DSSO y Ambulancias SAMU año 2026,1,Combustibles,60000000,60000000,Pablo Oyarzo,Encargado (S) Administracion Interna,2026-01-01 00:00:00,SECCION DE ADMINISTRACION INTERNA,SUBDIRECCION ADMINISTRATIVA,ABASTECIMIENTO Y OPERACIONES,Proyecto operacional,2026,12,"01-01-2026,01-02-2026,01-03-2026,01-04-2026,01-05-2026,01-06-2026,01-07-2026,01-08-2026,01-09-2026,01-10-2026,01-11-2026,01-12-2026"
628,Bienes y Servicios,1057532-381-PC26,23.03.003,Convenio - Convenio Adquisición de combustible Diesel para equipos generadores dispositivos del SSO Cosam Rahue y Cosam Oriente,1,Combustibles,11000000,11000000,Pablo Oyarzo,Encargado (S) Administración Interna,2026-01-01 00:00:00,SECCION DE ADMINISTRACION INTERNA,SUBDIRECCION ADMINISTRATIVA,ABASTECIMIENTO Y OPERACIONES,Proyecto operacional,2026,12,"01-01-2026,01-02-2026,01-03-2026,01-04-2026,01-05-2026,01-06-2026,01-07-2026,01-08-2026,01-09-2026,01-10-2026,01-11-2026,01-12-2026"
629,Bienes y Servicios,1057532-28-PC26,22.02.002,Adquisicion elementos de proteccion personal para auxiliares y conductores de la Direccion del Servicio Salud Osorno,2,Chaqueta Impermeable,100000,1100000,Pablo Oyarzo,Encargado (S) Administracion Interna,2026-04-01 00:00:00,SECCION DE ADMINISTRACION INTERNA,SUBDIRECCION ADMINISTRATIVA,ABASTECIMIENTO Y OPERACIONES,Proyecto operacional,2026,1,2026-04-01 00:00:00
630,Bienes y Servicios,1057532-28-PC26,22.02.002,Adquisicion elementos de proteccion personal para auxiliares y conductores de la Direccion del Servicio Salud Osorno,2,Calzado Seguridad,72727,799997,Pablo Oyarzo,Encargado (S) Administracion Interna,2026-04-01 00:00:00,SECCION DE ADMINISTRACION INTERNA,SUBDIRECCION ADMINISTRATIVA,ABASTECIMIENTO Y OPERACIONES,Proyecto operacional,2026,1,2026-04-01 00:00:00
631,Bienes y Servicios,1057532-43-PC26,22.04.999,ADQUISICION SET 20 VARILLAS DE LIMPIEZA DE ALCANTARILLADO,1,Varilla Alcantarillado,55000,1100000,Pablo Oyarzo,Encargado (S) Administración Interna,2026-05-01 00:00:00,SECCION DE ADMINISTRACION INTERNA,SUBDIRECCION ADMINISTRATIVA,ABASTECIMIENTO Y OPERACIONES,Proyecto operacional,2026,1,2026-05-01 00:00:00
632,Bienes y Servicios,1057532-72-PC26,22.04.012,Adquisición Herramientas y equipamiento para Sección Administración Interna,1,"Otros Materiales de uso o consumo, Repuestos y Útiles Diversos",183333,549999,Pablo Oyarzo,Encargado (S) Administración Interna,2026-04-01 00:00:00,SECCION DE ADMINISTRACION INTERNA,SUBDIRECCION ADMINISTRATIVA,ABASTECIMIENTO Y OPERACIONES,Proyecto operacional,2026,1,2026-04-01 00:00:00
633,Bienes y Servicios,1057532-37-PC26,22.01.001,Capacitación en Modelo de Activos para la Salud y Estrategias de Prescripción Social en la Red de Atención Primaria,1,Servicio de Cafeteria,20458,818320,Pamela Reyes,Gestión Intersectorial,2026-07-01 00:00:00,DEPARTAMENTO ATENCION PRIMARIA,SUBDIRECCION DE GESTION ASISTENCIAL,ATENCION PRIMARIA,Proyecto operacional,2026,1,2026-07-01 00:00:00
634,Bienes y Servicios,1057532-39-PC26,22.11.002,Instrumentos para la calificación de Riesgo e Intervención familiar,1,Capacitacion,50000,2000000,Pamela Reyes,Gestión Intersectorial,2026-06-01 00:00:00,DEPARTAMENTO ATENCION PRIMARIA,SUBDIRECCION DE GESTION ASISTENCIAL,ATENCION PRIMARIA,Proyecto operacional,2026,1,2026-06-01 00:00:00
635,Bienes y Servicios,1057532-64-PC26,22.11.002,"Consideraciones y herramientas para la atención de salud de población LGBTIQ+, especialmente niños, niñas y adolescentes",1,Capacitacion,42500,3400000,Pamela Reyes,Intersectorialidad,2026-07-01 00:00:00,DEPARTAMENTO ATENCION PRIMARIA,SUBDIRECCION DE GESTION ASISTENCIAL,ATENCION PRIMARIA,Proyecto operacional,2026,1,2026-07-01 00:00:00
636,Bienes y Servicios,1057532-75-PC26,22.11.002,Cuidados Comunitarios en contexto de Mas Salud en Comunidad,2,Capacitacion,40000,2000000,Pamela Reyes,Gestión Intersectorial,2026-06-01 00:00:00,DEPARTAMENTO ATENCION PRIMARIA,SUBDIRECCION DE GESTION ASISTENCIAL,ATENCION PRIMARIA,Proyecto operacional,2026,1,2026-06-01 00:00:00
637,Bienes y Servicios,1057532-75-PC26,22.11.002,Cuidados Comunitarios en contexto de Mas Salud en Comunidad,2,Servicio de Produccion,28571,1999970,Pamela Reyes,Gestión Intersectorial,2026-06-01 00:00:00,DEPARTAMENTO ATENCION PRIMARIA,SUBDIRECCION DE GESTION ASISTENCIAL,ATENCION PRIMARIA,Proyecto operacional,2026,1,2026-06-01 00:00:00
638,Administración de Fondos,1077241-75-PC26,22.01.001,"Taller de Herramientas Psicológicas, Taller PEERS",4,Alimentación,2615,180435,Pedro Fritz,Director Cosam,2026-03-01 00:00:00,CENTRO DE SALUD MENTAL COMUNITARIO COSAM ORIENTE,SUBDIRECCION DE GESTION ASISTENCIAL,SALUD MENTAL,Proyecto operacional,2026,1,2026-03-01 00:00:00
639,Administración de Fondos,1077241-75-PC26,22.01.001,"Taller de Herramientas Psicológicas, Taller PEERS",4,Insumos,2711,24399,Pedro Fritz,Director Cosam,2026-03-01 00:00:00,CENTRO DE SALUD MENTAL COMUNITARIO COSAM ORIENTE,SUBDIRECCION DE GESTION ASISTENCIAL,SALUD MENTAL,Proyecto operacional,2026,1,2026-03-01 00:00:00
640,Administración de Fondos,1077241-75-PC26,22.01.001,"Taller de Herramientas Psicológicas, Taller PEERS",4,"Caja, Pelotas",9000,27000,Pedro Fritz,Director Cosam,2026-03-01 00:00:00,CENTRO DE SALUD MENTAL COMUNITARIO COSAM ORIENTE,SUBDIRECCION DE GESTION ASISTENCIAL,SALUD MENTAL,Proyecto operacional,2026,1,2026-03-01 00:00:00
641,Administración de Fondos,1077241-75-PC26,22.01.001,"Taller de Herramientas Psicológicas, Taller PEERS",4,Pañuelos faciales,26000,52000,Pedro Fritz,Director Cosam,2026-03-01 00:00:00,CENTRO DE SALUD MENTAL COMUNITARIO COSAM ORIENTE,SUBDIRECCION DE GESTION ASISTENCIAL,SALUD MENTAL,Proyecto operacional,2026,1,2026-03-01 00:00:00
642,Bienes y Servicios,1057532-334-PC26,22.04,PAC insumos clínicos unidad de enfermería 2026.,6,"Tiras, test rápido, alcohol",13334,240012,Pedro Fritz,Director Cosam,2026-02-01 00:00:00,CENTRO DE SALUD MENTAL COMUNITARIO COSAM ORIENTE,SUBDIRECCION DE GESTION ASISTENCIAL,SALUD MENTAL,Proyecto operacional,2026,1,2026-02-01 00:00:00
643,Bienes y Servicios,1057532-334-PC26,22.04,PAC insumos clínicos unidad de enfermería 2026.,6,Insumos clínicos,17924,699036,Pedro Fritz,Director Cosam,2026-02-01 00:00:00,CENTRO DE SALUD MENTAL COMUNITARIO COSAM ORIENTE,SUBDIRECCION DE GESTION ASISTENCIAL,SALUD MENTAL,Proyecto operacional,2026,1,2026-02-01 00:00:00
644,Bienes y Servicios,1057532-334-PC26,22.04,PAC insumos clínicos unidad de enfermería 2026.,6,"Biombo, pesa",62000,124000,Pedro Fritz,Director Cosam,2026-02-01 00:00:00,CENTRO DE SALUD MENTAL COMUNITARIO COSAM ORIENTE,SUBDIRECCION DE GESTION ASISTENCIAL,SALUD MENTAL,Proyecto operacional,2026,1,2026-02-01 00:00:00
645,Bienes y Servicios,1057532-334-PC26,22.04,PAC insumos clínicos unidad de enfermería 2026.,6,"Equipo curación, algodón",1400,70000,Pedro Fritz,Director Cosam,2026-02-01 00:00:00,CENTRO DE SALUD MENTAL COMUNITARIO COSAM ORIENTE,SUBDIRECCION DE GESTION ASISTENCIAL,SALUD MENTAL,Proyecto operacional,2026,1,2026-02-01 00:00:00
646,Bienes y Servicios,1057532-334-PC26,22.04,PAC insumos clínicos unidad de enfermería 2026.,6,Cooler,25000,25000,Pedro Fritz,Director Cosam,2026-02-01 00:00:00,CENTRO DE SALUD MENTAL COMUNITARIO COSAM ORIENTE,SUBDIRECCION DE GESTION ASISTENCIAL,SALUD MENTAL,Proyecto operacional,2026,1,2026-02-01 00:00:00
647,Bienes y Servicios,1057532-334-PC26,22.04,PAC insumos clínicos unidad de enfermería 2026.,6,Caja,8000,8000,Pedro Fritz,Director Cosam,2026-02-01 00:00:00,CENTRO DE SALUD MENTAL COMUNITARIO COSAM ORIENTE,SUBDIRECCION DE GESTION ASISTENCIAL,SALUD MENTAL,Proyecto operacional,2026,1,2026-02-01 00:00:00
648,Administración de Fondos,1077241-76-PC26,22.01.002,INTERVENCIÓN PSICOSOCIAL GRUPAL TALLER PARA JOVENES Y ADOLESCENTES EN TRATAMIENTO EN COSAM ORIENTE,2,Alimentación,1379,118594,Pedro Fritz,Director Cosam,2026-01-01 00:00:00,CENTRO DE SALUD MENTAL COMUNITARIO COSAM ORIENTE,SUBDIRECCION DE GESTION ASISTENCIAL,SALUD MENTAL,Proyecto operacional,2026,1,2026-01-01 00:00:00
649,Administración de Fondos,1077241-76-PC26,22.01.002,INTERVENCIÓN PSICOSOCIAL GRUPAL TALLER PARA JOVENES Y ADOLESCENTES EN TRATAMIENTO EN COSAM ORIENTE,2,Material de Enseñanza,73915,147830,Pedro Fritz,Director Cosam,2026-01-01 00:00:00,CENTRO DE SALUD MENTAL COMUNITARIO COSAM ORIENTE,SUBDIRECCION DE GESTION ASISTENCIAL,SALUD MENTAL,Proyecto operacional,2026,1,2026-01-01 00:00:00
650,Administración de Fondos,1077241-77-PC26,22.04.015,Taller Huertos 2026,3,Productos Jardín,4380,464280,Pedro Fritz,Director Cosam,2026-01-01 00:00:00,CENTRO DE SALUD MENTAL COMUNITARIO COSAM ORIENTE,SUBDIRECCION DE GESTION ASISTENCIAL,SALUD MENTAL,Proyecto operacional,2026,1,2026-01-01 00:00:00
651,Administración de Fondos,1077241-77-PC26,22.04.015,Taller Huertos 2026,3,Alimentos,2520,25200,Pedro Fritz,Director Cosam,2026-01-01 00:00:00,CENTRO DE SALUD MENTAL COMUNITARIO COSAM ORIENTE,SUBDIRECCION DE GESTION ASISTENCIAL,SALUD MENTAL,Proyecto operacional,2026,1,2026-01-01 00:00:00
652,Administración de Fondos,1077241-77-PC26,22.04.015,Taller Huertos 2026,3,Bolsas,68,13600,Pedro Fritz,Director Cosam,2026-01-01 00:00:00,CENTRO DE SALUD MENTAL COMUNITARIO COSAM ORIENTE,SUBDIRECCION DE GESTION ASISTENCIAL,SALUD MENTAL,Proyecto operacional,2026,1,2026-01-01 00:00:00
653,Administración de Fondos,1077241-78-PC26,22.04.002,Comité de Participación y gestión Intercultural - Dia de la Mujer 2026,2,Material de Enseñanza,1729,72618,Pedro Fritz,Director Cosam,2026-02-01 00:00:00,CENTRO DE SALUD MENTAL COMUNITARIO COSAM ORIENTE,SUBDIRECCION DE GESTION ASISTENCIAL,SALUD MENTAL,Proyecto operacional,2026,1,2026-02-01 00:00:00
654,Administración de Fondos,1077241-78-PC26,22.04.002,Comité de Participación y gestión Intercultural - Dia de la Mujer 2026,2,Alimentación,13,13052,Pedro Fritz,Director Cosam,2026-02-01 00:00:00,CENTRO DE SALUD MENTAL COMUNITARIO COSAM ORIENTE,SUBDIRECCION DE GESTION ASISTENCIAL,SALUD MENTAL,Proyecto operacional,2026,1,2026-02-01 00:00:00
655,Bienes y Servicios,1057532-337-PC26,22.04.001,INSUMOS DE FARMACIA 2026,5,Recetarios,3494,1450010,Pedro Fritz,Director Cosam,2026-04-01 00:00:00,CENTRO DE SALUD MENTAL COMUNITARIO COSAM ORIENTE,SUBDIRECCION DE GESTION ASISTENCIAL,SALUD MENTAL,Proyecto operacional,2026,1,2026-04-01 00:00:00
656,Bienes y Servicios,1057532-337-PC26,22.04.001,INSUMOS DE FARMACIA 2026,5,Material de Oficina,62500,250000,Pedro Fritz,Director Cosam,2026-01-01 00:00:00,CENTRO DE SALUD MENTAL COMUNITARIO COSAM ORIENTE,SUBDIRECCION DE GESTION ASISTENCIAL,SALUD MENTAL,Proyecto operacional,2026,1,2026-04-01 00:00:00
657,Bienes y Servicios,1057532-337-PC26,22.04.001,INSUMOS DE FARMACIA 2026,5,Refrigerador,750000,1500000,Pedro Fritz,Director Cosam,2026-01-01 00:00:00,CENTRO DE SALUD MENTAL COMUNITARIO COSAM ORIENTE,SUBDIRECCION DE GESTION ASISTENCIAL,SALUD MENTAL,Proyecto operacional,2026,1,2026-04-01 00:00:00
658,Bienes y Servicios,1057532-337-PC26,22.04.001,INSUMOS DE FARMACIA 2026,5,Insumos Computacionales,13014,1900044,Pedro Fritz,Director Cosam,2026-03-01 00:00:00,CENTRO DE SALUD MENTAL COMUNITARIO COSAM ORIENTE,SUBDIRECCION DE GESTION ASISTENCIAL,SALUD MENTAL,Proyecto operacional,2026,1,2026-04-01 00:00:00
659,Bienes y Servicios,1057532-337-PC26,22.04.001,INSUMOS DE FARMACIA 2026,5,Insumos Computacionales,17334,104004,Pedro Fritz,Director Cosam,2026-01-01 00:00:00,CENTRO DE SALUD MENTAL COMUNITARIO COSAM ORIENTE,SUBDIRECCION DE GESTION ASISTENCIAL,SALUD MENTAL,Proyecto operacional,2026,1,2026-04-01 00:00:00
660,Administración de Fondos,1077241-81-PC26,22.01.001,Taller de baile entretenido y acondicionamiento físico 2026,3,Alimentación,9600,144000,Pedro Fritz,Director Cosam,2026-01-01 00:00:00,CENTRO DE SALUD MENTAL COMUNITARIO COSAM ORIENTE,SUBDIRECCION DE GESTION ASISTENCIAL,SALUD MENTAL,Proyecto operacional,2026,1,2026-01-01 00:00:00
661,Administración de Fondos,1077241-81-PC26,22.01.001,Taller de baile entretenido y acondicionamiento físico 2026,3,Ropa,11875,190000,Pedro Fritz,Director Cosam,2026-01-01 00:00:00,CENTRO DE SALUD MENTAL COMUNITARIO COSAM ORIENTE,SUBDIRECCION DE GESTION ASISTENCIAL,SALUD MENTAL,Proyecto operacional,2026,1,2026-01-01 00:00:00
662,Administración de Fondos,1077241-81-PC26,22.01.001,Taller de baile entretenido y acondicionamiento físico 2026,3,Material Taller,5044,116012,Pedro Fritz,Director Cosam,2026-01-01 00:00:00,CENTRO DE SALUD MENTAL COMUNITARIO COSAM ORIENTE,SUBDIRECCION DE GESTION ASISTENCIAL,SALUD MENTAL,Proyecto operacional,2026,1,2026-01-01 00:00:00
663,Bienes y Servicios,1057532-340-PC26,22.04.999,Despensa para Unidad de Secretaria,1,Mueble,130000,130000,Pedro Fritz,Director Cosam,2026-01-01 00:00:00,CENTRO DE SALUD MENTAL COMUNITARIO COSAM ORIENTE,SUBDIRECCION DE GESTION ASISTENCIAL,SALUD MENTAL,Proyecto operacional,2026,1,2026-01-01 00:00:00
664,Administración de Fondos,1077241-82-PC26,22.04.014,Yoga Sensible al Trauma: Regulación emocional desde el Cuerpo y la Conciencia.,2,Material Yoga,5250,105000,Pedro Fritz,Director Cosam,2026-01-01 00:00:00,CENTRO DE SALUD MENTAL COMUNITARIO COSAM ORIENTE,SUBDIRECCION DE GESTION ASISTENCIAL,SALUD MENTAL,Proyecto operacional,2026,1,2026-01-01 00:00:00
665,Administración de Fondos,1077241-82-PC26,22.04.014,Yoga Sensible al Trauma: Regulación emocional desde el Cuerpo y la Conciencia.,2,Frazadas,4500,45000,Pedro Fritz,Director Cosam,2026-01-01 00:00:00,CENTRO DE SALUD MENTAL COMUNITARIO COSAM ORIENTE,SUBDIRECCION DE GESTION ASISTENCIAL,SALUD MENTAL,Proyecto operacional,2026,1,2026-01-01 00:00:00
666,Administración de Fondos,1077241-83-PC26,22.01.001,Comité de Participación y Gestión Intercultural - Dia del Niño 2026,2,Alimentación,1181,37792,Pedro Fritz,Director Cosam,2026-07-01 00:00:00,CENTRO DE SALUD MENTAL COMUNITARIO COSAM ORIENTE,SUBDIRECCION DE GESTION ASISTENCIAL,SALUD MENTAL,Proyecto operacional,2026,1,2026-07-01 00:00:00
667,Administración de Fondos,1077241-83-PC26,22.01.001,Comité de Participación y Gestión Intercultural - Dia del Niño 2026,2,Material Didactico,3889,35001,Pedro Fritz,Director Cosam,2026-07-01 00:00:00,CENTRO DE SALUD MENTAL COMUNITARIO COSAM ORIENTE,SUBDIRECCION DE GESTION ASISTENCIAL,SALUD MENTAL,Proyecto operacional,2026,1,2026-07-01 00:00:00
668,Administración de Fondos,1077241-84-PC26,22.04.999,Comité de Participación y Gestión Intercultural - Fiestas Patrias 2026,3,Material Decoración,949,74022,Pedro Fritz,Director Cosam,2026-08-01 00:00:00,CENTRO DE SALUD MENTAL COMUNITARIO COSAM ORIENTE,SUBDIRECCION DE GESTION ASISTENCIAL,SALUD MENTAL,Proyecto operacional,2026,1,2026-08-01 00:00:00
669,Administración de Fondos,1077241-84-PC26,22.04.999,Comité de Participación y Gestión Intercultural - Fiestas Patrias 2026,3,Servicio Cafeteria,500000,500000,Pedro Fritz,Director Cosam,2026-08-01 00:00:00,CENTRO DE SALUD MENTAL COMUNITARIO COSAM ORIENTE,SUBDIRECCION DE GESTION ASISTENCIAL,SALUD MENTAL,Proyecto operacional,2026,1,2026-08-01 00:00:00
670,Administración de Fondos,1077241-84-PC26,22.04.999,Comité de Participación y Gestión Intercultural - Fiestas Patrias 2026,3,Menaje,1500,15000,Pedro Fritz,Director Cosam,2026-08-01 00:00:00,CENTRO DE SALUD MENTAL COMUNITARIO COSAM ORIENTE,SUBDIRECCION DE GESTION ASISTENCIAL,SALUD MENTAL,Proyecto operacional,2026,1,2026-08-01 00:00:00
671,Administración de Fondos,1077241-85-PC26,22.04.002,Intervención psicosocial grupal de Música,1,Guitarra,50000,300000,Pedro Fritz,Director Cosam,2026-03-01 00:00:00,CENTRO DE SALUD MENTAL COMUNITARIO COSAM ORIENTE,SUBDIRECCION DE GESTION ASISTENCIAL,SALUD MENTAL,Proyecto operacional,2026,1,2026-03-01 00:00:00
672,Administración de Fondos,1077241-86-PC26,22.01.001,Comité de Participación y Gestión Intercultural - Navidad 2026,4,Servicio Cafeteria,250000,250000,Pedro Fritz,Director Cosam,2026-11-01 00:00:00,CENTRO DE SALUD MENTAL COMUNITARIO COSAM ORIENTE,SUBDIRECCION DE GESTION ASISTENCIAL,SALUD MENTAL,Proyecto operacional,2026,1,2026-11-01 00:00:00
673,Administración de Fondos,1077241-86-PC26,22.01.001,Comité de Participación y Gestión Intercultural - Navidad 2026,4,Alimentación,775,85250,Pedro Fritz,Director Cosam,2026-11-01 00:00:00,CENTRO DE SALUD MENTAL COMUNITARIO COSAM ORIENTE,SUBDIRECCION DE GESTION ASISTENCIAL,SALUD MENTAL,Proyecto operacional,2026,1,2026-11-01 00:00:00
674,Administración de Fondos,1077241-86-PC26,22.01.001,Comité de Participación y Gestión Intercultural - Navidad 2026,4,Material de Enseñanza,1320,40920,Pedro Fritz,Director Cosam,2026-11-01 00:00:00,CENTRO DE SALUD MENTAL COMUNITARIO COSAM ORIENTE,SUBDIRECCION DE GESTION ASISTENCIAL,SALUD MENTAL,Proyecto operacional,2026,1,2026-11-01 00:00:00
675,Administración de Fondos,1077241-86-PC26,22.01.001,Comité de Participación y Gestión Intercultural - Navidad 2026,4,Bolsas Regalo,790,23700,Pedro Fritz,Director Cosam,2026-11-01 00:00:00,CENTRO DE SALUD MENTAL COMUNITARIO COSAM ORIENTE,SUBDIRECCION DE GESTION ASISTENCIAL,SALUD MENTAL,Proyecto operacional,2026,1,2026-11-01 00:00:00
676,Administración de Fondos,1077241-87-PC26,22.04.002,Implementos de Terapia Ocupacional.,1,Material de Enseñanza,6116,159016,Pedro Fritz,Director Cosam,2026-01-01 00:00:00,CENTRO DE SALUD MENTAL COMUNITARIO COSAM ORIENTE,SUBDIRECCION DE GESTION ASISTENCIAL,SALUD MENTAL,Proyecto operacional,2026,1,2026-01-01 00:00:00
677,Administración de Fondos,1077241-88-PC26,22.01.001.002,AUTOCUIDADO CONVENIO SENDA 2026,3,Servicio Cafeteria,350000,700000,Pedro Fritz,Director Cosam,2026-02-01 00:00:00,CENTRO DE SALUD MENTAL COMUNITARIO COSAM ORIENTE,SUBDIRECCION DE GESTION ASISTENCIAL,SALUD MENTAL,Proyecto operacional,2026,1,2026-02-01 00:00:00
678,Administración de Fondos,1077241-88-PC26,22.01.001.002,AUTOCUIDADO CONVENIO SENDA 2026,3,Alimentación,2267,392191,Pedro Fritz,Director Cosam,2026-02-01 00:00:00,CENTRO DE SALUD MENTAL COMUNITARIO COSAM ORIENTE,SUBDIRECCION DE GESTION ASISTENCIAL,SALUD MENTAL,Proyecto operacional,2026,1,2026-02-01 00:00:00
679,Administración de Fondos,1077241-88-PC26,22.01.001.002,AUTOCUIDADO CONVENIO SENDA 2026,3,Menaje,99,39600,Pedro Fritz,Director Cosam,2026-02-01 00:00:00,CENTRO DE SALUD MENTAL COMUNITARIO COSAM ORIENTE,SUBDIRECCION DE GESTION ASISTENCIAL,SALUD MENTAL,Proyecto operacional,2026,1,2026-02-01 00:00:00
680,Bienes y Servicios,1057532-359-PC26,22.06.001,Mantenimiento baños y camarines,1,Mantencion,77778,700002,Pedro Fritz,Director,2026-02-01 00:00:00,CENTRO DE SALUD MENTAL COMUNITARIO COSAM ORIENTE,SUBDIRECCION DE GESTION ASISTENCIAL,SALUD MENTAL,Proyecto operacional,2026,1,2026-02-01 00:00:00
681,Bienes y Servicios,1057532-360-PC26,22.06.001,Construcción de radieres en estacionamiento,1,Mantencion,583334,7000008,Pedro Fritz,Director,2026-02-01 00:00:00,CENTRO DE SALUD MENTAL COMUNITARIO COSAM ORIENTE,SUBDIRECCION DE GESTION ASISTENCIAL,SALUD MENTAL,Proyecto operacional,2026,1,2026-02-01 00:00:00
682,Bienes y Servicios,1057532-361-PC26,22.06.001,Mantención comedor lado patio interior,1,Mantencion,800000,800000,Pedro Fritz,Director,2026-03-01 00:00:00,CENTRO DE SALUD MENTAL COMUNITARIO COSAM ORIENTE,SUBDIRECCION DE GESTION ASISTENCIAL,SALUD MENTAL,Proyecto operacional,2026,1,2026-03-01 00:00:00
683,Bienes y Servicios,1057532-362-PC26,22.06.001,Pintado de muros perimetrales de edificio.,1,Mantencion,3500000,3500000,Pedro Fritz,Director,2026-02-01 00:00:00,CENTRO DE SALUD MENTAL COMUNITARIO COSAM ORIENTE,SUBDIRECCION DE GESTION ASISTENCIAL,SALUD MENTAL,Proyecto operacional,2026,1,2026-02-01 00:00:00
684,Bienes y Servicios,1057532-363-PC26,22.06.001,Mantenimiento caseta de guardias,1,Mantencion,2000000,2000000,Pedro Fritz,Director,2026-03-01 00:00:00,CENTRO DE SALUD MENTAL COMUNITARIO COSAM ORIENTE,SUBDIRECCION DE GESTION ASISTENCIAL,SALUD MENTAL,Proyecto operacional,2026,1,2026-03-01 00:00:00
685,Bienes y Servicios,1057532-364-PC26,22.06.001,"Instalación de manillas en puertas metálicas de sala REAS, Caldera, Generador",1,Mantencion,133334,800004,Pedro Fritz,Director,2026-04-01 00:00:00,CENTRO DE SALUD MENTAL COMUNITARIO COSAM ORIENTE,SUBDIRECCION DE GESTION ASISTENCIAL,SALUD MENTAL,Proyecto operacional,2026,1,2026-04-01 00:00:00
686,Bienes y Servicios,1057532-366-PC26,22.06.001,Reparar fuga red de agua alimentación invernadero.,1,Mantencion,600000,600000,Pedro Fritz,Director,2026-01-01 00:00:00,CENTRO DE SALUD MENTAL COMUNITARIO COSAM ORIENTE,SUBDIRECCION DE GESTION ASISTENCIAL,SALUD MENTAL,Proyecto operacional,2026,1,2026-01-01 00:00:00
687,Bienes y Servicios,1057532-367-PC26,22.06.001,Habilitación de sala pagoda como sala de recuperación pacientes.,1,Mantencion,4000000,4000000,Pedro Fritz,Director,2026-07-01 00:00:00,CENTRO DE SALUD MENTAL COMUNITARIO COSAM ORIENTE,SUBDIRECCION DE GESTION ASISTENCIAL,SALUD MENTAL,Proyecto operacional,2026,1,2026-07-01 00:00:00
688,Bienes y Servicios,1057532-368-PC26,22.06.001,Mantenimiento de cámaras y red ed aguas lluvia y reemplazo de bomba de impulsión,1,Mantencion,5500000,5500000,Pedro Fritz,Director,2026-03-01 00:00:00,CENTRO DE SALUD MENTAL COMUNITARIO COSAM ORIENTE,SUBDIRECCION DE GESTION ASISTENCIAL,SALUD MENTAL,Proyecto operacional,2026,1,2026-03-01 00:00:00
689,Bienes y Servicios,1057532-369-PC26,22.06.001,"Mantenimiento de cámaras y red de alcantarillado, artefactos sanitarios.",1,Mantencion,3000000,3000000,Pedro Fritz,Director,2026-04-01 00:00:00,CENTRO DE SALUD MENTAL COMUNITARIO COSAM ORIENTE,SUBDIRECCION DE GESTION ASISTENCIAL,SALUD MENTAL,Proyecto operacional,2026,1,2026-04-01 00:00:00
690,Bienes y Servicios,1057532-371-PC26,22.06.001,Mantenimiento planta elevadora aguas servidas,1,Mantencion,1500000,1500000,Pedro Fritz,Director,2026-07-01 00:00:00,CENTRO DE SALUD MENTAL COMUNITARIO COSAM ORIENTE,SUBDIRECCION DE GESTION ASISTENCIAL,SALUD MENTAL,Proyecto operacional,2026,1,2026-06-01 00:00:00
691,Bienes y Servicios,1057532-372-PC26,22.03.003,Suministro de Pellet para sistema de calefacción,1,Pellet,7000,17500000,Pedro Fritz,Director,2026-03-01 00:00:00,CENTRO DE SALUD MENTAL COMUNITARIO COSAM ORIENTE,SUBDIRECCION DE GESTION ASISTENCIAL,SALUD MENTAL,Proyecto operacional,2026,4,"01-03-2026,01-05-2026,01-07-2026,01-09-2026"
692,Bienes y Servicios,1057532-373-PC26,22.03.999,Suministro de diesel para generador eléctrico,1,Combustibles,2600,1820000,Pedro Fritz,Director,2026-05-01 00:00:00,CENTRO DE SALUD MENTAL COMUNITARIO COSAM ORIENTE,SUBDIRECCION DE GESTION ASISTENCIAL,SALUD MENTAL,Proyecto operacional,2026,1,2026-05-01 00:00:00
693,Bienes y Servicios,1057532-374-PC26,22.06.001,Reemplazo de equipo iluminación interior.,1,Mantencion,20000,1200000,Pedro Fritz,Director,2026-03-01 00:00:00,CENTRO DE SALUD MENTAL COMUNITARIO COSAM ORIENTE,SUBDIRECCION DE GESTION ASISTENCIAL,SALUD MENTAL,Proyecto operacional,2026,1,2026-03-01 00:00:00
694,Bienes y Servicios,1057532-375-PC26,22.06.001,Mantenimiento sensores de humo,1,Mantencion,69445,2500020,Pedro Fritz,Director,2026-06-01 00:00:00,CENTRO DE SALUD MENTAL COMUNITARIO COSAM ORIENTE,SUBDIRECCION DE GESTION ASISTENCIAL,SALUD MENTAL,Proyecto operacional,2026,1,2026-06-01 00:00:00
695,Bienes y Servicios,1057532-376-PC26,22.06.001,Mantenimiento sistema de cierre/apertura puertas de PVC,1,Mantenimiento,100000,2500000,Pedro Fritz,Director,2026-08-01 00:00:00,CENTRO DE SALUD MENTAL COMUNITARIO COSAM ORIENTE,SUBDIRECCION DE GESTION ASISTENCIAL,SALUD MENTAL,Proyecto operacional,2026,1,2026-08-01 00:00:00
696,Bienes y Servicios,1057532-377-PC26,22.06.001,Mantención de enchufes e interruptores lampistería instalación interior.,1,Mantencion,15625,2500000,Pedro Fritz,Director,2026-08-01 00:00:00,CENTRO DE SALUD MENTAL COMUNITARIO COSAM ORIENTE,SUBDIRECCION DE GESTION ASISTENCIAL,SALUD MENTAL,Proyecto operacional,2026,1,2026-08-01 00:00:00
697,Bienes y Servicios,1057532-378-PC26,22.08.007,MOVIL AÑO 2027,1,Movilización,18300000,0,Pedro Fritz,Director Cosam,2026-11-01 00:00:00,CENTRO DE SALUD MENTAL COMUNITARIO COSAM ORIENTE,SUBDIRECCION DE GESTION ASISTENCIAL,SALUD MENTAL,Proyecto operacional,2026,12,"01-01-2027,01-02-2027,01-03-2027,01-04-2027,01-05-2027,01-06-2027,01-07-2027,01-08-2027,01-09-2027,01-10-2027,01-11-2027,01-12-2027"
698,Bienes y Servicios,1057532-379-PC26,22.04.001,Materiales de Secretaria para uso del Cosam 2026,1,Material de Oficina,6095,816730,Pedro Fritz,Director Cosam,2026-03-01 00:00:00,CENTRO DE SALUD MENTAL COMUNITARIO COSAM ORIENTE,SUBDIRECCION DE GESTION ASISTENCIAL,SALUD MENTAL,Proyecto operacional,2026,1,2026-03-01 00:00:00
699,Administración de Fondos,1077241-90-PC26,22.01.001,Intervención Psicosocial Grupal para Familiares de Usuarios/as con Diagnóstico de Esquizofrenia,2,Alimentación,2595,176460,Pedro Fritz,Director Cosam,2026-03-01 00:00:00,CENTRO DE SALUD MENTAL COMUNITARIO COSAM ORIENTE,SUBDIRECCION DE GESTION ASISTENCIAL,SALUD MENTAL,Proyecto operacional,2026,1,2026-03-01 00:00:00
700,Administración de Fondos,1077241-90-PC26,22.01.001,Intervención Psicosocial Grupal para Familiares de Usuarios/as con Diagnóstico de Esquizofrenia,2,Menaje,7080,35400,Pedro Fritz,Director Cosam,2026-03-01 00:00:00,CENTRO DE SALUD MENTAL COMUNITARIO COSAM ORIENTE,SUBDIRECCION DE GESTION ASISTENCIAL,SALUD MENTAL,Proyecto operacional,2026,1,2026-03-01 00:00:00
701,Administración de Fondos,1077241-91-PC26,22.01.001,Intervención Psicosocial Grupal para Usuarios y Usuarias con Consumo de Alcohol y Drogas,4,Alimentación,2595,176460,Pedro Fritz,Director Cosam,2026-03-01 00:00:00,CENTRO DE SALUD MENTAL COMUNITARIO COSAM ORIENTE,SUBDIRECCION DE GESTION ASISTENCIAL,SALUD MENTAL,Proyecto operacional,2026,1,2026-03-01 00:00:00
702,Administración de Fondos,1077241-91-PC26,22.01.001,Intervención Psicosocial Grupal para Usuarios y Usuarias con Consumo de Alcohol y Drogas,4,Menaje,5100,20400,Pedro Fritz,Director Cosam,2026-03-01 00:00:00,CENTRO DE SALUD MENTAL COMUNITARIO COSAM ORIENTE,SUBDIRECCION DE GESTION ASISTENCIAL,SALUD MENTAL,Proyecto operacional,2026,1,2026-03-01 00:00:00
703,Administración de Fondos,1077241-91-PC26,22.01.001,Intervención Psicosocial Grupal para Usuarios y Usuarias con Consumo de Alcohol y Drogas,4,Material de Oficina,15000,15000,Pedro Fritz,Director Cosam,2026-03-01 00:00:00,CENTRO DE SALUD MENTAL COMUNITARIO COSAM ORIENTE,SUBDIRECCION DE GESTION ASISTENCIAL,SALUD MENTAL,Proyecto operacional,2026,1,2026-03-01 00:00:00
704,Administración de Fondos,1077241-91-PC26,22.01.001,Intervención Psicosocial Grupal para Usuarios y Usuarias con Consumo de Alcohol y Drogas,4,Pañuelos,26000,52000,Pedro Fritz,Director Cosam,2026-03-01 00:00:00,CENTRO DE SALUD MENTAL COMUNITARIO COSAM ORIENTE,SUBDIRECCION DE GESTION ASISTENCIAL,SALUD MENTAL,Proyecto operacional,2026,1,2026-03-01 00:00:00
705,Administración de Fondos,1077241-93-PC26,22.01.001,Altas Senda año 2026,4,Alimentación,5594,89504,Pedro Fritz,Director Cosam,2026-08-01 00:00:00,CENTRO DE SALUD MENTAL COMUNITARIO COSAM ORIENTE,SUBDIRECCION DE GESTION ASISTENCIAL,SALUD MENTAL,Proyecto operacional,2026,1,2026-08-01 00:00:00
706,Administración de Fondos,1077241-93-PC26,22.01.001,Altas Senda año 2026,4,Tazon,5000,25000,Pedro Fritz,Director Cosam,2026-08-01 00:00:00,CENTRO DE SALUD MENTAL COMUNITARIO COSAM ORIENTE,SUBDIRECCION DE GESTION ASISTENCIAL,SALUD MENTAL,Proyecto operacional,2026,1,2026-08-01 00:00:00
707,Administración de Fondos,1077241-93-PC26,22.01.001,Altas Senda año 2026,4,Lapiz Pasta,5000,25000,Pedro Fritz,Director Cosam,2026-08-01 00:00:00,CENTRO DE SALUD MENTAL COMUNITARIO COSAM ORIENTE,SUBDIRECCION DE GESTION ASISTENCIAL,SALUD MENTAL,Proyecto operacional,2026,1,2026-08-01 00:00:00
708,Administración de Fondos,1077241-93-PC26,22.01.001,Altas Senda año 2026,4,Arreglos,11000,110000,Pedro Fritz,Director Cosam,2026-08-01 00:00:00,CENTRO DE SALUD MENTAL COMUNITARIO COSAM ORIENTE,SUBDIRECCION DE GESTION ASISTENCIAL,SALUD MENTAL,Proyecto operacional,2026,1,2026-08-01 00:00:00
709,Administración de Fondos,1077241-99-PC26,22.04-22-01,Taller Mindfulness - Anclando la Calma: Regulación Emocional y Conexión,3,Material de Enseñanza,1313,245531,Pedro Fritz,Director Cosam,2026-03-01 00:00:00,CENTRO DE SALUD MENTAL COMUNITARIO COSAM ORIENTE,SUBDIRECCION DE GESTION ASISTENCIAL,SALUD MENTAL,Proyecto operacional,2026,1,2026-03-01 00:00:00
710,Administración de Fondos,1077241-99-PC26,22.04-22-01,Taller Mindfulness - Anclando la Calma: Regulación Emocional y Conexión,3,Abarrotes,2600,15600,Pedro Fritz,Director Cosam,2026-03-01 00:00:00,CENTRO DE SALUD MENTAL COMUNITARIO COSAM ORIENTE,SUBDIRECCION DE GESTION ASISTENCIAL,SALUD MENTAL,Proyecto operacional,2026,1,2026-03-01 00:00:00
711,Administración de Fondos,1077241-99-PC26,22.04-22-01,Taller Mindfulness - Anclando la Calma: Regulación Emocional y Conexión,3,Pañuelos faciales,4000,16000,Pedro Fritz,Director Cosam,2026-03-01 00:00:00,CENTRO DE SALUD MENTAL COMUNITARIO COSAM ORIENTE,SUBDIRECCION DE GESTION ASISTENCIAL,SALUD MENTAL,Proyecto operacional,2026,1,2026-03-01 00:00:00
712,Activos Fijos,1057922-6-PC26,29.04,Sillas Ergonómicas,1,Sillas,266667,4000005,Pedro Fritz,Director Cosam,2026-01-01 00:00:00,CENTRO DE SALUD MENTAL COMUNITARIO COSAM ORIENTE,SUBDIRECCION DE GESTION ASISTENCIAL,SALUD MENTAL,Proyecto operacional,2026,1,2026-01-01 00:00:00
713,Bienes y Servicios,1057532-524-PC26,22.06.001,Obras civiles para montaje de 2 futuros contenedores de largo 20 pies,1,Construcción,12000000,12000000,Pedro Fritz,Director,2026-08-01 00:00:00,CENTRO DE SALUD MENTAL COMUNITARIO COSAM ORIENTE,SUBDIRECCION DE GESTION ASISTENCIAL,SALUD MENTAL,Proyecto operacional,2026,1,2026-08-01 00:00:00
714,Administración de Fondos,1077241-106-PC26,22.01-22.04-22.02,Taller de habilidades para la vida 2026,5,Artículos de cocina,6611,112387,Pedro Fritz,Director COSAM Oriente,2026-01-01 00:00:00,CENTRO DE SALUD MENTAL COMUNITARIO COSAM ORIENTE,SUBDIRECCION DE GESTION ASISTENCIAL,SALUD MENTAL,Proyecto estratégico,2026,1,2026-02-01 00:00:00
715,Administración de Fondos,1077241-106-PC26,22.01-22.04-22.02,Taller de habilidades para la vida 2026,5,Alimentación,1805,43320,Pedro Fritz,Director COSAM Oriente,2026-01-01 00:00:00,CENTRO DE SALUD MENTAL COMUNITARIO COSAM ORIENTE,SUBDIRECCION DE GESTION ASISTENCIAL,SALUD MENTAL,Proyecto estratégico,2026,1,2026-02-01 00:00:00
716,Administración de Fondos,1077241-106-PC26,22.01-22.04-22.02,Taller de habilidades para la vida 2026,5,Útiles de aseo,1389,25002,Pedro Fritz,Director COSAM Oriente,2026-01-01 00:00:00,CENTRO DE SALUD MENTAL COMUNITARIO COSAM ORIENTE,SUBDIRECCION DE GESTION ASISTENCIAL,SALUD MENTAL,Proyecto estratégico,2026,1,2026-02-01 00:00:00
717,Administración de Fondos,1077241-106-PC26,22.01-22.04-22.02,Taller de habilidades para la vida 2026,5,Artículos de cocina textiles,6250,25000,Pedro Fritz,Director COSAM Oriente,2026-01-01 00:00:00,CENTRO DE SALUD MENTAL COMUNITARIO COSAM ORIENTE,SUBDIRECCION DE GESTION ASISTENCIAL,SALUD MENTAL,Proyecto estratégico,2026,1,2026-02-01 00:00:00
718,Administración de Fondos,1077241-106-PC26,22.01-22.04-22.02,Taller de habilidades para la vida 2026,5,Fósforos,1700,1700,Pedro Fritz,Director COSAM Oriente,2026-01-01 00:00:00,CENTRO DE SALUD MENTAL COMUNITARIO COSAM ORIENTE,SUBDIRECCION DE GESTION ASISTENCIAL,SALUD MENTAL,Proyecto estratégico,2026,1,2026-02-01 00:00:00
719,Activos Fijos,1057922-20-PC26,2579,Adquisición de herramientas,1,Atornillador,300000,300000,Pedro Fritz,Director,2026-01-01 00:00:00,CENTRO DE SALUD MENTAL COMUNITARIO COSAM ORIENTE,SUBDIRECCION DE GESTION ASISTENCIAL,SALUD MENTAL,Proyecto operacional,2026,1,2026-01-01 00:00:00
720,Administración de Fondos,1077241-108-PC26,2207,Taller de niños y niñas - Taller de padres,1,Material de Enseñanza,2919,350280,Pedro Fritz,Director Cosam,2026-03-01 00:00:00,CENTRO DE SALUD MENTAL COMUNITARIO COSAM ORIENTE,SUBDIRECCION DE GESTION ASISTENCIAL,SALUD MENTAL,Proyecto operacional,2026,1,2026-03-01 00:00:00
721,Administración de Fondos,1077241-109-PC26,2210,Taller Arte Terapia,1,Material de Enseñanza,1406,506160,Pedro Fritz,Director Cosam,2026-02-01 00:00:00,CENTRO DE SALUD MENTAL COMUNITARIO COSAM ORIENTE,SUBDIRECCION DE GESTION ASISTENCIAL,SALUD MENTAL,Proyecto operacional,2026,1,2026-03-01 00:00:00
722,Administración de Fondos,1077241-110-PC26,2240,Comité de Participación y Gestión Intercultural,5,Alimentación,1700,442000,Pedro Fritz,Director Cosam,2026-01-01 00:00:00,CENTRO DE SALUD MENTAL COMUNITARIO COSAM ORIENTE,SUBDIRECCION DE GESTION ASISTENCIAL,SALUD MENTAL,Proyecto operacional,2026,1,2026-01-01 00:00:00
723,Administración de Fondos,1077241-110-PC26,2240,Comité de Participación y Gestión Intercultural,5,Material de Oficina,983,501330,Pedro Fritz,Director Cosam,2026-01-01 00:00:00,CENTRO DE SALUD MENTAL COMUNITARIO COSAM ORIENTE,SUBDIRECCION DE GESTION ASISTENCIAL,SALUD MENTAL,Proyecto operacional,2026,1,2026-01-01 00:00:00
724,Administración de Fondos,1077241-110-PC26,2240,Comité de Participación y Gestión Intercultural,5,Menaje,71,49700,Pedro Fritz,Director Cosam,2026-01-01 00:00:00,CENTRO DE SALUD MENTAL COMUNITARIO COSAM ORIENTE,SUBDIRECCION DE GESTION ASISTENCIAL,SALUD MENTAL,Proyecto operacional,2026,1,2026-01-01 00:00:00
725,Administración de Fondos,1077241-110-PC26,2240,Comité de Participación y Gestión Intercultural,5,Toldo Mesa,120000,240000,Pedro Fritz,Director Cosam,2026-01-01 00:00:00,CENTRO DE SALUD MENTAL COMUNITARIO COSAM ORIENTE,SUBDIRECCION DE GESTION ASISTENCIAL,SALUD MENTAL,Proyecto operacional,2026,1,2026-01-01 00:00:00
726,Administración de Fondos,1077241-110-PC26,2240,Comité de Participación y Gestión Intercultural,5,Tinta Botellas,35000,70000,Pedro Fritz,Director Cosam,2026-01-01 00:00:00,CENTRO DE SALUD MENTAL COMUNITARIO COSAM ORIENTE,SUBDIRECCION DE GESTION ASISTENCIAL,SALUD MENTAL,Proyecto operacional,2026,1,2026-01-01 00:00:00
727,Activos Fijos,1057922-22-PC26,2584,Adquisción de hidrolavadora 120BAR,1,Hidrolavadora,250000,250000,Pedro Fritz,Director,2026-01-01 00:00:00,CENTRO DE SALUD MENTAL COMUNITARIO COSAM ORIENTE,SUBDIRECCION DE GESTION ASISTENCIAL,SALUD MENTAL,Proyecto operacional,2026,1,2026-02-01 00:00:00
728,Bienes y Servicios,1057532-379-PC25,22.08.007,Convenio - SERVICIO DE MOVILIZACION PARA EL AÑO 2026,1,Movilizacion,17500000,16041663,Pedro Fritz Cardeans,DIRECTOR COSAM,2025-08-01 00:00:00,CENTRO DE SALUD MENTAL COMUNITARIO COSAM ORIENTE,SUBDIRECCION DE GESTION ASISTENCIAL,SALUD MENTAL,Proyecto operacional,2026,12,"01-02-2026,01-03-2026,01-04-2026,01-05-2026,01-06-2026,01-07-2026,01-08-2026,01-09-2026,01-10-2026,01-11-2026,01-12-2026,01-01-2027"
729,Bienes y Servicios,1057532-331-PC26,22.12.999.015,Compra de Insumos de Cafetería reuniones ordinarias anuales de Salud Pueblos Originarios,1,Alimentación,642,1352694,Pedro Huito,Apoyo Salud Intercultural,2026-03-01 00:00:00,"DEPARTAMENTO DE PARTICIPACION CIUDADANA, SATISFACCION USUARIA Y SALUD PUEBLOS OR",SUBDIRECCION DE GESTION ASISTENCIAL,"PARTICIPACION CIUDADANA, SATISFACCION USUARIA Y SALUD PUEBLOS OR",Proyecto operacional,2026,1,2026-03-01 00:00:00
730,Administración de Fondos,1077241-97-PC26,22.12.999.015,"Jornada de Inducción a médicos EDF, sobre Interculturalidad en Salud con pueblos originarios",2,Servicio Cafeteria,750000,750000,Pedro Huito,Apoyo Salud Intercultural,2026-07-01 00:00:00,"DEPARTAMENTO DE PARTICIPACION CIUDADANA, SATISFACCION USUARIA Y SALUD PUEBLOS OR",SUBDIRECCION DE GESTION ASISTENCIAL,"PARTICIPACION CIUDADANA, SATISFACCION USUARIA Y SALUD PUEBLOS OR",Proyecto operacional,2026,1,2026-07-01 00:00:00
731,Administración de Fondos,1077241-97-PC26,22.12.999.015,"Jornada de Inducción a médicos EDF, sobre Interculturalidad en Salud con pueblos originarios",2,Servicio Cafeteria,750000,750000,Pedro Huito,Apoyo Salud Intercultural,2026-10-01 00:00:00,"DEPARTAMENTO DE PARTICIPACION CIUDADANA, SATISFACCION USUARIA Y SALUD PUEBLOS OR",SUBDIRECCION DE GESTION ASISTENCIAL,"PARTICIPACION CIUDADANA, SATISFACCION USUARIA Y SALUD PUEBLOS OR",Proyecto operacional,2026,1,2026-07-01 00:00:00
732,Bienes y Servicios,1057532-390-PC26,22.04.001,CONMEMORACIÓN DÍA INTERNACIONAL DE LA SALUD MENTAL 2026,1,Material de Oficina,2067,624234,Pilar Mora,Encargada Saludablemente Funcionarios,2026-10-01 00:00:00,DEPARTAMENTO DE CALIDAD DE VIDA,SUBDIRECCION DE GESTION Y DESARROLLO DE LAS PERSONAS,CALIDAD DE VIDA,Proyecto operacional,2026,1,2026-10-01 00:00:00
733,Bienes y Servicios,1057532-38-PC26,22.04.002,MATERIALES DIDACTICOS INTERVENCIONES DE SALUD MENTAL,1,Textos y Otros Materiales de Enseñanza,2444,720980,Pilar Mora,Encargada Saludablemente Funcionarios,2026-04-01 00:00:00,DEPARTAMENTO DE CALIDAD DE VIDA,SUBDIRECCION DE GESTION Y DESARROLLO DE LAS PERSONAS,CALIDAD DE VIDA,Proyecto operacional,2026,1,2026-04-01 00:00:00
734,Bienes y Servicios,1057532-67-PC26,22.04.012,Compra de insumo clínicos para funcionamiento operativo y de intervención en atención de pacientes prehospitalarios SAMU,1,"Otros Materiales de uso o consumo, Repuestos y Útiles Diversos",1404,125158176,Raul Nuñez,JEFE SAMU OSORNO,2026-06-01 00:00:00,SAMU - SERVICIO DE ATENCION MEDICO DE URGENCIAS,SUBDIRECCION DE GESTION ASISTENCIAL,SAMU,Proyecto operacional,2026,1,2026-06-01 00:00:00
735,Bienes y Servicios,1057532-397-PC25,22.09.003,Convenio - CONVENIO DE ARRIENDO DE AMBULANCIAS SAMU POR EL PERIODO COMPRENDIDO ENTRE SEPTIEMBRE 2025 A DICIEMBRE 2026,1,Arriendo Ambulancia,4687500,56250000,Raul Nuñez Vega,JEFE SAMU OSORNO,2025-08-01 00:00:00,SAMU - SERVICIO DE ATENCION MEDICO DE URGENCIAS,SUBDIRECCION DE GESTION ASISTENCIAL,SAMU,Proyecto operacional,2026,16,"01-09-2025,01-10-2025,01-11-2025,01-12-2025,01-01-2026,01-02-2026,01-03-2026,01-04-2026,01-05-2026,01-06-2026,01-07-2026,01-08-2026,01-09-2026,01-10-2026,01-11-2026,01-12-2026"
736,Bienes y Servicios,1057532-376-PC25,22.08.007,Convenio - Pac PASAJES 2025-2026 DSSO,1,Pasajes,16500000,11000004,Sandra Espinoza,PAC Pasajes DSSO 2025-2026,2025-06-01 00:00:00,DEPARTAMENTO DE ABASTECIMIENTO Y OPERACIONES,SUBDIRECCION ADMINISTRATIVA,ABASTECIMIENTO Y OPERACIONES,Proyecto operacional,2026,18,"01-07-2025,01-08-2025,01-09-2025,01-10-2025,01-11-2025,01-12-2025,01-01-2026,01-02-2026,01-03-2026,01-04-2026,01-05-2026,01-06-2026,01-07-2026,01-08-2026,01-09-2026,01-10-2026,01-11-2026,01-12-2026"
737,Bienes y Servicios,1057532-378-PC25,22.01.001.003,Convenio - PAC Convenio Cafeteria DSSO,1,Cafeteria,80000000,80000000,Sandra Espinoza,Jefa Subdepto Abastecimiento,2025-08-01 00:00:00,DEPARTAMENTO DE ABASTECIMIENTO Y OPERACIONES,SUBDIRECCION ADMINISTRATIVA,ABASTECIMIENTO Y OPERACIONES,Proyecto operacional,2026,12,"01-02-2026,01-03-2026,01-04-2026,01-05-2026,01-06-2026,01-07-2026,01-08-2026,01-09-2026,01-10-2026,01-11-2026,01-12-2026,01-01-2026"
738,Bienes y Servicios,1057532-583-PC26,22.04.002,COMPRA DE MATERIALES DE OFICINA E INSUMOS DE CAFETERIA PARA LA UNIDAD DE CICLO LABORAL DEL S.S.O.,5,Menaje,73,157680,Sandra Rodriguez,Jefa Unidad Ciclo Laboral,2026-02-01 00:00:00,UNIDAD DE CICLO LABORAL,SUBDIRECCION DE GESTION Y DESARROLLO DE LAS PERSONAS,DESARROLLO ORGANIZACIONAL,Proyecto operacional,2026,1,2026-02-01 00:00:00
739,Bienes y Servicios,1057532-583-PC26,22.04.002,COMPRA DE MATERIALES DE OFICINA E INSUMOS DE CAFETERIA PARA LA UNIDAD DE CICLO LABORAL DEL S.S.O.,5,Alimentación,461,647705,Sandra Rodriguez,Jefa Unidad Ciclo Laboral,2026-02-01 00:00:00,UNIDAD DE CICLO LABORAL,SUBDIRECCION DE GESTION Y DESARROLLO DE LAS PERSONAS,DESARROLLO ORGANIZACIONAL,Proyecto operacional,2026,1,2026-02-01 00:00:00
740,Bienes y Servicios,1057532-583-PC26,22.04.002,COMPRA DE MATERIALES DE OFICINA E INSUMOS DE CAFETERIA PARA LA UNIDAD DE CICLO LABORAL DEL S.S.O.,5,Material de Oficina,1053,845559,Sandra Rodriguez,Jefa Unidad Ciclo Laboral,2026-02-01 00:00:00,UNIDAD DE CICLO LABORAL,SUBDIRECCION DE GESTION Y DESARROLLO DE LAS PERSONAS,DESARROLLO ORGANIZACIONAL,Proyecto operacional,2026,1,2026-02-01 00:00:00
741,Bienes y Servicios,1057532-583-PC26,22.04.002,COMPRA DE MATERIALES DE OFICINA E INSUMOS DE CAFETERIA PARA LA UNIDAD DE CICLO LABORAL DEL S.S.O.,5,Marcos-Arreglo-Globo,7947,4498002,Sandra Rodriguez,Jefa Unidad Ciclo Laboral,2026-02-01 00:00:00,UNIDAD DE CICLO LABORAL,SUBDIRECCION DE GESTION Y DESARROLLO DE LAS PERSONAS,DESARROLLO ORGANIZACIONAL,Proyecto operacional,2026,1,2026-02-01 00:00:00
742,Bienes y Servicios,1057532-583-PC26,22.04.002,COMPRA DE MATERIALES DE OFICINA E INSUMOS DE CAFETERIA PARA LA UNIDAD DE CICLO LABORAL DEL S.S.O.,5,Material de Enseñanza,375,438750,Sandra Rodriguez,Jefa Unidad Ciclo Laboral,2026-02-01 00:00:00,UNIDAD DE CICLO LABORAL,SUBDIRECCION DE GESTION Y DESARROLLO DE LAS PERSONAS,DESARROLLO ORGANIZACIONAL,Proyecto operacional,2026,1,2026-02-01 00:00:00
743,Bienes y Servicios,1057532-284-PC26,22.04.001,Adquisicición Hojas Prehospitalarias,1,Talonarios,7695,2000700,Silvia Delgado,Encargada Proceso De Urgencia,2026-03-01 00:00:00,DEPARTAMENTO ARTICULACION DE LA RED ASISTENCIAL,SUBDIRECCION DE GESTION ASISTENCIAL,ARTICULACION DE LA RED ASISTENCIAL,Proyecto operacional,2026,1,2026-03-01 00:00:00
744,Bienes y Servicios,1057532-285-PC26,22.04.999,Adquisicición Kit de Triage y Sistema de comando incidente,1,Kit Sistema,100667,1510005,Silvia Delgado,Encargada Proceso De Urgencia,2026-03-01 00:00:00,DEPARTAMENTO ARTICULACION DE LA RED ASISTENCIAL,SUBDIRECCION DE GESTION ASISTENCIAL,ARTICULACION DE LA RED ASISTENCIAL,Proyecto operacional,2026,1,2026-03-01 00:00:00
745,Bienes y Servicios,1057532-286-PC26,22.04.001,II Jornada de Capacitación Red de Urgencia,2,Opalina,450,22500,Silvia Delgado,Encargada Proceso De Urgencia,2026-03-01 00:00:00,DEPARTAMENTO ARTICULACION DE LA RED ASISTENCIAL,SUBDIRECCION DE GESTION ASISTENCIAL,ARTICULACION DE LA RED ASISTENCIAL,Proyecto operacional,2026,1,2026-03-01 00:00:00
746,Bienes y Servicios,1057532-286-PC26,22.04.001,II Jornada de Capacitación Red de Urgencia,2,Cafeteria,850000,850000,Silvia Delgado,Encargada Proceso De Urgencia,2026-03-01 00:00:00,DEPARTAMENTO ARTICULACION DE LA RED ASISTENCIAL,SUBDIRECCION DE GESTION ASISTENCIAL,ARTICULACION DE LA RED ASISTENCIAL,Proyecto operacional,2026,1,2026-03-01 00:00:00
747,Bienes y Servicios,1057532-173-PC25,22.04.005.003,"Convenio - CONVENIO DE ADQUISICION DE KIT POINT OF CARE (POC) CON ARRIENDO DE EQUIPO PARA ANALISIS DE MUESTRAS, SSO",1,Equipo,70000000,40833335,Sofia Reyes,Encargada,2025-07-01 00:00:00,DEPARTAMENTO ARTICULACION DE LA RED ASISTENCIAL,SUBDIRECCION DE GESTION ASISTENCIAL,ARTICULACION DE LA RED ASISTENCIAL,Proyecto operacional,2026,12,"01-08-2025,01-09-2025,01-10-2025,01-11-2025,01-12-2025,01-01-2026,01-02-2026,01-03-2026,01-04-2026,01-05-2026,01-06-2026,01-07-2026"
748,Bienes y Servicios,1057532-351-PC26,22.04.003.002,"Convenio - CONVENIO DE ADQUISICION DE KIT POINT OF CARE (POC) CON ARRIENDO DE EQUIPOS PARA ANALISIS DE MUESTRAS, SSO",1,Convenio Kit Point,75000000,31250000,Sofia Reyes,Encargada Apoyo Diagnóstico Laboratorio,2026-07-01 00:00:00,DEPARTAMENTO ARTICULACION DE LA RED ASISTENCIAL,SUBDIRECCION DE GESTION ASISTENCIAL,ARTICULACION DE LA RED ASISTENCIAL,Proyecto estratégico,2026,12,"01-08-2026,01-09-2026,01-10-2026,01-11-2026,01-12-2026,01-01-2027,01-02-2027,01-03-2027,01-04-2027,01-05-2027,01-06-2027,01-07-2027"
749,Bienes y Servicios,1057532-394-PC26,22.09.005.002,"Convenio - CONVENIO SUMINISTRO DE REACTIVOS CON ARRIENDO DE EQUIPOS Y SISTEMA INFORMATICO INTEGRADO DE LABORATORIO CLINICO, SSO",1,Convenio Equipos,3772644796,471580596,Sofia Reyes,Encargada Apoyo Diagnóstico Laboratorio,2026-04-01 00:00:00,DEPARTAMENTO ARTICULACION DE LA RED ASISTENCIAL,SUBDIRECCION DE GESTION ASISTENCIAL,ARTICULACION DE LA RED ASISTENCIAL,Proyecto operacional,2026,32,"01-09-2026,01-10-2026,01-11-2026,01-12-2026,01-01-2027,01-02-2027,01-03-2027,01-04-2027,01-05-2027,01-06-2027,01-07-2027,01-08-2027,01-09-2027,01-10-2027,01-11-2027,01-12-2027,01-01-2028,01-02-2028,01-03-2028,01-04-2028,01-05-2028,01-06-2028,01-07-2028,01-08-2028,01-09-2028,01-10-2028,01-11-2028,01-12-2028,01-01-2029,01-02-2029,01-03-2029,01-04-2029"
750,Bienes y Servicios,1057532-375-PC25,22.04.005.003,"Convenio - ADQUISICION DE KIT POINT OF CARE (POC) CON ARRIENDO DE EQUIPO PARA ANALISIS DE MUESTRAS POR 12 MESES, SSO",1,Suministro KIT Point,90000000,52500000,Sofia Reyes Alarcon,COMPRADOR,2025-07-01 00:00:00,DEPARTAMENTO ARTICULACION DE LA RED ASISTENCIAL,SUBDIRECCION DE GESTION ASISTENCIAL,ARTICULACION DE LA RED ASISTENCIAL,Proyecto operacional,2026,12,"01-08-2025,01-09-2025,01-10-2025,01-11-2025,01-12-2025,01-01-2026,01-02-2026,01-03-2026,01-04-2026,01-05-2026,01-06-2026,01-07-2026"
751,Bienes y Servicios,1057532-58-PC26,22.04.002,Compra de artículos de librería para la realización de actividades,1,Textos y Otros Materiales de Enseñanza,642,95016,Soraya Medina,Jefa(s) Unidad Satisfacción Usuaria,2026-05-01 00:00:00,DEPARTAMENTO DE GESTION COMUNITARIA Y PUEBLOS ORIGINARIOS,SUBDIRECCION DE GESTION ASISTENCIAL,DEPARTAMENTO DE GESTION COMUNITARIA Y PUEBLOS ORIGINARIOS,Proyecto operacional,2026,1,2026-05-01 00:00:00
752,Bienes y Servicios,1057532-83-PC26,22.01.001,"Compra de servicios de cafetería para reuniones, jornadas, capacitaciones, encuentros de la red",6,Servicio de Cafeter,100000,100000,Soraya Medina,Jefa(s) Unidad Satisfacción Usuaria,2026-12-01 00:00:00,DEPARTAMENTO DE GESTION COMUNITARIA Y PUEBLOS ORIGINARIOS,SUBDIRECCION DE GESTION ASISTENCIAL,DEPARTAMENTO DE GESTION COMUNITARIA Y PUEBLOS ORIGINARIOS,Proyecto operacional,2026,1,2026-12-01 00:00:00
753,Bienes y Servicios,1057532-83-PC26,22.01.001,"Compra de servicios de cafetería para reuniones, jornadas, capacitaciones, encuentros de la red",6,Servicio de Cafeter,250000,250000,Soraya Medina,Jefa(s) Unidad Satisfacción Usuaria,2026-08-01 00:00:00,DEPARTAMENTO DE GESTION COMUNITARIA Y PUEBLOS ORIGINARIOS,SUBDIRECCION DE GESTION ASISTENCIAL,DEPARTAMENTO DE GESTION COMUNITARIA Y PUEBLOS ORIGINARIOS,Proyecto operacional,2026,1,2026-12-01 00:00:00
754,Bienes y Servicios,1057532-83-PC26,22.01.001,"Compra de servicios de cafetería para reuniones, jornadas, capacitaciones, encuentros de la red",6,Servicio de Cafeter,250000,250000,Soraya Medina,Jefa(s) Unidad Satisfacción Usuaria,2026-05-01 00:00:00,DEPARTAMENTO DE GESTION COMUNITARIA Y PUEBLOS ORIGINARIOS,SUBDIRECCION DE GESTION ASISTENCIAL,DEPARTAMENTO DE GESTION COMUNITARIA Y PUEBLOS ORIGINARIOS,Proyecto operacional,2026,1,2026-12-01 00:00:00
755,Bienes y Servicios,1057532-83-PC26,22.01.001,"Compra de servicios de cafetería para reuniones, jornadas, capacitaciones, encuentros de la red",6,Servicio de Cafeter,500000,500000,Soraya Medina,Jefa(s) Unidad Satisfacción Usuaria,2026-09-01 00:00:00,DEPARTAMENTO DE GESTION COMUNITARIA Y PUEBLOS ORIGINARIOS,SUBDIRECCION DE GESTION ASISTENCIAL,DEPARTAMENTO DE GESTION COMUNITARIA Y PUEBLOS ORIGINARIOS,Proyecto operacional,2026,1,2026-12-01 00:00:00
756,Bienes y Servicios,1057532-83-PC26,22.01.001,"Compra de servicios de cafetería para reuniones, jornadas, capacitaciones, encuentros de la red",6,Servicio de Cafeter,500000,500000,Soraya Medina,Jefa(s) Unidad Satisfacción Usuaria,2026-06-01 00:00:00,DEPARTAMENTO DE GESTION COMUNITARIA Y PUEBLOS ORIGINARIOS,SUBDIRECCION DE GESTION ASISTENCIAL,DEPARTAMENTO DE GESTION COMUNITARIA Y PUEBLOS ORIGINARIOS,Proyecto operacional,2026,1,2026-12-01 00:00:00
757,Bienes y Servicios,1057532-83-PC26,22.01.001,"Compra de servicios de cafetería para reuniones, jornadas, capacitaciones, encuentros de la red",6,Servicio de Cafeter,300000,300000,Soraya Medina,Jefa(s) Unidad Satisfacción Usuaria,2026-10-01 00:00:00,DEPARTAMENTO DE GESTION COMUNITARIA Y PUEBLOS ORIGINARIOS,SUBDIRECCION DE GESTION ASISTENCIAL,DEPARTAMENTO DE GESTION COMUNITARIA Y PUEBLOS ORIGINARIOS,Proyecto operacional,2026,1,2026-12-01 00:00:00
758,Bienes y Servicios,1057532-386-PC26,22.04.001,MATERIALES DE OFICINA,1,Material de Oficina,21125,169000,Venecia Recabarren,Jefatura Unidad Prev. Riesgos,2026-02-01 00:00:00,"SUB. DPTO. DE PREVENCION DE RIESGOS, SALUD OCUPACIONAL Y GESTION AMBIENTAL.",SUBDIRECCION DE GESTION Y DESARROLLO DE LAS PERSONAS,CALIDAD DE VIDA,Proyecto operacional,2026,1,2026-02-01 00:00:00
759,Bienes y Servicios,1057532-387-PC26,22.02.002,Vestuario y equipamiento Tecnico Referentes Prevención de Riesgos DSSO,1,Geologo,25000,100000,Venecia Recabarren,Jefatura Unidad Prev. Riesgos,2026-03-01 00:00:00,"SUB. DPTO. DE PREVENCION DE RIESGOS, SALUD OCUPACIONAL Y GESTION AMBIENTAL.",SUBDIRECCION DE GESTION Y DESARROLLO DE LAS PERSONAS,CALIDAD DE VIDA,Proyecto operacional,2026,1,2026-03-01 00:00:00
760,Bienes y Servicios,1057532-438-PC26,22.02,Elementos de Protección Personal para el Subdepto. Prevención de Riesgos DSSO,7,Arnés seguridad,45000,90000,Venecia Recabarren,Jefatura Unidad Prev. Riesgos,2026-03-01 00:00:00,"SUB. DPTO. DE PREVENCION DE RIESGOS, SALUD OCUPACIONAL Y GESTION AMBIENTAL.",SUBDIRECCION DE GESTION Y DESARROLLO DE LAS PERSONAS,CALIDAD DE VIDA,Proyecto operacional,2026,1,2026-04-01 00:00:00
761,Bienes y Servicios,1057532-438-PC26,22.02,Elementos de Protección Personal para el Subdepto. Prevención de Riesgos DSSO,7,Cabo de vida,25000,50000,Venecia Recabarren,Jefatura Unidad Prev. Riesgos,2026-03-01 00:00:00,"SUB. DPTO. DE PREVENCION DE RIESGOS, SALUD OCUPACIONAL Y GESTION AMBIENTAL.",SUBDIRECCION DE GESTION Y DESARROLLO DE LAS PERSONAS,CALIDAD DE VIDA,Proyecto operacional,2026,1,2026-04-01 00:00:00
762,Bienes y Servicios,1057532-438-PC26,22.02,Elementos de Protección Personal para el Subdepto. Prevención de Riesgos DSSO,7,Calzado de seguridad,80000,160000,Venecia Recabarren,Jefatura Unidad Prev. Riesgos,2026-01-01 00:00:00,"SUB. DPTO. DE PREVENCION DE RIESGOS, SALUD OCUPACIONAL Y GESTION AMBIENTAL.",SUBDIRECCION DE GESTION Y DESARROLLO DE LAS PERSONAS,CALIDAD DE VIDA,Proyecto operacional,2026,1,2026-04-01 00:00:00
763,Bienes y Servicios,1057532-438-PC26,22.02,Elementos de Protección Personal para el Subdepto. Prevención de Riesgos DSSO,7,Lentes de seguridad,9000,54000,Venecia Recabarren,Jefatura Unidad Prev. Riesgos,2026-06-01 00:00:00,"SUB. DPTO. DE PREVENCION DE RIESGOS, SALUD OCUPACIONAL Y GESTION AMBIENTAL.",SUBDIRECCION DE GESTION Y DESARROLLO DE LAS PERSONAS,CALIDAD DE VIDA,Proyecto operacional,2026,1,2026-04-01 00:00:00
764,Bienes y Servicios,1057532-438-PC26,22.02,Elementos de Protección Personal para el Subdepto. Prevención de Riesgos DSSO,7,Guantes seguridad,6000,36000,Venecia Recabarren,Jefatura Unidad Prev. Riesgos,2026-06-01 00:00:00,"SUB. DPTO. DE PREVENCION DE RIESGOS, SALUD OCUPACIONAL Y GESTION AMBIENTAL.",SUBDIRECCION DE GESTION Y DESARROLLO DE LAS PERSONAS,CALIDAD DE VIDA,Proyecto operacional,2026,1,2026-04-01 00:00:00
765,Bienes y Servicios,1057532-438-PC26,22.02,Elementos de Protección Personal para el Subdepto. Prevención de Riesgos DSSO,7,Casco seguridad,15000,30000,Venecia Recabarren,Jefatura Unidad Prev. Riesgos,2026-06-01 00:00:00,"SUB. DPTO. DE PREVENCION DE RIESGOS, SALUD OCUPACIONAL Y GESTION AMBIENTAL.",SUBDIRECCION DE GESTION Y DESARROLLO DE LAS PERSONAS,CALIDAD DE VIDA,Proyecto operacional,2026,1,2026-04-01 00:00:00
766,Bienes y Servicios,1057532-438-PC26,22.02,Elementos de Protección Personal para el Subdepto. Prevención de Riesgos DSSO,7,Protector auditivo,5000,20000,Venecia Recabarren,Jefatura Unidad Prev. Riesgos,2026-06-01 00:00:00,"SUB. DPTO. DE PREVENCION DE RIESGOS, SALUD OCUPACIONAL Y GESTION AMBIENTAL.",SUBDIRECCION DE GESTION Y DESARROLLO DE LAS PERSONAS,CALIDAD DE VIDA,Proyecto operacional,2026,1,2026-04-01 00:00:00
767,Bienes y Servicios,1057532-444-PC26,22.04.999,Equipamiento Ergonómico,1,Apoya Pies - Alzador Pies - Alza Monitor,43366,8196174,Venecia Recabarren,Jefatura Unidad Prev. Riesgos,2026-01-01 00:00:00,"SUB. DPTO. DE PREVENCION DE RIESGOS, SALUD OCUPACIONAL Y GESTION AMBIENTAL.",SUBDIRECCION DE GESTION Y DESARROLLO DE LAS PERSONAS,CALIDAD DE VIDA,Proyecto operacional,2026,1,2026-01-01 00:00:00
768,Activos Fijos,1057922-15-PC26,29.04,Equipamiento Ergonómico - Sillas,1,Sillas,100000,1000000,Venecia Recabarren,Jefatura Unidad Prev. Riesgos,2026-01-01 00:00:00,"SUB. DPTO. DE PREVENCION DE RIESGOS, SALUD OCUPACIONAL Y GESTION AMBIENTAL.",SUBDIRECCION DE GESTION Y DESARROLLO DE LAS PERSONAS,CALIDAD DE VIDA,Proyecto operacional,2026,1,2026-01-01 00:00:00
769,Bienes y Servicios,1057532-451-PC26,22.04.001,Cintas de Seguridad,1,Cinta,30455,335005,Venecia Recabarren,Jefatura Unidad Prev. Riesgos,2026-03-01 00:00:00,"SUB. DPTO. DE PREVENCION DE RIESGOS, SALUD OCUPACIONAL Y GESTION AMBIENTAL.",SUBDIRECCION DE GESTION Y DESARROLLO DE LAS PERSONAS,CALIDAD DE VIDA,Proyecto operacional,2026,1,2026-03-01 00:00:00
770,Bienes y Servicios,1057532-454-PC26,22.04.999,Protección Solar,1,Bloqueador Solar,25000,150000,Venecia Recabarren,Jefatura Unidad Prev. Riesgos,2026-08-01 00:00:00,"SUB. DPTO. DE PREVENCION DE RIESGOS, SALUD OCUPACIONAL Y GESTION AMBIENTAL.",SUBDIRECCION DE GESTION Y DESARROLLO DE LAS PERSONAS,CALIDAD DE VIDA,Proyecto operacional,2026,1,2026-09-01 00:00:00
771,Bienes y Servicios,1057532-457-PC26,22.04.009,Equipamiento Tecnologico,2,Pendrive,10000,20000,Venecia Recabarren,Jefatura Unidad Prev. Riesgos,2026-05-01 00:00:00,"SUB. DPTO. DE PREVENCION DE RIESGOS, SALUD OCUPACIONAL Y GESTION AMBIENTAL.",SUBDIRECCION DE GESTION Y DESARROLLO DE LAS PERSONAS,CALIDAD DE VIDA,Proyecto operacional,2026,1,2026-05-01 00:00:00
772,Bienes y Servicios,1057532-457-PC26,22.04.009,Equipamiento Tecnologico,2,Presentador láser,16000,16000,Venecia Recabarren,Jefatura Unidad Prev. Riesgos,2026-05-01 00:00:00,"SUB. DPTO. DE PREVENCION DE RIESGOS, SALUD OCUPACIONAL Y GESTION AMBIENTAL.",SUBDIRECCION DE GESTION Y DESARROLLO DE LAS PERSONAS,CALIDAD DE VIDA,Proyecto operacional,2026,1,2026-05-01 00:00:00
773,Bienes y Servicios,1057532-460-PC26,22.02.002,Protección Visual RUV,1,Lentes de Seguridad,12000,1200000,Venecia Recabarren,Jefatura Unidad Prev. Riesgos,2026-07-01 00:00:00,"SUB. DPTO. DE PREVENCION DE RIESGOS, SALUD OCUPACIONAL Y GESTION AMBIENTAL.",SUBDIRECCION DE GESTION Y DESARROLLO DE LAS PERSONAS,CALIDAD DE VIDA,Proyecto operacional,2026,1,2026-07-01 00:00:00
774,Bienes y Servicios,1057532-89-PC26,22.04.002,Material de oficina para realización de capacitaciones programa Chcc e infancia,1,Textos y Otros Materiales de Enseñanza,744,433752,Victor Seguel,Enc. Chcc,2026-05-01 00:00:00,DEPARTAMENTO ATENCION PRIMARIA,SUBDIRECCION DE GESTION ASISTENCIAL,ATENCION PRIMARIA,Proyecto operacional,2026,1,2026-05-01 00:00:00
775,Bienes y Servicios,1057532-60-PC26,22.12.003,"Arriendo de servicios pantallas, calefactores, mesas, toldos, sillas, audio para lograr Cuenta Pública, Diálogo y Ferias",3,Cuenta Publica,1000000,1000000,Violeta Velasquez,Jefa(s) Unidad de Participación Ciudadana y Promoción,2026-05-01 00:00:00,DEPARTAMENTO DE GESTION COMUNITARIA Y PUEBLOS ORIGINARIOS,SUBDIRECCION DE GESTION ASISTENCIAL,DEPARTAMENTO DE GESTION COMUNITARIA Y PUEBLOS ORIGINARIOS,Proyecto operacional,2026,1,2026-05-01 00:00:00
776,Bienes y Servicios,1057532-60-PC26,22.12.003,"Arriendo de servicios pantallas, calefactores, mesas, toldos, sillas, audio para lograr Cuenta Pública, Diálogo y Ferias",3,Dialogo Provincial,1000000,1000000,Violeta Velasquez,Jefa(s) Unidad de Participación Ciudadana y Promoción,2026-10-01 00:00:00,DEPARTAMENTO DE GESTION COMUNITARIA Y PUEBLOS ORIGINARIOS,SUBDIRECCION DE GESTION ASISTENCIAL,DEPARTAMENTO DE GESTION COMUNITARIA Y PUEBLOS ORIGINARIOS,Proyecto operacional,2026,1,2026-05-01 00:00:00
777,Bienes y Servicios,1057532-60-PC26,22.12.003,"Arriendo de servicios pantallas, calefactores, mesas, toldos, sillas, audio para lograr Cuenta Pública, Diálogo y Ferias",3,Feria de Salud,1250000,2500000,Violeta Velasquez,Jefa(s) Unidad de Participación Ciudadana y Promoción,2026-05-01 00:00:00,DEPARTAMENTO DE GESTION COMUNITARIA Y PUEBLOS ORIGINARIOS,SUBDIRECCION DE GESTION ASISTENCIAL,DEPARTAMENTO DE GESTION COMUNITARIA Y PUEBLOS ORIGINARIOS,Proyecto operacional,2026,1,2026-05-01 00:00:00
778,Bienes y Servicios,1057532-68-PC26,22.04.001,Compra de artículos de librería para ejecución de actividades con la comunidad,1,Materiales de Oficina,256,339968,Violeta Velasquez,Jefa(s) Unidad de Participación Ciudadana y Promoción,2026-05-01 00:00:00,DEPARTAMENTO DE GESTION COMUNITARIA Y PUEBLOS ORIGINARIOS,SUBDIRECCION DE GESTION ASISTENCIAL,DEPARTAMENTO DE GESTION COMUNITARIA Y PUEBLOS ORIGINARIOS,Proyecto operacional,2026,1,2026-05-01 00:00:00
779,Bienes y Servicios,1057532-69-PC26,22.11.002,"Contrato servicio de relatoría, contribuir a fortalecer el trabajo intra e intersector.",1,Servicio Relatoria,750000,1500000,Violeta Velasquez,Jefa(s) Unidad de Participación Ciudadana y Promoción,2026-05-01 00:00:00,DEPARTAMENTO DE GESTION COMUNITARIA Y PUEBLOS ORIGINARIOS,SUBDIRECCION DE GESTION ASISTENCIAL,DEPARTAMENTO DE GESTION COMUNITARIA Y PUEBLOS ORIGINARIOS,Proyecto operacional,2026,1,2026-05-01 00:00:00
780,Bienes y Servicios,1057532-80-PC26,22.01.001,"Compra de servicios de cafetería para reuniones, jornadas, encuentros con los consejos asesores de la red",7,Alimentos y Bebidas Para Personas,578750,2315000,Violeta Velasquez,Jefa(s) Unidad de Participación Ciudadana y Promoción,2026-05-01 00:00:00,DEPARTAMENTO DE GESTION COMUNITARIA Y PUEBLOS ORIGINARIOS,SUBDIRECCION DE GESTION ASISTENCIAL,DEPARTAMENTO DE GESTION COMUNITARIA Y PUEBLOS ORIGINARIOS,Proyecto operacional,2026,1,2026-05-01 00:00:00
781,Bienes y Servicios,1057532-80-PC26,22.01.001,"Compra de servicios de cafetería para reuniones, jornadas, encuentros con los consejos asesores de la red",7,Alimentos y Bebidas Para Personas,200000,600000,Violeta Velasquez,Jefa(s) Unidad de Participación Ciudadana y Promoción,2026-12-01 00:00:00,DEPARTAMENTO DE GESTION COMUNITARIA Y PUEBLOS ORIGINARIOS,SUBDIRECCION DE GESTION ASISTENCIAL,DEPARTAMENTO DE GESTION COMUNITARIA Y PUEBLOS ORIGINARIOS,Proyecto operacional,2026,1,2026-05-01 00:00:00
782,Bienes y Servicios,1057532-80-PC26,22.01.001,"Compra de servicios de cafetería para reuniones, jornadas, encuentros con los consejos asesores de la red",7,Servicio de Cafeter,350000,350000,Violeta Velasquez,Jefa(s) Unidad de Participación Ciudadana y Promoción,2026-03-01 00:00:00,DEPARTAMENTO DE GESTION COMUNITARIA Y PUEBLOS ORIGINARIOS,SUBDIRECCION DE GESTION ASISTENCIAL,DEPARTAMENTO DE GESTION COMUNITARIA Y PUEBLOS ORIGINARIOS,Proyecto operacional,2026,1,2026-05-01 00:00:00
783,Bienes y Servicios,1057532-80-PC26,22.01.001,"Compra de servicios de cafetería para reuniones, jornadas, encuentros con los consejos asesores de la red",7,Servicio de Cafeter,1500000,1500000,Violeta Velasquez,Jefa(s) Unidad de Participación Ciudadana y Promoción,2026-10-01 00:00:00,DEPARTAMENTO DE GESTION COMUNITARIA Y PUEBLOS ORIGINARIOS,SUBDIRECCION DE GESTION ASISTENCIAL,DEPARTAMENTO DE GESTION COMUNITARIA Y PUEBLOS ORIGINARIOS,Proyecto operacional,2026,1,2026-05-01 00:00:00
784,Bienes y Servicios,1057532-80-PC26,22.01.001,"Compra de servicios de cafetería para reuniones, jornadas, encuentros con los consejos asesores de la red",7,Servicio de Cafeter,200000,200000,Violeta Velasquez,Jefa(s) Unidad de Participación Ciudadana y Promoción,2026-07-01 00:00:00,DEPARTAMENTO DE GESTION COMUNITARIA Y PUEBLOS ORIGINARIOS,SUBDIRECCION DE GESTION ASISTENCIAL,DEPARTAMENTO DE GESTION COMUNITARIA Y PUEBLOS ORIGINARIOS,Proyecto operacional,2026,1,2026-05-01 00:00:00
785,Bienes y Servicios,1057532-80-PC26,22.01.001,"Compra de servicios de cafetería para reuniones, jornadas, encuentros con los consejos asesores de la red",7,Alimentos y Bebidas Para Personas,218750,875000,Violeta Velasquez,Jefa(s) Unidad de Participación Ciudadana y Promoción,2026-06-01 00:00:00,DEPARTAMENTO DE GESTION COMUNITARIA Y PUEBLOS ORIGINARIOS,SUBDIRECCION DE GESTION ASISTENCIAL,DEPARTAMENTO DE GESTION COMUNITARIA Y PUEBLOS ORIGINARIOS,Proyecto operacional,2026,1,2026-05-01 00:00:00
786,Bienes y Servicios,1057532-80-PC26,22.01.001,"Compra de servicios de cafetería para reuniones, jornadas, encuentros con los consejos asesores de la red",7,Alimentos y Bebidas Para Personas,212500,850000,Violeta Velasquez,Jefa(s) Unidad de Participación Ciudadana y Promoción,2026-08-01 00:00:00,DEPARTAMENTO DE GESTION COMUNITARIA Y PUEBLOS ORIGINARIOS,SUBDIRECCION DE GESTION ASISTENCIAL,DEPARTAMENTO DE GESTION COMUNITARIA Y PUEBLOS ORIGINARIOS,Proyecto operacional,2026,1,2026-05-01 00:00:00
787,Bienes y Servicios,1057532-76-PC26,22.06.001,"MANTENCION BASE SAMU RAHUE, OSORNO",1,Mantenimiento,6000000,6000000,Viviana Sanchez,PROFESIONAL,2026-12-01 00:00:00,DEPARTAMENTO DE GESTION COMUNITARIA Y PUEBLOS ORIGINARIOS,SUBDIRECCION DE GESTION ASISTENCIAL,DEPARTAMENTO DE GESTION COMUNITARIA Y PUEBLOS ORIGINARIOS,Proyecto operacional,2026,1,2026-12-01 00:00:00
788,Bienes y Servicios,1057532-586-PC26,22.04.002,COMPRA DE MATERIALES DE OFICINA E INSUMOS DE CAFETERIA PARA DEL SUBDEPTO. DE CULTURA Y CLIMA ORGANIZACIONAL DEL S.S.O.,3,Alimentación,580,781840,Waleska Monsalvez,Jefa Subdepto. Cultura Y Clima Organizacional,2026-02-01 00:00:00,SUB. DPTO. DE CULTURA Y CLIMA ORGANIZACIONAL,SUBDIRECCION DE GESTION Y DESARROLLO DE LAS PERSONAS,DESARROLLO ORGANIZACIONAL,Proyecto operacional,2026,1,2026-02-01 00:00:00
789,Bienes y Servicios,1057532-586-PC26,22.04.002,COMPRA DE MATERIALES DE OFICINA E INSUMOS DE CAFETERIA PARA DEL SUBDEPTO. DE CULTURA Y CLIMA ORGANIZACIONAL DEL S.S.O.,3,Menaje,75,165750,Waleska Monsalvez,Jefa Subdepto. Cultura Y Clima Organizacional,2026-02-01 00:00:00,SUB. DPTO. DE CULTURA Y CLIMA ORGANIZACIONAL,SUBDIRECCION DE GESTION Y DESARROLLO DE LAS PERSONAS,DESARROLLO ORGANIZACIONAL,Proyecto operacional,2026,1,2026-02-01 00:00:00
790,Bienes y Servicios,1057532-586-PC26,22.04.002,COMPRA DE MATERIALES DE OFICINA E INSUMOS DE CAFETERIA PARA DEL SUBDEPTO. DE CULTURA Y CLIMA ORGANIZACIONAL DEL S.S.O.,3,Material de Enseñanza,227,579758,Waleska Monsalvez,Jefa Subdepto. Cultura Y Clima Organizacional,2026-02-01 00:00:00,SUB. DPTO. DE CULTURA Y CLIMA ORGANIZACIONAL,SUBDIRECCION DE GESTION Y DESARROLLO DE LAS PERSONAS,DESARROLLO ORGANIZACIONAL,Proyecto operacional,2026,1,2026-02-01 00:00:00
791,Bienes y Servicios,1057532-476-PC26,22.04.001,Adquisición materiales de oficina Unidad de Memoria 2026,1,Articulos de Oficina,9000,405000,Ximena Campos,Coordinadora Unidad De Memoria,2026-03-01 00:00:00,AYEKAN,SUBDIRECCION DE GESTION ASISTENCIAL,SALUD MENTAL,Proyecto operacional,2026,1,2026-03-01 00:00:00
792,Bienes y Servicios,1057532-480-PC26,2497,Adquisicion de recetarios y talonarios de examenes de Psiconeurogeriatría Ayekan y kumelen.,1,Talonarios,2000,200000,Ximena Campos,Coordinadora Unidad De Memoria,2026-02-01 00:00:00,AYEKAN,SUBDIRECCION DE GESTION ASISTENCIAL,SALUD MENTAL,Proyecto operacional,2026,1,2026-02-01 00:00:00
793,Bienes y Servicios,1057532-498-PC26,2526,Implementación de impresoras termicas en Some De Edificio Matta,2,Impresora,65000,130000,Ximena Campos,Coordinadora Unidad De Memoria,2026-03-01 00:00:00,AYEKAN,SUBDIRECCION DE GESTION ASISTENCIAL,SALUD MENTAL,Proyecto operacional,2026,1,2026-03-01 00:00:00
794,Bienes y Servicios,1057532-498-PC26,2526,Implementación de impresoras termicas en Some De Edificio Matta,2,Rollos,1500,150000,Ximena Campos,Coordinadora Unidad De Memoria,2026-03-01 00:00:00,AYEKAN,SUBDIRECCION DE GESTION ASISTENCIAL,SALUD MENTAL,Proyecto operacional,2026,1,2026-03-01 00:00:00
795,Bienes y Servicios,1057532-503-PC26,2531,"3°Jornada para cuidadores/as ""Cuidar con sentido y acompañar con el corazón""",3,Material de Oficina,824,84048,Ximena Campos,Coordinadora Unidad De Memoria,2026-09-01 00:00:00,AYEKAN,SUBDIRECCION DE GESTION ASISTENCIAL,SALUD MENTAL,Proyecto operacional,2026,1,2026-09-01 00:00:00
796,Bienes y Servicios,1057532-503-PC26,2531,"3°Jornada para cuidadores/as ""Cuidar con sentido y acompañar con el corazón""",3,Menaje,70,14000,Ximena Campos,Coordinadora Unidad De Memoria,2026-09-01 00:00:00,AYEKAN,SUBDIRECCION DE GESTION ASISTENCIAL,SALUD MENTAL,Proyecto operacional,2026,1,2026-09-01 00:00:00
797,Bienes y Servicios,1057532-503-PC26,2531,"3°Jornada para cuidadores/as ""Cuidar con sentido y acompañar con el corazón""",3,Alimentación,5125,20500,Ximena Campos,Coordinadora Unidad De Memoria,2026-09-01 00:00:00,AYEKAN,SUBDIRECCION DE GESTION ASISTENCIAL,SALUD MENTAL,Proyecto operacional,2026,1,2026-09-01 00:00:00
798,Bienes y Servicios,1057532-509-PC26,2542,Implementacion de talleres y renovacion de insumos de kinesiologia de Unidad de Memoria Ayekan.,1,Insumos Kinesicos,34616,450008,Ximena Campos,Coordinadora Unidad De Memoria,2026-04-01 00:00:00,AYEKAN,SUBDIRECCION DE GESTION ASISTENCIAL,SALUD MENTAL,Proyecto operacional,2026,1,2026-04-01 00:00:00
799,Bienes y Servicios,1057532-513-PC26,2552,Adquisición de insumos de folleteria y cuadernillos de stimulación para Unidad de Memoria.,2,Material de Oficina,400,400000,Ximena Campos,Coordinadora Unidad De Memoria,2026-06-01 00:00:00,AYEKAN,SUBDIRECCION DE GESTION ASISTENCIAL,SALUD MENTAL,Proyecto operacional,2026,1,2026-06-01 00:00:00
800,Bienes y Servicios,1057532-513-PC26,2552,Adquisición de insumos de folleteria y cuadernillos de stimulación para Unidad de Memoria.,2,Folleteria,200,600000,Ximena Campos,Coordinadora Unidad De Memoria,2026-06-01 00:00:00,AYEKAN,SUBDIRECCION DE GESTION ASISTENCIAL,SALUD MENTAL,Proyecto operacional,2026,1,2026-06-01 00:00:00
801,Bienes y Servicios,1057532-514-PC26,2554,Talleres educativos y de respiro para cuidadoras/es de usuarios con deteriro cognitivo.,1,Material de Libreria,1158,440040,Ximena Campos,Coordinadora Unidad De Memoria,2026-08-01 00:00:00,AYEKAN,SUBDIRECCION DE GESTION ASISTENCIAL,SALUD MENTAL,Proyecto operacional,2026,1,2026-08-01 00:00:00
802,Bienes y Servicios,1057532-572-PC26,22.04,"Artículos de higiene, limpieza y mantención de áreas verdes para Edificio Matta.",5,Alcohol gel,1500,45000,Ximena Campos,Coordinadora Unidad de Memoria,2026-03-01 00:00:00,AYEKAN,SUBDIRECCION DE GESTION ASISTENCIAL,SALUD MENTAL,Proyecto operacional,2026,1,2026-04-01 00:00:00
803,Bienes y Servicios,1057532-572-PC26,22.04,"Artículos de higiene, limpieza y mantención de áreas verdes para Edificio Matta.",5,"Bloqueador solar, cinta, guantes, spray, barretilla",4100,123000,Ximena Campos,Coordinadora Unidad de Memoria,2026-03-01 00:00:00,AYEKAN,SUBDIRECCION DE GESTION ASISTENCIAL,SALUD MENTAL,Proyecto operacional,2026,1,2026-04-01 00:00:00
804,Bienes y Servicios,1057532-572-PC26,22.04,"Artículos de higiene, limpieza y mantención de áreas verdes para Edificio Matta.",5,Útiles de aseo,8929,500024,Ximena Campos,Coordinadora Unidad de Memoria,2026-03-01 00:00:00,AYEKAN,SUBDIRECCION DE GESTION ASISTENCIAL,SALUD MENTAL,Proyecto operacional,2026,1,2026-04-01 00:00:00
805,Bienes y Servicios,1057532-572-PC26,22.04,"Artículos de higiene, limpieza y mantención de áreas verdes para Edificio Matta.",5,Artículos de jardinería,8334,175014,Ximena Campos,Coordinadora Unidad de Memoria,2026-06-01 00:00:00,AYEKAN,SUBDIRECCION DE GESTION ASISTENCIAL,SALUD MENTAL,Proyecto operacional,2026,1,2026-04-01 00:00:00
806,Bienes y Servicios,1057532-572-PC26,22.04,"Artículos de higiene, limpieza y mantención de áreas verdes para Edificio Matta.",5,Cerraduras,40000,40000,Ximena Campos,Coordinadora Unidad de Memoria,2026-03-01 00:00:00,AYEKAN,SUBDIRECCION DE GESTION ASISTENCIAL,SALUD MENTAL,Proyecto operacional,2026,1,2026-04-01 00:00:00
807,Bienes y Servicios,1057532-574-PC26,2583,Renovación de toma de presión digital para unidad de Memoria.,1,Toma de presión digital,35000,70000,Ximena Campos,Coordinadora Unidad De Memoria,2026-04-01 00:00:00,AYEKAN,SUBDIRECCION DE GESTION ASISTENCIAL,SALUD MENTAL,Proyecto estratégico,2026,1,2026-05-01 00:00:00
808,Bienes y Servicios,1057532-382-PC25,22.08.007,Convenio - Movilización para el traslado de funcionarios y cuidadores Unidad de Memoria Ayekan año 2026,1,Movilizacion,31500000,28875000,Ximena Campos Gueicha,Coordinador,2025-08-01 00:00:00,AYEKAN,SUBDIRECCION DE GESTION ASISTENCIAL,SALUD MENTAL,Proyecto operacional,2026,12,"01-02-2026,01-03-2026,01-04-2026,01-05-2026,01-06-2026,01-07-2026,01-08-2026,01-09-2026,01-10-2026,01-11-2026,01-12-2026,01-01-2027"
809,Bienes y Servicios,1057532-342-PC26,22.04.001,COMPRA MATERIALES DE OFICINA DEPARTAMENTO DE PROYECTOS,1,Papeleria,2091,370107,Yanet Gutierrez,Secretaria,2026-01-01 00:00:00,DEPARTAMENTO DE PROYECTOS,SUBDIRECCION ADMINISTRATIVA,PROYECTOS,Proyecto operacional,2026,1,2026-01-01 00:00:00
810,Bienes y Servicios,1057532-470-PC26,22.04.001,Insumos para dispensación de fármacos y entrega citas a usuarios COSAM Rahue,2,Etiquetas,6000,360000,Yuvit Garcia-Chacur,Directora,2026-01-01 00:00:00,CENTRO DE SALUD MENTAL COMUNITARIO COSAM RAHUE,SUBDIRECCION DE GESTION ASISTENCIAL,SALUD MENTAL,Proyecto operacional,2026,1,2026-01-01 00:00:00
811,Bienes y Servicios,1057532-470-PC26,22.04.001,Insumos para dispensación de fármacos y entrega citas a usuarios COSAM Rahue,2,Insumos de Impresora,4000,800000,Yuvit Garcia-Chacur,Directora,2026-01-01 00:00:00,CENTRO DE SALUD MENTAL COMUNITARIO COSAM RAHUE,SUBDIRECCION DE GESTION ASISTENCIAL,SALUD MENTAL,Proyecto operacional,2026,1,2026-01-01 00:00:00
812,Activos Fijos,1057922-17-PC26,29.04,"Adquisición de megáfonos y gabinetes para la comunicación en emergencias, gestión de riesgos y protección de equipos",1,Mueble aéreo,130000,780000,Yuvit Garcia-Chacur,Directora,2026-01-01 00:00:00,CENTRO DE SALUD MENTAL COMUNITARIO COSAM RAHUE,SUBDIRECCION DE GESTION ASISTENCIAL,SALUD MENTAL,Proyecto operacional,2026,1,2026-01-01 00:00:00
813,Bienes y Servicios,1057532-17-PC26,22.04.001,"Rollo térmico para impresión de atención de usuarios en Totem, COSAM Rahue",1,Materiales de Oficina,2000,300000,Yuvit Garcia-Chacur,Directora,2026-04-01 00:00:00,CENTRO DE SALUD MENTAL COMUNITARIO COSAM RAHUE,SUBDIRECCION DE GESTION ASISTENCIAL,SALUD MENTAL,Proyecto operacional,2026,1,2026-04-01 00:00:00
814,Bienes y Servicios,1057532-18-PC26,22.04.009,Toner para impresora HP,1,"Insumos, Repuestos y Accesorios Computacionales",80000,160000,Yuvit Garcia-Chacur,Directora,2026-05-01 00:00:00,CENTRO DE SALUD MENTAL COMUNITARIO COSAM RAHUE,SUBDIRECCION DE GESTION ASISTENCIAL,SALUD MENTAL,Proyecto operacional,2026,1,2026-05-01 00:00:00
815,Bienes y Servicios,1057532-29-PC26,22.02.002,ELEMENTOS DE PROTECCIÓN PERSONAL PARA TRABAJOS EN ALTURA COSAM RAHUE,2,Calzado,42500,170000,Yuvit Garcia-Chacur,Directora,2026-05-01 00:00:00,CENTRO DE SALUD MENTAL COMUNITARIO COSAM RAHUE,SUBDIRECCION DE GESTION ASISTENCIAL,SALUD MENTAL,Proyecto operacional,2026,1,2026-05-01 00:00:00
816,Bienes y Servicios,1057532-29-PC26,22.02.002,ELEMENTOS DE PROTECCIÓN PERSONAL PARA TRABAJOS EN ALTURA COSAM RAHUE,2,"Vestuario, Accesorios y Prendas Diversas",17000,170000,Yuvit Garcia-Chacur,Directora,2026-05-01 00:00:00,CENTRO DE SALUD MENTAL COMUNITARIO COSAM RAHUE,SUBDIRECCION DE GESTION ASISTENCIAL,SALUD MENTAL,Proyecto operacional,2026,1,2026-05-01 00:00:00
817,Bienes y Servicios,1057532-42-PC26,22.06.005,Sanitización y limpieza de estanques de almacenamiento de agua COSAM Rahue,1,Mantencion Equipos Industriales (Produccion),750000,750000,Yuvit Garcia-Chacur,Directora,2026-08-01 00:00:00,CENTRO DE SALUD MENTAL COMUNITARIO COSAM RAHUE,SUBDIRECCION DE GESTION ASISTENCIAL,SALUD MENTAL,Proyecto operacional,2026,1,2026-08-01 00:00:00
818,Bienes y Servicios,1057532-44-PC26,22.06.005,MANTENCIÓN SISTEMA DE SEGURIDAD COSAM RAHUE,1,Mantencion Equipos,8500000,8500000,Yuvit Garcia-Chacur,Directora,2026-08-01 00:00:00,CENTRO DE SALUD MENTAL COMUNITARIO COSAM RAHUE,SUBDIRECCION DE GESTION ASISTENCIAL,SALUD MENTAL,Proyecto operacional,2026,1,2026-08-01 00:00:00
819,Bienes y Servicios,1057532-46-PC26,22.06.005,MANTENCIÓN EQUIPOS DE AIRE ACONDICIONADO COSAM RAHUE,1,Mantencion Aire Acondicionado,1500000,1500000,Yuvit Garcia-Chacur,Directora,2026-08-01 00:00:00,CENTRO DE SALUD MENTAL COMUNITARIO COSAM RAHUE,SUBDIRECCION DE GESTION ASISTENCIAL,SALUD MENTAL,Proyecto operacional,2026,1,2026-08-01 00:00:00
820,Bienes y Servicios,1057532-61-PC26,22.06.006,MANTENCIÓN SISTEMA DE CLIMATIZACIÓN,1,Mantencion Equipos,2500000,2500000,Yuvit Garcia-Chacur,Directora,2026-08-01 00:00:00,CENTRO DE SALUD MENTAL COMUNITARIO COSAM RAHUE,SUBDIRECCION DE GESTION ASISTENCIAL,SALUD MENTAL,Proyecto operacional,2026,1,2026-08-01 00:00:00
821,Bienes y Servicios,1057532-70-PC26,22.06.001,MANTENCIÓN PUERTAS AUTOMATICAS COSAM RAHUE,1,Mantencion Equipos,1500000,1500000,Yuvit Garcia-Chacur,Directora,2026-08-01 00:00:00,CENTRO DE SALUD MENTAL COMUNITARIO COSAM RAHUE,SUBDIRECCION DE GESTION ASISTENCIAL,SALUD MENTAL,Proyecto operacional,2026,1,2026-08-01 00:00:00
822,Bienes y Servicios,1057532-71-PC26,22.06.001,MANTENCIÓN SALA DE GASES CLÍNICOS COSAM RAHUE,1,Mantencion Equipos Industriales (Produccion),2000000,2000000,Yuvit Garcia-Chacur,Directora,2026-08-01 00:00:00,CENTRO DE SALUD MENTAL COMUNITARIO COSAM RAHUE,SUBDIRECCION DE GESTION ASISTENCIAL,SALUD MENTAL,Proyecto operacional,2026,1,2026-08-01 00:00:00
823,Bienes y Servicios,1057532-73-PC26,22.06.003,Mantención grupo electrógeno COSAM Rahue,1,Mantencion Electrica,1800000,1800000,Yuvit Garcia-Chacur,Directora,2026-08-01 00:00:00,CENTRO DE SALUD MENTAL COMUNITARIO COSAM RAHUE,SUBDIRECCION DE GESTION ASISTENCIAL,SALUD MENTAL,Proyecto operacional,2026,1,2026-08-01 00:00:00
824,Administración de Fondos,1077241-51-PC25,22.08.007,Convenio - Servicio movilización COSAM Rahue periodo 2026. (Financiamiento a través de fondo extrapresupuestario SENDA PAI),1,Movilizacion,19000000,17416663,Yuvit García-Chacur,Directora,2025-07-01 00:00:00,CENTRO DE SALUD MENTAL COMUNITARIO COSAM RAHUE,SUBDIRECCION DE GESTION ASISTENCIAL,SALUD MENTAL,Proyecto operacional,2026,12,"01-02-2026,01-03-2026,01-04-2026,01-05-2026,01-06-2026,01-07-2026,01-08-2026,01-09-2026,01-10-2026,01-11-2026,01-12-2026,01-01-2027"
825,Bienes y Servicios,1057532-380-PC25,22.08.007,"Convenio - SERVICIO DE MOVILIZACION PARA EL AÑO 2026 Servicio movilización COSAM Rahue, Programa Atención Domiciliaria y PAZGA periodo 2026 (Financiamiento SSO)",1,Movilizacion,18000000,16500000,Yuvit García-Chacur,Directora,2025-08-01 00:00:00,CENTRO DE SALUD MENTAL COMUNITARIO COSAM RAHUE,SUBDIRECCION DE GESTION ASISTENCIAL,SALUD MENTAL,Proyecto operacional,2026,12,"01-02-2026,01-03-2026,01-04-2026,01-05-2026,01-06-2026,01-07-2026,01-08-2026,01-09-2026,01-10-2026,01-11-2026,01-12-2026,01-01-2027"
826,Bienes y Servicios,1057532-287-PC26,22.01.001,DIAGNÓSTICO Y DIALOGO PARTICIPATIVO COSAM RAHUE NOVIEMBRE 2026?,1,Cafeteria,4286,300020,Yuvit García-Chacur,Directora,2026-11-01 00:00:00,DEPARTAMENTO DE SALUD MENTAL,SUBDIRECCION DE GESTION ASISTENCIAL,SALUD MENTAL,Proyecto operacional,2026,1,2026-12-01 00:00:00
827,Bienes y Servicios,1057532-288-PC26,22.01.001,Jornadas de encuentro y autocuidado para usuarios y cuidadores SALUDABLE-MENTE en dispositivo COSAM RAHUE 2026,3,Colación,5000,200000,Yuvit García-Chacur,Directora,2026-07-01 00:00:00,DEPARTAMENTO DE SALUD MENTAL,SUBDIRECCION DE GESTION ASISTENCIAL,SALUD MENTAL,Proyecto estratégico,2026,2,"01-07-2026,01-10-2026"
828,Bienes y Servicios,1057532-288-PC26,22.01.001,Jornadas de encuentro y autocuidado para usuarios y cuidadores SALUDABLE-MENTE en dispositivo COSAM RAHUE 2026,3,Sandwich,3000,120000,Yuvit García-Chacur,Directora,2026-07-01 00:00:00,DEPARTAMENTO DE SALUD MENTAL,SUBDIRECCION DE GESTION ASISTENCIAL,SALUD MENTAL,Proyecto estratégico,2026,2,"01-07-2026,01-10-2026"
829,Bienes y Servicios,1057532-288-PC26,22.01.001,Jornadas de encuentro y autocuidado para usuarios y cuidadores SALUDABLE-MENTE en dispositivo COSAM RAHUE 2026,3,Quequ,20000,80000,Yuvit García-Chacur,Directora,2026-07-01 00:00:00,DEPARTAMENTO DE SALUD MENTAL,SUBDIRECCION DE GESTION ASISTENCIAL,SALUD MENTAL,Proyecto estratégico,2026,2,"01-07-2026,01-10-2026"
830,Bienes y Servicios,1057532-321-PC26,22.01.001,Capacitación en Salud Mental Intercultural COSAM Rahue.,2,Cafeteria,1345,250170,Yuvit García-Chacur,Directora,2026-05-01 00:00:00,DEPARTAMENTO DE SALUD MENTAL,SUBDIRECCION DE GESTION ASISTENCIAL,SALUD MENTAL,Proyecto operacional,2026,1,2026-05-01 00:00:00
831,Bienes y Servicios,1057532-321-PC26,22.01.001,Capacitación en Salud Mental Intercultural COSAM Rahue.,2,Cafeteria,1345,250170,Yuvit García-Chacur,Directora,2026-11-01 00:00:00,DEPARTAMENTO DE SALUD MENTAL,SUBDIRECCION DE GESTION ASISTENCIAL,SALUD MENTAL,Proyecto operacional,2026,1,2026-05-01 00:00:00
832,Administración de Fondos,1077241-66-PC26,22.01.001,"Jornada de Autocuidado funcionarios COSAM Rahue, con cargo a fondo extrapresupuestario SENDA-PAI",1,Cafeteria,3000,600000,Yuvit García-Chacur,Directora,2026-06-01 00:00:00,DEPARTAMENTO DE SALUD MENTAL,SUBDIRECCION DE GESTION ASISTENCIAL,SALUD MENTAL,Proyecto operacional,2026,2,"01-06-2026,01-12-2026"
833,Administración de Fondos,1077241-67-PC26,22.01.001,Celebración fiestas patrias usuarios y cuidadores COSAM RAHUE 2026,1,Alimentos 18 Sept,4919,300059,Yuvit García-Chacur,Directora,2026-09-01 00:00:00,DEPARTAMENTO DE SALUD MENTAL,SUBDIRECCION DE GESTION ASISTENCIAL,SALUD MENTAL,Proyecto operacional,2026,1,2026-09-01 00:00:00
834,Administración de Fondos,1077241-70-PC26,22.04.001,INSUMOS ESCRITORIO,1,Material de Oficina,6400,480000,Yuvit García-Chacur,Directora,2026-05-01 00:00:00,DEPARTAMENTO DE SALUD MENTAL,SUBDIRECCION DE GESTION ASISTENCIAL,SALUD MENTAL,Proyecto operacional,2026,1,2026-06-01 00:00:00
835,Administración de Fondos,1077241-74-PC26,22.01.001,Insumos alimenticios para el Programa SENDA Calle. Fondo extrapresupuestario SENDA PAI,1,Alimentación,5000,500000,Yuvit García-Chacur,Directora,2026-05-01 00:00:00,DEPARTAMENTO DE SALUD MENTAL,SUBDIRECCION DE GESTION ASISTENCIAL,SALUD MENTAL,Proyecto operacional,2026,1,2026-06-01 00:00:00
